,p_val,avg_logFC,pct.1,pct.2,p_val_adj,cluster,gene
Pi16,0,1.802719719,0.951,0.523,0,0,Pi16
Smpd3,0,1.753287699,0.491,0.056,0,0,Smpd3
Ugdh,0,1.473189568,0.913,0.528,0,0,Ugdh
Anxa3,0,1.467687908,0.855,0.324,0,0,Anxa3
Sema3c,0,1.396744908,0.827,0.334,0,0,Sema3c
Pla1a,0,1.38425194,0.691,0.179,0,0,Pla1a
Efemp1,0,1.358876531,0.854,0.326,0,0,Efemp1
Igfbp5,0,1.327772984,0.906,0.612,0,0,Igfbp5
Cd55,0,1.298001662,0.768,0.287,0,0,Cd55
Gfpt2,0,1.238258047,0.773,0.349,0,0,Gfpt2
Ptx3,0,1.211680785,0.537,0.244,0,0,Ptx3
Dpp4,0,1.209444867,0.684,0.192,0,0,Dpp4
Sbsn,0,1.138794363,0.409,0.109,0,0,Sbsn
Mrgprg,0,1.121108643,0.146,0.007,0,0,Mrgprg
Gan,0,1.094307882,0.359,0.102,0,0,Gan
Cmah,0,1.090436446,0.527,0.123,0,0,Cmah
Tmem100,0,1.089253891,0.683,0.25,0,0,Tmem100
Plpp3,0,1.082424438,0.953,0.685,0,0,Plpp3
Ptgs2,0,1.07608649,0.568,0.247,0,0,Ptgs2
Ackr3,0,1.064879856,0.862,0.467,0,0,Ackr3
Scara5,0,1.056577801,0.757,0.291,0,0,Scara5
Cd248,0,1.038211431,0.877,0.492,0,0,Cd248
Emilin2,0,1.028558213,0.703,0.29,0,0,Emilin2
Gas7,0,0.984688576,0.55,0.2,0,0,Gas7
Car8,0,0.960559252,0.343,0.032,0,0,Car8
Aldh1a3,0,0.952029472,0.327,0.038,0,0,Aldh1a3
Pcolce2,0,0.951692234,0.767,0.342,0,0,Pcolce2
Efhd1,0,0.950964347,0.445,0.087,0,0,Efhd1
Creb5,0,0.950086064,0.612,0.237,0,0,Creb5
Fn1,0,0.938945856,0.991,0.804,0,0,Fn1
Akr1c18,0,0.926667843,0.217,0.019,0,0,Akr1c18
Errfi1,0,0.914188663,0.88,0.6,0,0,Errfi1
Tgfbr2,0,0.911106052,0.77,0.431,0,0,Tgfbr2
Metrnl,0,0.904247143,0.518,0.206,0,0,Metrnl
Nova1,0,0.890918421,0.561,0.214,0,0,Nova1
Ly6c1,0,0.890662577,0.952,0.652,0,0,Ly6c1
Tnfaip6,0,0.87807112,0.863,0.591,0,0,Tnfaip6
Prss23,0,0.877319452,0.805,0.478,0,0,Prss23
Thbd,0,0.847561236,0.486,0.182,0,0,Thbd
Procr,0,0.846186864,0.494,0.158,0,0,Procr
Edn1,0,0.823051216,0.247,0.05,0,0,Edn1
Adgrd1,0,0.813334223,0.541,0.215,0,0,Adgrd1
Timp2,0,0.804694882,0.967,0.811,0,0,Timp2
Uap1,0,0.790587616,0.605,0.327,0,0,Uap1
Has1,0,0.784236933,0.747,0.447,0,0,Has1
Ifi27l2a,0,0.76544884,0.728,0.403,0,0,Ifi27l2a
C3,0,0.756116175,0.966,0.723,0,0,C3
Clec3b,0,0.753266199,0.938,0.671,0,0,Clec3b
Il18,0,0.751616517,0.292,0.051,0,0,Il18
Ddr2,0,0.746203023,0.672,0.369,0,0,Ddr2
Anxa1,0,0.736845141,0.955,0.782,0,0,Anxa1
Ltbp1,0,0.73055534,0.48,0.197,0,0,Ltbp1
Fbn1,0,0.729988535,0.934,0.706,0,0,Fbn1
C4b,0,0.725499975,0.634,0.325,0,0,C4b
Aif1l,0,0.720617833,0.271,0.049,0,0,Aif1l
Cadm3,0,0.707919955,0.417,0.131,0,0,Cadm3
Adamtsl4,0,0.703570297,0.343,0.104,0,0,Adamtsl4
Plac8,0,0.702485054,0.592,0.291,0,0,Plac8
Scara3,0,0.697924441,0.55,0.266,0,0,Scara3
Tek,0,0.693950886,0.374,0.104,0,0,Tek
Maf,0,0.691290282,0.559,0.272,0,0,Maf
Zyx,0,0.690679687,0.589,0.306,0,0,Zyx
Mgll,0,0.688532365,0.374,0.108,0,0,Mgll
Gda,0,0.684964459,0.479,0.208,0,0,Gda
1700019D03Rik,0,0.68203103,0.333,0.077,0,0,1700019D03Rik
Heg1,0,0.674294901,0.639,0.382,0,0,Heg1
Axl,0,0.671550084,0.667,0.376,0,0,Axl
Npr1,0,0.665002675,0.306,0.069,0,0,Npr1
Fndc1,0,0.659240592,0.846,0.587,0,0,Fndc1
Cd34,0,0.651568718,0.873,0.608,0,0,Cd34
Lrrn4cl,0,0.646115468,0.667,0.385,0,0,Lrrn4cl
Ifi205,0,0.630148695,0.841,0.537,0,0,Ifi205
Adamts5,0,0.623437814,0.77,0.494,0,0,Adamts5
Serpinb6a,0,0.621191991,0.83,0.611,0,0,Serpinb6a
Marcks,0,0.618353045,0.928,0.778,0,0,Marcks
Man1a,0,0.617118257,0.697,0.433,0,0,Man1a
Mfap5,0,0.603685318,0.943,0.749,0,0,Mfap5
Ly6a,0,0.597755028,0.973,0.789,0,0,Ly6a
Limch1,0,0.588797877,0.281,0.065,0,0,Limch1
Igfbp6,0,0.585910525,0.96,0.775,0,0,Igfbp6
Dpt,0,0.578697435,0.979,0.827,0,0,Dpt
Nid1,0,0.574199301,0.881,0.664,0,0,Nid1
Htra3,0,0.546059002,0.815,0.607,0,0,Htra3
Fstl1,0,0.471266882,0.983,0.868,0,0,Fstl1
Col14a1,0,0.468198959,0.877,0.633,0,0,Col14a1
Pcolce,0,-0.649301488,0.614,0.786,0,0,Pcolce
Jun,0,-0.789815,0.855,0.921,0,0,Jun
Cd9,0,-0.906565958,0.317,0.622,0,0,Cd9
Igf1,0,-1.101124895,0.399,0.636,0,0,Igf1
Bgn,0,-1.214471578,0.41,0.74,0,0,Bgn
Col15a1,0,-1.240059772,0.11,0.412,0,0,Col15a1
Igfbp7,0,-1.421904262,0.476,0.835,0,0,Igfbp7
Angptl1,0,-1.565049911,0.145,0.489,0,0,Angptl1
Cilp,0,-1.703003479,0.137,0.449,0,0,Cilp
Sparcl1,0,-1.779135597,0.108,0.422,0,0,Sparcl1
Smoc2,0,-1.804532548,0.234,0.586,0,0,Smoc2
Mgp,0,-2.277988664,0.366,0.722,0,0,Mgp
Basp1,2.72E-303,0.714798949,0.399,0.159,4.81E-299,0,Basp1
Il6ra,2.33E-301,0.637700338,0.317,0.097,4.12E-297,0,Il6ra
mt-Cytb,2.35E-300,-0.593672519,0.801,0.9,4.15E-296,0,mt-Cytb
Rpl13,7.18E-300,0.310500717,0.971,0.924,1.27E-295,0,Rpl13
Gas1,1.25E-291,-1.027992825,0.296,0.563,2.20E-287,0,Gas1
Ifi204,2.30E-290,0.54919533,0.711,0.457,4.08E-286,0,Ifi204
Cd63,1.69E-286,-0.553838937,0.748,0.839,3.00E-282,0,Cd63
Wnt2,8.44E-285,0.566416362,0.218,0.046,1.49E-280,0,Wnt2
Cst3,7.75E-283,-0.914374689,0.728,0.834,1.37E-278,0,Cst3
Slco3a1,7.70E-276,0.604755755,0.337,0.119,1.36E-271,0,Slco3a1
Loxl1,2.13E-275,0.525445612,0.755,0.532,3.78E-271,0,Loxl1
Crispld2,1.44E-269,-1.15784174,0.056,0.296,2.55E-265,0,Crispld2
Pcsk6,1.27E-267,0.567071879,0.467,0.21,2.24E-263,0,Pcsk6
Pdgfrl,2.05E-267,-0.812699793,0.031,0.26,3.63E-263,0,Pdgfrl
Tmem158,8.35E-267,0.658063483,0.29,0.093,1.48E-262,0,Tmem158
Zfp385a,4.80E-265,0.578396685,0.322,0.11,8.49E-261,0,Zfp385a
Col4a1,2.56E-263,-1.010145014,0.362,0.591,4.52E-259,0,Col4a1
Cxcl14,3.06E-263,-1.821571922,0.124,0.367,5.42E-259,0,Cxcl14
Slc43a3,3.14E-261,0.607363498,0.541,0.288,5.56E-257,0,Slc43a3
Slc4a4,3.78E-260,0.60078041,0.322,0.113,6.70E-256,0,Slc4a4
Wnt10b,6.28E-258,0.467618722,0.161,0.024,1.11E-253,0,Wnt10b
Col4a2,7.11E-258,-0.970649913,0.188,0.439,1.26E-253,0,Col4a2
Tgfbi,1.78E-257,-0.936467804,0.134,0.387,3.15E-253,0,Tgfbi
Pde8a,1.52E-256,0.573558208,0.328,0.12,2.68E-252,0,Pde8a
Ablim1,6.72E-256,0.561756443,0.539,0.281,1.19E-251,0,Ablim1
Nfkbia,8.80E-256,0.52180478,0.837,0.673,1.56E-251,0,Nfkbia
Ecm1,9.99E-256,0.556537966,0.762,0.561,1.77E-251,0,Ecm1
Trio,3.15E-254,0.626690638,0.444,0.213,5.58E-250,0,Trio
Thbs4,4.38E-254,-1.787583058,0.119,0.357,7.75E-250,0,Thbs4
Qpct,5.32E-251,0.588966539,0.414,0.182,9.41E-247,0,Qpct
Mfap4,1.24E-240,-1.257761744,0.051,0.268,2.19E-236,0,Mfap4
Tmem176b,2.12E-240,-0.830291334,0.1,0.337,3.75E-236,0,Tmem176b
Dmkn,2.61E-240,0.713267466,0.17,0.032,4.62E-236,0,Dmkn
Gas6,1.21E-237,-0.91870265,0.181,0.427,2.14E-233,0,Gas6
Pygl,2.89E-236,0.589553677,0.29,0.102,5.11E-232,0,Pygl
Fyn,2.98E-236,0.552533456,0.462,0.23,5.27E-232,0,Fyn
Hmcn2,4.15E-236,-0.979032274,0.072,0.294,7.35E-232,0,Hmcn2
Itm2a,5.83E-236,-0.773916343,0.469,0.666,1.03E-231,0,Itm2a
Opcml,7.79E-231,0.493135651,0.252,0.076,1.38E-226,0,Opcml
Rnase4,1.73E-229,0.363288643,0.918,0.786,3.06E-225,0,Rnase4
Gm15675,2.14E-229,0.504921329,0.182,0.039,3.78E-225,0,Gm15675
Gngt2,6.43E-229,0.534113888,0.239,0.071,1.14E-224,0,Gngt2
Xdh,2.62E-228,0.580667071,0.414,0.192,4.63E-224,0,Xdh
Ace,1.49E-227,0.539054375,0.598,0.35,2.63E-223,0,Ace
Fxyd6,2.82E-224,-0.842914029,0.072,0.291,4.98E-220,0,Fxyd6
Itgb7,4.74E-221,0.460100533,0.113,0.011,8.39E-217,0,Itgb7
Anxa5,5.00E-216,-0.495336897,0.603,0.761,8.86E-212,0,Anxa5
Hdac7,4.17E-215,0.546510697,0.338,0.142,7.38E-211,0,Hdac7
Fbln7,1.08E-212,-0.866770908,0.066,0.274,1.91E-208,0,Fbln7
Sparc,1.26E-212,-0.459653826,0.988,0.98,2.23E-208,0,Sparc
Cxcl13,3.61E-210,0.856565566,0.189,0.046,6.39E-206,0,Cxcl13
Bmp3,3.62E-209,0.373977045,0.111,0.012,6.41E-205,0,Bmp3
Col8a1,4.63E-208,-0.948334815,0.07,0.276,8.19E-204,0,Col8a1
Cpxm2,2.05E-206,-1.00095934,0.055,0.253,3.62E-202,0,Cpxm2
Krtdap,2.42E-200,0.530580566,0.102,0.01,4.29E-196,0,Krtdap
Efna5,3.11E-199,0.422075607,0.158,0.034,5.50E-195,0,Efna5
Osr1,3.98E-199,0.53809927,0.366,0.168,7.05E-195,0,Osr1
Vasn,1.24E-198,0.584958412,0.443,0.241,2.19E-194,0,Vasn
Gm48536,4.49E-198,0.425651366,0.164,0.036,7.94E-194,0,Gm48536
Tnxb,4.87E-197,0.423000559,0.686,0.445,8.62E-193,0,Tnxb
Nhsl1,1.10E-195,0.47324125,0.221,0.068,1.94E-191,0,Nhsl1
Lurap1l,2.32E-195,0.461404223,0.191,0.052,4.10E-191,0,Lurap1l
Pamr1,1.91E-194,0.435910607,0.541,0.309,3.38E-190,0,Pamr1
Ebf1,1.93E-194,0.441147984,0.707,0.503,3.42E-190,0,Ebf1
Plat,2.62E-193,0.535027736,0.562,0.352,4.64E-189,0,Plat
Ston2,1.96E-191,0.455495329,0.223,0.07,3.47E-187,0,Ston2
Rps24,1.08E-190,0.273635982,0.948,0.873,1.91E-186,0,Rps24
Mustn1,3.62E-189,0.401941037,0.266,0.095,6.41E-185,0,Mustn1
Ebf2,6.13E-188,0.527988819,0.417,0.213,1.08E-183,0,Ebf2
Kif2a,4.68E-185,0.516794124,0.359,0.17,8.29E-181,0,Kif2a
Olfml3,1.20E-184,-0.666003328,0.125,0.33,2.12E-180,0,Olfml3
Dact2,2.68E-183,0.357632878,0.115,0.017,4.74E-179,0,Dact2
Sfrp1,8.67E-183,-0.997311137,0.134,0.335,1.53E-178,0,Sfrp1
Rock2,1.22E-181,0.453708871,0.694,0.517,2.16E-177,0,Rock2
Rpl37a,3.85E-181,0.301438506,0.921,0.833,6.81E-177,0,Rpl37a
B2m,4.58E-180,0.267968093,0.968,0.905,8.10E-176,0,B2m
Apod,1.76E-179,-1.164610548,0.506,0.647,3.11E-175,0,Apod
Cygb,4.18E-179,-0.686344874,0.364,0.555,7.39E-175,0,Cygb
Ramp2,3.24E-178,0.48497396,0.465,0.257,5.73E-174,0,Ramp2
Actn1,3.31E-178,-0.568214506,0.051,0.231,5.87E-174,0,Actn1
Vgll3,2.09E-176,0.533897085,0.376,0.191,3.70E-172,0,Vgll3
Sfrp4,2.84E-175,0.109295943,0.603,0.351,5.03E-171,0,Sfrp4
Tmem176a,1.15E-174,-0.615516589,0.057,0.239,2.03E-170,0,Tmem176a
Tmsb4x,1.75E-172,0.242594121,0.961,0.902,3.09E-168,0,Tmsb4x
Ackr1,1.92E-172,0.394935456,0.157,0.039,3.40E-168,0,Ackr1
Rras2,2.37E-172,0.460782881,0.206,0.068,4.19E-168,0,Rras2
Irak3,2.33E-170,0.516252959,0.315,0.142,4.12E-166,0,Irak3
Enpp2,6.31E-170,-0.824145112,0.073,0.253,1.12E-165,0,Enpp2
Fgf2,6.93E-170,0.411971074,0.195,0.06,1.23E-165,0,Fgf2
Dbn1,1.07E-169,0.508739218,0.367,0.187,1.89E-165,0,Dbn1
Sytl2,6.11E-168,0.387456452,0.212,0.07,1.08E-163,0,Sytl2
Il33,6.32E-168,0.523822589,0.44,0.242,1.12E-163,0,Il33
Vegfd,1.37E-167,0.504134079,0.273,0.113,2.43E-163,0,Vegfd
Prrx1,2.20E-167,0.409919653,0.731,0.551,3.89E-163,0,Prrx1
Clip4,7.34E-167,0.501629707,0.302,0.135,1.30E-162,0,Clip4
Glce,2.13E-166,0.446244191,0.219,0.076,3.76E-162,0,Glce
Tmeff2,2.58E-166,0.456703647,0.381,0.189,4.57E-162,0,Tmeff2
Clip1,3.23E-166,0.518669998,0.482,0.293,5.71E-162,0,Clip1
Ecm2,1.33E-164,-0.740439077,0.191,0.389,2.35E-160,0,Ecm2
Rbp1,1.06E-162,-0.622925658,0.116,0.307,1.88E-158,0,Rbp1
Dact1,1.13E-162,0.482370705,0.252,0.1,2.00E-158,0,Dact1
Rps29,2.58E-162,0.264756693,0.927,0.858,4.57E-158,0,Rps29
Ccn2,1.22E-161,-1.062387398,0.069,0.242,2.15E-157,0,Ccn2
Gstm1,1.52E-160,0.367407481,0.704,0.49,2.69E-156,0,Gstm1
Fos,3.09E-160,-0.511986203,0.926,0.936,5.47E-156,0,Fos
Fzd10os,3.50E-158,0.330689149,0.121,0.024,6.20E-154,0,Fzd10os
Clec11a,6.93E-158,-0.578027753,0.028,0.179,1.23E-153,0,Clec11a
Adamts16,1.76E-156,0.290003608,0.089,0.011,3.11E-152,0,Adamts16
Duox1,2.75E-156,0.365125758,0.151,0.039,4.88E-152,0,Duox1
Osr2,2.38E-155,0.561608256,0.374,0.196,4.21E-151,0,Osr2
Igfbp4,3.18E-154,0.34726112,0.756,0.584,5.62E-150,0,Igfbp4
Ptma,8.66E-154,-0.38234452,0.812,0.862,1.53E-149,0,Ptma
Eif4e,1.40E-153,0.627303847,0.357,0.192,2.48E-149,0,Eif4e
Cdh11,8.69E-152,-0.599081553,0.067,0.233,1.54E-147,0,Cdh11
Cav1,4.14E-150,-0.681278836,0.101,0.276,7.32E-146,0,Cav1
S100a11,1.30E-149,0.297719665,0.9,0.798,2.30E-145,0,S100a11
Flnb,2.01E-149,0.435566007,0.255,0.107,3.56E-145,0,Flnb
Islr2,4.23E-149,0.388516777,0.161,0.047,7.48E-145,0,Islr2
Lvrn,4.73E-149,0.370848829,0.168,0.049,8.38E-145,0,Lvrn
Antxr2,8.57E-149,0.427390435,0.467,0.276,1.52E-144,0,Antxr2
S100a16,8.01E-148,0.42256644,0.637,0.46,1.42E-143,0,S100a16
Megf9,4.38E-147,0.37630508,0.184,0.06,7.75E-143,0,Megf9
Arl4d,2.52E-146,0.379904732,0.141,0.036,4.45E-142,0,Arl4d
Dpep1,3.11E-146,0.399605193,0.549,0.337,5.50E-142,0,Dpep1
Krt19,6.43E-146,0.296636743,0.077,0.008,1.14E-141,0,Krt19
Dtnbp1,2.08E-145,0.464491334,0.408,0.235,3.67E-141,0,Dtnbp1
Duoxa1,4.71E-145,0.415573641,0.174,0.055,8.34E-141,0,Duoxa1
Ptgs1,1.72E-142,0.356377023,0.132,0.033,3.05E-138,0,Ptgs1
C1ra,2.33E-142,0.33894475,0.798,0.633,4.12E-138,0,C1ra
Serpina3c,2.66E-141,0.286129867,0.093,0.015,4.71E-137,0,Serpina3c
H2-K1,4.62E-141,0.3689419,0.751,0.598,8.19E-137,0,H2-K1
Ptgs2os,1.47E-140,0.340363819,0.084,0.011,2.60E-136,0,Ptgs2os
Lsp1,2.11E-140,0.402326638,0.651,0.471,3.73E-136,0,Lsp1
Glul,3.75E-140,0.479973377,0.513,0.332,6.63E-136,0,Glul
Postn,1.94E-139,0.148759098,0.795,0.533,3.43E-135,0,Postn
Bmp1,2.75E-139,0.399265571,0.675,0.519,4.86E-135,0,Bmp1
Trim30d,3.22E-139,0.419734606,0.184,0.064,5.69E-135,0,Trim30d
Ildr2,2.80E-138,0.441932359,0.214,0.083,4.95E-134,0,Ildr2
Gng12,2.91E-137,0.517872263,0.428,0.263,5.15E-133,0,Gng12
Crip2,5.39E-137,-0.642792787,0.201,0.382,9.54E-133,0,Crip2
Uchl1,2.85E-136,0.377707853,0.127,0.032,5.05E-132,0,Uchl1
Rhou,3.75E-136,0.452861328,0.253,0.113,6.65E-132,0,Rhou
Peg3,6.33E-136,-0.780470269,0.084,0.242,1.12E-131,0,Peg3
Gm43311,2.12E-135,0.33618874,0.124,0.03,3.75E-131,0,Gm43311
Add3,2.26E-135,0.363301339,0.668,0.489,3.99E-131,0,Add3
Cd164,6.31E-135,0.467938304,0.51,0.347,1.12E-130,0,Cd164
Nfkbiz,1.67E-132,0.405480672,0.71,0.548,2.96E-128,0,Nfkbiz
Hcn4,1.99E-132,0.248917062,0.072,0.008,3.51E-128,0,Hcn4
Rps28,2.02E-132,0.256689141,0.909,0.834,3.58E-128,0,Rps28
S100a13,5.22E-132,0.378730672,0.664,0.502,9.24E-128,0,S100a13
Tnc,9.20E-132,-0.92669187,0.078,0.229,1.63E-127,0,Tnc
Nfe2l2,1.06E-130,0.461333883,0.532,0.37,1.87E-126,0,Nfe2l2
Nptn,2.10E-130,0.432661854,0.57,0.408,3.71E-126,0,Nptn
Tshz2,2.57E-130,0.399943277,0.499,0.32,4.56E-126,0,Tshz2
Serpinf1,2.78E-129,-0.497613647,0.799,0.811,4.92E-125,0,Serpinf1
Klf4,2.86E-128,0.247274976,0.911,0.78,5.06E-124,0,Klf4
Gm18787,4.07E-127,0.441825385,0.133,0.038,7.21E-123,0,Gm18787
Gm15674,7.53E-127,0.213126602,0.067,0.007,1.33E-122,0,Gm15674
Kcnk5,1.37E-126,0.307693814,0.105,0.023,2.43E-122,0,Kcnk5
Lims2,3.09E-126,0.327061989,0.183,0.065,5.46E-122,0,Lims2
Rps12,7.97E-126,0.227808258,0.946,0.868,1.41E-121,0,Rps12
Rps8,2.24E-125,0.206944902,0.95,0.892,3.96E-121,0,Rps8
Mdk,2.65E-125,-0.570031134,0.075,0.226,4.70E-121,0,Mdk
Apoe,2.76E-125,-1.09181873,0.175,0.337,4.88E-121,0,Apoe
B230217J21Rik,6.46E-125,0.30215192,0.112,0.026,1.14E-120,0,B230217J21Rik
Triobp,9.27E-125,0.392802653,0.252,0.114,1.64E-120,0,Triobp
Galnt16,5.31E-124,0.398612444,0.274,0.133,9.40E-120,0,Galnt16
Zfp36,1.93E-123,-0.549463801,0.745,0.802,3.42E-119,0,Zfp36
Rps20,2.05E-123,0.2492634,0.892,0.786,3.63E-119,0,Rps20
Bmp7,2.13E-123,0.207093951,0.062,0.005,3.77E-119,0,Bmp7
Gm44080,2.67E-123,0.331482848,0.127,0.034,4.73E-119,0,Gm44080
Adam33,1.34E-122,0.385847711,0.314,0.159,2.37E-118,0,Adam33
Nexn,2.88E-122,-0.545242848,0.018,0.137,5.10E-118,0,Nexn
Pde4b,4.46E-122,-0.710157678,0.036,0.165,7.89E-118,0,Pde4b
C1qtnf3,1.99E-120,-0.987177001,0.078,0.221,3.52E-116,0,C1qtnf3
Il1r2,2.64E-120,0.483318309,0.157,0.053,4.68E-116,0,Il1r2
Lmna,3.32E-120,-0.508833732,0.453,0.6,5.88E-116,0,Lmna
Csf1,7.84E-120,0.400522556,0.514,0.346,1.39E-115,0,Csf1
Gap43,1.19E-119,0.320581462,0.11,0.027,2.11E-115,0,Gap43
Rcan2,6.33E-119,0.302190197,0.159,0.053,1.12E-114,0,Rcan2
Tpm2,1.71E-118,-1.013700203,0.089,0.234,3.02E-114,0,Tpm2
Cavin1,5.90E-118,0.334541605,0.68,0.525,1.04E-113,0,Cavin1
Il1rl2,6.78E-118,0.375373837,0.208,0.087,1.20E-113,0,Il1rl2
Emp1,7.27E-118,-0.445494164,0.528,0.661,1.29E-113,0,Emp1
Steap4,2.25E-117,-0.67750608,0.166,0.328,3.98E-113,0,Steap4
Fibin,4.73E-117,-0.652728632,0.089,0.235,8.37E-113,0,Fibin
Meox2,7.36E-117,-0.502438564,0.041,0.169,1.30E-112,0,Meox2
Pdgfa,7.51E-117,-0.456969463,0.019,0.135,1.33E-112,0,Pdgfa
Ext1,3.65E-116,0.446807376,0.406,0.255,6.47E-112,0,Ext1
Lox,5.87E-116,-0.630750056,0.303,0.46,1.04E-111,0,Lox
Podn,6.19E-116,-0.581266355,0.147,0.304,1.10E-111,0,Podn
Ackr2,1.71E-114,0.232691089,0.075,0.012,3.03E-110,0,Ackr2
Tmem119,2.13E-114,-0.374713147,0.038,0.165,3.77E-110,0,Tmem119
Rps15,3.32E-114,0.231271245,0.902,0.818,5.88E-110,0,Rps15
Emp2,4.37E-114,-0.44044086,0.045,0.175,7.73E-110,0,Emp2
Tsc22d1,2.25E-113,-0.590510926,0.196,0.359,3.99E-109,0,Tsc22d1
Has2,5.18E-113,0.441966777,0.206,0.088,9.16E-109,0,Has2
Tubb4a,1.10E-112,0.222911476,0.094,0.02,1.95E-108,0,Tubb4a
Calcrl,1.41E-112,0.393898884,0.203,0.084,2.50E-108,0,Calcrl
Ecrg4,2.07E-112,-0.701807375,0.035,0.157,3.67E-108,0,Ecrg4
Fbln5,2.84E-112,0.38835056,0.402,0.242,5.03E-108,0,Fbln5
Plau,4.98E-112,0.376047457,0.402,0.241,8.82E-108,0,Plau
Npc2,5.93E-112,0.347599196,0.738,0.611,1.05E-107,0,Npc2
Gadd45b,6.80E-112,-0.620018142,0.234,0.4,1.20E-107,0,Gadd45b
Adgrg2,1.17E-111,0.386545166,0.207,0.089,2.07E-107,0,Adgrg2
Col5a2,1.63E-111,-0.399226417,0.707,0.755,2.89E-107,0,Col5a2
Abca8a,4.24E-111,-0.719439624,0.242,0.388,7.50E-107,0,Abca8a
Ahnak2,6.19E-111,0.380931925,0.465,0.302,1.10E-106,0,Ahnak2
Dhrs9,6.10E-110,0.236709371,0.079,0.014,1.08E-105,0,Dhrs9
Cp,9.35E-110,-0.658362808,0.112,0.259,1.65E-105,0,Cp
Vcam1,2.36E-109,-0.500510642,0.072,0.21,4.18E-105,0,Vcam1
Flrt2,2.72E-109,0.427124064,0.345,0.201,4.82E-105,0,Flrt2
Ndufa4l2,1.52E-108,-0.576395144,0.032,0.149,2.68E-104,0,Ndufa4l2
Pdpn,2.31E-108,0.398559801,0.508,0.355,4.08E-104,0,Pdpn
Timp3,2.36E-108,0.293147592,0.457,0.282,4.18E-104,0,Timp3
Il13ra1,1.35E-107,0.428872428,0.317,0.18,2.39E-103,0,Il13ra1
Rpl21,2.44E-107,0.220281495,0.909,0.827,4.31E-103,0,Rpl21
Gpx3,2.45E-107,-0.575416179,0.767,0.808,4.34E-103,0,Gpx3
Rps14,5.19E-107,0.185698791,0.946,0.897,9.18E-103,0,Rps14
11-Sep,1.47E-106,-0.505316807,0.282,0.442,2.61E-102,0,11-Sep
Fez1,1.89E-106,0.32782615,0.187,0.076,3.35E-102,0,Fez1
Hexim1,5.48E-106,-0.535430811,0.181,0.339,9.69E-102,0,Hexim1
D630033O11Rik,2.87E-105,0.338980815,0.146,0.05,5.09E-101,0,D630033O11Rik
Mt2,3.55E-105,0.214625696,0.921,0.837,6.28E-101,0,Mt2
Ifi211,7.53E-105,0.31860225,0.575,0.41,1.33E-100,0,Ifi211
Il4ra,8.49E-105,0.393487578,0.272,0.141,1.50E-100,0,Il4ra
Cpe,1.44E-104,-0.660593201,0.03,0.142,2.55E-100,0,Cpe
Jak1,5.70E-104,0.346167726,0.596,0.452,1.01E-99,0,Jak1
Zfp36l1,6.33E-104,0.289109251,0.845,0.753,1.12E-99,0,Zfp36l1
Nrep,2.98E-102,-0.561314836,0.141,0.287,5.28E-98,0,Nrep
Gm43289,3.51E-102,0.333755211,0.131,0.043,6.21E-98,0,Gm43289
Cd81,5.53E-102,-0.363745845,0.604,0.713,9.78E-98,0,Cd81
Ogn,6.58E-102,0.112969732,0.924,0.762,1.16E-97,0,Ogn
Col12a1,1.92E-101,-0.590434086,0.125,0.266,3.40E-97,0,Col12a1
Ldha,4.17E-101,-0.431147398,0.448,0.583,7.38E-97,0,Ldha
Nisch,1.73E-100,0.370006522,0.521,0.377,3.06E-96,0,Nisch
Lum,1.98E-100,-0.47737481,0.789,0.778,3.50E-96,0,Lum
Naaa,2.04E-100,0.388517071,0.29,0.158,3.60E-96,0,Naaa
Srgap1,2.83E-100,0.370665542,0.206,0.093,5.00E-96,0,Srgap1
Jpt1,2.88E-100,0.415348714,0.386,0.244,5.10E-96,0,Jpt1
Col1a2,8.47E-100,-0.410807207,0.992,0.961,1.50E-95,0,Col1a2
Matn2,9.45E-100,-0.451734893,0.075,0.205,1.67E-95,0,Matn2
F3,1.16E-99,-0.620629455,0.089,0.221,2.05E-95,0,F3
Col18a1,4.11E-99,-0.511617663,0.091,0.223,7.27E-95,0,Col18a1
Arhgef28,6.42E-99,0.313636817,0.126,0.041,1.14E-94,0,Arhgef28
Nav3,9.29E-99,0.313731566,0.143,0.051,1.64E-94,0,Nav3
Gpm6b,7.53E-98,-0.498059332,0.132,0.276,1.33E-93,0,Gpm6b
Zbtb16,1.30E-97,0.32725091,0.196,0.085,2.29E-93,0,Zbtb16
Ccl11,1.41E-97,0.22121778,0.541,0.354,2.50E-93,0,Ccl11
Csrp2,1.76E-97,0.318233778,0.525,0.361,3.11E-93,0,Csrp2
Calm2,2.91E-97,-0.397877025,0.649,0.725,5.14E-93,0,Calm2
Angpt1,4.26E-97,-0.432538455,0.05,0.167,7.54E-93,0,Angpt1
Antxr1,5.76E-97,0.325555346,0.615,0.467,1.02E-92,0,Antxr1
Sema3d,2.18E-96,0.269827352,0.133,0.045,3.86E-92,0,Sema3d
Fzd10,3.54E-96,0.188239694,0.055,0.007,6.26E-92,0,Fzd10
Cxcl1,1.86E-95,0.354717432,0.715,0.588,3.30E-91,0,Cxcl1
Spry1,2.56E-95,-0.467795782,0.021,0.119,4.53E-91,0,Spry1
Itgb1,8.13E-95,-0.376380247,0.638,0.723,1.44E-90,0,Itgb1
Vldlr,2.62E-94,0.341238452,0.244,0.123,4.63E-90,0,Vldlr
Krt80,4.66E-94,0.217097782,0.077,0.016,8.24E-90,0,Krt80
Serpine2,5.27E-94,-0.853190768,0.169,0.306,9.32E-90,0,Serpine2
Mafb,8.38E-94,-0.493888545,0.083,0.21,1.48E-89,0,Mafb
Fosb,8.69E-94,-0.388343482,0.867,0.887,1.54E-89,0,Fosb
Sema3b,1.80E-93,0.30816146,0.185,0.08,3.18E-89,0,Sema3b
Samhd1,2.61E-93,0.395471945,0.333,0.198,4.62E-89,0,Samhd1
Mmp23,3.20E-93,0.370099422,0.398,0.26,5.66E-89,0,Mmp23
Rps5,7.43E-93,0.185784108,0.919,0.849,1.32E-88,0,Rps5
Eva1b,8.08E-93,-0.380398567,0.085,0.213,1.43E-88,0,Eva1b
Ar,9.49E-93,0.333941055,0.488,0.329,1.68E-88,0,Ar
Aebp1,1.44E-92,0.164384266,0.912,0.763,2.55E-88,0,Aebp1
Acta2,4.00E-92,-1.117411748,0.062,0.176,7.08E-88,0,Acta2
Rpl32,5.37E-92,0.188809637,0.921,0.854,9.51E-88,0,Rpl32
Gm10115,2.40E-91,0.300937603,0.161,0.065,4.24E-87,0,Gm10115
Colec12,5.14E-91,-0.417069283,0.203,0.352,9.09E-87,0,Colec12
Islr,7.39E-91,0.26989035,0.603,0.445,1.31E-86,0,Islr
Smurf2,7.90E-91,0.354462199,0.243,0.127,1.40E-86,0,Smurf2
Mylip,3.89E-90,0.365895319,0.257,0.137,6.89E-86,0,Mylip
Eef1a1,4.59E-90,0.159991141,0.959,0.914,8.12E-86,0,Eef1a1
Cldn11,5.81E-90,0.203614953,0.046,0.004,1.03E-85,0,Cldn11
Gng11,5.83E-90,-0.564698307,0.175,0.319,1.03E-85,0,Gng11
Vtn,2.12E-89,-0.622324029,0.034,0.136,3.75E-85,0,Vtn
Ahnak,3.19E-89,0.224507062,0.863,0.767,5.64E-85,0,Ahnak
Rbpj,7.01E-89,0.374337465,0.301,0.176,1.24E-84,0,Rbpj
Itgbl1,1.27E-88,-0.5599698,0.117,0.244,2.24E-84,0,Itgbl1
Ugp2,1.27E-88,0.335817134,0.456,0.315,2.24E-84,0,Ugp2
Gm31378,1.66E-88,0.179078205,0.056,0.008,2.95E-84,0,Gm31378
Rpl17,2.22E-88,0.199321474,0.895,0.818,3.93E-84,0,Rpl17
Ccn5,5.28E-88,-0.552959163,0.078,0.197,9.35E-84,0,Ccn5
Myoc,9.02E-88,-0.697319233,0.236,0.374,1.60E-83,0,Myoc
Itga1,2.18E-87,-0.622487774,0.027,0.122,3.86E-83,0,Itga1
Atp1a2,6.64E-87,-0.531151347,0.01,0.094,1.17E-82,0,Atp1a2
Col6a5,1.02E-86,0.631843959,0.182,0.083,1.81E-82,0,Col6a5
Rpl14,1.11E-86,0.174204694,0.93,0.875,1.96E-82,0,Rpl14
Ndrg2,1.20E-86,-0.471434906,0.021,0.113,2.13E-82,0,Ndrg2
Arhgap20,4.07E-86,0.296995316,0.341,0.199,7.21E-82,0,Arhgap20
Stmn4,4.16E-86,0.332169489,0.15,0.06,7.36E-82,0,Stmn4
Lrrc8b,5.76E-86,0.218733051,0.069,0.014,1.02E-81,0,Lrrc8b
Plce1,1.21E-85,0.297553469,0.219,0.108,2.15E-81,0,Plce1
Tsc22d3,1.92E-85,-0.604101111,0.192,0.326,3.40E-81,0,Tsc22d3
Atox1,3.99E-85,0.329736426,0.63,0.501,7.07E-81,0,Atox1
Poglut3,7.45E-85,0.36044426,0.433,0.302,1.32E-80,0,Poglut3
Tpm1,7.79E-85,-0.849593327,0.386,0.503,1.38E-80,0,Tpm1
Thbs1,1.59E-84,-0.571655135,0.146,0.282,2.81E-80,0,Thbs1
Lrrc17,3.75E-84,0.319201788,0.426,0.283,6.63E-80,0,Lrrc17
Igfbp3,5.05E-84,-0.790485695,0.099,0.219,8.94E-80,0,Igfbp3
4-Sep,5.07E-84,-0.456597593,0.006,0.083,8.98E-80,0,4-Sep
Dnm1,5.89E-84,0.350187888,0.301,0.179,1.04E-79,0,Dnm1
Rps27,6.16E-84,0.178708017,0.936,0.892,1.09E-79,0,Rps27
Meox1,9.85E-84,-0.38959264,0.008,0.086,1.74E-79,0,Meox1
Rorb,2.96E-83,0.282309499,0.111,0.038,5.25E-79,0,Rorb
Rps3a1,3.11E-83,0.200710167,0.887,0.801,5.51E-79,0,Rps3a1
S100a10,5.66E-83,0.198299547,0.862,0.761,1.00E-78,0,S100a10
Cndp2,8.39E-83,0.357358127,0.299,0.178,1.49E-78,0,Cndp2
Kcnq1ot1,1.23E-82,0.328246423,0.527,0.381,2.18E-78,0,Kcnq1ot1
Mylk,1.89E-82,-0.675692982,0.031,0.125,3.34E-78,0,Mylk
Cdc42ep3,2.01E-82,-0.395855684,0.024,0.114,3.56E-78,0,Cdc42ep3
Abca1,2.03E-82,0.348808428,0.256,0.141,3.59E-78,0,Abca1
Egr2,3.01E-82,-0.55327532,0.106,0.228,5.34E-78,0,Egr2
Rpl38,3.38E-82,0.209843031,0.851,0.762,5.98E-78,0,Rpl38
Ppp2r2b,3.62E-82,0.233956913,0.091,0.026,6.42E-78,0,Ppp2r2b
Pxn,2.27E-81,0.323136319,0.212,0.107,4.01E-77,0,Pxn
Sema3e,2.86E-81,0.202644189,0.074,0.018,5.07E-77,0,Sema3e
C1galt1,3.11E-81,0.343697894,0.217,0.112,5.50E-77,0,C1galt1
Galnt1,2.00E-80,0.363254229,0.343,0.22,3.55E-76,0,Galnt1
Gpc3,4.04E-80,0.115197707,0.531,0.354,7.16E-76,0,Gpc3
Ier2,4.24E-80,-0.513557857,0.619,0.689,7.50E-76,0,Ier2
Bmp8a,5.04E-80,0.126234502,0.04,0.004,8.92E-76,0,Bmp8a
S100a4,8.55E-80,-0.639094763,0.137,0.261,1.51E-75,0,S100a4
Sash1,9.83E-80,0.30393874,0.482,0.34,1.74E-75,0,Sash1
Rap1b,1.04E-79,0.342276993,0.487,0.361,1.85E-75,0,Rap1b
Sntb2,1.39E-79,0.33065317,0.48,0.347,2.45E-75,0,Sntb2
Csgalnact1,1.48E-79,-0.322793831,0.06,0.168,2.62E-75,0,Csgalnact1
Slit3,2.20E-79,0.348980774,0.343,0.217,3.89E-75,0,Slit3
Hs3st1,3.13E-79,0.280972694,0.09,0.026,5.54E-75,0,Hs3st1
Lgals9,3.20E-79,0.343747379,0.401,0.273,5.66E-75,0,Lgals9
Myh10,3.30E-79,0.344631711,0.334,0.21,5.84E-75,0,Myh10
Meg3,3.83E-79,0.302358652,0.805,0.706,6.77E-75,0,Meg3
Adora2b,4.94E-79,0.269447663,0.115,0.041,8.74E-75,0,Adora2b
mt-Nd4,9.42E-79,-0.368066973,0.626,0.724,1.67E-74,0,mt-Nd4
Rab32,1.04E-78,0.281727752,0.158,0.07,1.84E-74,0,Rab32
Il6,2.03E-78,0.244000143,0.405,0.264,3.60E-74,0,Il6
Rps19,2.55E-78,0.158880498,0.925,0.861,4.51E-74,0,Rps19
Deptor,2.82E-78,-0.384784654,0.031,0.123,4.98E-74,0,Deptor
Lima1,1.56E-77,0.304534785,0.659,0.542,2.76E-73,0,Lima1
St3gal2,2.51E-77,0.325133283,0.242,0.133,4.44E-73,0,St3gal2
Abca8b,2.67E-77,-0.575367033,0.113,0.228,4.73E-73,0,Abca8b
Kcnn3,5.44E-77,0.178490115,0.065,0.014,9.63E-73,0,Kcnn3
Trabd2b,5.59E-77,-0.32918338,0.03,0.121,9.89E-73,0,Trabd2b
Gfra1,5.81E-77,-0.293774796,0.008,0.083,1.03E-72,0,Gfra1
Ubb,6.26E-77,-0.248445789,0.942,0.948,1.11E-72,0,Ubb
Plxna1,9.60E-77,0.315922565,0.191,0.095,1.70E-72,0,Plxna1
Pcdh20,4.65E-76,0.236710255,0.093,0.029,8.22E-72,0,Pcdh20
Klf3,4.75E-76,0.343900732,0.385,0.259,8.40E-72,0,Klf3
Lamc1,6.31E-76,0.24705806,0.618,0.484,1.12E-71,0,Lamc1
Comp,9.92E-76,-0.83313632,0.024,0.107,1.76E-71,0,Comp
Tspan11,1.05E-75,-0.285483654,0.029,0.118,1.86E-71,0,Tspan11
Rpl18a,2.09E-75,0.163336894,0.918,0.87,3.70E-71,0,Rpl18a
Gpc6,2.25E-75,0.30265141,0.249,0.139,3.99E-71,0,Gpc6
Lgals1,2.84E-75,-0.319012119,0.889,0.884,5.02E-71,0,Lgals1
Ptp4a2,5.46E-75,0.26717788,0.628,0.506,9.66E-71,0,Ptp4a2
Atp1b1,5.66E-75,0.298234606,0.18,0.086,1.00E-70,0,Atp1b1
Naalad2,6.74E-75,-0.484772537,0.112,0.229,1.19E-70,0,Naalad2
Arhgap29,1.12E-74,0.321349998,0.368,0.244,1.97E-70,0,Arhgap29
Cd47,2.03E-74,0.244174891,0.788,0.695,3.58E-70,0,Cd47
Piezo2,3.96E-74,-0.398663279,0.046,0.141,7.02E-70,0,Piezo2
Tnmd,4.33E-74,-1.134656833,0.05,0.143,7.66E-70,0,Tnmd
Tln2,4.87E-74,-0.357774245,0.055,0.156,8.61E-70,0,Tln2
Gm33869,6.11E-74,0.226608901,0.095,0.03,1.08E-69,0,Gm33869
Col11a1,1.29E-73,-0.492474281,0.011,0.085,2.29E-69,0,Col11a1
Rpl35,2.32E-73,0.230989898,0.758,0.656,4.11E-69,0,Rpl35
Gnb4,4.95E-73,-0.366193136,0.056,0.155,8.77E-69,0,Gnb4
Myo10,7.05E-73,-0.285996527,0.025,0.109,1.25E-68,0,Myo10
Nptx2,9.54E-73,0.190183972,0.047,0.007,1.69E-68,0,Nptx2
Myo5a,1.33E-72,-0.318586715,0.086,0.197,2.36E-68,0,Myo5a
Fgfr1,1.39E-72,0.296470921,0.559,0.434,2.46E-68,0,Fgfr1
Ncam1,1.68E-72,-0.344045462,0.046,0.141,2.98E-68,0,Ncam1
Prdx4,4.05E-72,-0.35251258,0.184,0.312,7.17E-68,0,Prdx4
G0s2,2.59E-71,-0.540405382,0.027,0.11,4.58E-67,0,G0s2
Iqsec1,3.22E-71,0.307932045,0.21,0.111,5.71E-67,0,Iqsec1
Mif,1.80E-70,-0.426009925,0.219,0.343,3.18E-66,0,Mif
Rps26,1.85E-70,0.156957315,0.913,0.838,3.27E-66,0,Rps26
Mbnl2,3.39E-70,-0.375719634,0.366,0.491,6.01E-66,0,Mbnl2
Tns1,3.55E-70,0.285792918,0.404,0.277,6.29E-66,0,Tns1
Fhl1,1.66E-69,0.27550201,0.397,0.269,2.95E-65,0,Fhl1
Atf3,2.32E-69,0.134850119,0.884,0.762,4.11E-65,0,Atf3
Des,2.48E-69,-0.638427826,0.015,0.087,4.38E-65,0,Des
Rsrp1,2.93E-69,-0.34301753,0.594,0.689,5.19E-65,0,Rsrp1
Mme,3.00E-69,-0.368063185,0.044,0.135,5.30E-65,0,Mme
Krt23,3.02E-69,0.14681362,0.033,0.003,5.34E-65,0,Krt23
Jag1,3.88E-69,0.313401627,0.229,0.128,6.87E-65,0,Jag1
Dkk3,4.64E-69,-0.348083573,0.069,0.17,8.21E-65,0,Dkk3
Cotl1,5.46E-69,0.28104924,0.22,0.121,9.67E-65,0,Cotl1
Rpl23,1.04E-68,0.183042644,0.867,0.794,1.84E-64,0,Rpl23
Slfn5,1.22E-68,0.212002366,0.593,0.441,2.16E-64,0,Slfn5
Gucy1a1,2.64E-68,-0.502584915,0.005,0.069,4.67E-64,0,Gucy1a1
Lamb1,2.69E-68,0.185778171,0.644,0.495,4.76E-64,0,Lamb1
Rgs10,4.57E-68,-0.267090052,0.044,0.134,8.09E-64,0,Rgs10
Apbb2,1.34E-67,0.292619365,0.278,0.168,2.38E-63,0,Apbb2
Sfrp2,1.48E-67,0.047787417,0.44,0.287,2.62E-63,0,Sfrp2
Il17ra,1.73E-67,0.305242763,0.234,0.132,3.07E-63,0,Il17ra
Sgk1,1.82E-67,-0.378548457,0.284,0.42,3.22E-63,0,Sgk1
Serpine1,2.57E-67,-0.499942251,0.165,0.286,4.55E-63,0,Serpine1
Rps4x,3.11E-67,0.172880998,0.846,0.757,5.51E-63,0,Rps4x
Svep1,3.15E-67,-0.369722897,0.127,0.241,5.57E-63,0,Svep1
Rplp1,4.00E-67,0.143036305,0.961,0.909,7.08E-63,0,Rplp1
Ank2,4.62E-67,-0.325386786,0.066,0.163,8.18E-63,0,Ank2
Rpl4,4.88E-67,0.148054704,0.911,0.861,8.64E-63,0,Rpl4
Ftl1,1.08E-66,0.146824796,0.949,0.896,1.91E-62,0,Ftl1
Fbln2,1.09E-66,-0.359462196,0.635,0.691,1.93E-62,0,Fbln2
Dapk1,1.31E-66,0.292757012,0.333,0.213,2.32E-62,0,Dapk1
Cd63-ps,2.51E-66,-0.32611243,0.159,0.28,4.44E-62,0,Cd63-ps
Lamc2,2.51E-66,0.23253112,0.104,0.039,4.44E-62,0,Lamc2
Atp6v1e1,7.62E-66,0.312887237,0.377,0.263,1.35E-61,0,Atp6v1e1
Bag1,9.80E-66,0.306485663,0.452,0.333,1.73E-61,0,Bag1
Nckap1,1.48E-65,0.311174219,0.324,0.214,2.61E-61,0,Nckap1
Fmod,1.53E-65,-1.673109574,0.098,0.197,2.71E-61,0,Fmod
Lsamp,1.59E-65,-0.3432555,0.019,0.091,2.82E-61,0,Lsamp
Rpl36,2.15E-65,0.188447359,0.844,0.764,3.80E-61,0,Rpl36
Adra1b,3.23E-65,0.118229285,0.038,0.005,5.71E-61,0,Adra1b
Ccn4,3.23E-65,-0.234367148,0.027,0.104,5.72E-61,0,Ccn4
Ptgis,3.33E-65,0.277518184,0.293,0.182,5.89E-61,0,Ptgis
Notch2,6.23E-65,0.290701801,0.214,0.117,1.10E-60,0,Notch2
Tacc2,7.00E-65,0.293367128,0.239,0.138,1.24E-60,0,Tacc2
Col1a1,1.11E-64,-0.455368757,0.941,0.905,1.97E-60,0,Col1a1
Cfh,1.37E-64,-0.582429568,0.137,0.244,2.43E-60,0,Cfh
Trim30a,1.59E-64,0.292080699,0.231,0.131,2.81E-60,0,Trim30a
Zeb2,2.51E-64,0.216284067,0.51,0.378,4.44E-60,0,Zeb2
Tgfb3,4.63E-64,-0.346787275,0.076,0.174,8.19E-60,0,Tgfb3
Galnt15,4.76E-64,0.222158338,0.119,0.048,8.43E-60,0,Galnt15
Akr1c14,4.98E-64,0.174613976,0.068,0.018,8.82E-60,0,Akr1c14
Prg4,5.37E-64,-1.14409225,0.127,0.229,9.50E-60,0,Prg4
Ehd1,9.41E-64,0.315054649,0.276,0.173,1.67E-59,0,Ehd1
Mgst1,1.32E-63,0.222260218,0.685,0.555,2.34E-59,0,Mgst1
Tmeff1,8.23E-63,0.166732633,0.053,0.011,1.46E-58,0,Tmeff1
Krt36,1.20E-62,0.110033539,0.032,0.003,2.12E-58,0,Krt36
Rps18,1.65E-62,0.157305193,0.881,0.803,2.91E-58,0,Rps18
Enpp1,2.22E-62,-0.237638782,0.01,0.073,3.92E-58,0,Enpp1
Srgn,3.03E-62,0.254658857,0.13,0.057,5.36E-58,0,Srgn
Sp110,4.14E-62,0.26248272,0.16,0.078,7.33E-58,0,Sp110
Ier5,4.76E-62,0.354194281,0.505,0.401,8.43E-58,0,Ier5
Col5a3,4.94E-62,-0.387077509,0.61,0.672,8.75E-58,0,Col5a3
Myo1b,5.06E-62,-0.393943054,0.036,0.115,8.96E-58,0,Myo1b
Rps15a,5.48E-62,0.160693447,0.897,0.825,9.71E-58,0,Rps15a
Slc6a13,5.62E-62,0.127872294,0.035,0.004,9.94E-58,0,Slc6a13
Cldn3,7.17E-62,0.102987275,0.027,0.002,1.27E-57,0,Cldn3
Col8a2,8.37E-62,-0.293047674,0.015,0.081,1.48E-57,0,Col8a2
Lrrfip1,1.12E-61,-0.297640291,0.075,0.172,1.98E-57,0,Lrrfip1
Galm,1.48E-61,0.192994964,0.085,0.029,2.62E-57,0,Galm
Emx2,1.80E-61,0.301048475,0.165,0.083,3.19E-57,0,Emx2
Ddit4,2.78E-61,-0.376921462,0.054,0.142,4.92E-57,0,Ddit4
Rpl37,4.29E-61,0.150981952,0.903,0.846,7.59E-57,0,Rpl37
Fam167a,5.40E-61,0.211948341,0.082,0.028,9.56E-57,0,Fam167a
Rps7,7.34E-61,0.163549066,0.849,0.761,1.30E-56,0,Rps7
Trps1,8.73E-61,-0.253380752,0.023,0.095,1.55E-56,0,Trps1
Rpl26,9.91E-61,0.157591358,0.889,0.822,1.75E-56,0,Rpl26
Tmem204,1.12E-60,-0.286938832,0.005,0.062,1.99E-56,0,Tmem204
Spats2l,1.85E-60,-0.378430352,0.088,0.185,3.28E-56,0,Spats2l
Ano3,2.53E-60,0.13742571,0.042,0.007,4.48E-56,0,Ano3
Crabp2,3.15E-60,-0.310210681,0.012,0.074,5.58E-56,0,Crabp2
Tubb6,3.67E-60,0.286183927,0.482,0.368,6.49E-56,0,Tubb6
App,5.94E-60,-0.265024651,0.706,0.746,1.05E-55,0,App
Spock2,8.16E-60,-0.320956992,0.019,0.087,1.44E-55,0,Spock2
Tmem28,1.07E-59,0.098776644,0.029,0.003,1.89E-55,0,Tmem28
Igsf3,1.19E-59,-0.270176646,0.059,0.148,2.10E-55,0,Igsf3
Gm50012,1.25E-59,0.237252428,0.106,0.042,2.21E-55,0,Gm50012
Ddah2,1.45E-59,0.27425188,0.482,0.367,2.57E-55,0,Ddah2
Stk17b,1.46E-59,-0.221663625,0.021,0.091,2.59E-55,0,Stk17b
Mgst3,1.83E-59,-0.297037873,0.05,0.134,3.23E-55,0,Mgst3
Hnrnpa2b1,2.85E-59,-0.299591211,0.682,0.739,5.04E-55,0,Hnrnpa2b1
Adgre5,3.60E-59,-0.220386095,0.009,0.069,6.38E-55,0,Adgre5
Blvrb,5.53E-59,0.29387762,0.315,0.208,9.78E-55,0,Blvrb
Tm4sf1,6.32E-59,-0.478917034,0.201,0.312,1.12E-54,0,Tm4sf1
Bco2,7.26E-59,0.109562442,0.034,0.004,1.29E-54,0,Bco2
Emilin1,1.31E-58,-0.25822693,0.085,0.181,2.32E-54,0,Emilin1
Fau,1.88E-58,0.199272783,0.808,0.734,3.34E-54,0,Fau
F2r,2.01E-58,-0.25654975,0.017,0.081,3.56E-54,0,F2r
Daglb,2.02E-58,0.136738362,0.045,0.009,3.57E-54,0,Daglb
Adamts4,4.05E-58,-0.453668641,0.069,0.159,7.16E-54,0,Adamts4
Tagln,4.94E-58,-0.429957843,0.007,0.065,8.74E-54,0,Tagln
Ccl7,8.61E-58,0.264677377,0.48,0.366,1.52E-53,0,Ccl7
Gm47337,9.31E-58,0.094815697,0.025,0.001,1.65E-53,0,Gm47337
Engase,9.43E-58,0.24700538,0.115,0.049,1.67E-53,0,Engase
Mest,1.04E-57,-0.300041473,0.012,0.073,1.84E-53,0,Mest
Sgcb,1.12E-57,-0.278946802,0.087,0.183,1.99E-53,0,Sgcb
Ccl2,1.57E-57,0.566146104,0.349,0.248,2.77E-53,0,Ccl2
Vat1,2.09E-57,0.294293362,0.382,0.275,3.69E-53,0,Vat1
Rpl8,2.18E-57,0.162980826,0.867,0.806,3.87E-53,0,Rpl8
Rflnb,2.27E-57,-0.289341871,0.015,0.077,4.01E-53,0,Rflnb
Sult5a1,4.24E-57,0.265181946,0.184,0.098,7.50E-53,0,Sult5a1
C1qtnf2,7.12E-57,-0.325453749,0.101,0.198,1.26E-52,0,C1qtnf2
Sertad4,8.79E-57,-0.210480541,0.017,0.081,1.56E-52,0,Sertad4
Arhgdib,9.92E-57,-0.411412221,0.023,0.091,1.76E-52,0,Arhgdib
Sp140,1.30E-56,0.267860651,0.179,0.097,2.31E-52,0,Sp140
Gpr1,1.46E-56,0.102974086,0.031,0.003,2.59E-52,0,Gpr1
Trim47,2.49E-56,-0.263235201,0.067,0.156,4.40E-52,0,Trim47
Ednra,2.49E-56,-0.212999558,0.006,0.06,4.42E-52,0,Ednra
Atp2b4,2.51E-56,-0.334362381,0.081,0.172,4.44E-52,0,Atp2b4
Gask1b,4.21E-56,-0.274424369,0.053,0.135,7.46E-52,0,Gask1b
Flnc,4.32E-56,0.297514673,0.199,0.114,7.64E-52,0,Flnc
Pi15,4.47E-56,0.193641911,0.15,0.073,7.91E-52,0,Pi15
Pdgfd,4.95E-56,0.21838318,0.114,0.05,8.77E-52,0,Pdgfd
Adamtsl5,7.04E-56,0.227488236,0.172,0.09,1.25E-51,0,Adamtsl5
Celf2,9.13E-56,0.223443002,0.524,0.402,1.62E-51,0,Celf2
Zbtb20,9.56E-56,0.13105128,0.872,0.772,1.69E-51,0,Zbtb20
Sdc1,1.10E-55,-0.277219839,0.06,0.145,1.95E-51,0,Sdc1
Lrrc15,1.42E-55,-0.309464095,0.05,0.129,2.51E-51,0,Lrrc15
Lgi3,1.75E-55,0.193967856,0.078,0.027,3.10E-51,0,Lgi3
Col6a1,1.82E-55,-0.208626184,0.784,0.794,3.22E-51,0,Col6a1
Stxbp6,1.82E-55,0.22187265,0.199,0.111,3.22E-51,0,Stxbp6
Psme1,2.43E-55,0.274455066,0.383,0.275,4.30E-51,0,Psme1
Vwa1,2.62E-55,-0.330394857,0.018,0.08,4.64E-51,0,Vwa1
Igsf1,2.85E-55,0.097612922,0.029,0.003,5.04E-51,0,Igsf1
Rpl11,3.74E-55,0.15257368,0.887,0.82,6.62E-51,0,Rpl11
Lama4,4.30E-55,0.23613894,0.606,0.499,7.61E-51,0,Lama4
Brd2,4.72E-55,-0.347314495,0.388,0.5,8.35E-51,0,Brd2
Ccn1,5.49E-55,0.102224293,0.714,0.579,9.71E-51,0,Ccn1
Fkbp1a,5.87E-55,0.248081319,0.552,0.443,1.04E-50,0,Fkbp1a
Srpx2,7.33E-55,-0.314412865,0.176,0.286,1.30E-50,0,Srpx2
Rpl41,8.38E-55,0.124314951,0.949,0.898,1.48E-50,0,Rpl41
Aopep,8.86E-55,-0.271913592,0.028,0.097,1.57E-50,0,Aopep
Eya4,1.03E-54,0.171533199,0.074,0.025,1.83E-50,0,Eya4
Prdx5,1.06E-54,0.311406739,0.443,0.339,1.87E-50,0,Prdx5
Ifi30,1.11E-54,-0.272373625,0.065,0.15,1.97E-50,0,Ifi30
Ntn4,1.29E-54,0.242623992,0.202,0.114,2.28E-50,0,Ntn4
C1qtnf1,1.62E-54,0.258523447,0.187,0.104,2.87E-50,0,C1qtnf1
Prdx6,1.92E-54,0.276317828,0.427,0.32,3.40E-50,0,Prdx6
Btg2,3.99E-54,-0.452349921,0.727,0.757,7.06E-50,0,Btg2
Rpl5,5.42E-54,0.180959222,0.779,0.688,9.59E-50,0,Rpl5
Cnn3,5.73E-54,-0.371704269,0.289,0.399,1.01E-49,0,Cnn3
Cxcl12,6.36E-54,-0.576141126,0.335,0.436,1.13E-49,0,Cxcl12
Phf11b,1.38E-53,0.176452227,0.074,0.025,2.45E-49,0,Phf11b
Sqor,1.65E-53,0.257923458,0.166,0.088,2.91E-49,0,Sqor
Tceal9,1.89E-53,-0.313285433,0.428,0.524,3.34E-49,0,Tceal9
Tob1,2.18E-53,-0.399477881,0.156,0.26,3.86E-49,0,Tob1
Nr1h4,2.83E-53,0.115083161,0.032,0.004,5.00E-49,0,Nr1h4
Col6a2,3.74E-53,-0.195985465,0.691,0.732,6.62E-49,0,Col6a2
Cast,4.30E-53,0.258337053,0.553,0.451,7.61E-49,0,Cast
Dio2,5.56E-53,-0.357419069,0.011,0.067,9.84E-49,0,Dio2
C1s1,6.33E-53,0.184877798,0.778,0.658,1.12E-48,0,C1s1
Gucy1b1,6.88E-53,-0.388423051,0.005,0.056,1.22E-48,0,Gucy1b1
Plod1,8.80E-53,-0.25440438,0.096,0.191,1.56E-48,0,Plod1
Ckb,9.61E-53,0.212481639,0.289,0.185,1.70E-48,0,Ckb
Txnip,1.18E-52,-0.435819854,0.208,0.313,2.08E-48,0,Txnip
Tmem64,1.40E-52,-0.277216447,0.056,0.136,2.48E-48,0,Tmem64
Ptms,1.49E-52,-0.296101117,0.542,0.63,2.65E-48,0,Ptms
4930404H11Rik,2.27E-52,0.134937489,0.057,0.016,4.01E-48,0,4930404H11Rik
Sh3bgrl3,2.71E-52,-0.333112421,0.176,0.278,4.80E-48,0,Sh3bgrl3
Klhl13,2.93E-52,0.262373491,0.401,0.292,5.19E-48,0,Klhl13
Rps3,4.12E-52,0.129487862,0.913,0.847,7.29E-48,0,Rps3
Ptn,5.17E-52,-0.684135109,0.148,0.246,9.16E-48,0,Ptn
Dcbld2,7.50E-52,0.234113952,0.124,0.059,1.33E-47,0,Dcbld2
Cspg4,8.77E-52,-0.290015747,0.014,0.071,1.55E-47,0,Cspg4
Cryab,8.96E-52,-0.499942246,0.187,0.29,1.59E-47,0,Cryab
Rapgef1,9.06E-52,0.23426628,0.143,0.073,1.60E-47,0,Rapgef1
H2-D1,1.16E-51,0.148882309,0.863,0.783,2.05E-47,0,H2-D1
Rps23,1.19E-51,0.137456135,0.888,0.826,2.11E-47,0,Rps23
Fst,1.28E-51,0.108809512,0.479,0.344,2.26E-47,0,Fst
Rpl22,1.62E-51,0.178048685,0.835,0.75,2.86E-47,0,Rpl22
Ctsc,1.67E-51,-0.195738314,0.009,0.061,2.96E-47,0,Ctsc
Rpl36a,1.89E-51,0.165083207,0.779,0.694,3.34E-47,0,Rpl36a
Lbh,3.21E-51,-0.29980628,0.043,0.116,5.67E-47,0,Lbh
Grem2,3.26E-51,-0.209052711,0.023,0.087,5.77E-47,0,Grem2
Rnf150,3.46E-51,-0.202212431,0.032,0.1,6.12E-47,0,Rnf150
Stk38,4.58E-51,0.255158909,0.412,0.309,8.11E-47,0,Stk38
Fam49a,5.02E-51,-0.306327291,0.036,0.106,8.88E-47,0,Fam49a
Hspa1a,6.44E-51,-0.651499005,0.146,0.242,1.14E-46,0,Hspa1a
Pgr,7.34E-51,0.118736289,0.036,0.006,1.30E-46,0,Pgr
Ecscr,7.75E-51,0.360291977,0.206,0.126,1.37E-46,0,Ecscr
Nop58,1.29E-50,-0.456577842,0.453,0.543,2.28E-46,0,Nop58
Hspb8,1.30E-50,0.310934033,0.354,0.255,2.30E-46,0,Hspb8
Ccbe1,1.48E-50,-0.1631582,0.008,0.06,2.63E-46,0,Ccbe1
Chst1,1.53E-50,0.162262694,0.06,0.018,2.70E-46,0,Chst1
mt-Nd5,1.85E-50,-0.335817382,0.493,0.584,3.27E-46,0,mt-Nd5
Dusp6,2.04E-50,-0.284720226,0.02,0.08,3.62E-46,0,Dusp6
6-Sep,2.37E-50,-0.210463844,0.012,0.067,4.19E-46,0,6-Sep
Sptbn1,2.50E-50,0.145048997,0.808,0.726,4.42E-46,0,Sptbn1
Armh4,3.46E-50,-0.23642529,0.036,0.105,6.12E-46,0,Armh4
Ppp1r9a,4.57E-50,0.177891461,0.118,0.054,8.09E-46,0,Ppp1r9a
Rpl30,5.74E-50,0.186608428,0.768,0.679,1.02E-45,0,Rpl30
Rps6ka3,1.31E-49,0.27085985,0.21,0.127,2.32E-45,0,Rps6ka3
Esr1,1.87E-49,0.200189133,0.133,0.065,3.31E-45,0,Esr1
Slc4a10,2.39E-49,0.094709324,0.029,0.004,4.23E-45,0,Slc4a10
Col27a1,2.42E-49,-0.20427621,0.041,0.113,4.28E-45,0,Col27a1
Arl4a,3.71E-49,0.245231727,0.317,0.216,6.56E-45,0,Arl4a
Samd4b,4.69E-49,0.26040163,0.259,0.168,8.30E-45,0,Samd4b
Epb41l2,4.84E-49,0.220718858,0.521,0.416,8.57E-45,0,Epb41l2
P4ha2,9.46E-49,-0.300544012,0.194,0.297,1.67E-44,0,P4ha2
Chodl,1.09E-48,-0.716091812,0.011,0.062,1.94E-44,0,Chodl
Mturn,1.30E-48,0.184985568,0.156,0.082,2.29E-44,0,Mturn
Rpl34,1.84E-48,0.150891323,0.868,0.797,3.26E-44,0,Rpl34
Cpne8,2.03E-48,0.249924603,0.199,0.119,3.59E-44,0,Cpne8
Sbno2,2.57E-48,0.243523669,0.309,0.211,4.55E-44,0,Sbno2
Atp2b1,2.70E-48,0.244166025,0.489,0.385,4.78E-44,0,Atp2b1
Tinagl1,3.09E-48,-0.46527261,0.005,0.051,5.48E-44,0,Tinagl1
Sdk1,3.36E-48,0.203651426,0.105,0.047,5.94E-44,0,Sdk1
Sulf1,3.49E-48,0.261925361,0.452,0.351,6.18E-44,0,Sulf1
Slc7a2,3.58E-48,-0.155593456,0.009,0.059,6.33E-44,0,Slc7a2
Pdgfc,3.83E-48,0.255860106,0.117,0.056,6.78E-44,0,Pdgfc
Mcf2l,4.50E-48,0.141561747,0.05,0.013,7.96E-44,0,Mcf2l
Sec14l1,5.98E-48,0.256005611,0.22,0.136,1.06E-43,0,Sec14l1
Gm49257,6.43E-48,0.180452318,0.059,0.018,1.14E-43,0,Gm49257
Fosl2,8.42E-48,0.262815727,0.411,0.31,1.49E-43,0,Fosl2
Runx1,9.93E-48,-0.286466143,0.136,0.232,1.76E-43,0,Runx1
Eef1b2,1.07E-47,0.202161787,0.688,0.582,1.90E-43,0,Eef1b2
St3gal1,1.34E-47,0.257862095,0.268,0.177,2.37E-43,0,St3gal1
Gabra3,1.98E-47,0.232317423,0.181,0.103,3.50E-43,0,Gabra3
Gsto1,2.03E-47,-0.198511446,0.038,0.107,3.59E-43,0,Gsto1
Col3a1,2.27E-47,-0.269882951,0.99,0.963,4.02E-43,0,Col3a1
Uck2,2.77E-47,-0.161039538,0.022,0.082,4.90E-43,0,Uck2
Aldh1a1,3.70E-47,0.210850238,0.22,0.133,6.55E-43,0,Aldh1a1
Nqo2,4.57E-47,0.274383847,0.189,0.112,8.08E-43,0,Nqo2
Psd3,7.11E-47,0.235438248,0.187,0.109,1.26E-42,0,Psd3
Myl12b,7.17E-47,0.223355731,0.51,0.409,1.27E-42,0,Myl12b
Rell1,7.36E-47,-0.275919582,0.086,0.17,1.30E-42,0,Rell1
Rps10,8.42E-47,0.178706191,0.761,0.675,1.49E-42,0,Rps10
Duox2,8.48E-47,0.087393411,0.019,0.001,1.50E-42,0,Duox2
Egfl6,9.07E-47,-0.256538871,0.006,0.053,1.61E-42,0,Egfl6
Sox9,1.88E-46,-0.267842859,0.024,0.083,3.32E-42,0,Sox9
Tmem47,2.65E-46,-0.234962728,0.03,0.092,4.68E-42,0,Tmem47
Ptgir,3.07E-46,-0.185487208,0.005,0.051,5.44E-42,0,Ptgir
Fhl2,3.49E-46,-0.202934535,0.04,0.107,6.18E-42,0,Fhl2
Kank1,4.62E-46,0.161564245,0.099,0.044,8.18E-42,0,Kank1
Kcnma1,4.76E-46,-0.172609402,0.007,0.053,8.42E-42,0,Kcnma1
Pabpc1,5.69E-46,0.121238894,0.902,0.843,1.01E-41,0,Pabpc1
Rrad,1.04E-45,-0.625491414,0.068,0.143,1.85E-41,0,Rrad
Mxra7,1.42E-45,-0.285354711,0.257,0.362,2.51E-41,0,Mxra7
Kera,1.43E-45,-0.852924202,0.014,0.064,2.53E-41,0,Kera
Rhoq,1.55E-45,0.280908803,0.31,0.221,2.75E-41,0,Rhoq
Slc1a3,1.65E-45,-0.167120936,0.014,0.065,2.92E-41,0,Slc1a3
Rgs4,1.85E-45,-0.363197217,0.007,0.054,3.27E-41,0,Rgs4
Fgf18,4.13E-45,0.21090225,0.187,0.109,7.31E-41,0,Fgf18
Lhfp,4.38E-45,-0.308869032,0.25,0.352,7.75E-41,0,Lhfp
Ifi27,5.77E-45,-0.253013103,0.435,0.539,1.02E-40,0,Ifi27
Kcne4,5.79E-45,-0.303292378,0.013,0.063,1.02E-40,0,Kcne4
Sdc4,8.02E-45,-0.586671007,0.272,0.37,1.42E-40,0,Sdc4
Hpse,8.27E-45,0.176558445,0.072,0.027,1.46E-40,0,Hpse
Btg1,9.15E-45,-0.323149845,0.193,0.292,1.62E-40,0,Btg1
Syne1,1.06E-44,-0.264816602,0.071,0.148,1.88E-40,0,Syne1
Nfkb1,1.09E-44,0.305599468,0.287,0.199,1.92E-40,0,Nfkb1
Plekho2,1.63E-44,0.240351221,0.167,0.096,2.88E-40,0,Plekho2
Apcdd1,2.05E-44,0.162998006,0.096,0.043,3.64E-40,0,Apcdd1
Steap3,2.11E-44,0.233568171,0.362,0.262,3.74E-40,0,Steap3
Palld,2.36E-44,-0.322974599,0.241,0.341,4.18E-40,0,Palld
Irf4,2.44E-44,0.131335373,0.043,0.011,4.31E-40,0,Irf4
Nfic,2.81E-44,-0.297376632,0.384,0.486,4.97E-40,0,Nfic
Rack1,2.89E-44,0.139186739,0.82,0.73,5.12E-40,0,Rack1
Nr2f2,3.41E-44,-0.386989913,0.053,0.123,6.03E-40,0,Nr2f2
Crispld1,3.74E-44,0.203440109,0.159,0.087,6.62E-40,0,Crispld1
Gadd45g,4.21E-44,-0.433847343,0.373,0.465,7.45E-40,0,Gadd45g
Slc39a13,4.45E-44,-0.224444605,0.141,0.236,7.88E-40,0,Slc39a13
Hdac4,5.76E-44,0.220502123,0.158,0.088,1.02E-39,0,Hdac4
Ddah1,6.27E-44,-0.216714404,0.025,0.082,1.11E-39,0,Ddah1
Abca9,7.17E-44,-0.382940516,0.147,0.236,1.27E-39,0,Abca9
S100a6,7.70E-44,0.081172118,0.973,0.925,1.36E-39,0,S100a6
Pyroxd2,8.44E-44,0.171835979,0.07,0.026,1.49E-39,0,Pyroxd2
Ccnl1,9.32E-44,0.160479404,0.774,0.69,1.65E-39,0,Ccnl1
Gsn,1.08E-43,-0.034855811,0.993,0.945,1.91E-39,0,Gsn
Anks1,1.38E-43,0.171543308,0.1,0.046,2.44E-39,0,Anks1
C1qtnf12,1.38E-43,-0.181904079,0.023,0.079,2.45E-39,0,C1qtnf12
Il11ra1,1.46E-43,-0.28701883,0.475,0.558,2.58E-39,0,Il11ra1
Rpsa,1.69E-43,0.140816119,0.85,0.772,2.99E-39,0,Rpsa
Layn,1.91E-43,-0.19967198,0.049,0.118,3.38E-39,0,Layn
Lpl,2.29E-43,-0.587254756,0.495,0.552,4.04E-39,0,Lpl
Negr1,4.04E-43,0.138435517,0.053,0.016,7.15E-39,0,Negr1
Kif21a,5.78E-43,0.206277105,0.124,0.063,1.02E-38,0,Kif21a
Mical2,6.30E-43,-0.153358864,0.017,0.069,1.12E-38,0,Mical2
Phlda3,7.53E-43,-0.23558387,0.06,0.131,1.33E-38,0,Phlda3
Olfml2a,7.97E-43,0.152965892,0.088,0.037,1.41E-38,0,Olfml2a
Rps25,9.13E-43,0.147147243,0.841,0.781,1.62E-38,0,Rps25
Synm,1.11E-42,-0.244675598,0.043,0.108,1.96E-38,0,Synm
Scarf2,1.19E-42,-0.206049147,0.046,0.112,2.11E-38,0,Scarf2
Pvr,1.66E-42,0.262883532,0.181,0.109,2.94E-38,0,Pvr
Snai1,1.84E-42,-0.152022641,0.011,0.058,3.26E-38,0,Snai1
Auts2,1.91E-42,-0.267533834,0.085,0.163,3.39E-38,0,Auts2
Lin7a,2.27E-42,-0.251657891,0.002,0.041,4.02E-38,0,Lin7a
Etfa,2.28E-42,0.241679441,0.424,0.329,4.03E-38,0,Etfa
Crlf1,2.44E-42,-0.228698716,0.004,0.044,4.32E-38,0,Crlf1
Echdc2,2.85E-42,-0.184999865,0.023,0.077,5.04E-38,0,Echdc2
Gm13889,2.86E-42,-0.438026286,0.007,0.05,5.06E-38,0,Gm13889
Nmt2,3.14E-42,0.248478157,0.239,0.158,5.55E-38,0,Nmt2
Epha4,4.66E-42,-0.16804115,0.005,0.047,8.25E-38,0,Epha4
Socs2,4.75E-42,-0.254869235,0.095,0.177,8.40E-38,0,Socs2
Nrp2,8.99E-42,-0.18743085,0.026,0.082,1.59E-37,0,Nrp2
Cmtm3,9.83E-42,0.245394735,0.381,0.29,1.74E-37,0,Cmtm3
Prrx2,1.10E-41,-0.189999739,0.059,0.129,1.94E-37,0,Prrx2
Adam12,1.22E-41,-0.174004213,0.065,0.137,2.16E-37,0,Adam12
Rps13,1.23E-41,0.14090175,0.813,0.724,2.18E-37,0,Rps13
Sema5a,1.29E-41,-0.225239324,0.013,0.06,2.28E-37,0,Sema5a
Rbms1,1.88E-41,0.193448573,0.576,0.485,3.33E-37,0,Rbms1
Cxcl2,2.01E-41,0.517038514,0.127,0.067,3.57E-37,0,Cxcl2
Rgs16,2.41E-41,-0.387781702,0.012,0.058,4.26E-37,0,Rgs16
Acp5,2.69E-41,-0.203223284,0.042,0.105,4.76E-37,0,Acp5
Plvap,2.73E-41,-0.171263456,0.006,0.047,4.83E-37,0,Plvap
Tmem97,4.45E-41,-0.169522343,0.038,0.099,7.88E-37,0,Tmem97
St3gal6,4.89E-41,0.133994772,0.082,0.034,8.65E-37,0,St3gal6
Mpzl1,4.98E-41,-0.196933721,0.023,0.077,8.82E-37,0,Mpzl1
Rps11,5.14E-41,0.148871109,0.766,0.683,9.10E-37,0,Rps11
Rnf19a,7.13E-41,0.253288918,0.166,0.098,1.26E-36,0,Rnf19a
Ralbp1,1.23E-40,0.19958189,0.55,0.454,2.17E-36,0,Ralbp1
Nes,2.12E-40,-0.273462798,0.005,0.045,3.76E-36,0,Nes
Zbp1,2.20E-40,0.215708135,0.158,0.091,3.89E-36,0,Zbp1
Clic6,2.97E-40,0.071393912,0.018,0.001,5.26E-36,0,Clic6
Tuba1a,3.07E-40,-0.232271729,0.778,0.797,5.44E-36,0,Tuba1a
Trpv4,3.15E-40,0.088776859,0.033,0.007,5.57E-36,0,Trpv4
Rgcc,3.28E-40,-0.280994453,0.039,0.1,5.80E-36,0,Rgcc
P2ry1,3.68E-40,-0.194883286,0.002,0.038,6.51E-36,0,P2ry1
Ddit4l,3.98E-40,-0.181194804,0.004,0.043,7.04E-36,0,Ddit4l
Nid2,5.67E-40,-0.147747192,0.007,0.049,1.00E-35,0,Nid2
Adamts15,7.64E-40,0.320166142,0.209,0.136,1.35E-35,0,Adamts15
Siva1,1.08E-39,-0.203376869,0.058,0.126,1.91E-35,0,Siva1
Agpat4,1.09E-39,0.242243583,0.252,0.172,1.93E-35,0,Agpat4
Snhg18,1.19E-39,-0.2152503,0.203,0.302,2.10E-35,0,Snhg18
Apold1,1.22E-39,-0.644828709,0.009,0.051,2.15E-35,0,Apold1
Kdelr3,1.26E-39,-0.251490862,0.179,0.27,2.23E-35,0,Kdelr3
Timp1,1.29E-39,-0.54654919,0.246,0.331,2.28E-35,0,Timp1
Cdh13,1.54E-39,-0.226242454,0.019,0.068,2.72E-35,0,Cdh13
Mmp2,1.90E-39,0.077645891,0.902,0.793,3.36E-35,0,Mmp2
Zfp385b,4.39E-39,-0.150729959,0.007,0.047,7.77E-35,0,Zfp385b
Slc25a5,4.44E-39,-0.322061093,0.345,0.431,7.86E-35,0,Slc25a5
Prdm8,5.35E-39,0.147958915,0.057,0.02,9.47E-35,0,Prdm8
Bmp4,5.52E-39,-0.307467416,0.029,0.082,9.77E-35,0,Bmp4
Csrp1,6.96E-39,-0.247538099,0.041,0.101,1.23E-34,0,Csrp1
Gm47917,7.12E-39,0.215030622,0.158,0.092,1.26E-34,0,Gm47917
Eef2,7.89E-39,0.155223627,0.768,0.695,1.40E-34,0,Eef2
Disp1,8.96E-39,0.180729995,0.092,0.043,1.59E-34,0,Disp1
Smurf1,9.06E-39,0.194836476,0.114,0.059,1.60E-34,0,Smurf1
Tmem229a,1.12E-38,0.06993811,0.02,0.002,1.98E-34,0,Tmem229a
Snhg5,1.23E-38,-0.250812258,0.114,0.196,2.18E-34,0,Snhg5
Fblim1,1.33E-38,-0.148057348,0.008,0.049,2.36E-34,0,Fblim1
Ntrk3,1.38E-38,0.103231373,0.035,0.008,2.44E-34,0,Ntrk3
Spp1,1.45E-38,-0.692514902,0.026,0.078,2.57E-34,0,Spp1
Plpp1,2.07E-38,-0.127479506,0.009,0.051,3.66E-34,0,Plpp1
Fabp4,2.13E-38,-0.949092718,0.034,0.088,3.77E-34,0,Fabp4
Tnn,2.70E-38,-0.19594193,0.011,0.055,4.78E-34,0,Tnn
Gabra2,2.77E-38,0.089711189,0.023,0.003,4.91E-34,0,Gabra2
Eps8,3.01E-38,-0.251191386,0.092,0.167,5.33E-34,0,Eps8
Pde3a,3.27E-38,0.186797439,0.202,0.126,5.79E-34,0,Pde3a
Mfhas1,3.84E-38,0.211177604,0.156,0.092,6.79E-34,0,Mfhas1
Entpd2,3.86E-38,-0.366417388,0.283,0.364,6.83E-34,0,Entpd2
Tns3,5.43E-38,-0.140112019,0.009,0.05,9.61E-34,0,Tns3
Casp3,6.65E-38,-0.185595149,0.063,0.13,1.18E-33,0,Casp3
Capn6,7.38E-38,-0.120980659,0.012,0.055,1.31E-33,0,Capn6
Cavin3,7.59E-38,0.1984474,0.641,0.556,1.34E-33,0,Cavin3
Ntf3,8.99E-38,-0.221954787,0.025,0.076,1.59E-33,0,Ntf3
mt-Nd2,9.55E-38,-0.260292139,0.685,0.75,1.69E-33,0,mt-Nd2
Grina,9.68E-38,0.227491602,0.25,0.171,1.71E-33,0,Grina
Icam1,1.44E-37,-0.249029513,0.056,0.12,2.56E-33,0,Icam1
Rps6,1.50E-37,0.137562235,0.752,0.673,2.65E-33,0,Rps6
Heyl,1.72E-37,-0.260569124,0.005,0.043,3.04E-33,0,Heyl
Cd82,2.18E-37,-0.253449779,0.008,0.048,3.86E-33,0,Cd82
Lgalsl,2.46E-37,-0.263063405,0.075,0.145,4.35E-33,0,Lgalsl
Tgm2,2.68E-37,-0.178751272,0.034,0.089,4.75E-33,0,Tgm2
Rgs5,2.72E-37,-1.891520531,0.076,0.142,4.81E-33,0,Rgs5
Itga11,2.79E-37,0.210443042,0.257,0.175,4.93E-33,0,Itga11
Ptprj,2.87E-37,0.136017361,0.064,0.025,5.09E-33,0,Ptprj
Nudt4,3.13E-37,-0.308787732,0.265,0.357,5.54E-33,0,Nudt4
Bmper,3.53E-37,-0.235768696,0.093,0.167,6.25E-33,0,Bmper
Lman1,3.89E-37,-0.277190185,0.356,0.439,6.89E-33,0,Lman1
Abl1,4.05E-37,0.221846622,0.178,0.111,7.16E-33,0,Abl1
Tpm3,4.07E-37,-0.237806377,0.666,0.703,7.20E-33,0,Tpm3
Myl12a,4.24E-37,-0.252941892,0.646,0.68,7.50E-33,0,Myl12a
Edem2,5.25E-37,0.198224176,0.14,0.08,9.29E-33,0,Edem2
Sel1l3,5.37E-37,0.090928228,0.036,0.009,9.51E-33,0,Sel1l3
Flrt3,5.55E-37,0.164686381,0.061,0.023,9.83E-33,0,Flrt3
Ets1,6.23E-37,-0.218570472,0.028,0.081,1.10E-32,0,Ets1
Kdm6b,8.42E-37,0.21639586,0.385,0.295,1.49E-32,0,Kdm6b
Rasa3,1.07E-36,-0.189238604,0.03,0.083,1.90E-32,0,Rasa3
Uqcc2,1.10E-36,0.22301931,0.449,0.364,1.94E-32,0,Uqcc2
Fam126a,1.10E-36,0.226040272,0.171,0.105,1.95E-32,0,Fam126a
Neat1,1.17E-36,0.15020645,0.47,0.377,2.08E-32,0,Neat1
Adh1,1.25E-36,-0.364325874,0.069,0.134,2.21E-32,0,Adh1
Epas1,1.25E-36,-0.317020627,0.028,0.079,2.22E-32,0,Epas1
Clic4,1.38E-36,0.233744847,0.473,0.388,2.45E-32,0,Clic4
Rarres2,1.66E-36,0.14497784,0.502,0.39,2.93E-32,0,Rarres2
Sox13,2.08E-36,0.108122831,0.04,0.011,3.68E-32,0,Sox13
Gm13561,2.41E-36,0.07961161,0.024,0.004,4.26E-32,0,Gm13561
Calm1,2.82E-36,-0.202392696,0.827,0.831,5.00E-32,0,Calm1
Syk,2.84E-36,0.112001859,0.046,0.015,5.02E-32,0,Syk
Sirpa,2.90E-36,0.24495,0.221,0.148,5.13E-32,0,Sirpa
Clec1a,3.17E-36,-0.179259175,0.004,0.039,5.61E-32,0,Clec1a
Anpep,3.82E-36,0.221397937,0.348,0.262,6.77E-32,0,Anpep
Uba52,4.15E-36,0.151119769,0.756,0.688,7.34E-32,0,Uba52
Spry2,4.34E-36,0.218926951,0.324,0.237,7.68E-32,0,Spry2
Pdzrn3,4.80E-36,-0.178723211,0.077,0.146,8.50E-32,0,Pdzrn3
3110045C21Rik,5.77E-36,0.145458409,0.07,0.029,1.02E-31,0,3110045C21Rik
Pdlim4,6.21E-36,-0.301657032,0.143,0.223,1.10E-31,0,Pdlim4
Ndufs8,7.12E-36,-0.225803161,0.121,0.202,1.26E-31,0,Ndufs8
Unc45b,7.20E-36,0.140684845,0.073,0.031,1.27E-31,0,Unc45b
Tspan9,8.19E-36,-0.15076384,0.02,0.067,1.45E-31,0,Tspan9
Pear1,8.65E-36,-0.149285572,0.01,0.05,1.53E-31,0,Pear1
Calml4,9.42E-36,0.182927332,0.094,0.046,1.67E-31,0,Calml4
Marcksl1,9.47E-36,-0.321564718,0.076,0.143,1.68E-31,0,Marcksl1
Ltbp4,1.04E-35,-0.460696388,0.434,0.491,1.85E-31,0,Ltbp4
Gm7001,1.10E-35,0.067735276,0.022,0.003,1.95E-31,0,Gm7001
Necab3,1.22E-35,0.087343324,0.033,0.008,2.16E-31,0,Necab3
Boc,1.26E-35,-0.224945708,0.04,0.096,2.23E-31,0,Boc
Ankrd12,1.44E-35,0.224815025,0.4,0.31,2.54E-31,0,Ankrd12
Myh11,1.50E-35,-0.578314604,0.007,0.043,2.65E-31,0,Myh11
Tspan5,3.13E-35,0.219829801,0.155,0.094,5.54E-31,0,Tspan5
Taok3,3.47E-35,0.200555104,0.277,0.196,6.14E-31,0,Taok3
Kng2,3.64E-35,-0.140990028,0.01,0.049,6.44E-31,0,Kng2
Mcc,3.70E-35,0.207103358,0.155,0.093,6.55E-31,0,Mcc
Inf2,3.98E-35,-0.150172779,0.015,0.059,7.05E-31,0,Inf2
Aldh7a1,4.08E-35,0.217448978,0.196,0.127,7.22E-31,0,Aldh7a1
Irgm1,4.11E-35,-0.45371399,0.185,0.265,7.28E-31,0,Irgm1
Nnmt,5.11E-35,-0.248295889,0.217,0.309,9.05E-31,0,Nnmt
Inhba,5.32E-35,-0.29294629,0.036,0.09,9.41E-31,0,Inhba
Krt20,5.68E-35,0.065606035,0.019,0.002,1.00E-30,0,Krt20
Cmya5,7.85E-35,-0.152548482,0.012,0.053,1.39E-30,0,Cmya5
Kctd9,8.50E-35,0.18420405,0.134,0.077,1.50E-30,0,Kctd9
Prr13,8.65E-35,0.227893315,0.417,0.333,1.53E-30,0,Prr13
Pappa,9.66E-35,-0.151828876,0.005,0.039,1.71E-30,0,Pappa
Ifi207,1.10E-34,0.118604054,0.529,0.417,1.95E-30,0,Ifi207
Iqck,1.35E-34,0.162172737,0.086,0.041,2.38E-30,0,Iqck
Usp18,1.42E-34,0.180088081,0.126,0.07,2.51E-30,0,Usp18
Cyp7b1,1.81E-34,-0.127523521,0.015,0.057,3.20E-30,0,Cyp7b1
Mospd2,1.88E-34,0.185788334,0.114,0.061,3.32E-30,0,Mospd2
Htr2a,1.89E-34,0.111813032,0.044,0.014,3.34E-30,0,Htr2a
Tubb4b,2.25E-34,-0.282513337,0.182,0.267,3.98E-30,0,Tubb4b
Serpinb9b,2.30E-34,0.06894146,0.022,0.004,4.07E-30,0,Serpinb9b
mt-Rnr2,2.32E-34,-0.129985198,0.999,0.999,4.10E-30,0,mt-Rnr2
Hmgb1,2.69E-34,-0.230277497,0.58,0.641,4.77E-30,0,Hmgb1
Plxnd1,4.03E-34,-0.160644538,0.016,0.059,7.14E-30,0,Plxnd1
Wnt11,4.80E-34,0.160182592,0.091,0.044,8.50E-30,0,Wnt11
9-Sep,4.98E-34,-0.158350811,0.049,0.107,8.81E-30,0,9-Sep
Acvr2a,6.82E-34,-0.258325954,0.087,0.154,1.21E-29,0,Acvr2a
Myof,6.99E-34,0.215762818,0.315,0.236,1.24E-29,0,Myof
Ncald,7.67E-34,-0.18123268,0.025,0.072,1.36E-29,0,Ncald
Tenm3,8.47E-34,-0.132978228,0.004,0.038,1.50E-29,0,Tenm3
Dlgap4,9.45E-34,0.207533366,0.297,0.218,1.67E-29,0,Dlgap4
Rps9,1.02E-33,0.100105451,0.913,0.866,1.80E-29,0,Rps9
Arhgap42,1.03E-33,0.19265272,0.202,0.134,1.82E-29,0,Arhgap42
Mal2,1.10E-33,0.074691844,0.024,0.004,1.95E-29,0,Mal2
Ogfrl1,1.16E-33,-0.175102694,0.016,0.059,2.05E-29,0,Ogfrl1
Jade1,1.16E-33,-0.206085216,0.043,0.098,2.05E-29,0,Jade1
Cers4,1.31E-33,-0.207337679,0.021,0.065,2.31E-29,0,Cers4
Gm47340,1.32E-33,0.042808428,0.012,0,2.34E-29,0,Gm47340
Dhrs3,1.78E-33,-0.275003508,0.103,0.172,3.15E-29,0,Dhrs3
Fez2,1.91E-33,0.205554492,0.178,0.113,3.38E-29,0,Fez2
Lepr,1.96E-33,-0.16339312,0.002,0.032,3.48E-29,0,Lepr
Sh3pxd2b,2.06E-33,0.228966077,0.263,0.188,3.65E-29,0,Sh3pxd2b
Gm12158,2.08E-33,0.127018315,0.065,0.027,3.68E-29,0,Gm12158
Ergic1,2.22E-33,0.210734382,0.312,0.235,3.92E-29,0,Ergic1
Gm43519,2.39E-33,0.06686762,0.019,0.002,4.23E-29,0,Gm43519
Ank,2.72E-33,-0.163071547,0.024,0.071,4.81E-29,0,Ank
Tmem132b,2.92E-33,0.044824759,0.012,0,5.17E-29,0,Tmem132b
Palm,3.09E-33,0.206750197,0.217,0.146,5.47E-29,0,Palm
Wfdc1,3.26E-33,-0.18495673,0.017,0.06,5.77E-29,0,Wfdc1
Tcim,3.57E-33,-0.157321412,0.02,0.065,6.33E-29,0,Tcim
Akap12,3.98E-33,0.14095779,0.476,0.379,7.04E-29,0,Akap12
Gm43430,4.13E-33,0.144589462,0.073,0.033,7.31E-29,0,Gm43430
Dnajb1,4.47E-33,-0.382716998,0.399,0.476,7.91E-29,0,Dnajb1
Wwtr1,5.75E-33,-0.230991907,0.165,0.247,1.02E-28,0,Wwtr1
P3h3,6.41E-33,-0.240003353,0.273,0.361,1.13E-28,0,P3h3
AI506816,6.80E-33,-0.182079074,0.07,0.133,1.20E-28,0,AI506816
Rab7b,6.95E-33,0.197402282,0.189,0.123,1.23E-28,0,Rab7b
Srsf7,7.52E-33,-0.281072272,0.325,0.414,1.33E-28,0,Srsf7
Ctsl,7.55E-33,0.097603547,0.902,0.831,1.34E-28,0,Ctsl
Cmklr1,7.88E-33,-0.16349782,0.018,0.061,1.39E-28,0,Cmklr1
Atp6v1g1,7.95E-33,-0.22626943,0.141,0.22,1.41E-28,0,Atp6v1g1
Cpxm1,8.53E-33,0.096531448,0.531,0.423,1.51E-28,0,Cpxm1
Ankrd46,9.21E-33,0.205529057,0.151,0.092,1.63E-28,0,Ankrd46
Gpnmb,9.79E-33,-0.299773435,0.114,0.184,1.73E-28,0,Gpnmb
Mmp14,1.06E-32,0.102754778,0.683,0.566,1.87E-28,0,Mmp14
Nedd9,1.09E-32,-0.157615522,0.02,0.063,1.92E-28,0,Nedd9
Smtn,1.13E-32,-0.232511802,0.089,0.157,2.00E-28,0,Smtn
Grb10,1.15E-32,0.214072255,0.445,0.365,2.04E-28,0,Grb10
Sorcs2,1.20E-32,-0.092439261,0.008,0.044,2.13E-28,0,Sorcs2
Mmp27,1.25E-32,0.133221707,0.051,0.019,2.21E-28,0,Mmp27
Fer,1.36E-32,0.221346644,0.275,0.2,2.41E-28,0,Fer
Pkm,1.37E-32,-0.281373844,0.307,0.388,2.43E-28,0,Pkm
Scg3,1.70E-32,-0.323341614,0.029,0.077,3.01E-28,0,Scg3
Morc4,2.41E-32,-0.17542123,0.062,0.122,4.26E-28,0,Morc4
Ptpn5,2.53E-32,0.092462221,0.03,0.008,4.47E-28,0,Ptpn5
Ednrb,2.63E-32,-0.537524322,0.005,0.038,4.65E-28,0,Ednrb
Sestd1,2.79E-32,0.160359453,0.133,0.077,4.93E-28,0,Sestd1
Tpd52,3.46E-32,-0.128698663,0.006,0.04,6.12E-28,0,Tpd52
Hnrnpdl,3.63E-32,-0.245559899,0.354,0.442,6.42E-28,0,Hnrnpdl
Myl9,4.57E-32,-0.646179242,0.121,0.189,8.09E-28,0,Myl9
Lgi2,4.58E-32,0.217648097,0.261,0.186,8.10E-28,0,Lgi2
Tbc1d12,4.69E-32,0.182444389,0.117,0.065,8.30E-28,0,Tbc1d12
Pim1,4.95E-32,0.231128547,0.315,0.236,8.76E-28,0,Pim1
Rem1,5.30E-32,-0.143666622,0.002,0.031,9.38E-28,0,Rem1
Gnas,7.59E-32,-0.278208283,0.516,0.58,1.34E-27,0,Gnas
Ang,1.00E-31,0.199591562,0.195,0.128,1.77E-27,0,Ang
Cyb5r1,1.07E-31,-0.150153825,0.025,0.07,1.89E-27,0,Cyb5r1
Synpo,1.09E-31,-0.112291239,0.024,0.069,1.93E-27,0,Synpo
Slit2,1.14E-31,-0.108842399,0.006,0.039,2.02E-27,0,Slit2
Fnbp1,1.14E-31,-0.199251083,0.063,0.122,2.03E-27,0,Fnbp1
Cd59a,1.16E-31,-0.278812731,0.009,0.045,2.06E-27,0,Cd59a
Anxa8,1.42E-31,-0.156396786,0.01,0.047,2.51E-27,0,Anxa8
Gm8797,1.59E-31,-0.224605685,0.133,0.207,2.81E-27,0,Gm8797
Cdc42ep5,1.62E-31,-0.151703142,0.052,0.109,2.87E-27,0,Cdc42ep5
Hspa12b,1.70E-31,0.118576581,0.06,0.025,3.00E-27,0,Hspa12b
Bst2,1.80E-31,0.184568624,0.45,0.362,3.18E-27,0,Bst2
Cthrc1,1.87E-31,-0.399302599,0.198,0.277,3.31E-27,0,Cthrc1
Rnf122,2.46E-31,-0.217522725,0.041,0.093,4.35E-27,0,Rnf122
1700003F12Rik,3.35E-31,0.078367553,0.022,0.004,5.92E-27,0,1700003F12Rik
F2rl1,4.74E-31,-0.127306497,0.014,0.052,8.40E-27,0,F2rl1
Ngf,5.32E-31,0.143018849,0.098,0.051,9.42E-27,0,Ngf
Pts,5.46E-31,0.185852967,0.119,0.067,9.67E-27,0,Pts
Art3,5.70E-31,-0.443096155,0.025,0.069,1.01E-26,0,Art3
Smim14,5.74E-31,0.203813877,0.45,0.371,1.02E-26,0,Smim14
Hspa1b,5.99E-31,-0.300212087,0.068,0.127,1.06E-26,0,Hspa1b
Abcd2,7.01E-31,0.138415997,0.076,0.036,1.24E-26,0,Abcd2
Rps27a,7.24E-31,0.098937161,0.87,0.803,1.28E-26,0,Rps27a
Rbpms,7.82E-31,0.167323135,0.251,0.177,1.38E-26,0,Rbpms
Bmp5,8.21E-31,-0.137751774,0.003,0.033,1.45E-26,0,Bmp5
Ppp1r14b,1.06E-30,0.166619788,0.181,0.118,1.88E-26,0,Ppp1r14b
Tnfrsf12a,1.16E-30,-0.256879626,0.161,0.238,2.05E-26,0,Tnfrsf12a
Ifrd1,1.64E-30,0.157127296,0.578,0.501,2.89E-26,0,Ifrd1
Spry4,1.66E-30,-0.17923584,0.01,0.045,2.94E-26,0,Spry4
Chrdl1,1.69E-30,0.167916509,0.181,0.116,2.99E-26,0,Chrdl1
Rab38,1.71E-30,0.087013338,0.033,0.01,3.02E-26,0,Rab38
Pla2g4a,1.80E-30,0.194405088,0.163,0.103,3.18E-26,0,Pla2g4a
Dock8,1.92E-30,0.062672508,0.025,0.005,3.39E-26,0,Dock8
Gng2,2.04E-30,-0.105252416,0.003,0.032,3.61E-26,0,Gng2
Serpinh1,2.50E-30,-0.168996316,0.88,0.851,4.43E-26,0,Serpinh1
Stxbp5,2.78E-30,0.162914836,0.105,0.057,4.92E-26,0,Stxbp5
Rplp0,2.95E-30,0.089206212,0.893,0.827,5.23E-26,0,Rplp0
Tmigd1,2.96E-30,0.094343079,0.026,0.006,5.24E-26,0,Tmigd1
Ptprd,4.14E-30,-0.203088051,0.04,0.09,7.33E-26,0,Ptprd
Aox3,4.44E-30,0.086258689,0.037,0.012,7.86E-26,0,Aox3
Bco1,4.72E-30,0.075453211,0.014,0.001,8.36E-26,0,Bco1
Rftn1,5.73E-30,0.194463525,0.124,0.073,1.01E-25,0,Rftn1
Zdhhc3,5.90E-30,0.207822747,0.199,0.135,1.04E-25,0,Zdhhc3
Gm16897,6.26E-30,0.154280155,0.093,0.049,1.11E-25,0,Gm16897
Tcf7l2,7.97E-30,-0.275904972,0.192,0.27,1.41E-25,0,Tcf7l2
Eif1,8.04E-30,0.088322367,0.913,0.877,1.42E-25,0,Eif1
Ghr,9.22E-30,-0.195305612,0.092,0.157,1.63E-25,0,Ghr
Prlr,9.61E-30,-0.143552215,0.006,0.037,1.70E-25,0,Prlr
Cldn15,9.95E-30,-0.137679976,0.003,0.032,1.76E-25,0,Cldn15
Arsi,1.08E-29,0.221692177,0.27,0.201,1.91E-25,0,Arsi
Chchd2,1.18E-29,-0.192178201,0.723,0.748,2.08E-25,0,Chchd2
Lbp,1.18E-29,0.202970251,0.379,0.295,2.09E-25,0,Lbp
Cd36,1.20E-29,-0.465945327,0.01,0.044,2.12E-25,0,Cd36
Acly,1.27E-29,0.207807892,0.241,0.173,2.26E-25,0,Acly
Isca1,1.43E-29,0.214092056,0.238,0.171,2.53E-25,0,Isca1
Hip1,1.50E-29,-0.218991992,0.045,0.096,2.66E-25,0,Hip1
Mlana,1.81E-29,-0.14674444,0.003,0.031,3.21E-25,0,Mlana
Abl2,2.00E-29,0.21416489,0.166,0.109,3.54E-25,0,Abl2
Eln,2.08E-29,-0.159070071,0.522,0.423,3.69E-25,0,Eln
Zfp185,2.39E-29,-0.102139295,0.002,0.03,4.24E-25,0,Zfp185
Sh3pxd2a,2.56E-29,-0.180529391,0.091,0.156,4.53E-25,0,Sh3pxd2a
Tnfrsf1b,2.60E-29,0.136487687,0.078,0.038,4.60E-25,0,Tnfrsf1b
Hmgb3,2.73E-29,-0.096853738,0.006,0.037,4.84E-25,0,Hmgb3
Ccdc80,2.86E-29,-0.256233252,0.613,0.65,5.06E-25,0,Ccdc80
Hmgb2,3.03E-29,-0.287245047,0.128,0.197,5.36E-25,0,Hmgb2
Ppp1r14a,3.73E-29,-0.19391615,0.003,0.032,6.61E-25,0,Ppp1r14a
Crtap,4.85E-29,-0.181949134,0.2,0.281,8.58E-25,0,Crtap
Rpl39,6.18E-29,0.109356237,0.842,0.764,1.09E-24,0,Rpl39
Chp1,6.92E-29,0.226791401,0.278,0.211,1.22E-24,0,Chp1
Arhgap24,7.49E-29,-0.23611387,0.089,0.152,1.33E-24,0,Arhgap24
Rasl11b,8.79E-29,-0.185468106,0.031,0.076,1.56E-24,0,Rasl11b
Coro2b,9.37E-29,0.160611721,0.114,0.065,1.66E-24,0,Coro2b
Clu,1.13E-28,-0.478076357,0.097,0.157,2.01E-24,0,Clu
Cacna1g,1.27E-28,-0.111816679,0.005,0.034,2.25E-24,0,Cacna1g
Tnfaip2,1.37E-28,0.157766773,0.384,0.302,2.42E-24,0,Tnfaip2
Cdkn1b,1.38E-28,-0.277132293,0.155,0.227,2.45E-24,0,Cdkn1b
Banf1,1.53E-28,-0.215656895,0.253,0.333,2.72E-24,0,Banf1
Tpm4,1.61E-28,-0.256569535,0.474,0.531,2.85E-24,0,Tpm4
Rplp2,1.65E-28,0.097319332,0.873,0.811,2.92E-24,0,Rplp2
Rpl6,1.82E-28,0.115853473,0.793,0.726,3.23E-24,0,Rpl6
Scx,2.04E-28,-0.160180797,0.005,0.035,3.61E-24,0,Scx
Rasgef1a,2.21E-28,0.068204363,0.021,0.004,3.90E-24,0,Rasgef1a
Epdr1,2.45E-28,0.192683668,0.182,0.122,4.33E-24,0,Epdr1
Gm46323,2.52E-28,0.047109647,0.014,0.001,4.46E-24,0,Gm46323
Rasgrp2,2.71E-28,-0.199468222,0.004,0.032,4.79E-24,0,Rasgrp2
Bbip1,2.98E-28,-0.182169493,0.072,0.131,5.27E-24,0,Bbip1
Arhgef40,3.15E-28,-0.19291133,0.08,0.14,5.58E-24,0,Arhgef40
Cmip,3.24E-28,0.202527898,0.153,0.098,5.73E-24,0,Cmip
Nipal2,3.51E-28,0.124367882,0.062,0.028,6.22E-24,0,Nipal2
Dock4,3.62E-28,0.126366753,0.064,0.029,6.41E-24,0,Dock4
Cystm1,3.87E-28,-0.178860172,0.007,0.037,6.84E-24,0,Cystm1
Dab2ip,3.97E-28,-0.159356457,0.037,0.084,7.03E-24,0,Dab2ip
Dusp10,4.05E-28,0.157074043,0.09,0.048,7.17E-24,0,Dusp10
Rpl35a,4.40E-28,0.127197524,0.758,0.696,7.79E-24,0,Rpl35a
Prelp,4.43E-28,-0.464165546,0.44,0.492,7.84E-24,0,Prelp
Dhcr24,4.99E-28,-0.217807709,0.011,0.044,8.82E-24,0,Dhcr24
Adam17,5.10E-28,0.20484005,0.206,0.143,9.02E-24,0,Adam17
P4ha1,5.56E-28,-0.206543641,0.292,0.376,9.85E-24,0,P4ha1
Adgrl2,5.87E-28,-0.121544405,0.024,0.065,1.04E-23,0,Adgrl2
Ptgs2os2,6.11E-28,0.08765633,0.034,0.011,1.08E-23,0,Ptgs2os2
1700025G04Rik,6.27E-28,-0.227384118,0.16,0.233,1.11E-23,0,1700025G04Rik
Camk2n1,6.49E-28,0.155635485,0.287,0.21,1.15E-23,0,Camk2n1
Ltbp2,6.59E-28,-0.100087979,0.008,0.039,1.17E-23,0,Ltbp2
Il2rg,8.85E-28,-0.103485073,0.005,0.034,1.57E-23,0,Il2rg
Nfib,9.82E-28,-0.281515292,0.509,0.566,1.74E-23,0,Nfib
Plcb4,1.00E-27,0.154448533,0.324,0.247,1.77E-23,0,Plcb4
Mtss1,1.00E-27,-0.13567387,0.012,0.046,1.78E-23,0,Mtss1
Adam19,1.10E-27,-0.209278027,0.145,0.217,1.95E-23,0,Adam19
Notch3,1.16E-27,-0.280409202,0.019,0.056,2.05E-23,0,Notch3
Cbfa2t3,1.45E-27,-0.164605606,0.003,0.029,2.57E-23,0,Cbfa2t3
Arhgef3,1.52E-27,0.111847777,0.056,0.024,2.69E-23,0,Arhgef3
Ppia,1.66E-27,-0.258467708,0.52,0.568,2.94E-23,0,Ppia
Dok1,1.74E-27,-0.154271259,0.041,0.089,3.08E-23,0,Dok1
Ssr2,1.83E-27,-0.216487648,0.348,0.421,3.25E-23,0,Ssr2
Atxn1,1.88E-27,-0.136520697,0.036,0.082,3.34E-23,0,Atxn1
Trib2,2.08E-27,-0.157206361,0.007,0.037,3.68E-23,0,Trib2
Glud1,2.18E-27,0.196248197,0.405,0.332,3.85E-23,0,Glud1
Nav1,2.24E-27,0.147160797,0.472,0.388,3.96E-23,0,Nav1
Prkca,2.50E-27,0.183364996,0.143,0.091,4.43E-23,0,Prkca
Tbx5,2.66E-27,0.122244847,0.071,0.034,4.72E-23,0,Tbx5
Itga7,3.78E-27,-0.187887532,0.004,0.03,6.69E-23,0,Itga7
Aoc3,3.83E-27,-0.215511052,0.098,0.16,6.77E-23,0,Aoc3
Rap1a,4.41E-27,0.170117506,0.445,0.368,7.81E-23,0,Rap1a
Itga8,4.43E-27,-0.128618789,0.002,0.028,7.84E-23,0,Itga8
Id4,4.80E-27,-0.256491989,0.015,0.05,8.49E-23,0,Id4
Runx2,4.99E-27,-0.105389273,0.019,0.056,8.84E-23,0,Runx2
Sdf4,5.27E-27,-0.195529154,0.318,0.402,9.33E-23,0,Sdf4
Hebp2,5.41E-27,0.184989352,0.151,0.097,9.57E-23,0,Hebp2
Angptl4,5.47E-27,-0.266922931,0.168,0.238,9.68E-23,0,Angptl4
Csgalnact2,5.92E-27,0.180851317,0.194,0.133,1.05E-22,0,Csgalnact2
Bok,7.50E-27,-0.102628608,0.012,0.045,1.33E-22,0,Bok
Gm50288,7.54E-27,0.038872995,0.011,0.001,1.33E-22,0,Gm50288
Higd1b,7.75E-27,-0.266523828,0.003,0.028,1.37E-22,0,Higd1b
Mcam,8.92E-27,-0.184601128,0.003,0.029,1.58E-22,0,Mcam
Gjc1,1.02E-26,-0.244867313,0.043,0.09,1.80E-22,0,Gjc1
Aqp1,1.05E-26,-0.200010546,0.023,0.062,1.86E-22,0,Aqp1
Fabp5,1.06E-26,-0.174958783,0.023,0.061,1.87E-22,0,Fabp5
Cd44,1.06E-26,-0.237104872,0.254,0.341,1.88E-22,0,Cd44
Pak1,1.10E-26,-0.117473579,0.031,0.073,1.94E-22,0,Pak1
Dnaja1,1.21E-26,-0.283664769,0.658,0.699,2.15E-22,0,Dnaja1
Mrpl33,1.23E-26,0.179664485,0.471,0.401,2.17E-22,0,Mrpl33
Bhlhe41,1.29E-26,-0.112315942,0.01,0.042,2.28E-22,0,Bhlhe41
Fbh1,1.33E-26,0.163118259,0.133,0.082,2.36E-22,0,Fbh1
Mertk,1.47E-26,-0.115453006,0.003,0.029,2.60E-22,0,Mertk
Pld3,1.56E-26,-0.156346832,0.09,0.151,2.76E-22,0,Pld3
Ltbp3,1.87E-26,-0.165436975,0.106,0.17,3.30E-22,0,Ltbp3
Fkbp7,2.12E-26,-0.214746163,0.371,0.446,3.74E-22,0,Fkbp7
Ramp1,2.17E-26,-0.183842557,0.013,0.045,3.83E-22,0,Ramp1
Ier3,2.45E-26,-0.307042031,0.374,0.444,4.34E-22,0,Ier3
Prkab2,2.67E-26,0.14850837,0.092,0.051,4.72E-22,0,Prkab2
Sod3,2.72E-26,0.102386882,0.673,0.565,4.81E-22,0,Sod3
Bace2,2.90E-26,-0.121540941,0.025,0.065,5.13E-22,0,Bace2
Jam2,3.01E-26,-0.165441794,0.032,0.075,5.32E-22,0,Jam2
Odc1,3.59E-26,-0.150849025,0.053,0.103,6.35E-22,0,Odc1
Adcyap1r1,3.96E-26,-0.122356234,0.005,0.031,7.01E-22,0,Adcyap1r1
Zbtb7c,4.08E-26,-0.111803102,0.01,0.042,7.22E-22,0,Zbtb7c
Gm1821,4.36E-26,-0.25756626,0.286,0.364,7.71E-22,0,Gm1821
Ifit3,4.36E-26,-0.31857457,0.046,0.092,7.72E-22,0,Ifit3
Masp1,4.42E-26,-0.132885922,0.02,0.057,7.83E-22,0,Masp1
Rab31,5.01E-26,-0.145851515,0.062,0.115,8.87E-22,0,Rab31
Egr1,5.47E-26,-0.218956741,0.952,0.923,9.67E-22,0,Egr1
Id1,5.70E-26,-0.207401147,0.014,0.048,1.01E-21,0,Id1
Adamtsl1,5.81E-26,0.159220486,0.292,0.22,1.03E-21,0,Adamtsl1
Ccn3,5.89E-26,0.025032758,0.313,0.234,1.04E-21,0,Ccn3
Atp1b2,6.10E-26,-0.173179451,0.003,0.027,1.08E-21,0,Atp1b2
Rab8b,6.24E-26,0.163542365,0.168,0.112,1.10E-21,0,Rab8b
Klf5,6.79E-26,-0.160944317,0.004,0.029,1.20E-21,0,Klf5
Stmn1,6.89E-26,-0.168551082,0.02,0.057,1.22E-21,0,Stmn1
Mindy2,7.73E-26,0.177187634,0.149,0.095,1.37E-21,0,Mindy2
Mast4,7.78E-26,0.161124507,0.217,0.154,1.38E-21,0,Mast4
Dact3,8.08E-26,-0.126634961,0.021,0.058,1.43E-21,0,Dact3
Cd24a,8.11E-26,0.100045587,0.039,0.014,1.44E-21,0,Cd24a
Rbp4,8.32E-26,-0.153247114,0.024,0.062,1.47E-21,0,Rbp4
Cmtm8,8.34E-26,0.078600549,0.02,0.004,1.48E-21,0,Cmtm8
Cilp2,8.34E-26,-0.35432093,0.011,0.043,1.48E-21,0,Cilp2
H1f0,8.66E-26,-0.233764806,0.229,0.307,1.53E-21,0,H1f0
Mkx,1.08E-25,-0.103931013,0.004,0.029,1.92E-21,0,Mkx
Pkd1l2,1.45E-25,0.033297296,0.009,0,2.57E-21,0,Pkd1l2
Susd4,1.68E-25,0.067090451,0.017,0.003,2.97E-21,0,Susd4
Eno1,1.73E-25,-0.209992646,0.112,0.174,3.07E-21,0,Eno1
Skil,1.74E-25,-0.239371744,0.186,0.258,3.07E-21,0,Skil
Ndnf,1.82E-25,-0.112471651,0.005,0.031,3.22E-21,0,Ndnf
Capns1,1.84E-25,0.159786966,0.568,0.494,3.25E-21,0,Capns1
Srgap2,1.94E-25,0.173370046,0.148,0.096,3.43E-21,0,Srgap2
Fig4,2.31E-25,0.1145259,0.071,0.035,4.09E-21,0,Fig4
Rhoa,2.49E-25,0.167890681,0.505,0.436,4.40E-21,0,Rhoa
Ldb2,2.60E-25,-0.198576507,0.086,0.143,4.61E-21,0,Ldb2
Gem,2.68E-25,-0.280237163,0.323,0.397,4.74E-21,0,Gem
Fgf9,2.92E-25,-0.158550733,0.007,0.035,5.17E-21,0,Fgf9
Fam20a,3.09E-25,0.14501658,0.112,0.067,5.46E-21,0,Fam20a
Ccdc42,3.64E-25,0.068059888,0.018,0.003,6.45E-21,0,Ccdc42
Slc6a12,4.47E-25,0.042717289,0.013,0.001,7.91E-21,0,Slc6a12
Ptgfr,4.55E-25,-0.115344584,0.008,0.036,8.06E-21,0,Ptgfr
Retreg1,4.72E-25,-0.10648838,0.008,0.036,8.36E-21,0,Retreg1
Crim1,4.79E-25,0.115819268,0.097,0.054,8.48E-21,0,Crim1
Jup,5.15E-25,-0.178625125,0.034,0.076,9.11E-21,0,Jup
Rela,5.25E-25,0.166906275,0.219,0.157,9.29E-21,0,Rela
Vipr2,5.48E-25,-0.121166696,0.006,0.033,9.70E-21,0,Vipr2
Ephb3,6.07E-25,-0.111964692,0.036,0.079,1.07E-20,0,Ephb3
Mycbp2,6.32E-25,-0.218509046,0.343,0.419,1.12E-20,0,Mycbp2
Cox4i2,8.38E-25,-0.18709362,0.001,0.024,1.48E-20,0,Cox4i2
Pnp2,8.89E-25,0.123221812,0.066,0.033,1.57E-20,0,Pnp2
Mt1,9.16E-25,0.015902537,0.953,0.908,1.62E-20,0,Mt1
Rgs6,9.27E-25,0.087316496,0.038,0.014,1.64E-20,0,Rgs6
Ehbp1,9.40E-25,0.134549102,0.148,0.096,1.66E-20,0,Ehbp1
Esam,9.67E-25,-0.196000851,0.003,0.028,1.71E-20,0,Esam
Osbpl6,9.90E-25,0.117240038,0.068,0.034,1.75E-20,0,Osbpl6
Slc44a2,1.00E-24,-0.135523462,0.046,0.092,1.77E-20,0,Slc44a2
Tnks1bp1,1.00E-24,0.203945779,0.223,0.163,1.78E-20,0,Tnks1bp1
Kcnk2,1.05E-24,-0.106842737,0.001,0.023,1.86E-20,0,Kcnk2
Fam3c,1.15E-24,-0.174895743,0.149,0.217,2.04E-20,0,Fam3c
Man2a1,1.20E-24,0.175273295,0.417,0.346,2.13E-20,0,Man2a1
Pclaf,1.29E-24,-0.111665298,0.005,0.032,2.29E-20,0,Pclaf
Xist,1.38E-24,0.15246882,0.574,0.501,2.44E-20,0,Xist
Rpl9,1.41E-24,0.094412161,0.847,0.792,2.50E-20,0,Rpl9
Mtus1,1.68E-24,-0.20875275,0.035,0.076,2.96E-20,0,Mtus1
Angptl7,1.86E-24,-0.539920691,0.015,0.047,3.29E-20,0,Angptl7
Slc16a9,1.89E-24,0.155239489,0.1,0.057,3.35E-20,0,Slc16a9
Fxyd1,1.93E-24,0.0846115,0.634,0.554,3.41E-20,0,Fxyd1
Bmp6,2.12E-24,0.064339918,0.035,0.012,3.75E-20,0,Bmp6
E130114P18Rik,2.14E-24,-0.106603175,0.004,0.028,3.79E-20,0,E130114P18Rik
Plod2,2.18E-24,-0.225891529,0.26,0.333,3.86E-20,0,Plod2
Tcf7l1,2.67E-24,0.169374622,0.186,0.129,4.73E-20,0,Tcf7l1
Cyp1b1,2.77E-24,-0.188170254,0.085,0.141,4.90E-20,0,Cyp1b1
Cebpb,2.82E-24,0.157756136,0.41,0.332,5.00E-20,0,Cebpb
Gria3,3.00E-24,-0.121075082,0.05,0.098,5.31E-20,0,Gria3
Ccdc174,3.06E-24,0.176130381,0.244,0.181,5.42E-20,0,Ccdc174
Kctd12,3.10E-24,-0.186592593,0.099,0.158,5.48E-20,0,Kctd12
Zfp36l2,3.11E-24,-0.224329265,0.102,0.16,5.50E-20,0,Zfp36l2
Pkig,3.16E-24,-0.163281346,0.065,0.116,5.60E-20,0,Pkig
Hacd4,3.27E-24,0.145460168,0.12,0.074,5.78E-20,0,Hacd4
Mid1ip1,3.81E-24,-0.141152813,0.021,0.056,6.75E-20,0,Mid1ip1
mt-Tq,3.95E-24,0.165679218,0.154,0.101,6.99E-20,0,mt-Tq
Ggt5,4.05E-24,-0.201233799,0.088,0.143,7.17E-20,0,Ggt5
Nfatc1,4.31E-24,-0.160289817,0.05,0.097,7.63E-20,0,Nfatc1
Laptm4b,4.35E-24,-0.147495888,0.064,0.115,7.69E-20,0,Laptm4b
Fscn1,4.51E-24,-0.151637948,0.119,0.181,7.99E-20,0,Fscn1
Ephb2,4.66E-24,-0.099798597,0.019,0.053,8.26E-20,0,Ephb2
Slc12a2,4.98E-24,-0.215567464,0.035,0.076,8.82E-20,0,Slc12a2
Pde4d,5.02E-24,-0.139213288,0.013,0.044,8.89E-20,0,Pde4d
Ret,5.33E-24,-0.164684033,0.025,0.062,9.44E-20,0,Ret
Dmrt2,5.59E-24,0.102252583,0.044,0.018,9.90E-20,0,Dmrt2
Pax7,5.83E-24,-0.267387362,0.004,0.028,1.03E-19,0,Pax7
Cyb5a,6.16E-24,0.143207531,0.627,0.558,1.09E-19,0,Cyb5a
Tgfb2,6.40E-24,0.186236416,0.272,0.207,1.13E-19,0,Tgfb2
Pcp4l1,6.49E-24,-0.245932982,0.002,0.023,1.15E-19,0,Pcp4l1
Midn,6.87E-24,0.169602257,0.266,0.202,1.22E-19,0,Midn
Ikbip,6.96E-24,-0.173067778,0.233,0.308,1.23E-19,0,Ikbip
Tril,7.75E-24,-0.174845551,0.064,0.114,1.37E-19,0,Tril
Rtn4rl1,7.86E-24,0.111581663,0.069,0.035,1.39E-19,0,Rtn4rl1
Htra1,8.96E-24,0.134720999,0.656,0.583,1.59E-19,0,Htra1
1110003F10Rik,8.99E-24,0.060310822,0.017,0.003,1.59E-19,0,1110003F10Rik
Cyp26b1,9.24E-24,-0.20415653,0.017,0.05,1.64E-19,0,Cyp26b1
Rnf165,9.52E-24,0.097413063,0.047,0.02,1.68E-19,0,Rnf165
Ppp1r10,1.02E-23,-0.241504006,0.169,0.236,1.81E-19,0,Ppp1r10
Ccdc181,1.08E-23,0.117496496,0.058,0.027,1.92E-19,0,Ccdc181
Mfge8,1.13E-23,-0.290610441,0.315,0.391,2.00E-19,0,Mfge8
Amd1,1.16E-23,-0.154083495,0.074,0.127,2.05E-19,0,Amd1
Fkbp10,1.24E-23,-0.138557026,0.164,0.233,2.19E-19,0,Fkbp10
Adgrg6,1.25E-23,0.081371639,0.034,0.012,2.22E-19,0,Adgrg6
Ttyh2,1.34E-23,0.158434519,0.113,0.07,2.38E-19,0,Ttyh2
Grb14,1.41E-23,-0.096144255,0.003,0.026,2.49E-19,0,Grb14
Kcnj15,1.47E-23,-0.060079142,0.002,0.025,2.60E-19,0,Kcnj15
Pon2,1.61E-23,-0.168209286,0.072,0.124,2.85E-19,0,Pon2
Vegfc,1.84E-23,-0.084464527,0.006,0.032,3.26E-19,0,Vegfc
Slc16a2,2.14E-23,-0.191767475,0.155,0.221,3.79E-19,0,Slc16a2
Pfdn5,2.34E-23,0.140186391,0.622,0.559,4.15E-19,0,Pfdn5
Ptprf,2.44E-23,-0.132518937,0.022,0.058,4.33E-19,0,Ptprf
Ifitm1,2.45E-23,-0.22681742,0.006,0.031,4.34E-19,0,Ifitm1
Nefl,2.55E-23,0.139074822,0.018,0.004,4.52E-19,0,Nefl
Il34,2.59E-23,0.13349834,0.101,0.059,4.59E-19,0,Il34
Twsg1,2.63E-23,0.171827968,0.346,0.278,4.65E-19,0,Twsg1
Zim1,2.99E-23,-0.150184578,0.013,0.043,5.30E-19,0,Zim1
Trf,3.21E-23,0.159506773,0.12,0.074,5.67E-19,0,Trf
Gxylt2,3.36E-23,0.196750239,0.317,0.251,5.94E-19,0,Gxylt2
Fmo2,3.67E-23,-0.31051747,0.026,0.062,6.49E-19,0,Fmo2
Gnao1,4.07E-23,-0.104045712,0.007,0.033,7.21E-19,0,Gnao1
Cyp51,4.13E-23,-0.127728357,0.031,0.071,7.32E-19,0,Cyp51
Epha3,4.20E-23,-0.09738203,0.004,0.028,7.44E-19,0,Epha3
Palmd,4.37E-23,-0.182924887,0.012,0.041,7.74E-19,0,Palmd
Edil3,4.73E-23,-0.091721142,0.004,0.027,8.37E-19,0,Edil3
Setbp1,4.81E-23,-0.175890995,0.086,0.14,8.52E-19,0,Setbp1
Ldhb,4.91E-23,-0.212738653,0.021,0.055,8.69E-19,0,Ldhb
Mef2c,5.07E-23,0.031649252,0.148,0.096,8.97E-19,0,Mef2c
Plekha6,5.30E-23,-0.132312173,0.008,0.034,9.38E-19,0,Plekha6
Fah,5.40E-23,-0.094952692,0.011,0.04,9.56E-19,0,Fah
Lrp6,5.70E-23,-0.20863714,0.206,0.276,1.01E-18,0,Lrp6
2900041M22Rik,6.03E-23,-0.083959255,0.003,0.026,1.07E-18,0,2900041M22Rik
Cdc42ep1,6.22E-23,-0.108893125,0.013,0.043,1.10E-18,0,Cdc42ep1
Gpr176,6.89E-23,-0.059290221,0.009,0.036,1.22E-18,0,Gpr176
Colgalt1,7.42E-23,-0.14550657,0.12,0.181,1.31E-18,0,Colgalt1
Slc31a2,8.22E-23,0.131128893,0.116,0.071,1.46E-18,0,Slc31a2
Fcgrt,9.40E-23,0.151443071,0.496,0.426,1.66E-18,0,Fcgrt
Fmo1,9.82E-23,-0.203691904,0.08,0.131,1.74E-18,0,Fmo1
Gnai1,1.00E-22,-0.143636713,0.006,0.031,1.77E-18,0,Gnai1
Cacna1c,1.03E-22,-0.092668267,0.003,0.026,1.82E-18,0,Cacna1c
Myh9,1.05E-22,-0.222485288,0.191,0.258,1.86E-18,0,Myh9
Dynlt3,1.09E-22,-0.204656239,0.212,0.283,1.93E-18,0,Dynlt3
Bdh2,1.24E-22,0.187446055,0.165,0.114,2.19E-18,0,Bdh2
Rin3,1.27E-22,0.102477318,0.056,0.026,2.24E-18,0,Rin3
Olfr558,1.27E-22,-0.228671209,0.002,0.022,2.25E-18,0,Olfr558
Acot7,1.31E-22,-0.093851453,0.023,0.058,2.33E-18,0,Acot7
Slfn2,1.32E-22,0.138813025,0.069,0.036,2.33E-18,0,Slfn2
Itgb3,1.33E-22,0.145102346,0.134,0.086,2.36E-18,0,Itgb3
Fdps,1.34E-22,-0.132276377,0.027,0.064,2.37E-18,0,Fdps
Rasal2,1.36E-22,-0.142291094,0.03,0.068,2.41E-18,0,Rasal2
Gm36935,1.46E-22,0.032467864,0.009,0.001,2.58E-18,0,Gm36935
Fam43a,1.48E-22,-0.154323581,0.032,0.071,2.63E-18,0,Fam43a
Itpripl2,1.58E-22,-0.17967246,0.127,0.189,2.79E-18,0,Itpripl2
Cenpa,1.64E-22,-0.122069404,0.008,0.034,2.90E-18,0,Cenpa
Tle5,1.64E-22,0.178916545,0.361,0.298,2.91E-18,0,Tle5
Lmod1,1.76E-22,-0.282028759,0.003,0.026,3.12E-18,0,Lmod1
Susd2,1.78E-22,-0.135620577,0.011,0.039,3.16E-18,0,Susd2
Pbx1,1.95E-22,0.167495755,0.268,0.206,3.46E-18,0,Pbx1
Dnm3os,2.06E-22,-0.173853752,0.089,0.144,3.64E-18,0,Dnm3os
Il18r1,2.44E-22,0.060614934,0.013,0.002,4.32E-18,0,Il18r1
Atp6v0e2,2.60E-22,0.099277366,0.065,0.033,4.61E-18,0,Atp6v0e2
P4ha3,2.87E-22,-0.115631026,0.065,0.114,5.07E-18,0,P4ha3
Nradd,3.01E-22,-0.099577088,0.016,0.047,5.32E-18,0,Nradd
Gm26532,4.61E-22,-0.240047498,0.15,0.212,8.16E-18,0,Gm26532
Pik3r1,4.84E-22,-0.250130356,0.283,0.348,8.56E-18,0,Pik3r1
Clec14a,5.33E-22,-0.146301674,0.018,0.049,9.43E-18,0,Clec14a
Pgd,5.82E-22,0.181074014,0.17,0.12,1.03E-17,0,Pgd
Myo1d,5.86E-22,-0.074054572,0.002,0.023,1.04E-17,0,Myo1d
Igsf10,6.06E-22,-0.179425728,0.152,0.216,1.07E-17,0,Igsf10
Cald1,6.23E-22,-0.253081248,0.729,0.735,1.10E-17,0,Cald1
Gm15867,6.45E-22,-0.078917797,0.008,0.034,1.14E-17,0,Gm15867
Penk,6.83E-22,-0.279320486,0.083,0.132,1.21E-17,0,Penk
Cav2,7.23E-22,-0.118691875,0.012,0.04,1.28E-17,0,Cav2
Aida,7.24E-22,0.178856347,0.304,0.243,1.28E-17,0,Aida
Tapbp,7.82E-22,0.169464435,0.435,0.368,1.38E-17,0,Tapbp
Ppfibp2,8.49E-22,-0.184505104,0.018,0.049,1.50E-17,0,Ppfibp2
Rpl31,9.65E-22,0.088032097,0.857,0.798,1.71E-17,0,Rpl31
Cdh2,1.09E-21,-0.164719186,0.027,0.062,1.93E-17,0,Cdh2
1600029O15Rik,1.11E-21,0.060944086,0.02,0.005,1.96E-17,0,1600029O15Rik
Slco2b1,1.17E-21,-0.131391734,0.009,0.034,2.07E-17,0,Slco2b1
Vmp1,1.22E-21,-0.2099457,0.219,0.285,2.17E-17,0,Vmp1
Mki67,1.23E-21,-0.180249328,0.01,0.037,2.18E-17,0,Mki67
H3f3a,1.23E-21,-0.178484071,0.282,0.355,2.18E-17,0,H3f3a
Emx2os,1.24E-21,0.103475043,0.056,0.027,2.20E-17,0,Emx2os
Psmb8,1.34E-21,0.18544853,0.249,0.189,2.37E-17,0,Psmb8
B3galnt1,1.36E-21,0.154828873,0.104,0.064,2.40E-17,0,B3galnt1
Msc,1.42E-21,-0.121318062,0.01,0.037,2.51E-17,0,Msc
Kdm7a,1.42E-21,0.208591209,0.206,0.152,2.52E-17,0,Kdm7a
Nfil3,1.76E-21,0.186952755,0.311,0.248,3.12E-17,0,Nfil3
Nfasc,1.86E-21,-0.084795815,0.008,0.032,3.28E-17,0,Nfasc
Mamdc2,2.05E-21,-0.101940515,0.004,0.026,3.62E-17,0,Mamdc2
Eif3f,2.07E-21,0.160894534,0.524,0.461,3.67E-17,0,Eif3f
Musk,2.15E-21,-0.096935269,0.003,0.024,3.80E-17,0,Musk
Nxn,2.30E-21,-0.090685791,0.041,0.081,4.08E-17,0,Nxn
Prdx1,2.47E-21,-0.170805588,0.652,0.673,4.37E-17,0,Prdx1
Cemip2,2.70E-21,-0.107426238,0.027,0.062,4.77E-17,0,Cemip2
Dzip1l,2.79E-21,-0.120947426,0.026,0.06,4.95E-17,0,Dzip1l
Reck,2.88E-21,0.130366181,0.181,0.125,5.10E-17,0,Reck
Gm43423,2.95E-21,0.090464808,0.055,0.026,5.23E-17,0,Gm43423
Pdgfrb,3.03E-21,-0.245562505,0.178,0.241,5.36E-17,0,Pdgfrb
Sphk1,3.20E-21,-0.08087749,0.028,0.064,5.65E-17,0,Sphk1
Rpl21-ps6,3.26E-21,0.143059266,0.155,0.105,5.76E-17,0,Rpl21-ps6
Tnfaip8,3.29E-21,-0.105724241,0.035,0.074,5.82E-17,0,Tnfaip8
Acadsb,3.39E-21,0.15631322,0.246,0.187,6.01E-17,0,Acadsb
Heca,3.56E-21,0.13224825,0.11,0.068,6.29E-17,0,Heca
S1pr3,3.67E-21,-0.267771133,0.068,0.114,6.50E-17,0,S1pr3
Smad1,3.69E-21,0.18196574,0.181,0.13,6.53E-17,0,Smad1
Tlr2,4.16E-21,0.09411138,0.049,0.023,7.36E-17,0,Tlr2
Edn3,4.76E-21,-0.149032558,0.001,0.019,8.42E-17,0,Edn3
Smox,5.21E-21,-0.089382398,0.014,0.042,9.23E-17,0,Smox
Egflam,5.22E-21,-0.126729157,0.002,0.021,9.25E-17,0,Egflam
Taf1d,5.38E-21,-0.22340764,0.282,0.353,9.52E-17,0,Taf1d
Daam1,5.44E-21,0.11235862,0.215,0.157,9.62E-17,0,Daam1
Kif26b,5.66E-21,-0.042332389,0.002,0.021,1.00E-16,0,Kif26b
Tcf12,5.69E-21,-0.212573844,0.182,0.247,1.01E-16,0,Tcf12
Larp6,6.14E-21,0.103747524,0.069,0.037,1.09E-16,0,Larp6
Cobll1,6.49E-21,-0.112898633,0.002,0.021,1.15E-16,0,Cobll1
Cfb,6.54E-21,0.083984866,0.364,0.287,1.16E-16,0,Cfb
Map2,6.65E-21,-0.118826666,0.003,0.023,1.18E-16,0,Map2
Mmgt2,7.52E-21,-0.111948105,0.047,0.089,1.33E-16,0,Mmgt2
Spag1,7.77E-21,0.096731368,0.065,0.034,1.38E-16,0,Spag1
P2ry14,7.92E-21,-0.117156503,0.004,0.025,1.40E-16,0,P2ry14
Slc39a10,7.95E-21,-0.159476697,0.062,0.108,1.41E-16,0,Slc39a10
Atrnl1,8.07E-21,0.148130506,0.13,0.085,1.43E-16,0,Atrnl1
Ifngr1,8.84E-21,-0.252524429,0.319,0.382,1.56E-16,0,Ifngr1
Lgals3,8.85E-21,-0.270700937,0.154,0.212,1.57E-16,0,Lgals3
Ier5l,9.37E-21,-0.098017005,0.01,0.036,1.66E-16,0,Ier5l
Avpr1a,1.07E-20,-0.094445849,0.007,0.031,1.89E-16,0,Avpr1a
A530032D15Rik,1.24E-20,0.045492952,0.015,0.003,2.20E-16,0,A530032D15Rik
Tssc4,1.29E-20,-0.112962385,0.077,0.128,2.29E-16,0,Tssc4
Hnrnpc,1.32E-20,-0.192474185,0.517,0.571,2.33E-16,0,Hnrnpc
Hikeshi,1.34E-20,-0.156453227,0.114,0.171,2.37E-16,0,Hikeshi
Chad,1.34E-20,-0.70359622,0.014,0.042,2.38E-16,0,Chad
S100b,1.40E-20,-0.213270725,0.037,0.075,2.48E-16,0,S100b
Pten,1.43E-20,-0.184317452,0.117,0.174,2.54E-16,0,Pten
Pdlim1,1.55E-20,0.120972002,0.321,0.253,2.74E-16,0,Pdlim1
Cox7a2l,1.65E-20,0.141299512,0.438,0.372,2.92E-16,0,Cox7a2l
Rcn3,1.74E-20,-0.192719449,0.605,0.622,3.08E-16,0,Rcn3
A530010F05Rik,1.75E-20,0.069490936,0.024,0.007,3.09E-16,0,A530010F05Rik
Wsb1,1.82E-20,0.173376435,0.458,0.393,3.21E-16,0,Wsb1
Tspan17,1.87E-20,-0.136981306,0.041,0.079,3.31E-16,0,Tspan17
AC160336.1,1.87E-20,0.072883431,0.037,0.015,3.31E-16,0,AC160336.1
Gm42819,1.89E-20,0.041543054,0.018,0.004,3.34E-16,0,Gm42819
Tspan2,2.07E-20,-0.099451787,0.003,0.023,3.67E-16,0,Tspan2
mt-Nd1,2.11E-20,-0.191955602,0.801,0.813,3.73E-16,0,mt-Nd1
Dock10,2.29E-20,-0.15440897,0.03,0.064,4.05E-16,0,Dock10
Hmmr,2.41E-20,-0.105802824,0.003,0.023,4.27E-16,0,Hmmr
Gpc1,2.50E-20,-0.054751972,0.004,0.025,4.42E-16,0,Gpc1
Selenow,2.65E-20,0.117229914,0.684,0.624,4.69E-16,0,Selenow
C2,2.66E-20,-0.20472635,0.14,0.198,4.71E-16,0,C2
Ezr,2.71E-20,-0.151476065,0.051,0.092,4.80E-16,0,Ezr
Rhoc,2.74E-20,0.158146771,0.46,0.397,4.85E-16,0,Rhoc
Smc4,3.02E-20,-0.204608695,0.145,0.204,5.34E-16,0,Smc4
Dusp18,3.14E-20,-0.128407398,0.026,0.06,5.56E-16,0,Dusp18
Snx21,3.14E-20,0.138744344,0.1,0.061,5.56E-16,0,Snx21
Gm48582,3.33E-20,0.109650366,0.068,0.037,5.90E-16,0,Gm48582
Slc50a1,3.52E-20,-0.16677076,0.118,0.174,6.23E-16,0,Slc50a1
Pdzd2,3.70E-20,0.097159942,0.115,0.072,6.54E-16,0,Pdzd2
Topors,3.97E-20,-0.168311265,0.104,0.158,7.03E-16,0,Topors
Lmbr1,4.68E-20,0.115689324,0.1,0.061,8.29E-16,0,Lmbr1
Spcs1,4.91E-20,-0.179876038,0.348,0.413,8.69E-16,0,Spcs1
Nagk,5.08E-20,0.172680475,0.203,0.151,8.99E-16,0,Nagk
Rala,5.28E-20,0.182314712,0.324,0.266,9.35E-16,0,Rala
Zfpm2,5.31E-20,0.129220054,0.075,0.042,9.39E-16,0,Zfpm2
Ube2r2,5.73E-20,0.152786009,0.417,0.354,1.01E-15,0,Ube2r2
Lrrc61,5.76E-20,0.109692714,0.242,0.179,1.02E-15,0,Lrrc61
Phldb2,7.08E-20,-0.195556552,0.189,0.252,1.25E-15,0,Phldb2
Nenf,7.29E-20,0.136994853,0.598,0.539,1.29E-15,0,Nenf
Clk1,7.49E-20,-0.183725396,0.393,0.464,1.33E-15,0,Clk1
Gadd45a,7.51E-20,0.130185518,0.229,0.17,1.33E-15,0,Gadd45a
Colec10,7.59E-20,0.037328426,0.012,0.002,1.34E-15,0,Colec10
Gm12577,7.68E-20,0.111274643,0.066,0.035,1.36E-15,0,Gm12577
Ube2d3,7.83E-20,0.140103597,0.498,0.437,1.39E-15,0,Ube2d3
Ctdsp2,8.34E-20,0.139133563,0.339,0.277,1.48E-15,0,Ctdsp2
Nppc,8.57E-20,-0.286662802,0.006,0.028,1.52E-15,0,Nppc
Pgk1,9.02E-20,-0.106208787,0.043,0.082,1.60E-15,0,Pgk1
Vcan,9.55E-20,0.108306151,0.492,0.41,1.69E-15,0,Vcan
Rnf19b,1.06E-19,-0.155371244,0.142,0.202,1.88E-15,0,Rnf19b
Cdkn2b,1.07E-19,-0.061002848,0.007,0.03,1.90E-15,0,Cdkn2b
Egr3,1.08E-19,-0.220470467,0.073,0.12,1.92E-15,0,Egr3
Hmgcs2,1.11E-19,-0.095115911,0.002,0.021,1.96E-15,0,Hmgcs2
mt-Nd6,1.11E-19,-0.204983382,0.536,0.592,1.96E-15,0,mt-Nd6
Idh2,1.11E-19,-0.14406998,0.099,0.152,1.96E-15,0,Idh2
Sdcbp,1.17E-19,0.157561546,0.385,0.323,2.07E-15,0,Sdcbp
Adh7,1.22E-19,0.085533712,0.038,0.016,2.17E-15,0,Adh7
Erc1,1.23E-19,-0.124831484,0.077,0.125,2.17E-15,0,Erc1
Flt1,1.24E-19,-0.099636971,0.003,0.022,2.20E-15,0,Flt1
Rpl27,1.33E-19,0.108053959,0.762,0.694,2.35E-15,0,Rpl27
Cox7a2,1.36E-19,-0.215820258,0.419,0.475,2.41E-15,0,Cox7a2
Lmnb1,1.40E-19,0.123358345,0.07,0.039,2.48E-15,0,Lmnb1
Gm266,1.48E-19,-0.05953044,0.001,0.018,2.62E-15,0,Gm266
Kmt5a,1.56E-19,0.190613146,0.181,0.133,2.75E-15,0,Kmt5a
Plec,1.58E-19,-0.212408352,0.182,0.242,2.80E-15,0,Plec
Gcnt2,1.68E-19,-0.10884772,0.005,0.026,2.97E-15,0,Gcnt2
Ybx3,1.70E-19,0.136165003,0.453,0.389,3.01E-15,0,Ybx3
Tmem43,1.74E-19,0.182787473,0.24,0.186,3.08E-15,0,Tmem43
Ptx4,1.81E-19,-0.13605873,0.002,0.02,3.20E-15,0,Ptx4
Tpx2,1.83E-19,-0.095663998,0.006,0.027,3.23E-15,0,Tpx2
Tshz1,1.86E-19,0.160058272,0.18,0.13,3.29E-15,0,Tshz1
Cdk1,1.89E-19,-0.06346806,0.005,0.026,3.35E-15,0,Cdk1
Pacsin3,2.01E-19,-0.124677236,0.011,0.037,3.55E-15,0,Pacsin3
Cxcl5,2.38E-19,-0.307068089,0.051,0.091,4.21E-15,0,Cxcl5
Ckap2l,2.41E-19,-0.069019724,0.004,0.024,4.26E-15,0,Ckap2l
Pde10a,2.76E-19,0.119603741,0.095,0.058,4.89E-15,0,Pde10a
Spsb1,2.78E-19,0.167737442,0.224,0.168,4.92E-15,0,Spsb1
Lpar1,2.88E-19,0.113786236,0.507,0.441,5.11E-15,0,Lpar1
Gfra2,3.12E-19,-0.1123082,0.028,0.062,5.52E-15,0,Gfra2
Oxtr,3.26E-19,0.026352249,0.008,0.001,5.76E-15,0,Oxtr
Cblb,3.32E-19,0.159088436,0.135,0.091,5.88E-15,0,Cblb
Nmb,3.52E-19,-0.211411427,0.038,0.074,6.23E-15,0,Nmb
Fads2,3.82E-19,-0.138509249,0.066,0.11,6.75E-15,0,Fads2
Serping1,3.84E-19,0.050390069,0.905,0.819,6.80E-15,0,Serping1
Prcp,4.26E-19,0.16752783,0.117,0.077,7.54E-15,0,Prcp
Ttc39c,4.51E-19,0.134169675,0.087,0.053,7.98E-15,0,Ttc39c
Kctd1,4.57E-19,-0.076905424,0.007,0.029,8.08E-15,0,Kctd1
Col6a3,4.66E-19,-0.228691462,0.694,0.684,8.26E-15,0,Col6a3
Mbd2,4.81E-19,0.153893448,0.139,0.095,8.51E-15,0,Mbd2
She,4.86E-19,0.050553126,0.015,0.003,8.60E-15,0,She
Eny2,4.92E-19,-0.149005097,0.216,0.282,8.71E-15,0,Eny2
Mn1,5.06E-19,-0.141000253,0.043,0.081,8.96E-15,0,Mn1
Bmpr1b,5.15E-19,-0.049028676,0.003,0.021,9.11E-15,0,Bmpr1b
Inmt,5.22E-19,-0.406245915,0.093,0.139,9.24E-15,0,Inmt
Cox8a,5.38E-19,-0.19692543,0.464,0.523,9.52E-15,0,Cox8a
Alpl,5.68E-19,-0.074537866,0.002,0.019,1.01E-14,0,Alpl
Gm45223,6.24E-19,0.077855086,0.047,0.022,1.10E-14,0,Gm45223
Rpl18,6.53E-19,0.077215074,0.786,0.73,1.16E-14,0,Rpl18
Mlf1,6.56E-19,-0.118805997,0.021,0.051,1.16E-14,0,Mlf1
Dennd2a,6.73E-19,0.136765563,0.132,0.089,1.19E-14,0,Dennd2a
Nsa2,6.91E-19,0.166122939,0.209,0.159,1.22E-14,0,Nsa2
Kazald1,7.07E-19,-0.116309399,0.018,0.047,1.25E-14,0,Kazald1
Cltb,7.90E-19,0.161910125,0.323,0.264,1.40E-14,0,Cltb
Cadm1,8.43E-19,-0.162755089,0.003,0.022,1.49E-14,0,Cadm1
Epb41,9.10E-19,-0.121971219,0.014,0.04,1.61E-14,0,Epb41
Lhfpl2,9.41E-19,-0.125706631,0.108,0.161,1.67E-14,0,Lhfpl2
P3h1,9.55E-19,-0.105507335,0.124,0.18,1.69E-14,0,P3h1
Angpt4,9.71E-19,-0.099863275,0.003,0.022,1.72E-14,0,Angpt4
Ints3,9.80E-19,0.124048507,0.099,0.062,1.73E-14,0,Ints3
Slc10a6,9.97E-19,0.103921938,0.135,0.09,1.77E-14,0,Slc10a6
Ppl,1.00E-18,-0.193443395,0.051,0.09,1.77E-14,0,Ppl
Sh3d19,1.12E-18,0.142825964,0.421,0.361,1.97E-14,0,Sh3d19
Npepl1,1.13E-18,0.156885571,0.156,0.111,2.01E-14,0,Npepl1
Eppk1,1.15E-18,0.043049583,0.015,0.003,2.03E-14,0,Eppk1
Efs,1.22E-18,0.135426519,0.127,0.086,2.17E-14,0,Efs
Stard13,1.25E-18,-0.117644055,0.026,0.057,2.22E-14,0,Stard13
Chchd10,1.26E-18,-0.164831106,0.003,0.021,2.23E-14,0,Chchd10
Pfkp,1.31E-18,0.14822514,0.204,0.152,2.31E-14,0,Pfkp
Tmem63a,1.32E-18,0.131163856,0.132,0.089,2.33E-14,0,Tmem63a
Scp2,1.34E-18,-0.138149402,0.114,0.168,2.37E-14,0,Scp2
Gm42679,1.35E-18,0.066805542,0.027,0.01,2.38E-14,0,Gm42679
Naa50,1.36E-18,-0.16574915,0.158,0.217,2.41E-14,0,Naa50
Ppa1,1.50E-18,0.195812651,0.226,0.175,2.65E-14,0,Ppa1
Spon1,1.52E-18,-0.219498692,0.13,0.183,2.70E-14,0,Spon1
Emb,1.59E-18,-0.211414488,0.236,0.3,2.82E-14,0,Emb
Gapdh,1.66E-18,-0.256575575,0.221,0.28,2.95E-14,0,Gapdh
AA414768,1.75E-18,-0.058566462,0.005,0.026,3.10E-14,0,AA414768
Birc5,1.91E-18,-0.086683415,0.008,0.03,3.38E-14,0,Birc5
Tcf24,1.92E-18,0.039102766,0.012,0.002,3.39E-14,0,Tcf24
Cfap20,1.95E-18,-0.13568261,0.15,0.21,3.45E-14,0,Cfap20
Racgap1,2.07E-18,-0.053024587,0.004,0.023,3.67E-14,0,Racgap1
Krt10,2.28E-18,0.132495481,0.12,0.079,4.03E-14,0,Krt10
Rabac1,2.36E-18,-0.172840561,0.434,0.497,4.17E-14,0,Rabac1
Ccnb2,2.39E-18,-0.076912766,0.009,0.031,4.23E-14,0,Ccnb2
Nxnl2,2.67E-18,0.035966962,0.013,0.003,4.73E-14,0,Nxnl2
Ubash3b,2.68E-18,-0.073764654,0.006,0.027,4.75E-14,0,Ubash3b
6330403K07Rik,2.69E-18,-0.065011629,0.002,0.02,4.76E-14,0,6330403K07Rik
Slc25a28,2.82E-18,0.120321232,0.113,0.074,4.98E-14,0,Slc25a28
Srpr,2.82E-18,-0.165841547,0.292,0.358,4.99E-14,0,Srpr
Tspan18,2.85E-18,0.152313854,0.093,0.058,5.04E-14,0,Tspan18
Sorbs1,3.04E-18,-0.142693399,0.013,0.038,5.38E-14,0,Sorbs1
Plekhf1,3.07E-18,-0.1573554,0.081,0.127,5.43E-14,0,Plekhf1
Traf4,3.17E-18,-0.073643144,0.011,0.035,5.61E-14,0,Traf4
Cyp2f2,3.18E-18,-0.111603795,0.004,0.024,5.63E-14,0,Cyp2f2
Inpp1,3.21E-18,0.130197951,0.11,0.071,5.68E-14,0,Inpp1
Dnajc3,3.46E-18,-0.17084289,0.515,0.569,6.12E-14,0,Dnajc3
Hmcn1,3.47E-18,-0.126046736,0.036,0.07,6.15E-14,0,Hmcn1
Rb1cc1,3.48E-18,0.15069462,0.344,0.287,6.15E-14,0,Rb1cc1
Nrp1,3.49E-18,-0.233155662,0.255,0.316,6.18E-14,0,Nrp1
Iigp1,3.53E-18,-0.544200869,0.282,0.329,6.25E-14,0,Iigp1
Eloc,3.55E-18,-0.188793428,0.291,0.357,6.28E-14,0,Eloc
Hspb2,3.57E-18,-0.115077495,0.013,0.037,6.32E-14,0,Hspb2
Drp2,3.62E-18,-0.155957833,0.005,0.025,6.41E-14,0,Drp2
Sde2,3.64E-18,-0.174309585,0.151,0.209,6.44E-14,0,Sde2
Nin,3.85E-18,0.168266319,0.205,0.155,6.81E-14,0,Nin
Ctsa,3.85E-18,-0.116050295,0.169,0.23,6.82E-14,0,Ctsa
Pdia5,3.96E-18,-0.113124639,0.096,0.145,7.02E-14,0,Pdia5
Cd55b,4.08E-18,0.02961891,0.008,0.001,7.22E-14,0,Cd55b
Taf13,4.12E-18,-0.112142418,0.051,0.09,7.29E-14,0,Taf13
Pxdn,4.45E-18,0.163099892,0.308,0.253,7.87E-14,0,Pxdn
Map4k4,4.59E-18,-0.179730734,0.264,0.33,8.12E-14,0,Map4k4
Dbi,4.61E-18,-0.250749015,0.41,0.474,8.17E-14,0,Dbi
Sorl1,4.71E-18,-0.097437746,0.003,0.021,8.33E-14,0,Sorl1
Psmd12,4.82E-18,-0.165656936,0.188,0.249,8.53E-14,0,Psmd12
mt-Co1,5.31E-18,-0.186444376,0.497,0.558,9.41E-14,0,mt-Co1
Mrps28,5.36E-18,-0.111104633,0.119,0.173,9.49E-14,0,Mrps28
Nkd2,5.45E-18,-0.088684297,0.008,0.03,9.65E-14,0,Nkd2
Lrrc49,5.46E-18,0.122991679,0.082,0.049,9.66E-14,0,Lrrc49
Mtcl1,5.93E-18,0.076795807,0.032,0.013,1.05E-13,0,Mtcl1
Dlk1,5.98E-18,-0.233806013,0.04,0.075,1.06E-13,0,Dlk1
Glyat,6.41E-18,0.037866264,0.012,0.002,1.13E-13,0,Glyat
Syn3,6.55E-18,0.064228344,0.029,0.011,1.16E-13,0,Syn3
Ssr4,6.55E-18,-0.174387036,0.326,0.386,1.16E-13,0,Ssr4
Plp2,6.60E-18,-0.098771109,0.073,0.118,1.17E-13,0,Plp2
Cdc16,6.70E-18,-0.12875119,0.159,0.218,1.19E-13,0,Cdc16
Reep5,6.81E-18,-0.164091225,0.419,0.476,1.21E-13,0,Reep5
Ikzf4,6.83E-18,-0.125663549,0.017,0.044,1.21E-13,0,Ikzf4
Dnase2a,7.05E-18,0.120476215,0.072,0.041,1.25E-13,0,Dnase2a
Ywhah,7.12E-18,-0.159676287,0.21,0.273,1.26E-13,0,Ywhah
Rgs2,7.38E-18,-0.320880573,0.09,0.136,1.31E-13,0,Rgs2
Tgfbr3,7.63E-18,0.120967755,0.459,0.393,1.35E-13,0,Tgfbr3
Hhipl1,8.02E-18,-0.094576242,0.049,0.088,1.42E-13,0,Hhipl1
Mdfic,8.27E-18,-0.119474551,0.058,0.098,1.46E-13,0,Mdfic
Impa2,8.28E-18,-0.091025885,0.005,0.024,1.47E-13,0,Impa2
Scrn1,8.34E-18,0.114811782,0.079,0.047,1.48E-13,0,Scrn1
Dmd,8.48E-18,-0.203294522,0.058,0.098,1.50E-13,0,Dmd
Fam162a,8.54E-18,-0.215588955,0.168,0.226,1.51E-13,0,Fam162a
Zeb1,8.56E-18,0.177531058,0.314,0.26,1.51E-13,0,Zeb1
Arsj,8.69E-18,-0.081653291,0.021,0.05,1.54E-13,0,Arsj
Tceal8,9.13E-18,-0.176776627,0.291,0.355,1.62E-13,0,Tceal8
Slc25a24,9.26E-18,0.181930654,0.2,0.152,1.64E-13,0,Slc25a24
Slc22a18,9.64E-18,0.063476763,0.031,0.012,1.71E-13,0,Slc22a18
Eef1g,9.78E-18,0.109585533,0.613,0.547,1.73E-13,0,Eef1g
Has2os,1.01E-17,0.10898796,0.052,0.027,1.79E-13,0,Has2os
Dnttip2,1.01E-17,-0.172795722,0.241,0.304,1.79E-13,0,Dnttip2
Casp1,1.05E-17,0.142517056,0.075,0.044,1.85E-13,0,Casp1
Atrx,1.06E-17,0.097326264,0.637,0.587,1.87E-13,0,Atrx
Tspo,1.09E-17,-0.198149497,0.356,0.415,1.93E-13,0,Tspo
Gm26903,1.11E-17,-0.070729127,0.001,0.017,1.97E-13,0,Gm26903
Rarg,1.13E-17,0.155820192,0.223,0.172,2.00E-13,0,Rarg
Atp6v1a,1.16E-17,-0.176315385,0.158,0.214,2.05E-13,0,Atp6v1a
Gm18068,1.18E-17,0.079531612,0.035,0.015,2.08E-13,0,Gm18068
G6pdx,1.18E-17,0.118475893,0.089,0.055,2.08E-13,0,G6pdx
Zmiz1,1.21E-17,0.154877708,0.292,0.237,2.15E-13,0,Zmiz1
Cks2,1.23E-17,-0.069878757,0.012,0.035,2.18E-13,0,Cks2
Zc3hav1,1.26E-17,0.159344886,0.199,0.151,2.22E-13,0,Zc3hav1
Cdh9,1.27E-17,0.045339593,0.02,0.006,2.24E-13,0,Cdh9
Pnp,1.36E-17,0.088357675,0.476,0.404,2.41E-13,0,Pnp
Gjb5,1.37E-17,-0.050158396,0.005,0.025,2.43E-13,0,Gjb5
Snx1,1.38E-17,0.150509983,0.251,0.198,2.44E-13,0,Snx1
Gm48015,1.41E-17,0.071966202,0.035,0.015,2.50E-13,0,Gm48015
Piga,1.43E-17,0.113270576,0.07,0.04,2.53E-13,0,Piga
Yif1a,1.54E-17,-0.143533182,0.171,0.231,2.72E-13,0,Yif1a
Rasl12,1.55E-17,-0.08669394,0.007,0.027,2.74E-13,0,Rasl12
Ssc5d,1.64E-17,-0.141211062,0.191,0.252,2.90E-13,0,Ssc5d
Brinp3,1.69E-17,-0.057287384,0.01,0.033,2.99E-13,0,Brinp3
Slco2a1,1.69E-17,0.101614979,0.091,0.056,2.99E-13,0,Slco2a1
Cxcl16,1.71E-17,-0.117533663,0.042,0.078,3.03E-13,0,Cxcl16
Gm45187,1.77E-17,0.052701207,0.017,0.005,3.13E-13,0,Gm45187
Mthfd2,1.81E-17,-0.089544567,0.032,0.065,3.20E-13,0,Mthfd2
Nufip2,1.81E-17,-0.191281282,0.244,0.306,3.21E-13,0,Nufip2
Lockd,1.85E-17,-0.063729047,0.01,0.032,3.28E-13,0,Lockd
Gja4,1.88E-17,-0.150248859,0.002,0.018,3.34E-13,0,Gja4
Pcdh19,1.88E-17,0.146648206,0.227,0.175,3.34E-13,0,Pcdh19
Rtn2,1.97E-17,-0.184742679,0.059,0.098,3.49E-13,0,Rtn2
Abat,1.99E-17,-0.087282075,0.005,0.024,3.52E-13,0,Abat
Acaa2,2.00E-17,0.146788212,0.2,0.151,3.54E-13,0,Acaa2
Scube2,2.03E-17,-0.059262548,0.002,0.018,3.60E-13,0,Scube2
Sncg,2.09E-17,-0.174853983,0.005,0.024,3.70E-13,0,Sncg
Ppp1r15b,2.11E-17,0.1704689,0.206,0.158,3.73E-13,0,Ppp1r15b
Btbd3,2.13E-17,-0.207663777,0.057,0.096,3.76E-13,0,Btbd3
Cx3cl1,2.42E-17,-0.053102456,0.003,0.02,4.29E-13,0,Cx3cl1
Casc4,2.62E-17,-0.126625195,0.062,0.103,4.64E-13,0,Casc4
Pycr1,2.63E-17,-0.072820783,0.032,0.064,4.66E-13,0,Pycr1
Gng8,2.65E-17,-0.064493666,0.002,0.019,4.68E-13,0,Gng8
Bcar3,2.68E-17,-0.092762553,0.002,0.019,4.74E-13,0,Bcar3
Dusp14,2.77E-17,-0.049674456,0.007,0.027,4.90E-13,0,Dusp14
Inpp4b,2.83E-17,-0.133853049,0.003,0.02,5.00E-13,0,Inpp4b
Zfp462,2.84E-17,0.137400518,0.119,0.08,5.03E-13,0,Zfp462
Lifr,2.96E-17,-0.164460245,0.053,0.09,5.24E-13,0,Lifr
Epb41l3,3.01E-17,0.189539422,0.189,0.144,5.32E-13,0,Epb41l3
Nasp,3.02E-17,-0.173432328,0.156,0.211,5.34E-13,0,Nasp
Prkci,3.06E-17,0.148906711,0.12,0.081,5.41E-13,0,Prkci
Snrk,3.11E-17,-0.16484326,0.042,0.077,5.50E-13,0,Snrk
Bcam,3.20E-17,-0.11469392,0.002,0.017,5.67E-13,0,Bcam
Fam180a,3.24E-17,-0.077649756,0.001,0.016,5.73E-13,0,Fam180a
Rpl19,3.30E-17,0.083123464,0.775,0.708,5.85E-13,0,Rpl19
Shpk,3.41E-17,0.051252562,0.029,0.011,6.04E-13,0,Shpk
Eif1ax,3.44E-17,-0.132846401,0.149,0.205,6.09E-13,0,Eif1ax
Foxs1,3.47E-17,-0.068999883,0.003,0.02,6.14E-13,0,Foxs1
Ptpre,3.73E-17,-0.077055383,0.004,0.022,6.61E-13,0,Ptpre
Pir,3.75E-17,0.093427446,0.083,0.05,6.64E-13,0,Pir
Calhm5,4.00E-17,-0.113636385,0.031,0.063,7.07E-13,0,Calhm5
Pnmal2,4.14E-17,-0.089497144,0.003,0.02,7.32E-13,0,Pnmal2
Osgin1,4.21E-17,-0.19194944,0.013,0.037,7.45E-13,0,Osgin1
Ggct,4.29E-17,0.125234394,0.093,0.059,7.59E-13,0,Ggct
Lrp5,4.42E-17,-0.091089199,0.019,0.045,7.82E-13,0,Lrp5
Tspan15,4.60E-17,-0.108139879,0.002,0.017,8.13E-13,0,Tspan15
Cxxc4,4.61E-17,0.05048989,0.016,0.004,8.16E-13,0,Cxxc4
Tmem132c,4.66E-17,0.098729849,0.039,0.018,8.25E-13,0,Tmem132c
Etl4,4.80E-17,-0.109149288,0.009,0.031,8.50E-13,0,Etl4
Ston1,5.00E-17,-0.091283208,0.012,0.035,8.85E-13,0,Ston1
Dapk2,5.04E-17,-0.087632549,0.001,0.015,8.91E-13,0,Dapk2
Ldlrad4,5.23E-17,-0.08471401,0.03,0.062,9.25E-13,0,Ldlrad4
Pdlim2,5.23E-17,-0.131280948,0.126,0.178,9.26E-13,0,Pdlim2
Angpt2,5.31E-17,-0.089569422,0.002,0.018,9.40E-13,0,Angpt2
Itpr1,5.35E-17,-0.123144275,0.03,0.061,9.46E-13,0,Itpr1
Dtna,6.10E-17,0.036953605,0.022,0.007,1.08E-12,0,Dtna
Nefm,6.20E-17,0.074199165,0.014,0.003,1.10E-12,0,Nefm
Ptch2,6.23E-17,-0.084595081,0.007,0.028,1.10E-12,0,Ptch2
Ptger4,6.82E-17,-0.091403282,0.01,0.032,1.21E-12,0,Ptger4
Mtap,6.85E-17,-0.118901369,0.085,0.131,1.21E-12,0,Mtap
Ltc4s,6.89E-17,0.156585356,0.038,0.018,1.22E-12,0,Ltc4s
Vgll4,7.11E-17,-0.158506172,0.114,0.164,1.26E-12,0,Vgll4
Iah1,7.33E-17,0.145231014,0.212,0.163,1.30E-12,0,Iah1
Eif4ebp1,7.38E-17,-0.107367975,0.137,0.192,1.31E-12,0,Eif4ebp1
Carhsp1,7.41E-17,0.166351673,0.253,0.202,1.31E-12,0,Carhsp1
Tubb2a,7.57E-17,-0.177795035,0.37,0.429,1.34E-12,0,Tubb2a
Gm37644,7.60E-17,0.073034501,0.037,0.017,1.35E-12,0,Gm37644
Dennd4a,7.84E-17,-0.078339489,0.037,0.07,1.39E-12,0,Dennd4a
Pcna,7.88E-17,-0.175261535,0.17,0.227,1.40E-12,0,Pcna
Gm2a,7.91E-17,-0.145120482,0.096,0.143,1.40E-12,0,Gm2a
Slc31a1,7.98E-17,-0.103576848,0.083,0.128,1.41E-12,0,Slc31a1
Gm13688,8.08E-17,0.036076584,0.012,0.002,1.43E-12,0,Gm13688
Copz2,8.18E-17,-0.165539918,0.285,0.345,1.45E-12,0,Copz2
Spc24,8.23E-17,-0.040717373,0.003,0.02,1.46E-12,0,Spc24
Efcab14,8.72E-17,0.138382495,0.21,0.161,1.54E-12,0,Efcab14
Nucb1,9.10E-17,0.158439834,0.41,0.358,1.61E-12,0,Nucb1
Cnih1,9.17E-17,0.171705539,0.342,0.288,1.62E-12,0,Cnih1
Mlf2,9.18E-17,-0.140973193,0.191,0.252,1.62E-12,0,Mlf2
Tlr4,9.64E-17,0.100983038,0.07,0.041,1.71E-12,0,Tlr4
Sema7a,9.68E-17,-0.04449139,0.005,0.024,1.71E-12,0,Sema7a
Ppic,9.77E-17,-0.154995989,0.472,0.522,1.73E-12,0,Ppic
Psmb10,9.99E-17,0.143978993,0.213,0.164,1.77E-12,0,Psmb10
Itpr3,1.01E-16,0.086108543,0.045,0.022,1.79E-12,0,Itpr3
Cenpq,1.08E-16,-0.067512408,0.01,0.032,1.90E-12,0,Cenpq
Fgfr4,1.19E-16,-0.140201566,0.002,0.019,2.10E-12,0,Fgfr4
Spon2,1.21E-16,0.031873683,0.367,0.298,2.14E-12,0,Spon2
Rpl10-ps3,1.24E-16,0.142052045,0.501,0.449,2.19E-12,0,Rpl10-ps3
Csnk1a1,1.26E-16,-0.17496299,0.509,0.553,2.23E-12,0,Csnk1a1
Ing1,1.27E-16,-0.128400757,0.116,0.167,2.24E-12,0,Ing1
Wdr66,1.29E-16,-0.140371212,0.049,0.085,2.29E-12,0,Wdr66
Vezf1,1.38E-16,-0.178436159,0.219,0.278,2.44E-12,0,Vezf1
Zfas1,1.38E-16,-0.190066246,0.276,0.337,2.44E-12,0,Zfas1
Fhod3,1.42E-16,-0.055569471,0,0.014,2.51E-12,0,Fhod3
Ggta1,1.47E-16,-0.087427556,0.012,0.035,2.60E-12,0,Ggta1
Slc9a3r2,1.49E-16,-0.113408707,0.018,0.043,2.63E-12,0,Slc9a3r2
Lrrc32,1.60E-16,-0.115811238,0.059,0.098,2.83E-12,0,Lrrc32
Tiam1,1.62E-16,0.116478233,0.081,0.05,2.86E-12,0,Tiam1
Tusc3,1.62E-16,-0.11171259,0.103,0.152,2.87E-12,0,Tusc3
Adamtsl2,1.68E-16,-0.090531,0.004,0.021,2.98E-12,0,Adamtsl2
Fam171a1,1.73E-16,0.147220222,0.141,0.1,3.06E-12,0,Fam171a1
Id2,1.73E-16,-0.340376668,0.194,0.245,3.06E-12,0,Id2
Kdm5b,1.75E-16,-0.147195498,0.153,0.208,3.10E-12,0,Kdm5b
Anln,1.84E-16,-0.080908872,0.008,0.029,3.26E-12,0,Anln
Ctnnal1,1.85E-16,-0.112792152,0.015,0.04,3.27E-12,0,Ctnnal1
Adamts1,1.97E-16,-0.013866746,0.634,0.564,3.49E-12,0,Adamts1
Cenpw,1.99E-16,-0.044657619,0.006,0.025,3.51E-12,0,Cenpw
Elf1,2.08E-16,0.140400079,0.309,0.253,3.69E-12,0,Elf1
Myo7a,2.09E-16,-0.056095634,0.007,0.027,3.70E-12,0,Myo7a
St3gal5,2.17E-16,0.074322697,0.107,0.07,3.85E-12,0,St3gal5
Pam,2.22E-16,-0.223142197,0.51,0.554,3.93E-12,0,Pam
Agtrap,2.36E-16,0.131980886,0.222,0.172,4.18E-12,0,Agtrap
Rps6kl1,2.39E-16,0.052442136,0.024,0.009,4.22E-12,0,Rps6kl1
Nab1,2.45E-16,-0.156297402,0.092,0.137,4.34E-12,0,Nab1
Icosl,2.94E-16,-0.082175395,0.005,0.024,5.20E-12,0,Icosl
Abi1,3.02E-16,0.148532064,0.279,0.228,5.35E-12,0,Abi1
Nr4a2,3.09E-16,-0.314808109,0.181,0.233,5.47E-12,0,Nr4a2
Slc16a3,3.16E-16,-0.080376894,0.027,0.056,5.59E-12,0,Slc16a3
Irf7,3.31E-16,0.131304314,0.163,0.119,5.86E-12,0,Irf7
Plpp5,3.40E-16,-0.100810503,0.097,0.144,6.01E-12,0,Plpp5
Nbl1,3.42E-16,-0.030727846,0.655,0.564,6.05E-12,0,Nbl1
Psme2,3.44E-16,0.15152751,0.336,0.282,6.08E-12,0,Psme2
Aplp2,3.44E-16,-0.2286804,0.382,0.434,6.09E-12,0,Aplp2
Vav3,3.62E-16,-0.071972787,0.011,0.033,6.42E-12,0,Vav3
Cpm,3.74E-16,-0.132695781,0.002,0.017,6.62E-12,0,Cpm
2810025M15Rik,3.78E-16,-0.105535694,0.034,0.066,6.70E-12,0,2810025M15Rik
Srsf2,3.79E-16,-0.156545808,0.136,0.187,6.71E-12,0,Srsf2
Gm48543,3.80E-16,0.053385674,0.024,0.009,6.72E-12,0,Gm48543
Mab21l2,3.80E-16,-0.058180453,0.002,0.017,6.73E-12,0,Mab21l2
Acan,3.83E-16,-0.059787906,0,0.014,6.78E-12,0,Acan
Rpl3,4.04E-16,0.064330838,0.812,0.743,7.16E-12,0,Rpl3
Myf5,4.33E-16,-0.161162399,0.001,0.014,7.66E-12,0,Myf5
Rhob,4.33E-16,-0.243542572,0.483,0.529,7.66E-12,0,Rhob
Smim3,4.42E-16,-0.081160922,0.04,0.073,7.82E-12,0,Smim3
Shisa4,4.54E-16,-0.086118603,0.018,0.043,8.03E-12,0,Shisa4
Itgav,4.60E-16,0.155745915,0.24,0.191,8.15E-12,0,Itgav
Dnm3,4.84E-16,-0.124067297,0.023,0.05,8.56E-12,0,Dnm3
Col16a1,4.92E-16,-0.191110129,0.278,0.333,8.70E-12,0,Col16a1
Radil,4.99E-16,0.087207336,0.085,0.052,8.83E-12,0,Radil
Rnf149,5.13E-16,-0.053847628,0.023,0.051,9.08E-12,0,Rnf149
Eif4e3,5.42E-16,-0.187206429,0.104,0.149,9.59E-12,0,Eif4e3
Arhgef6,5.44E-16,-0.096404951,0.015,0.039,9.62E-12,0,Arhgef6
Fhit,5.47E-16,0.057198193,0.019,0.006,9.68E-12,0,Fhit
Sp100,5.55E-16,0.128965891,0.268,0.213,9.82E-12,0,Sp100
Wif1,5.58E-16,-0.402254484,0.005,0.023,9.87E-12,0,Wif1
Mat2a,6.05E-16,0.116693916,0.565,0.512,1.07E-11,0,Mat2a
Prr5l,6.11E-16,0.047313187,0.018,0.005,1.08E-11,0,Prr5l
Kcnq4,6.14E-16,0.063995709,0.044,0.022,1.09E-11,0,Kcnq4
Twist1,6.59E-16,0.160578055,0.204,0.157,1.17E-11,0,Twist1
Prc1,6.83E-16,-0.11344835,0.009,0.029,1.21E-11,0,Prc1
Abca5,6.98E-16,0.108814243,0.077,0.047,1.24E-11,0,Abca5
Etv1,7.05E-16,-0.150240436,0.019,0.043,1.25E-11,0,Etv1
Gm12796,7.16E-16,0.025369966,0.009,0.001,1.27E-11,0,Gm12796
Dnajc25,7.21E-16,-0.133257094,0.201,0.259,1.28E-11,0,Dnajc25
Selenon,7.29E-16,0.155222624,0.18,0.136,1.29E-11,0,Selenon
Snai2,7.33E-16,-0.127393652,0.059,0.097,1.30E-11,0,Snai2
Mrgpre,7.62E-16,0.060413146,0.019,0.006,1.35E-11,0,Mrgpre
Ift20,7.73E-16,-0.159877634,0.31,0.371,1.37E-11,0,Ift20
Fgf14,8.18E-16,-0.098398255,0.015,0.038,1.45E-11,0,Fgf14
Cdc20,8.47E-16,-0.054560925,0.003,0.019,1.50E-11,0,Cdc20
Uaca,8.61E-16,0.14008581,0.184,0.139,1.52E-11,0,Uaca
Agpat2,8.61E-16,-0.085806259,0.025,0.052,1.52E-11,0,Agpat2
Sertad2,8.62E-16,-0.110249964,0.041,0.074,1.53E-11,0,Sertad2
Cd200,8.82E-16,-0.019455812,0.122,0.081,1.56E-11,0,Cd200
Saa3,9.12E-16,-0.692107243,0.107,0.153,1.61E-11,0,Saa3
Fads3,9.12E-16,-0.0898477,0.034,0.065,1.61E-11,0,Fads3
Cachd1,9.20E-16,0.14712085,0.112,0.076,1.63E-11,0,Cachd1
Casq2,9.35E-16,-0.182163204,0.002,0.017,1.66E-11,0,Casq2
Ogt,1.02E-15,-0.179195022,0.107,0.152,1.80E-11,0,Ogt
Cks1b,1.03E-15,-0.12796169,0.132,0.183,1.82E-11,0,Cks1b
8-Sep,1.10E-15,0.133552613,0.237,0.188,1.94E-11,0,8-Sep
Eng,1.14E-15,-0.127360831,0.062,0.1,2.02E-11,0,Eng
Gpc4,1.15E-15,-0.122304993,0.069,0.109,2.03E-11,0,Gpc4
Tspan6,1.16E-15,-0.126889037,0.102,0.147,2.06E-11,0,Tspan6
Klf6,1.18E-15,0.057183216,0.708,0.641,2.09E-11,0,Klf6
Wdr60,1.19E-15,0.124064157,0.197,0.15,2.10E-11,0,Wdr60
Ldlr,1.26E-15,-0.156060981,0.05,0.085,2.24E-11,0,Ldlr
Cdca3,1.30E-15,-0.044561991,0.003,0.02,2.31E-11,0,Cdca3
Cenpf,1.31E-15,-0.109653036,0.006,0.025,2.32E-11,0,Cenpf
Rnf144a,1.33E-15,-0.096194878,0.078,0.121,2.36E-11,0,Rnf144a
Ddhd1,1.35E-15,0.105535571,0.088,0.056,2.40E-11,0,Ddhd1
Sbds,1.36E-15,0.149843352,0.389,0.336,2.40E-11,0,Sbds
Specc1,1.37E-15,-0.108329387,0.018,0.043,2.43E-11,0,Specc1
B3gnt8,1.40E-15,-0.074887357,0.005,0.023,2.47E-11,0,B3gnt8
Acsl3,1.48E-15,-0.140186137,0.064,0.103,2.61E-11,0,Acsl3
Amot,1.57E-15,-0.062427936,0.012,0.033,2.77E-11,0,Amot
Jsrp1,1.59E-15,-0.124437357,0.004,0.02,2.81E-11,0,Jsrp1
Oaf,1.76E-15,0.087020337,0.443,0.378,3.12E-11,0,Oaf
Camk2d,1.80E-15,0.15621384,0.245,0.198,3.18E-11,0,Camk2d
Pacsin2,1.84E-15,0.127766558,0.149,0.108,3.25E-11,0,Pacsin2
Gpr180,1.87E-15,-0.110417177,0.129,0.179,3.32E-11,0,Gpr180
Bex3,1.90E-15,-0.0952418,0.071,0.112,3.36E-11,0,Bex3
Gm46603,1.94E-15,0.029264328,0.01,0.002,3.44E-11,0,Gm46603
Gng4,1.95E-15,0.053708714,0.023,0.009,3.45E-11,0,Gng4
Gja1,2.01E-15,0.180004813,0.373,0.323,3.56E-11,0,Gja1
Sdc3,2.04E-15,-0.049347493,0.009,0.028,3.61E-11,0,Sdc3
Irf8,2.05E-15,-0.153273187,0.016,0.039,3.64E-11,0,Irf8
Xpnpep2,2.06E-15,0.087135095,0.058,0.033,3.65E-11,0,Xpnpep2
Stk32b,2.08E-15,0.030027601,0.01,0.002,3.67E-11,0,Stk32b
Ralgps2,2.14E-15,-0.090273348,0.006,0.025,3.79E-11,0,Ralgps2
Gm38125,2.20E-15,0.040942643,0.014,0.004,3.89E-11,0,Gm38125
Wasf3,2.23E-15,0.045549692,0.032,0.014,3.95E-11,0,Wasf3
Ivns1abp,2.28E-15,-0.150433479,0.113,0.16,4.03E-11,0,Ivns1abp
Pkn2,2.31E-15,0.123187758,0.341,0.289,4.09E-11,0,Pkn2
Lamp2,2.33E-15,0.114467249,0.642,0.589,4.13E-11,0,Lamp2
Ydjc,2.37E-15,-0.031139071,0.006,0.024,4.20E-11,0,Ydjc
Tiparp,2.53E-15,0.115793708,0.367,0.31,4.48E-11,0,Tiparp
Ano1,2.70E-15,-0.106393621,0.002,0.017,4.77E-11,0,Ano1
Tmem59,2.91E-15,-0.148145009,0.491,0.543,5.15E-11,0,Tmem59
BC023105,2.99E-15,-0.12960992,0.008,0.027,5.29E-11,0,BC023105
Rasl11a,3.05E-15,-0.226438953,0.018,0.042,5.40E-11,0,Rasl11a
Hspb1,3.12E-15,-0.318207809,0.133,0.18,5.53E-11,0,Hspb1
Slpi,3.39E-15,-0.046244259,0.002,0.017,5.99E-11,0,Slpi
Pofut2,3.41E-15,-0.12037407,0.216,0.276,6.04E-11,0,Pofut2
Cers6,3.60E-15,0.118760758,0.107,0.072,6.37E-11,0,Cers6
Fign,3.65E-15,-0.081281131,0.009,0.029,6.47E-11,0,Fign
Atp5j,3.74E-15,-0.17841316,0.434,0.485,6.61E-11,0,Atp5j
Saraf,4.09E-15,-0.144346284,0.219,0.277,7.24E-11,0,Saraf
Podxl2,4.15E-15,0.102566409,0.087,0.056,7.34E-11,0,Podxl2
Phldb1,4.31E-15,0.109614024,0.167,0.123,7.63E-11,0,Phldb1
Slc1a5,4.41E-15,0.140337688,0.379,0.325,7.81E-11,0,Slc1a5
Vstm4,4.59E-15,-0.101051218,0.032,0.062,8.12E-11,0,Vstm4
Gm15902,4.72E-15,0.050928779,0.022,0.008,8.36E-11,0,Gm15902
Anapc16,4.79E-15,-0.139926751,0.144,0.195,8.47E-11,0,Anapc16
Ada,4.79E-15,-0.063629331,0.015,0.038,8.48E-11,0,Ada
Chrnb1,4.81E-15,-0.104776309,0.005,0.021,8.52E-11,0,Chrnb1
Plxdc1,5.19E-15,-0.100840869,0.006,0.024,9.19E-11,0,Plxdc1
Entpd1,5.27E-15,0.052979352,0.033,0.015,9.32E-11,0,Entpd1
Sec22b,5.30E-15,-0.12542499,0.219,0.278,9.38E-11,0,Sec22b
Gprc5b,5.34E-15,0.072670836,0.044,0.023,9.44E-11,0,Gprc5b
Ifit3b,5.38E-15,-0.10438075,0.01,0.029,9.51E-11,0,Ifit3b
Foxd2os,5.44E-15,-0.068215415,0.001,0.014,9.62E-11,0,Foxd2os
Plaat3,5.52E-15,-0.126402634,0.119,0.167,9.77E-11,0,Plaat3
Nuf2,5.71E-15,-0.03844462,0.002,0.016,1.01E-10,0,Nuf2
Neto1,5.77E-15,0.027829068,0.008,0.001,1.02E-10,0,Neto1
Fap,5.81E-15,-0.195590866,0.386,0.437,1.03E-10,0,Fap
Prss12,6.13E-15,-0.113252524,0.028,0.055,1.09E-10,0,Prss12
Gm44416,6.49E-15,0.060011223,0.031,0.014,1.15E-10,0,Gm44416
Mia3,6.85E-15,0.116741525,0.485,0.432,1.21E-10,0,Mia3
Zfp638,6.96E-15,0.131258296,0.276,0.224,1.23E-10,0,Zfp638
H3f3b,7.04E-15,-0.151821359,0.788,0.801,1.25E-10,0,H3f3b
Enc1,7.15E-15,0.185106527,0.122,0.086,1.26E-10,0,Enc1
Prmt7,7.19E-15,0.143107974,0.082,0.052,1.27E-10,0,Prmt7
2610016A17Rik,7.42E-15,0.051002759,0.02,0.007,1.31E-10,0,2610016A17Rik
Zc3h15,7.65E-15,0.145790968,0.394,0.342,1.35E-10,0,Zc3h15
Dync1h1,7.88E-15,0.153833265,0.293,0.246,1.39E-10,0,Dync1h1
Actb,8.02E-15,-0.109947621,0.969,0.96,1.42E-10,0,Actb
Phlda1,8.19E-15,0.102728863,0.589,0.528,1.45E-10,0,Phlda1
H13,8.31E-15,-0.135678658,0.226,0.284,1.47E-10,0,H13
Ntng1,8.57E-15,-0.084277222,0.001,0.015,1.52E-10,0,Ntng1
Loxl3,8.61E-15,-0.113686927,0.128,0.176,1.52E-10,0,Loxl3
L3mbtl3,8.79E-15,-0.099352432,0.052,0.086,1.56E-10,0,L3mbtl3
Il17d,8.92E-15,-0.114233638,0.028,0.056,1.58E-10,0,Il17d
Bicd1,8.97E-15,0.07602907,0.049,0.026,1.59E-10,0,Bicd1
Tob2,9.15E-15,-0.198163712,0.199,0.253,1.62E-10,0,Tob2
Cntfr,9.26E-15,-0.058425745,0.004,0.019,1.64E-10,0,Cntfr
Dhrs7,9.27E-15,0.12683775,0.302,0.252,1.64E-10,0,Dhrs7
Agtr1a,9.27E-15,0.074658821,0.122,0.084,1.64E-10,0,Agtr1a
Ppib,9.43E-15,-0.093964942,0.109,0.156,1.67E-10,0,Ppib
Emid1,9.95E-15,-0.109393438,0.002,0.016,1.76E-10,0,Emid1
Ptpn1,1.04E-14,-0.141034985,0.104,0.148,1.85E-10,0,Ptpn1
Thbs2,1.07E-14,-0.299638142,0.382,0.421,1.89E-10,0,Thbs2
Cep170,1.23E-14,0.139506514,0.278,0.23,2.18E-10,0,Cep170
Neurl3,1.27E-14,0.043304946,0.012,0.003,2.25E-10,0,Neurl3
Gm30075,1.31E-14,-0.054726413,0.001,0.015,2.31E-10,0,Gm30075
Cox8b,1.38E-14,-0.153918294,0.003,0.018,2.45E-10,0,Cox8b
Mbd4,1.41E-14,-0.055810742,0.007,0.024,2.49E-10,0,Mbd4
Plin3,1.45E-14,0.142457741,0.291,0.243,2.56E-10,0,Plin3
Gm48542,1.47E-14,0.057654018,0.02,0.007,2.61E-10,0,Gm48542
Elmsan1,1.48E-14,0.127298894,0.12,0.084,2.63E-10,0,Elmsan1
Gm14809,1.49E-14,0.028592297,0.006,0,2.63E-10,0,Gm14809
Nkx6-1,1.52E-14,0.035435343,0.01,0.002,2.68E-10,0,Nkx6-1
Ptk7,1.56E-14,-0.041856783,0.005,0.021,2.77E-10,0,Ptk7
Eif4g2,1.65E-14,0.101198139,0.581,0.526,2.92E-10,0,Eif4g2
Chsy1,1.65E-14,-0.081932921,0.054,0.088,2.93E-10,0,Chsy1
Id3,1.66E-14,0.00717015,0.722,0.663,2.93E-10,0,Id3
Smc1a,1.66E-14,-0.205920446,0.42,0.475,2.94E-10,0,Smc1a
Adamts3,1.68E-14,-0.045733046,0.004,0.02,2.97E-10,0,Adamts3
Plekhg2,1.71E-14,-0.106685504,0.038,0.068,3.02E-10,0,Plekhg2
Tmem98,1.74E-14,-0.087218406,0.047,0.08,3.09E-10,0,Tmem98
Prkag2,1.77E-14,0.106407996,0.062,0.036,3.14E-10,0,Prkag2
Agfg1,1.85E-14,0.130536218,0.18,0.138,3.28E-10,0,Agfg1
Trhde,1.86E-14,-0.065057052,0.003,0.017,3.28E-10,0,Trhde
Hopx,1.88E-14,-0.082137303,0.001,0.015,3.34E-10,0,Hopx
Larp1b,1.90E-14,-0.084782754,0.018,0.041,3.36E-10,0,Larp1b
Prkar2b,1.93E-14,-0.075631993,0.006,0.023,3.42E-10,0,Prkar2b
Atp6ap2,1.93E-14,-0.138799638,0.166,0.218,3.42E-10,0,Atp6ap2
Met,1.97E-14,0.083413294,0.045,0.024,3.48E-10,0,Met
Msrb3,2.00E-14,-0.085191388,0.077,0.117,3.55E-10,0,Msrb3
Ccdc82,2.01E-14,-0.124171963,0.052,0.086,3.57E-10,0,Ccdc82
Gm10076,2.04E-14,0.162778859,0.348,0.3,3.60E-10,0,Gm10076
Magoh,2.05E-14,-0.134040773,0.162,0.215,3.63E-10,0,Magoh
Fads1,2.12E-14,-0.110264114,0.046,0.078,3.74E-10,0,Fads1
Cbx5,2.14E-14,-0.177951182,0.252,0.308,3.78E-10,0,Cbx5
Setd3,2.17E-14,-0.099825388,0.093,0.137,3.84E-10,0,Setd3
Gm43281,2.18E-14,0.027784884,0.008,0.001,3.87E-10,0,Gm43281
Ezh2,2.19E-14,-0.127669404,0.067,0.105,3.88E-10,0,Ezh2
Diaph1,2.21E-14,0.124528273,0.268,0.217,3.92E-10,0,Diaph1
Arl15,2.25E-14,0.140734294,0.088,0.058,3.99E-10,0,Arl15
Eif4a2,2.30E-14,-0.181298288,0.216,0.27,4.08E-10,0,Eif4a2
Cit,2.41E-14,-0.055253852,0.012,0.032,4.26E-10,0,Cit
Agpat5,2.46E-14,-0.115365009,0.069,0.107,4.35E-10,0,Agpat5
Rspo3,2.51E-14,0.090284279,0.041,0.021,4.44E-10,0,Rspo3
Mfsd7a,2.57E-14,0.080487511,0.046,0.025,4.56E-10,0,Mfsd7a
Rhod,2.66E-14,-0.045701572,0.008,0.025,4.70E-10,0,Rhod
Prtg,2.68E-14,-0.061431511,0.005,0.02,4.74E-10,0,Prtg
Fdft1,2.73E-14,-0.067012155,0.011,0.031,4.83E-10,0,Fdft1
Sptan1,2.80E-14,0.148355015,0.309,0.261,4.96E-10,0,Sptan1
Rce1,2.88E-14,-0.09420388,0.045,0.077,5.10E-10,0,Rce1
Sec11a,2.99E-14,-0.12972243,0.267,0.329,5.28E-10,0,Sec11a
Top2a,3.03E-14,-0.136138393,0.011,0.03,5.37E-10,0,Top2a
Acsl5,3.08E-14,0.154253835,0.155,0.116,5.45E-10,0,Acsl5
Rgma,3.10E-14,-0.14305934,0.068,0.105,5.49E-10,0,Rgma
4921524J17Rik,3.14E-14,-0.100827418,0.089,0.131,5.56E-10,0,4921524J17Rik
Spag9,3.15E-14,0.151969095,0.356,0.308,5.57E-10,0,Spag9
Fmr1,3.18E-14,-0.137734722,0.194,0.247,5.63E-10,0,Fmr1
Yif1b,3.20E-14,-0.070754498,0.041,0.073,5.67E-10,0,Yif1b
Kcna2,3.22E-14,-0.096019142,0.003,0.017,5.71E-10,0,Kcna2
Gm35048,3.29E-14,0.040762518,0.021,0.007,5.82E-10,0,Gm35048
Mrpl15,3.34E-14,-0.10272448,0.115,0.162,5.90E-10,0,Mrpl15
Cbx1,3.37E-14,-0.145322145,0.316,0.374,5.97E-10,0,Cbx1
Gas2,3.40E-14,-0.07167496,0.006,0.023,6.01E-10,0,Gas2
Slc41a2,3.46E-14,-0.061809718,0.036,0.066,6.12E-10,0,Slc41a2
Mboat1,3.46E-14,-0.052324159,0.001,0.014,6.12E-10,0,Mboat1
Mrvi1,3.75E-14,-0.086420428,0.002,0.015,6.64E-10,0,Mrvi1
Itih2,3.78E-14,-0.061117236,0.002,0.015,6.70E-10,0,Itih2
B130021K23Rik,3.84E-14,0.100847114,0.053,0.03,6.79E-10,0,B130021K23Rik
Kcnj8,4.19E-14,-0.478700445,0.035,0.063,7.42E-10,0,Kcnj8
Fam129a,4.26E-14,0.106295452,0.275,0.223,7.55E-10,0,Fam129a
Fat1,4.28E-14,-0.111311252,0.083,0.123,7.58E-10,0,Fat1
Clcf1,4.32E-14,-0.070725615,0.005,0.021,7.65E-10,0,Clcf1
H2afz,4.53E-14,-0.165699658,0.184,0.234,8.01E-10,0,H2afz
Tmod2,4.53E-14,-0.198270618,0.116,0.159,8.01E-10,0,Tmod2
Dtx3,4.59E-14,-0.19418723,0.142,0.189,8.12E-10,0,Dtx3
Thy1,4.75E-14,0.093062065,0.547,0.488,8.40E-10,0,Thy1
Gli1,4.76E-14,-0.067351977,0.002,0.015,8.43E-10,0,Gli1
Ncs1,4.83E-14,-0.05308777,0.014,0.034,8.55E-10,0,Ncs1
Gm6211,4.88E-14,0.052707276,0.034,0.016,8.63E-10,0,Gm6211
Gm6276,5.20E-14,0.019365116,0.007,0.001,9.21E-10,0,Gm6276
Tnfaip3,5.29E-14,0.146400466,0.102,0.07,9.36E-10,0,Tnfaip3
Pawr,5.31E-14,-0.061441234,0,0.012,9.41E-10,0,Pawr
Zbtb38,5.39E-14,-0.182104664,0.149,0.197,9.54E-10,0,Zbtb38
Dlg4,5.40E-14,0.14490258,0.145,0.107,9.56E-10,0,Dlg4
Tpi1,5.41E-14,-0.157526176,0.248,0.303,9.58E-10,0,Tpi1
Il3ra,5.50E-14,0.123977809,0.13,0.094,9.73E-10,0,Il3ra
Hnrnpa0,5.50E-14,0.140357322,0.322,0.274,9.74E-10,0,Hnrnpa0
Sgip1,5.75E-14,-0.081284249,0.003,0.017,1.02E-09,0,Sgip1
Ip6k2,5.79E-14,-0.121778822,0.08,0.119,1.02E-09,0,Ip6k2
Bub1,5.89E-14,-0.030187069,0.001,0.014,1.04E-09,0,Bub1
Ndufb6,5.99E-14,-0.116154702,0.157,0.208,1.06E-09,0,Ndufb6
Mob3a,6.03E-14,-0.073185323,0.04,0.07,1.07E-09,0,Mob3a
Sqle,6.07E-14,-0.102463356,0.019,0.041,1.07E-09,0,Sqle
Olfml2b,6.15E-14,0.111093071,0.412,0.358,1.09E-09,0,Olfml2b
Lims1,6.16E-14,-0.152679023,0.175,0.226,1.09E-09,0,Lims1
Gm43794,6.19E-14,0.030836819,0.012,0.003,1.10E-09,0,Gm43794
Pmf1,6.21E-14,-0.04122735,0.004,0.019,1.10E-09,0,Pmf1
Ndn,6.58E-14,0.126660379,0.287,0.236,1.16E-09,0,Ndn
Slc9a1,6.59E-14,0.106701347,0.09,0.06,1.17E-09,0,Slc9a1
Tbc1d15,6.61E-14,-0.120640147,0.096,0.138,1.17E-09,0,Tbc1d15
Cdh15,6.62E-14,-0.108929641,0.003,0.016,1.17E-09,0,Cdh15
Umps,6.64E-14,0.114351281,0.072,0.045,1.17E-09,0,Umps
P2ry2,6.74E-14,0.054251936,0.02,0.007,1.19E-09,0,P2ry2
H2afx,6.75E-14,-0.087892807,0.053,0.087,1.19E-09,0,H2afx
Ginm1,6.91E-14,-0.152934991,0.246,0.302,1.22E-09,0,Ginm1
Pigz,6.98E-14,0.03277751,0.014,0.004,1.23E-09,0,Pigz
Gm47009,7.06E-14,0.017787851,0.008,0.001,1.25E-09,0,Gm47009
Ddi1,7.07E-14,0.04142623,0.018,0.006,1.25E-09,0,Ddi1
4632415L05Rik,7.13E-14,-0.114699227,0.03,0.057,1.26E-09,0,4632415L05Rik
Srsf3,7.14E-14,-0.172602925,0.383,0.438,1.26E-09,0,Srsf3
4931406P16Rik,7.26E-14,-0.07998001,0.02,0.043,1.29E-09,0,4931406P16Rik
Gm16617,7.27E-14,-0.050734913,0.002,0.015,1.29E-09,0,Gm16617
Tnnt1,7.28E-14,-0.147142787,0.005,0.02,1.29E-09,0,Tnnt1
Snhg1,8.02E-14,-0.12752237,0.221,0.278,1.42E-09,0,Snhg1
Rab34,8.06E-14,-0.111735791,0.127,0.175,1.43E-09,0,Rab34
Tspan3,8.08E-14,-0.146668551,0.298,0.356,1.43E-09,0,Tspan3
Gm28320,8.12E-14,0.054066527,0.028,0.012,1.44E-09,0,Gm28320
Dipk1a,8.38E-14,-0.112601341,0.03,0.056,1.48E-09,0,Dipk1a
Nuak1,8.48E-14,-0.063215474,0.015,0.036,1.50E-09,0,Nuak1
Tnfsf11,8.51E-14,-0.031535837,0.001,0.013,1.51E-09,0,Tnfsf11
Mcl1,9.01E-14,0.082047481,0.667,0.614,1.59E-09,0,Mcl1
Junb,9.09E-14,-0.210303346,0.873,0.861,1.61E-09,0,Junb
Daam2,9.10E-14,-0.084386793,0.008,0.026,1.61E-09,0,Daam2
Chst2,9.15E-14,-0.051210032,0.012,0.032,1.62E-09,0,Chst2
Tiam2,9.20E-14,-0.049323645,0.005,0.021,1.63E-09,0,Tiam2
Ctbp2,9.58E-14,-0.09232434,0.068,0.105,1.70E-09,0,Ctbp2
Mmp11,9.75E-14,-0.100353948,0.036,0.065,1.73E-09,0,Mmp11
Qprt,1.07E-13,-0.083137223,0.02,0.043,1.89E-09,0,Qprt
Raly,1.07E-13,-0.137860635,0.142,0.19,1.90E-09,0,Raly
Add1,1.08E-13,0.141519521,0.305,0.258,1.91E-09,0,Add1
AC149090.1,1.12E-13,0.101041628,0.289,0.239,1.98E-09,0,AC149090.1
Gm44639,1.12E-13,0.069217878,0.028,0.013,1.99E-09,0,Gm44639
Pcdh7,1.13E-13,-0.148709433,0.153,0.201,2.00E-09,0,Pcdh7
Rasd1,1.16E-13,-0.230599477,0.014,0.034,2.05E-09,0,Rasd1
Zfp24,1.17E-13,-0.121639044,0.05,0.082,2.07E-09,0,Zfp24
Dlg3,1.20E-13,-0.067756236,0.016,0.037,2.12E-09,0,Dlg3
Tceal3,1.20E-13,-0.081701548,0.004,0.018,2.13E-09,0,Tceal3
Knl1,1.25E-13,-0.037098172,0.002,0.014,2.21E-09,0,Knl1
Gm6169,1.29E-13,-0.089054079,0.057,0.092,2.28E-09,0,Gm6169
Ndufab1,1.30E-13,-0.145546173,0.192,0.245,2.30E-09,0,Ndufab1
Mbnl1,1.31E-13,-0.192028182,0.419,0.469,2.32E-09,0,Mbnl1
Ppp1r2,1.32E-13,-0.161436289,0.257,0.312,2.34E-09,0,Ppp1r2
Cyb561,1.34E-13,0.107357279,0.088,0.058,2.38E-09,0,Cyb561
Cap2,1.38E-13,-0.080771959,0.002,0.014,2.45E-09,0,Cap2
Ift81,1.39E-13,-0.141992736,0.06,0.094,2.45E-09,0,Ift81
AW551984,1.39E-13,0.132979949,0.126,0.091,2.46E-09,0,AW551984
Ube2b,1.43E-13,-0.166852235,0.366,0.422,2.52E-09,0,Ube2b
Hilpda,1.51E-13,-0.11756908,0.049,0.081,2.67E-09,0,Hilpda
Tent5a,1.56E-13,-0.197754325,0.301,0.357,2.76E-09,0,Tent5a
Ngef,1.57E-13,-0.041624633,0.002,0.015,2.78E-09,0,Ngef
Itga6,1.61E-13,-0.086278392,0.001,0.014,2.85E-09,0,Itga6
Myadm,1.68E-13,-0.171068147,0.338,0.39,2.97E-09,0,Myadm
Gclm,1.70E-13,-0.107430031,0.065,0.101,3.00E-09,0,Gclm
Mir22hg,1.70E-13,0.156474291,0.268,0.222,3.01E-09,0,Mir22hg
Wdfy2,1.71E-13,0.102093599,0.115,0.081,3.03E-09,0,Wdfy2
Gm16070,1.74E-13,0.035813762,0.014,0.004,3.08E-09,0,Gm16070
Nrxn2,1.78E-13,-0.062587999,0.002,0.014,3.15E-09,0,Nrxn2
Ak6,1.80E-13,-0.079486748,0.067,0.104,3.19E-09,0,Ak6
Ctnnbip1,1.81E-13,-0.078461809,0.053,0.087,3.20E-09,0,Ctnnbip1
Rps17,1.89E-13,0.059500209,0.801,0.751,3.34E-09,0,Rps17
Fdxr,1.95E-13,-0.066631585,0.022,0.046,3.44E-09,0,Fdxr
Xrcc5,1.96E-13,0.079671014,0.074,0.047,3.48E-09,0,Xrcc5
Ammecr1,1.99E-13,0.13148349,0.111,0.079,3.52E-09,0,Ammecr1
Gdpd5,2.10E-13,0.077568327,0.042,0.022,3.72E-09,0,Gdpd5
Sacs,2.11E-13,-0.042126255,0.007,0.023,3.74E-09,0,Sacs
Ociad1,2.12E-13,-0.144767955,0.283,0.34,3.75E-09,0,Ociad1
Tmed10,2.17E-13,-0.150170861,0.524,0.559,3.84E-09,0,Tmed10
Triap1,2.18E-13,-0.089658593,0.043,0.073,3.85E-09,0,Triap1
H19,2.31E-13,-0.429343013,0.229,0.279,4.08E-09,0,H19
Cmpk1,2.32E-13,-0.10225353,0.157,0.206,4.10E-09,0,Cmpk1
Gm48207,2.44E-13,0.055492167,0.024,0.01,4.32E-09,0,Gm48207
Zfp354c,2.45E-13,-0.090734534,0.059,0.093,4.33E-09,0,Zfp354c
Kmt2e,2.52E-13,-0.202307187,0.323,0.377,4.46E-09,0,Kmt2e
Tmed5,2.61E-13,0.131746644,0.32,0.272,4.62E-09,0,Tmed5
Msmo1,2.66E-13,-0.12325337,0.028,0.054,4.71E-09,0,Msmo1
Gm14812,2.67E-13,0.01836513,0.006,0,4.72E-09,0,Gm14812
Klf12,2.70E-13,0.053412748,0.032,0.015,4.78E-09,0,Klf12
Hexb,2.75E-13,-0.106716054,0.053,0.085,4.87E-09,0,Hexb
Hes1,2.80E-13,-0.26208256,0.203,0.252,4.95E-09,0,Hes1
Lrp1,2.98E-13,0.077563988,0.703,0.647,5.27E-09,0,Lrp1
Prickle1,3.02E-13,-0.071374203,0.026,0.052,5.34E-09,0,Prickle1
Bcat1,3.02E-13,-0.050377678,0.035,0.064,5.35E-09,0,Bcat1
Ier3ip1,3.08E-13,-0.134069331,0.356,0.411,5.46E-09,0,Ier3ip1
Dcakd,3.12E-13,-0.093230762,0.081,0.12,5.52E-09,0,Dcakd
Sat1,3.31E-13,0.019911555,0.611,0.557,5.85E-09,0,Sat1
Adrb2,3.31E-13,-0.070554875,0.003,0.016,5.85E-09,0,Adrb2
Uox,3.32E-13,-0.029433968,0.002,0.015,5.87E-09,0,Uox
Trarg1,3.34E-13,-0.06970473,0.001,0.012,5.92E-09,0,Trarg1
Efna1,3.36E-13,-0.040960107,0.003,0.016,5.94E-09,0,Efna1
Ubc,3.36E-13,-0.18253895,0.897,0.879,5.95E-09,0,Ubc
Rsrc2,3.40E-13,-0.20151969,0.388,0.44,6.02E-09,0,Rsrc2
Fyb2,3.43E-13,0.042274582,0.016,0.005,6.07E-09,0,Fyb2
Knop1,3.56E-13,0.116679196,0.171,0.132,6.29E-09,0,Knop1
Ndel1,3.82E-13,0.152017714,0.293,0.251,6.77E-09,0,Ndel1
Col24a1,3.91E-13,-0.041335816,0.006,0.022,6.92E-09,0,Col24a1
Ccdc47,3.96E-13,-0.137068881,0.17,0.22,7.02E-09,0,Ccdc47
Efhd2,3.99E-13,0.096963664,0.109,0.076,7.07E-09,0,Efhd2
Lmx1a,4.05E-13,0.082603319,0.044,0.024,7.17E-09,0,Lmx1a
Tead2,4.06E-13,-0.073326809,0.021,0.043,7.19E-09,0,Tead2
Faim2,4.09E-13,-0.046662447,0.002,0.015,7.23E-09,0,Faim2
Phf24,4.09E-13,0.056574948,0.021,0.008,7.25E-09,0,Phf24
Rnasel,4.16E-13,0.097809462,0.08,0.052,7.36E-09,0,Rnasel
Fry,4.21E-13,-0.085922961,0.004,0.019,7.46E-09,0,Fry
Camta1,4.23E-13,-0.102021643,0.035,0.062,7.48E-09,0,Camta1
Slc40a1,4.23E-13,-0.060965851,0.007,0.023,7.48E-09,0,Slc40a1
Tbx3,4.25E-13,-0.122051389,0.028,0.053,7.53E-09,0,Tbx3
Rnase10,4.39E-13,0.039041318,0.015,0.005,7.77E-09,0,Rnase10
Gm36529,4.47E-13,0.034030701,0.01,0.002,7.91E-09,0,Gm36529
Lpp,4.52E-13,0.107456806,0.411,0.36,7.99E-09,0,Lpp
Gm11655,4.57E-13,0.043034274,0.017,0.006,8.08E-09,0,Gm11655
Bin1,4.58E-13,0.08720923,0.276,0.226,8.11E-09,0,Bin1
Phpt1,4.72E-13,-0.130683973,0.112,0.154,8.36E-09,0,Phpt1
Sgsm2,4.79E-13,0.095306719,0.103,0.071,8.48E-09,0,Sgsm2
Nrg1,4.90E-13,-0.032219683,0.003,0.016,8.67E-09,0,Nrg1
Gm38157,5.01E-13,0.089372355,0.067,0.042,8.86E-09,0,Gm38157
Hspa12a,5.09E-13,-0.169658427,0.044,0.073,9.00E-09,0,Hspa12a
Slc35g1,5.34E-13,0.041753312,0.016,0.005,9.44E-09,0,Slc35g1
Hsf2,5.36E-13,0.116673086,0.091,0.061,9.48E-09,0,Hsf2
Copb2,5.36E-13,-0.141093614,0.298,0.351,9.49E-09,0,Copb2
Rps27rt,5.43E-13,0.131674913,0.237,0.192,9.60E-09,0,Rps27rt
Lnpep,5.47E-13,0.124404742,0.272,0.225,9.67E-09,0,Lnpep
Myod1,5.52E-13,-0.128359485,0.002,0.014,9.78E-09,0,Myod1
S1pr1,5.61E-13,-0.033453278,0.005,0.02,9.94E-09,0,S1pr1
Otud7b,5.68E-13,0.13688771,0.149,0.112,1.01E-08,0,Otud7b
Chchd6,5.78E-13,0.116182709,0.09,0.06,1.02E-08,0,Chchd6
Gm12840,5.95E-13,0.027047659,0.012,0.003,1.05E-08,0,Gm12840
Dzip1,5.99E-13,0.113515823,0.114,0.081,1.06E-08,0,Dzip1
Mydgf,5.99E-13,-0.114103044,0.274,0.33,1.06E-08,0,Mydgf
Rpl27a,6.03E-13,0.082943061,0.69,0.634,1.07E-08,0,Rpl27a
Ncoa2,6.19E-13,0.112561848,0.105,0.073,1.10E-08,0,Ncoa2
Ptk2b,6.22E-13,0.07551727,0.033,0.016,1.10E-08,0,Ptk2b
Chrna1,6.35E-13,-0.102282847,0.003,0.016,1.12E-08,0,Chrna1
Cxcl9,6.57E-13,-0.351492157,0.069,0.103,1.16E-08,0,Cxcl9
Kif23,6.59E-13,-0.061702443,0.004,0.018,1.17E-08,0,Kif23
Uggt2,6.65E-13,-0.086107649,0.047,0.077,1.18E-08,0,Uggt2
Nr3c1,6.74E-13,-0.176830455,0.389,0.442,1.19E-08,0,Nr3c1
Camk4,6.91E-13,-0.027508588,0.001,0.012,1.22E-08,0,Camk4
Ets2,7.17E-13,0.125522791,0.134,0.099,1.27E-08,0,Ets2
Prim1,7.17E-13,-0.07752673,0.021,0.044,1.27E-08,0,Prim1
Tmem123,7.31E-13,-0.11267479,0.138,0.184,1.29E-08,0,Tmem123
Adap2,7.45E-13,-0.078564138,0.001,0.013,1.32E-08,0,Adap2
Serf1,7.46E-13,-0.098800803,0.152,0.2,1.32E-08,0,Serf1
Tenm4,7.68E-13,-0.0700153,0.001,0.013,1.36E-08,0,Tenm4
Hnrnpd,8.42E-13,-0.148189458,0.196,0.245,1.49E-08,0,Hnrnpd
Lamb2,8.48E-13,0.075527465,0.446,0.383,1.50E-08,0,Lamb2
Cd302,8.53E-13,-0.178279683,0.589,0.613,1.51E-08,0,Cd302
Naca,8.61E-13,0.083330224,0.649,0.594,1.52E-08,0,Naca
Ndufs5,8.62E-13,-0.088362752,0.069,0.105,1.53E-08,0,Ndufs5
Ubtd1,8.67E-13,-0.066210161,0.031,0.057,1.53E-08,0,Ubtd1
Hsph1,8.68E-13,-0.192300208,0.172,0.219,1.54E-08,0,Hsph1
A4galt,8.83E-13,-0.063118238,0.014,0.033,1.56E-08,0,A4galt
Rerg,8.89E-13,-0.056264894,0.001,0.013,1.57E-08,0,Rerg
Itih5,9.00E-13,-0.055139541,0.689,0.575,1.59E-08,0,Itih5
Lxn,9.01E-13,-0.087200107,0.052,0.084,1.59E-08,0,Lxn
Ckap4,9.12E-13,-0.174175206,0.361,0.403,1.61E-08,0,Ckap4
Gm9800,9.23E-13,-0.083637423,0.059,0.092,1.63E-08,0,Gm9800
Dut,9.27E-13,-0.079268264,0.075,0.112,1.64E-08,0,Dut
Slc5a3,9.46E-13,-0.121350292,0.024,0.048,1.67E-08,0,Slc5a3
Vim,9.53E-13,-0.123712306,0.939,0.894,1.69E-08,0,Vim
Tmprss11a,9.62E-13,0.046412131,0.014,0.004,1.70E-08,0,Tmprss11a
Cdca8,9.99E-13,-0.053254606,0.007,0.023,1.77E-08,0,Cdca8
Ncoa7,1.01E-12,0.102258072,0.226,0.181,1.78E-08,0,Ncoa7
Arhgef25,1.03E-12,-0.122085637,0.136,0.181,1.81E-08,0,Arhgef25
Hoxc10,1.03E-12,-0.114447841,0.108,0.149,1.83E-08,0,Hoxc10
Unc5b,1.04E-12,-0.036242087,0.002,0.013,1.84E-08,0,Unc5b
Homer2,1.07E-12,-0.064299776,0.007,0.023,1.89E-08,0,Homer2
Lsmem1,1.07E-12,0.088308561,0.035,0.018,1.90E-08,0,Lsmem1
Rpl7,1.08E-12,0.070177812,0.773,0.722,1.91E-08,0,Rpl7
B3glct,1.09E-12,-0.093774155,0.075,0.111,1.92E-08,0,B3glct
Fmnl3,1.15E-12,-0.037802169,0.007,0.022,2.04E-08,0,Fmnl3
Ust,1.17E-12,0.122198687,0.101,0.071,2.07E-08,0,Ust
Ndrg4,1.21E-12,0.142305999,0.133,0.098,2.14E-08,0,Ndrg4
BC004004,1.21E-12,-0.095550863,0.131,0.177,2.15E-08,0,BC004004
Adamts17,1.22E-12,-0.037332818,0.002,0.014,2.16E-08,0,Adamts17
Ranbp1,1.27E-12,-0.150091759,0.322,0.371,2.24E-08,0,Ranbp1
Cfl1,1.30E-12,-0.151181139,0.544,0.574,2.29E-08,0,Cfl1
5930403N24Rik,1.36E-12,0.055359111,0.033,0.016,2.40E-08,0,5930403N24Rik
Tubb5,1.38E-12,-0.156187905,0.362,0.412,2.44E-08,0,Tubb5
Nkd1,1.39E-12,-0.068332983,0.006,0.021,2.45E-08,0,Nkd1
Gipc1,1.40E-12,-0.061680525,0.026,0.05,2.48E-08,0,Gipc1
Ror1,1.45E-12,-0.075681155,0.013,0.032,2.57E-08,0,Ror1
Crip1,1.49E-12,-0.231035418,0.901,0.886,2.63E-08,0,Crip1
Coq7,1.57E-12,-0.077057757,0.037,0.064,2.79E-08,0,Coq7
Txlna,1.62E-12,-0.113863883,0.156,0.204,2.86E-08,0,Txlna
Mir100hg,1.65E-12,0.123207661,0.132,0.097,2.92E-08,0,Mir100hg
St13,1.67E-12,0.121145421,0.514,0.466,2.95E-08,0,St13
Tlcd2,1.73E-12,0.107110914,0.112,0.08,3.06E-08,0,Tlcd2
Adra2a,1.73E-12,-0.064163909,0.003,0.016,3.07E-08,0,Adra2a
Dlgap5,1.78E-12,-0.030788688,0.002,0.013,3.15E-08,0,Dlgap5
Cdk2ap2,1.84E-12,-0.153451957,0.19,0.239,3.26E-08,0,Cdk2ap2
Pea15a,1.85E-12,-0.15697018,0.23,0.28,3.27E-08,0,Pea15a
Reps2,1.96E-12,-0.069678085,0.013,0.032,3.46E-08,0,Reps2
Slf2,1.99E-12,-0.141841985,0.046,0.074,3.52E-08,0,Slf2
Hspg2,2.06E-12,-0.217667791,0.461,0.498,3.64E-08,0,Hspg2
Fbxw11,2.09E-12,0.105613675,0.108,0.076,3.70E-08,0,Fbxw11
Igf2,2.16E-12,-0.049740541,0.002,0.013,3.82E-08,0,Igf2
Pcmt1,2.17E-12,-0.140048705,0.183,0.232,3.84E-08,0,Pcmt1
Lrrc8c,2.21E-12,0.089519602,0.085,0.057,3.92E-08,0,Lrrc8c
Pdap1,2.28E-12,-0.144271709,0.426,0.473,4.04E-08,0,Pdap1
Mrps6,2.32E-12,-0.128414248,0.068,0.102,4.11E-08,0,Mrps6
Npas2,2.34E-12,-0.090504385,0.038,0.065,4.13E-08,0,Npas2
Sema6d,2.49E-12,-0.133964859,0.025,0.048,4.40E-08,0,Sema6d
Tbx2,2.51E-12,-0.053649324,0.001,0.013,4.45E-08,0,Tbx2
1500009L16Rik,2.52E-12,-0.084169644,0.017,0.037,4.46E-08,0,1500009L16Rik
Gcsh,2.62E-12,0.176184668,0.153,0.119,4.64E-08,0,Gcsh
Gm37140,2.64E-12,0.051151755,0.022,0.009,4.68E-08,0,Gm37140
Aprt,2.72E-12,-0.083695512,0.166,0.216,4.81E-08,0,Aprt
Gm46329,2.74E-12,0.035391887,0.018,0.006,4.84E-08,0,Gm46329
Ociad2,2.78E-12,-0.074503278,0.037,0.064,4.92E-08,0,Ociad2
Tgfb1,2.82E-12,-0.063073576,0.017,0.037,5.00E-08,0,Tgfb1
Uhrf1,2.83E-12,-0.035677995,0.004,0.017,5.00E-08,0,Uhrf1
Plxnc1,2.84E-12,-0.066849638,0.005,0.019,5.03E-08,0,Plxnc1
Cox7c,2.86E-12,-0.172450518,0.597,0.617,5.06E-08,0,Cox7c
Phlpp1,2.90E-12,0.083069256,0.05,0.029,5.14E-08,0,Phlpp1
Barx2,2.95E-12,-0.045839393,0.019,0.041,5.22E-08,0,Barx2
Synpo2,2.97E-12,-0.112110174,0.009,0.025,5.26E-08,0,Synpo2
Bcl2,2.99E-12,-0.104836065,0.023,0.046,5.29E-08,0,Bcl2
Dcn,3.03E-12,-0.232580554,0.997,0.929,5.36E-08,0,Dcn
Ddx21,3.06E-12,0.105198781,0.417,0.369,5.41E-08,0,Ddx21
C430019N01Rik,3.08E-12,0.040792899,0.025,0.011,5.45E-08,0,C430019N01Rik
Adgrl1,3.14E-12,-0.073886307,0.034,0.06,5.55E-08,0,Adgrl1
Tro,3.14E-12,-0.043324606,0.007,0.022,5.56E-08,0,Tro
Rgs3,3.21E-12,-0.051872278,0.008,0.024,5.68E-08,0,Rgs3
Wnk1,3.27E-12,0.118485854,0.348,0.303,5.78E-08,0,Wnk1
Gm7909,3.28E-12,0.071763579,0.033,0.017,5.81E-08,0,Gm7909
Gm44695,3.35E-12,0.036846238,0.017,0.006,5.93E-08,0,Gm44695
Rab20,3.59E-12,-0.062844756,0.013,0.032,6.36E-08,0,Rab20
P3h4,3.61E-12,-0.115022034,0.139,0.183,6.40E-08,0,P3h4
Tns2,3.64E-12,0.109416562,0.214,0.171,6.45E-08,0,Tns2
Snhg11,3.72E-12,0.066381974,0.039,0.021,6.59E-08,0,Snhg11
Sorbs2,3.89E-12,-0.104377786,0.002,0.013,6.88E-08,0,Sorbs2
Rtn3,3.91E-12,0.112099473,0.353,0.308,6.93E-08,0,Rtn3
Rab15,3.92E-12,-0.035493765,0.005,0.019,6.94E-08,0,Rab15
Hhip,4.00E-12,-0.0634356,0,0.01,7.07E-08,0,Hhip
Gm43793,4.09E-12,0.027906395,0.012,0.003,7.24E-08,0,Gm43793
Cyth3,4.14E-12,-0.17522702,0.223,0.27,7.33E-08,0,Cyth3
Enpep,4.29E-12,0.074143989,0.12,0.086,7.59E-08,0,Enpep
Socs3,4.29E-12,-0.141472949,0.551,0.598,7.59E-08,0,Socs3
Tmcc3,4.31E-12,0.104743243,0.117,0.085,7.62E-08,0,Tmcc3
Gm17455,4.33E-12,-0.038438675,0.003,0.016,7.67E-08,0,Gm17455
Ap3m2,4.40E-12,0.085283478,0.08,0.053,7.79E-08,0,Ap3m2
Abr,4.46E-12,-0.094845415,0.023,0.046,7.89E-08,0,Abr
Syt17,4.52E-12,-0.039413437,0.003,0.016,8.00E-08,0,Syt17
Dgkd,4.53E-12,-0.100735178,0.035,0.061,8.01E-08,0,Dgkd
Rpl29,4.54E-12,0.079577851,0.514,0.458,8.03E-08,0,Rpl29
Herpud1,4.77E-12,-0.13104692,0.233,0.284,8.45E-08,0,Herpud1
Cyfip1,4.83E-12,0.13664198,0.234,0.192,8.54E-08,0,Cyfip1
Golm1,4.85E-12,-0.059962695,0.035,0.061,8.58E-08,0,Golm1
Wdr89,5.07E-12,0.098056485,0.302,0.257,8.98E-08,0,Wdr89
Pdlim3,5.10E-12,-0.081456557,0.001,0.012,9.02E-08,0,Pdlim3
Zcchc24,5.21E-12,0.112335261,0.336,0.291,9.22E-08,0,Zcchc24
Ank3,5.25E-12,-0.123983234,0.069,0.102,9.29E-08,0,Ank3
Cgref1,5.30E-12,-0.04171763,0.012,0.03,9.38E-08,0,Cgref1
C130026I21Rik,5.36E-12,0.030875548,0.009,0.002,9.49E-08,0,C130026I21Rik
Eif5b,5.56E-12,0.097782992,0.519,0.47,9.84E-08,0,Eif5b
Egfros,5.64E-12,0.074720878,0.064,0.04,9.99E-08,0,Egfros
Thsd7a,5.67E-12,-0.137973063,0.028,0.051,1.00E-07,0,Thsd7a
Pappa2,5.68E-12,-0.14929154,0.009,0.025,1.01E-07,0,Pappa2
Agmo,5.69E-12,-0.073236243,0.023,0.046,1.01E-07,0,Agmo
Stard8,5.69E-12,-0.069591457,0.009,0.025,1.01E-07,0,Stard8
Hlf,5.69E-12,-0.123165441,0.036,0.062,1.01E-07,0,Hlf
Ucp2,5.78E-12,-0.053147513,0.001,0.012,1.02E-07,0,Ucp2
Katnbl1,5.80E-12,0.1016959,0.074,0.049,1.03E-07,0,Katnbl1
Ppp2ca,5.84E-12,0.123558559,0.291,0.248,1.03E-07,0,Ppp2ca
Rgl1,5.89E-12,0.108024819,0.182,0.142,1.04E-07,0,Rgl1
Spock3,5.93E-12,0.034459883,0.015,0.005,1.05E-07,0,Spock3
Tmem87a,5.98E-12,-0.10112714,0.048,0.077,1.06E-07,0,Tmem87a
Dsel,5.98E-12,0.139781271,0.211,0.173,1.06E-07,0,Dsel
Kif21b,6.06E-12,0.054604063,0.02,0.008,1.07E-07,0,Kif21b
Filip1l,6.07E-12,-0.025125,0.549,0.489,1.07E-07,0,Filip1l
Crabp1,6.08E-12,-0.047655564,0.006,0.021,1.08E-07,0,Crabp1
Ndc80,6.47E-12,-0.026281718,0.001,0.012,1.14E-07,0,Ndc80
Hs2st1,6.63E-12,-0.080702759,0.073,0.108,1.17E-07,0,Hs2st1
Tbc1d8b,6.70E-12,-0.079174049,0.055,0.087,1.19E-07,0,Tbc1d8b
Plod3,6.88E-12,-0.100051291,0.146,0.191,1.22E-07,0,Plod3
Sgcd,6.94E-12,-0.040188418,0.003,0.015,1.23E-07,0,Sgcd
Slc44a1,6.95E-12,0.11972411,0.28,0.235,1.23E-07,0,Slc44a1
Susd6,7.01E-12,-0.115124965,0.186,0.234,1.24E-07,0,Susd6
Pde7b,7.03E-12,-0.08714995,0.01,0.026,1.24E-07,0,Pde7b
Gm43290,7.12E-12,0.036650186,0.019,0.007,1.26E-07,0,Gm43290
Map3k8,7.23E-12,0.101597632,0.124,0.091,1.28E-07,0,Map3k8
Timeless,7.25E-12,-0.086234662,0.018,0.038,1.28E-07,0,Timeless
Pi4k2b,7.48E-12,-0.073319747,0.06,0.092,1.32E-07,0,Pi4k2b
Fgd5,7.49E-12,-0.063106623,0.013,0.031,1.33E-07,0,Fgd5
Exoc2,7.65E-12,0.113390583,0.075,0.05,1.35E-07,0,Exoc2
Vasp,7.86E-12,-0.118922196,0.112,0.152,1.39E-07,0,Vasp
Ces2g,7.88E-12,0.118247343,0.152,0.115,1.40E-07,0,Ces2g
Plp1,7.93E-12,-0.513456894,0.012,0.029,1.40E-07,0,Plp1
Vaultrc5,8.19E-12,-0.072944329,0.019,0.04,1.45E-07,0,Vaultrc5
Nr4a1,8.28E-12,0.020254597,0.616,0.559,1.46E-07,0,Nr4a1
Rcor3,8.51E-12,-0.099736519,0.05,0.08,1.51E-07,0,Rcor3
Gm15753,8.56E-12,0.048639678,0.029,0.014,1.51E-07,0,Gm15753
Arglu1,8.66E-12,-0.14427081,0.326,0.382,1.53E-07,0,Arglu1
Ifitm2,8.68E-12,-0.110911874,0.79,0.785,1.54E-07,0,Ifitm2
Smarca2,8.74E-12,0.091536765,0.475,0.426,1.55E-07,0,Smarca2
Ttll5,8.99E-12,-0.062822943,0.019,0.039,1.59E-07,0,Ttll5
Kif1c,9.56E-12,0.122594939,0.12,0.088,1.69E-07,0,Kif1c
2410004P03Rik,9.61E-12,0.028363292,0.012,0.003,1.70E-07,0,2410004P03Rik
Klhl23,9.63E-12,-0.088049636,0.008,0.023,1.70E-07,0,Klhl23
Gucy1a2,9.71E-12,-0.066484685,0.003,0.016,1.72E-07,0,Gucy1a2
Fbxw17,9.76E-12,0.083537241,0.078,0.052,1.73E-07,0,Fbxw17
Gatm,9.81E-12,-0.249286158,0.002,0.013,1.74E-07,0,Gatm
Psmb6,9.95E-12,-0.135530461,0.317,0.368,1.76E-07,0,Psmb6
Ephx3,1.00E-11,-0.080592922,0.002,0.013,1.78E-07,0,Ephx3
Eml1,1.02E-11,-0.079866854,0.084,0.121,1.80E-07,0,Eml1
Praf2,1.03E-11,-0.071553111,0.099,0.138,1.82E-07,0,Praf2
Lrrc8d,1.03E-11,0.066263142,0.046,0.026,1.82E-07,0,Lrrc8d
Mmp16,1.08E-11,-0.078134159,0.016,0.035,1.90E-07,0,Mmp16
Chmp3,1.08E-11,0.125504909,0.345,0.303,1.91E-07,0,Chmp3
Tacc3,1.09E-11,-0.04489463,0.011,0.028,1.92E-07,0,Tacc3
Creb3l2,1.11E-11,-0.135096755,0.204,0.254,1.97E-07,0,Creb3l2
Jund,1.16E-11,-0.1759036,0.811,0.809,2.06E-07,0,Jund
Gnb1,1.16E-11,0.121709208,0.371,0.327,2.06E-07,0,Gnb1
Txndc16,1.17E-11,-0.108878658,0.04,0.067,2.06E-07,0,Txndc16
Tmed1,1.18E-11,-0.068520549,0.073,0.108,2.09E-07,0,Tmed1
Gm16118,1.20E-11,0.072436766,0.038,0.02,2.12E-07,0,Gm16118
Fzd4,1.20E-11,-0.131301728,0.076,0.109,2.13E-07,0,Fzd4
Rps2-ps10,1.21E-11,0.113569235,0.366,0.322,2.14E-07,0,Rps2-ps10
Dgkb,1.32E-11,-0.065076157,0,0.01,2.33E-07,0,Dgkb
Lacc1,1.38E-11,0.088122676,0.049,0.029,2.44E-07,0,Lacc1
Clec2e,1.43E-11,0.014223497,0.005,0.001,2.53E-07,0,Clec2e
Nt5dc2,1.43E-11,-0.039422248,0.018,0.038,2.53E-07,0,Nt5dc2
Tsr1,1.45E-11,-0.074515737,0.076,0.112,2.57E-07,0,Tsr1
Trerf1,1.47E-11,0.115995072,0.124,0.092,2.61E-07,0,Trerf1
Lgals3bp,1.57E-11,0.155601341,0.345,0.306,2.77E-07,0,Lgals3bp
Rcsd1,1.69E-11,-0.07265123,0.001,0.012,2.99E-07,0,Rcsd1
4933423P22Rik,1.75E-11,0.020970638,0.007,0.001,3.10E-07,0,4933423P22Rik
Tppp3,1.77E-11,-0.045296097,0.668,0.582,3.13E-07,0,Tppp3
Ap1s2,1.78E-11,-0.141433506,0.08,0.113,3.15E-07,0,Ap1s2
Glt8d1,1.84E-11,-0.077763283,0.104,0.143,3.25E-07,0,Glt8d1
Col23a1,1.87E-11,-0.054466811,0.009,0.025,3.31E-07,0,Col23a1
Bdkrb1,1.91E-11,-0.031528972,0.001,0.011,3.38E-07,0,Bdkrb1
Vegfa,1.91E-11,0.117940815,0.211,0.171,3.39E-07,0,Vegfa
Stim1,1.96E-11,0.088939211,0.174,0.135,3.47E-07,0,Stim1
Map1lc3a,1.96E-11,-0.160177892,0.319,0.369,3.47E-07,0,Map1lc3a
Snx6,1.97E-11,0.129188362,0.42,0.374,3.49E-07,0,Snx6
Sfrp5,1.97E-11,-0.326484975,0.004,0.016,3.49E-07,0,Sfrp5
Syne3,2.01E-11,-0.062450769,0.007,0.022,3.55E-07,0,Syne3
Fam78b,2.01E-11,-0.034954284,0.003,0.015,3.55E-07,0,Fam78b
Ccdc152,2.01E-11,-0.150019489,0.097,0.132,3.56E-07,0,Ccdc152
Ccser2,2.04E-11,-0.138926854,0.161,0.205,3.61E-07,0,Ccser2
Tmem106c,2.07E-11,0.081965611,0.079,0.053,3.66E-07,0,Tmem106c
Lama2,2.07E-11,0.005617879,0.42,0.353,3.66E-07,0,Lama2
Tox,2.09E-11,-0.051968889,0.001,0.012,3.71E-07,0,Tox
Dtx2,2.10E-11,0.079914153,0.05,0.03,3.72E-07,0,Dtx2
Eef1akmt4,2.12E-11,-0.042090116,0.02,0.041,3.75E-07,0,Eef1akmt4
Abca3,2.18E-11,0.065454322,0.046,0.027,3.85E-07,0,Abca3
Prpf38b,2.18E-11,-0.171019974,0.358,0.408,3.87E-07,0,Prpf38b
Stambpl1,2.19E-11,0.109301005,0.071,0.047,3.88E-07,0,Stambpl1
Adam22,2.22E-11,0.034633363,0.048,0.028,3.93E-07,0,Adam22
Bud31,2.25E-11,-0.088131192,0.092,0.129,3.97E-07,0,Bud31
Arap2,2.26E-11,-0.080445759,0.004,0.016,4.00E-07,0,Arap2
Ggt7,2.29E-11,-0.037591449,0.001,0.01,4.05E-07,0,Ggt7
Zfp53,2.29E-11,-0.053870091,0.01,0.027,4.05E-07,0,Zfp53
Pon3,2.35E-11,-0.093089254,0.054,0.083,4.15E-07,0,Pon3
Sec13,2.35E-11,-0.134410133,0.264,0.31,4.17E-07,0,Sec13
Qsox1,2.37E-11,-0.090536813,0.139,0.183,4.19E-07,0,Qsox1
Insig1,2.38E-11,-0.133638178,0.059,0.089,4.21E-07,0,Insig1
Prkcd,2.38E-11,-0.076562627,0.041,0.068,4.22E-07,0,Prkcd
Tshr,2.40E-11,-0.037475049,0,0.01,4.25E-07,0,Tshr
Mettl1,2.40E-11,-0.104946482,0.093,0.129,4.25E-07,0,Mettl1
Taf7,2.46E-11,-0.145772587,0.112,0.15,4.36E-07,0,Taf7
Ctxn1,2.49E-11,-0.032643268,0.006,0.019,4.40E-07,0,Ctxn1
Mvb12b,2.49E-11,-0.069964466,0.011,0.028,4.41E-07,0,Mvb12b
Sf3b1,2.59E-11,-0.161082906,0.462,0.503,4.59E-07,0,Sf3b1
Sned1,2.70E-11,0.098736314,0.257,0.211,4.77E-07,0,Sned1
Pard3b,2.70E-11,0.110275538,0.155,0.119,4.78E-07,0,Pard3b
Sppl2a,2.70E-11,0.119361753,0.322,0.279,4.78E-07,0,Sppl2a
Ank1,2.73E-11,-0.119620461,0.008,0.023,4.83E-07,0,Ank1
Megf6,2.73E-11,-0.028539663,0.002,0.012,4.83E-07,0,Megf6
Sccpdh,2.82E-11,-0.078254563,0.044,0.071,4.99E-07,0,Sccpdh
Cenpe,2.86E-11,-0.099186536,0.011,0.028,5.06E-07,0,Cenpe
Vgll2,2.86E-11,-0.078808851,0,0.01,5.07E-07,0,Vgll2
Asb5,2.87E-11,-0.078606661,0.001,0.011,5.08E-07,0,Asb5
Enpp3,2.88E-11,0.124335614,0.101,0.072,5.09E-07,0,Enpp3
Setd7,2.97E-11,0.128529599,0.188,0.15,5.26E-07,0,Setd7
Mex3a,3.05E-11,-0.043269064,0.013,0.03,5.41E-07,0,Mex3a
Vps13b,3.08E-11,0.091801706,0.07,0.046,5.45E-07,0,Vps13b
Hspd1,3.08E-11,-0.15973491,0.314,0.362,5.46E-07,0,Hspd1
Fkbp11,3.11E-11,-0.103029616,0.154,0.197,5.51E-07,0,Fkbp11
Cited1,3.12E-11,-0.06800846,0.006,0.019,5.53E-07,0,Cited1
Tspan4,3.16E-11,-0.056955692,0.038,0.064,5.59E-07,0,Tspan4
Cnmd,3.21E-11,-0.071993368,0.002,0.013,5.68E-07,0,Cnmd
Exoc3l4,3.33E-11,-0.060819494,0.017,0.035,5.89E-07,0,Exoc3l4
P2rx4,3.37E-11,0.139317653,0.184,0.147,5.96E-07,0,P2rx4
Gm49266,3.40E-11,0.058592723,0.029,0.014,6.01E-07,0,Gm49266
Trip10,3.40E-11,0.089642056,0.256,0.212,6.01E-07,0,Trip10
Clasp1,3.52E-11,0.128176625,0.126,0.094,6.24E-07,0,Clasp1
Hist1h1e,3.64E-11,-0.137329992,0.037,0.061,6.43E-07,0,Hist1h1e
Gm43050,3.65E-11,0.062970114,0.04,0.022,6.47E-07,0,Gm43050
Xrn2,3.74E-11,-0.122309336,0.199,0.247,6.62E-07,0,Xrn2
Arhgap11a,3.75E-11,-0.033287177,0.003,0.015,6.63E-07,0,Arhgap11a
Six4,3.84E-11,-0.031592996,0.004,0.017,6.80E-07,0,Six4
Lrrc42,3.91E-11,-0.067288989,0.038,0.063,6.92E-07,0,Lrrc42
Trp53i13,3.92E-11,-0.098530021,0.07,0.103,6.94E-07,0,Trp53i13
Fads6,3.94E-11,-0.049437288,0.004,0.016,6.97E-07,0,Fads6
Jam3,3.96E-11,-0.108539657,0.07,0.102,7.02E-07,0,Jam3
Sntg1,4.01E-11,0.019174329,0.005,0,7.10E-07,0,Sntg1
Otulinl,4.05E-11,-0.039135064,0.002,0.013,7.17E-07,0,Otulinl
Tmem245,4.08E-11,-0.110725057,0.063,0.093,7.21E-07,0,Tmem245
Lamtor1,4.12E-11,-0.090422117,0.139,0.182,7.29E-07,0,Lamtor1
Stard9,4.16E-11,0.06739496,0.093,0.064,7.37E-07,0,Stard9
Atp5c1,4.17E-11,-0.149984733,0.387,0.434,7.38E-07,0,Atp5c1
Aldh1l2,4.21E-11,-0.025203868,0.004,0.017,7.45E-07,0,Aldh1l2
Osbpl3,4.36E-11,0.065098675,0.064,0.041,7.71E-07,0,Osbpl3
Trpm6,4.39E-11,-0.044828943,0.003,0.014,7.76E-07,0,Trpm6
Maged2,4.43E-11,-0.133874274,0.281,0.331,7.83E-07,0,Maged2
Cul1,4.45E-11,-0.136667401,0.226,0.274,7.88E-07,0,Cul1
Serinc2,4.45E-11,-0.030471138,0,0.009,7.88E-07,0,Serinc2
Frmd4a,4.60E-11,-0.092243771,0.055,0.084,8.14E-07,0,Frmd4a
Arpc5,4.77E-11,0.117402126,0.527,0.483,8.44E-07,0,Arpc5
Arhgef19,4.80E-11,-0.033164968,0.002,0.013,8.49E-07,0,Arhgef19
Epha1,4.80E-11,0.052961509,0.028,0.013,8.49E-07,0,Epha1
7-Sep,4.80E-11,-0.149883462,0.708,0.723,8.50E-07,0,7-Sep
Itga9,4.86E-11,0.10261607,0.09,0.063,8.61E-07,0,Itga9
Trim35,4.90E-11,0.140273791,0.185,0.149,8.68E-07,0,Trim35
Ints6l,4.92E-11,-0.128113415,0.047,0.074,8.71E-07,0,Ints6l
Prnp,4.92E-11,0.025107729,0.517,0.462,8.71E-07,0,Prnp
Ccdc68,5.02E-11,0.055527659,0.044,0.025,8.89E-07,0,Ccdc68
Tmem70,5.12E-11,-0.072530384,0.068,0.101,9.06E-07,0,Tmem70
Oga,5.16E-11,0.110175364,0.173,0.137,9.14E-07,0,Oga
Ppp1ca,5.21E-11,-0.094411759,0.191,0.238,9.23E-07,0,Ppp1ca
Col7a1,5.22E-11,-0.040527238,0.005,0.017,9.23E-07,0,Col7a1
Tmem246,5.28E-11,-0.057846493,0.003,0.014,9.35E-07,0,Tmem246
Cdc14b,5.44E-11,0.108401111,0.072,0.048,9.63E-07,0,Cdc14b
Gm43792,5.46E-11,0.027348889,0.012,0.003,9.66E-07,0,Gm43792
Rpl28,5.48E-11,0.063547534,0.687,0.628,9.71E-07,0,Rpl28
Hecw2,5.60E-11,0.061037859,0.038,0.021,9.91E-07,0,Hecw2
Ptpn14,5.60E-11,-0.053350262,0.017,0.036,9.91E-07,0,Ptpn14
Orai1,5.60E-11,0.076272161,0.062,0.039,9.92E-07,0,Orai1
Gm49525,5.67E-11,0.037265784,0.02,0.008,1.00E-06,0,Gm49525
Micall1,5.69E-11,0.085385766,0.066,0.043,1.01E-06,0,Micall1
Atp5g1,5.76E-11,-0.159143742,0.303,0.351,1.02E-06,0,Atp5g1
Tnrc6c,5.82E-11,-0.155648465,0.177,0.221,1.03E-06,0,Tnrc6c
Rps4l,5.85E-11,0.127358072,0.179,0.142,1.04E-06,0,Rps4l
Mmp9,5.86E-11,-0.035123478,0.004,0.016,1.04E-06,0,Mmp9
Bsg,5.92E-11,-0.131467473,0.583,0.605,1.05E-06,0,Bsg
Magt1,5.93E-11,0.125210609,0.357,0.317,1.05E-06,0,Magt1
Gm29325,5.94E-11,0.033009656,0.012,0.004,1.05E-06,0,Gm29325
Nol3,5.95E-11,-0.06226454,0.015,0.033,1.05E-06,0,Nol3
Elf3,6.09E-11,0.020473321,0.004,0,1.08E-06,0,Elf3
Rpl10,6.19E-11,0.065805678,0.76,0.705,1.10E-06,0,Rpl10
Snrpd3,6.20E-11,-0.141447208,0.316,0.364,1.10E-06,0,Snrpd3
Aurkaip1,6.21E-11,-0.11240819,0.129,0.169,1.10E-06,0,Aurkaip1
Plekhg5,6.38E-11,-0.055512943,0.004,0.017,1.13E-06,0,Plekhg5
Arpc1b,6.51E-11,0.070594938,0.669,0.609,1.15E-06,0,Arpc1b
Slc3a2,6.52E-11,0.124879896,0.321,0.28,1.15E-06,0,Slc3a2
Fndc3a,6.52E-11,0.123081085,0.231,0.192,1.15E-06,0,Fndc3a
Kctd11,6.53E-11,-0.057557697,0.046,0.074,1.16E-06,0,Kctd11
Chst14,6.53E-11,-0.061154012,0.043,0.07,1.16E-06,0,Chst14
Gm49212,6.62E-11,0.021609574,0.006,0.001,1.17E-06,0,Gm49212
Ccnl2,6.72E-11,-0.138389372,0.274,0.326,1.19E-06,0,Ccnl2
Tifa,6.93E-11,-0.068257494,0.005,0.018,1.23E-06,0,Tifa
Igf1r,6.94E-11,0.105868279,0.22,0.18,1.23E-06,0,Igf1r
Zfp469,6.95E-11,-0.034154338,0.023,0.044,1.23E-06,0,Zfp469
Pak3,7.10E-11,-0.041516668,0.007,0.021,1.26E-06,0,Pak3
Spty2d1,7.21E-11,-0.145570033,0.26,0.308,1.28E-06,0,Spty2d1
Abcb1b,7.35E-11,-0.056205044,0.011,0.027,1.30E-06,0,Abcb1b
Ttc12,7.37E-11,-0.04307427,0.007,0.021,1.30E-06,0,Ttc12
Mindy1,7.42E-11,0.117128935,0.107,0.078,1.31E-06,0,Mindy1
Tnfsf18,7.58E-11,0.025665274,0.009,0.002,1.34E-06,0,Tnfsf18
Eda,7.66E-11,-0.07863242,0.022,0.042,1.36E-06,0,Eda
Nek6,7.84E-11,-0.054930258,0.074,0.107,1.39E-06,0,Nek6
Slc11a1,7.98E-11,-0.064689817,0.001,0.01,1.41E-06,0,Slc11a1
Slc36a2,8.00E-11,-0.042115408,0.001,0.011,1.42E-06,0,Slc36a2
Gm16793,8.07E-11,0.011749348,0.004,0,1.43E-06,0,Gm16793
Acot13,8.12E-11,-0.069754071,0.078,0.111,1.44E-06,0,Acot13
Ywhab,8.14E-11,0.090339955,0.615,0.567,1.44E-06,0,Ywhab
Sort1,8.40E-11,-0.070041222,0.006,0.019,1.49E-06,0,Sort1
Gm4617,8.47E-11,-0.091668261,0.061,0.091,1.50E-06,0,Gm4617
Oasl2,8.49E-11,0.101861169,0.199,0.16,1.50E-06,0,Oasl2
Gm49524,8.51E-11,0.036248452,0.017,0.007,1.51E-06,0,Gm49524
Gm6133,8.51E-11,0.091752081,0.103,0.074,1.51E-06,0,Gm6133
Lrig1,8.51E-11,-0.076072167,0.021,0.041,1.51E-06,0,Lrig1
Medag,8.58E-11,0.047254993,0.559,0.496,1.52E-06,0,Medag
Gm42993,8.78E-11,-0.043206836,0.003,0.014,1.55E-06,0,Gm42993
Sh3bp5,8.92E-11,0.112860538,0.139,0.107,1.58E-06,0,Sh3bp5
Bet1l,8.99E-11,-0.088618818,0.168,0.215,1.59E-06,0,Bet1l
Abca6,9.03E-11,0.032645795,0.111,0.079,1.60E-06,0,Abca6
Gmnn,9.17E-11,-0.036651288,0.006,0.02,1.62E-06,0,Gmnn
Ccdc85b,9.36E-11,0.104618631,0.172,0.137,1.66E-06,0,Ccdc85b
Mst1r,9.59E-11,0.075725719,0.052,0.032,1.70E-06,0,Mst1r
Bdnf,9.60E-11,-0.047132883,0.004,0.016,1.70E-06,0,Bdnf
Mpdz,9.61E-11,0.115196419,0.306,0.265,1.70E-06,0,Mpdz
Emd,9.69E-11,0.129176162,0.171,0.137,1.72E-06,0,Emd
Tpcn2,9.92E-11,0.061849462,0.041,0.024,1.76E-06,0,Tpcn2
H2-Q6,9.94E-11,0.064738341,0.043,0.024,1.76E-06,0,H2-Q6
Adgra1,9.96E-11,-0.037221579,0.001,0.01,1.76E-06,0,Adgra1
Myo1c,9.97E-11,-0.087491419,0.107,0.144,1.76E-06,0,Myo1c
Cep83,1.02E-10,-0.088571878,0.106,0.144,1.81E-06,0,Cep83
Mpnd,1.04E-10,-0.065491757,0.044,0.071,1.84E-06,0,Mpnd
Prr5,1.06E-10,-0.054040274,0.012,0.029,1.88E-06,0,Prr5
Gm38036,1.07E-10,0.028847188,0.008,0.002,1.89E-06,0,Gm38036
Ube2g2,1.08E-10,-0.076628292,0.089,0.125,1.91E-06,0,Ube2g2
Klf10,1.08E-10,-0.095729818,0.048,0.075,1.92E-06,0,Klf10
Snx33,1.10E-10,0.089385074,0.08,0.055,1.96E-06,0,Snx33
Col4a4,1.12E-10,-0.120359188,0.026,0.047,1.98E-06,0,Col4a4
Huwe1,1.15E-10,0.099546274,0.259,0.218,2.04E-06,0,Huwe1
Foxo1,1.15E-10,0.074662715,0.133,0.1,2.04E-06,0,Foxo1
Pstpip1,1.16E-10,-0.04161305,0.002,0.013,2.05E-06,0,Pstpip1
Nrbp2,1.19E-10,-0.078756622,0.018,0.037,2.10E-06,0,Nrbp2
Prox1,1.20E-10,-0.109966505,0.004,0.016,2.12E-06,0,Prox1
Sppl3,1.21E-10,0.116412047,0.096,0.069,2.14E-06,0,Sppl3
Chd7,1.23E-10,-0.069218914,0.002,0.012,2.18E-06,0,Chd7
Rassf8,1.24E-10,0.114821217,0.125,0.094,2.20E-06,0,Rassf8
Cish,1.24E-10,-0.07397168,0.035,0.059,2.20E-06,0,Cish
Cd151,1.32E-10,-0.158096274,0.105,0.139,2.34E-06,0,Cd151
Rab5c,1.37E-10,0.107777348,0.219,0.181,2.43E-06,0,Rab5c
Wbp1l,1.40E-10,0.130382497,0.188,0.153,2.49E-06,0,Wbp1l
D430019H16Rik,1.42E-10,-0.029776081,0.001,0.011,2.51E-06,0,D430019H16Rik
Snhg12,1.42E-10,-0.121273654,0.132,0.172,2.51E-06,0,Snhg12
Phf5a,1.43E-10,-0.096880314,0.117,0.156,2.53E-06,0,Phf5a
Erf,1.45E-10,-0.079184747,0.034,0.058,2.56E-06,0,Erf
Adamts6,1.45E-10,-0.044712008,0.013,0.03,2.57E-06,0,Adamts6
Cox5a,1.47E-10,-0.107848305,0.114,0.152,2.60E-06,0,Cox5a
Garem1,1.48E-10,-0.058246812,0.005,0.017,2.62E-06,0,Garem1
Vdac2,1.50E-10,-0.106651462,0.168,0.213,2.66E-06,0,Vdac2
Vcp,1.54E-10,0.094782589,0.482,0.437,2.72E-06,0,Vcp
Adamts7,1.57E-10,-0.031105832,0.009,0.023,2.79E-06,0,Adamts7
Ankrd28,1.58E-10,-0.068000063,0.03,0.052,2.79E-06,0,Ankrd28
Cpz,1.61E-10,-0.08067923,0.04,0.065,2.84E-06,0,Cpz
Dixdc1,1.61E-10,-0.078269751,0.011,0.027,2.85E-06,0,Dixdc1
Airn,1.70E-10,-0.113132806,0.073,0.104,3.02E-06,0,Airn
Fam171b,1.71E-10,0.12230461,0.167,0.133,3.03E-06,0,Fam171b
Serinc5,1.72E-10,0.114345021,0.085,0.06,3.05E-06,0,Serinc5
Prelid2,1.73E-10,-0.040967644,0.011,0.027,3.06E-06,0,Prelid2
Stard4,1.74E-10,-0.043487848,0.014,0.03,3.07E-06,0,Stard4
Gabarapl1,1.77E-10,-0.135442208,0.212,0.257,3.14E-06,0,Gabarapl1
Atp6v1b2,1.78E-10,0.107274682,0.144,0.111,3.15E-06,0,Atp6v1b2
Idh3a,1.81E-10,-0.07863933,0.073,0.106,3.21E-06,0,Idh3a
Msra,1.82E-10,-0.049745421,0.01,0.025,3.22E-06,0,Msra
Cd2ap,1.89E-10,-0.133818018,0.241,0.287,3.34E-06,0,Cd2ap
Mpp1,1.93E-10,-0.087291556,0.07,0.101,3.42E-06,0,Mpp1
Gm32219,1.94E-10,-0.072991188,0.014,0.031,3.43E-06,0,Gm32219
Tcf4,1.94E-10,-0.211242187,0.576,0.597,3.43E-06,0,Tcf4
Carmn,1.95E-10,-0.075398155,0.004,0.016,3.46E-06,0,Carmn
Anxa7,1.96E-10,0.112050644,0.26,0.221,3.47E-06,0,Anxa7
Pkib,1.97E-10,0.018506363,0.004,0,3.49E-06,0,Pkib
Pgrmc2,1.99E-10,-0.096044319,0.149,0.191,3.52E-06,0,Pgrmc2
Gpx7,2.00E-10,-0.086422719,0.218,0.267,3.53E-06,0,Gpx7
Ptges3l,2.03E-10,-0.049054773,0.016,0.033,3.59E-06,0,Ptges3l
Pold4,2.06E-10,-0.087191377,0.069,0.1,3.64E-06,0,Pold4
Rftn2,2.08E-10,-0.091205722,0.039,0.064,3.68E-06,0,Rftn2
Fbxo32,2.17E-10,-0.092317104,0.023,0.043,3.84E-06,0,Fbxo32
Sv2c,2.17E-10,0.033232007,0.014,0.005,3.85E-06,0,Sv2c
Cited2,2.20E-10,0.135036648,0.211,0.174,3.89E-06,0,Cited2
Siah2,2.21E-10,-0.063758736,0.023,0.043,3.91E-06,0,Siah2
Hspa8,2.21E-10,-0.110115563,0.89,0.883,3.91E-06,0,Hspa8
Ccnd2,2.24E-10,-0.19829454,0.343,0.387,3.96E-06,0,Ccnd2
Gnrh1,2.25E-10,0.033642611,0.021,0.009,3.98E-06,0,Gnrh1
Gm42992,2.35E-10,-0.049110067,0.004,0.016,4.16E-06,0,Gm42992
Rrm2,2.41E-10,-0.030268588,0.005,0.017,4.26E-06,0,Rrm2
Cda,2.44E-10,-0.029378606,0.004,0.016,4.32E-06,0,Cda
N6amt1,2.51E-10,-0.093460948,0.088,0.122,4.44E-06,0,N6amt1
H2-T23,2.52E-10,0.126001137,0.219,0.181,4.46E-06,0,H2-T23
Mad2l1,2.54E-10,-0.033201189,0.009,0.024,4.49E-06,0,Mad2l1
Slc25a4,2.58E-10,-0.176742358,0.652,0.667,4.56E-06,0,Slc25a4
Plscr1,2.64E-10,0.121250726,0.095,0.068,4.66E-06,0,Plscr1
Gm37899,2.64E-10,0.126585172,0.091,0.065,4.67E-06,0,Gm37899
Use1,2.64E-10,0.110265559,0.35,0.309,4.68E-06,0,Use1
Afap1l2,2.65E-10,0.038325619,0.045,0.027,4.69E-06,0,Afap1l2
Ccne1,2.70E-10,-0.018451254,0.005,0.017,4.79E-06,0,Ccne1
Sema3a,2.77E-10,-0.079699726,0.008,0.022,4.89E-06,0,Sema3a
Glipr1,2.80E-10,-0.026515807,0.007,0.02,4.95E-06,0,Glipr1
Tmem220,2.95E-10,-0.054815613,0.011,0.026,5.23E-06,0,Tmem220
Npr3,3.04E-10,-0.076022562,0.005,0.017,5.38E-06,0,Npr3
Unc13c,3.04E-10,0.015244111,0.007,0.002,5.38E-06,0,Unc13c
Aqp2,3.07E-10,-0.029023307,0.001,0.01,5.43E-06,0,Aqp2
Tm7sf3,3.07E-10,-0.102291508,0.162,0.205,5.44E-06,0,Tm7sf3
Srpx,3.16E-10,-0.154254963,0.261,0.304,5.59E-06,0,Srpx
Card10,3.17E-10,0.047915459,0.062,0.04,5.60E-06,0,Card10
Podnl1,3.17E-10,-0.023657623,0.002,0.012,5.61E-06,0,Podnl1
Camk1d,3.20E-10,0.112735556,0.098,0.07,5.66E-06,0,Camk1d
Fth1,3.30E-10,0.025628352,0.973,0.959,5.84E-06,0,Fth1
Aspm,3.37E-10,-0.045781324,0.004,0.016,5.97E-06,0,Aspm
Gm39325,3.47E-10,0.036760157,0.013,0.004,6.14E-06,0,Gm39325
C2cd2,3.48E-10,0.073978611,0.06,0.039,6.17E-06,0,C2cd2
Ech1,3.63E-10,-0.139876824,0.198,0.242,6.42E-06,0,Ech1
Cnot6,3.68E-10,0.123514399,0.181,0.147,6.52E-06,0,Cnot6
Meiob,3.70E-10,0.029009854,0.013,0.004,6.55E-06,0,Meiob
Gm47644,3.74E-10,0.03833975,0.015,0.006,6.62E-06,0,Gm47644
Slc25a11,3.81E-10,-0.089953284,0.092,0.127,6.74E-06,0,Slc25a11
Tmtc4,3.90E-10,-0.034311673,0.021,0.04,6.89E-06,0,Tmtc4
Gm18696,3.91E-10,0.013524709,0.004,0,6.91E-06,0,Gm18696
Itgb8,3.92E-10,-0.055331597,0.002,0.011,6.94E-06,0,Itgb8
Vamp4,3.95E-10,-0.096802153,0.084,0.117,7.00E-06,0,Vamp4
C130051F05Rik,4.00E-10,0.036112843,0.021,0.009,7.07E-06,0,C130051F05Rik
Rpl24,4.03E-10,0.082659468,0.489,0.446,7.13E-06,0,Rpl24
Ndufa10,4.06E-10,-0.131534775,0.205,0.25,7.19E-06,0,Ndufa10
Mnd1,4.14E-10,-0.12231143,0.021,0.039,7.32E-06,0,Mnd1
Sik3,4.25E-10,0.07995951,0.106,0.077,7.53E-06,0,Sik3
Cldn10,4.36E-10,-0.065396267,0.029,0.051,7.71E-06,0,Cldn10
Ppargc1b,4.38E-10,-0.055736602,0.002,0.013,7.74E-06,0,Ppargc1b
Plk3,4.59E-10,-0.083079526,0.035,0.058,8.13E-06,0,Plk3
Tmem39a,4.62E-10,-0.084040234,0.118,0.157,8.18E-06,0,Tmem39a
Stk26,4.64E-10,-0.042591573,0.006,0.018,8.21E-06,0,Stk26
Scamp5,4.65E-10,0.051422112,0.035,0.019,8.22E-06,0,Scamp5
Kazn,4.67E-10,0.071340725,0.052,0.032,8.27E-06,0,Kazn
Lrrn2,4.80E-10,-0.033381938,0.002,0.012,8.49E-06,0,Lrrn2
Gpr88,4.86E-10,-0.026670997,0.002,0.011,8.60E-06,0,Gpr88
Map1a,4.90E-10,-0.091978646,0.083,0.115,8.68E-06,0,Map1a
Dock11,4.91E-10,0.094912793,0.117,0.088,8.68E-06,0,Dock11
Cmbl,5.16E-10,-0.067192263,0.01,0.024,9.13E-06,0,Cmbl
Axin2,5.20E-10,0.053304422,0.03,0.016,9.20E-06,0,Axin2
Elf2,5.20E-10,-0.106382445,0.185,0.23,9.21E-06,0,Elf2
Ckap2,5.46E-10,-0.038126429,0.007,0.02,9.67E-06,0,Ckap2
Plekha5,5.46E-10,-0.12768029,0.087,0.119,9.67E-06,0,Plekha5
Fam217b,5.57E-10,-0.048252688,0.006,0.018,9.85E-06,0,Fam217b
Adra1a,5.68E-10,-0.039436251,0,0.009,1.00E-05,0,Adra1a
Arc,5.79E-10,-0.053246338,0.003,0.014,1.02E-05,0,Arc
Cped1,5.81E-10,-0.152759779,0.214,0.254,1.03E-05,0,Cped1
Arf3,5.92E-10,0.108023791,0.107,0.079,1.05E-05,0,Arf3
Hsd11b2,6.05E-10,-0.053014209,0.009,0.023,1.07E-05,0,Hsd11b2
Cacng7,6.39E-10,-0.048651426,0.011,0.026,1.13E-05,0,Cacng7
Tubb3,6.41E-10,-0.055848942,0.016,0.032,1.13E-05,0,Tubb3
Cdh19,6.50E-10,-0.089630583,0.003,0.014,1.15E-05,0,Cdh19
Asphd2,6.54E-10,0.029786106,0.016,0.006,1.16E-05,0,Asphd2
D8Ertd738e,6.58E-10,-0.11973991,0.306,0.355,1.17E-05,0,D8Ertd738e
Gm35853,6.64E-10,0.015854362,0.005,0.001,1.18E-05,0,Gm35853
Gm42603,6.83E-10,0.028592265,0.009,0.002,1.21E-05,0,Gm42603
Ccna2,6.91E-10,-0.030221421,0.006,0.018,1.22E-05,0,Ccna2
Gtf2e2,7.01E-10,-0.052796238,0.075,0.107,1.24E-05,0,Gtf2e2
Rbbp7,7.06E-10,-0.127860467,0.294,0.341,1.25E-05,0,Rbbp7
Timm17a,7.52E-10,-0.098629178,0.14,0.18,1.33E-05,0,Timm17a
Fbxo17,7.57E-10,-0.040049891,0.025,0.045,1.34E-05,0,Fbxo17
Med31,7.60E-10,-0.094052689,0.066,0.095,1.34E-05,0,Med31
Serpina3g,7.62E-10,-0.037184193,0.01,0.025,1.35E-05,0,Serpina3g
Vkorc1,7.66E-10,-0.115759518,0.454,0.494,1.36E-05,0,Vkorc1
Chrdl2,7.73E-10,-0.097574161,0.001,0.01,1.37E-05,0,Chrdl2
Ccnb1,7.86E-10,-0.026117277,0.003,0.013,1.39E-05,0,Ccnb1
Lasp1,7.94E-10,0.104746309,0.26,0.222,1.41E-05,0,Lasp1
Abca4,8.08E-10,0.028565026,0.007,0.002,1.43E-05,0,Abca4
Kif1b,8.09E-10,0.091872954,0.366,0.326,1.43E-05,0,Kif1b
Pgm2l1,8.11E-10,-0.074893788,0.02,0.038,1.44E-05,0,Pgm2l1
Ntm,8.19E-10,-0.053531541,0.002,0.011,1.45E-05,0,Ntm
Lmo7,8.67E-10,-0.063952128,0.005,0.016,1.54E-05,0,Lmo7
Adm,8.90E-10,0.070297299,0.217,0.176,1.58E-05,0,Adm
Cenpp,8.91E-10,-0.037561694,0.004,0.014,1.58E-05,0,Cenpp
Pdzd11,8.93E-10,-0.0630713,0.093,0.127,1.58E-05,0,Pdzd11
Micu1,8.97E-10,0.103689363,0.131,0.101,1.59E-05,0,Micu1
Shtn1,8.98E-10,-0.046543617,0.005,0.016,1.59E-05,0,Shtn1
Ube2c,8.99E-10,-0.118866397,0.009,0.023,1.59E-05,0,Ube2c
Gcc1,9.03E-10,-0.116158726,0.053,0.079,1.60E-05,0,Gcc1
H2afy,9.28E-10,0.122147639,0.194,0.16,1.64E-05,0,H2afy
Gm46364,9.39E-10,0.022301094,0.007,0.001,1.66E-05,0,Gm46364
Srxn1,9.52E-10,0.134884346,0.165,0.132,1.69E-05,0,Srxn1
Depdc7,9.59E-10,-0.033608162,0.001,0.009,1.70E-05,0,Depdc7
Csnk1e,9.62E-10,0.09089065,0.186,0.152,1.70E-05,0,Csnk1e
Exoc4,9.70E-10,0.130258332,0.139,0.109,1.72E-05,0,Exoc4
Tmem154,9.93E-10,-0.031859592,0.005,0.017,1.76E-05,0,Tmem154
Gm28875,1.00E-09,-0.06217187,0.013,0.028,1.77E-05,0,Gm28875
Cdkn3,1.01E-09,-0.023356086,0.003,0.013,1.79E-05,0,Cdkn3
Ttn,1.04E-09,-0.54668702,0.012,0.027,1.84E-05,0,Ttn
Pdha1,1.06E-09,0.133504588,0.287,0.251,1.87E-05,0,Pdha1
Pou3f1,1.07E-09,-0.116949443,0.004,0.016,1.90E-05,0,Pou3f1
Fkbp1b,1.08E-09,-0.038302808,0.004,0.015,1.91E-05,0,Fkbp1b
Ccdc107,1.08E-09,-0.110156468,0.083,0.115,1.92E-05,0,Ccdc107
Gt(ROSA)26Sor,1.09E-09,-0.109270711,0.061,0.088,1.94E-05,0,Gt(ROSA)26Sor
Pctp,1.12E-09,0.037096277,0.017,0.007,1.99E-05,0,Pctp
Phactr2,1.14E-09,0.07914505,0.232,0.192,2.01E-05,0,Phactr2
Hs6st2,1.16E-09,-0.099194817,0.025,0.045,2.04E-05,0,Hs6st2
Gpr108,1.16E-09,-0.090427028,0.087,0.119,2.05E-05,0,Gpr108
Kif4,1.18E-09,-0.021902669,0.001,0.01,2.08E-05,0,Kif4
Grap,1.19E-09,-0.04008038,0.001,0.01,2.11E-05,0,Grap
Fndc5,1.20E-09,-0.040039531,0.002,0.011,2.13E-05,0,Fndc5
Hnrnph3,1.21E-09,-0.110358104,0.151,0.191,2.15E-05,0,Hnrnph3
Tmed9,1.23E-09,-0.128297076,0.431,0.468,2.18E-05,0,Tmed9
Pde7a,1.23E-09,0.089444366,0.067,0.045,2.19E-05,0,Pde7a
Usp24,1.25E-09,0.072938484,0.088,0.063,2.22E-05,0,Usp24
Dctd,1.29E-09,-0.028968265,0.007,0.02,2.28E-05,0,Dctd
Miga1,1.40E-09,-0.04340797,0.002,0.012,2.47E-05,0,Miga1
Ripor3,1.42E-09,-0.03479953,0.005,0.017,2.51E-05,0,Ripor3
Cip2a,1.43E-09,-0.030642801,0.009,0.022,2.54E-05,0,Cip2a
Cnnm3,1.45E-09,0.063957611,0.052,0.033,2.57E-05,0,Cnnm3
Itgb5,1.45E-09,0.122437036,0.313,0.274,2.57E-05,0,Itgb5
Ccni,1.46E-09,0.125097933,0.241,0.205,2.58E-05,0,Ccni
Apobec1,1.47E-09,-0.073320693,0.013,0.028,2.60E-05,0,Apobec1
Arhgef10,1.47E-09,0.093446753,0.099,0.073,2.61E-05,0,Arhgef10
Zfand5,1.49E-09,-0.164138867,0.505,0.539,2.64E-05,0,Zfand5
Chn1,1.50E-09,-0.060791109,0.002,0.011,2.66E-05,0,Chn1
Ndufa3,1.50E-09,0.097135962,0.456,0.414,2.66E-05,0,Ndufa3
P2rx6,1.51E-09,-0.042894797,0.003,0.012,2.68E-05,0,P2rx6
Slc2a10,1.52E-09,-0.045810295,0.034,0.056,2.69E-05,0,Slc2a10
Lactb,1.53E-09,-0.042967411,0.034,0.056,2.70E-05,0,Lactb
Col13a1,1.53E-09,-0.038932481,0,0.007,2.71E-05,0,Col13a1
Gm15987,1.57E-09,0.013159624,0.006,0.001,2.78E-05,0,Gm15987
Pole4,1.61E-09,-0.073857304,0.13,0.169,2.85E-05,0,Pole4
Vit,1.64E-09,-0.12340097,0.031,0.051,2.90E-05,0,Vit
Rpa2,1.65E-09,-0.058568686,0.025,0.045,2.93E-05,0,Rpa2
Adam30,1.66E-09,0.040826237,0.017,0.007,2.93E-05,0,Adam30
Il20rb,1.68E-09,-0.044833739,0.007,0.02,2.97E-05,0,Il20rb
Arl16,1.68E-09,-0.067063776,0.037,0.06,2.98E-05,0,Arl16
Mmp19,1.72E-09,-0.05711942,0.055,0.082,3.04E-05,0,Mmp19
Rbpms2,1.74E-09,-0.052069524,0.003,0.013,3.07E-05,0,Rbpms2
Cyc1,1.78E-09,-0.122392124,0.156,0.196,3.15E-05,0,Cyc1
Morf4l1,1.80E-09,-0.120840343,0.544,0.576,3.18E-05,0,Morf4l1
Sh3bgr,1.82E-09,-0.105743921,0.005,0.017,3.21E-05,0,Sh3bgr
Adamts10,1.82E-09,-0.121756933,0.095,0.127,3.22E-05,0,Adamts10
Il10rb,1.83E-09,0.105827007,0.145,0.114,3.23E-05,0,Il10rb
Plekhb1,1.84E-09,-0.102515154,0.002,0.012,3.26E-05,0,Plekhb1
Selenop,1.86E-09,-0.164299935,0.21,0.248,3.29E-05,0,Selenop
Agap1,1.86E-09,0.080239383,0.193,0.156,3.30E-05,0,Agap1
Arfgef3,1.87E-09,-0.037156758,0.001,0.009,3.31E-05,0,Arfgef3
Fam83f,1.89E-09,0.021970841,0.007,0.002,3.35E-05,0,Fam83f
Slc19a1,1.91E-09,-0.040361017,0.008,0.021,3.37E-05,0,Slc19a1
Prpf4,1.93E-09,-0.073140342,0.041,0.064,3.42E-05,0,Prpf4
Gm44834,1.95E-09,0.031356274,0.016,0.006,3.45E-05,0,Gm44834
Luc7l,1.96E-09,-0.112559102,0.136,0.175,3.47E-05,0,Luc7l
Efemp2,1.97E-09,0.132633734,0.342,0.307,3.49E-05,0,Efemp2
Itga10,1.97E-09,-0.054767151,0.01,0.024,3.49E-05,0,Itga10
Gm6878,1.97E-09,0.04226486,0.017,0.007,3.49E-05,0,Gm6878
Gm49767,2.00E-09,-0.087348106,0.019,0.037,3.54E-05,0,Gm49767
Insc,2.01E-09,-0.040324128,0.001,0.009,3.56E-05,0,Insc
Cdkn2d,2.04E-09,-0.0726009,0.037,0.059,3.61E-05,0,Cdkn2d
Dpp6,2.10E-09,-0.025093546,0.001,0.01,3.71E-05,0,Dpp6
2810433D01Rik,2.12E-09,-0.028425978,0.002,0.011,3.76E-05,0,2810433D01Rik
Il17rc,2.21E-09,0.098322203,0.097,0.071,3.91E-05,0,Il17rc
Dyrk2,2.22E-09,0.097209433,0.137,0.107,3.94E-05,0,Dyrk2
Necab1,2.24E-09,-0.035161905,0,0.008,3.96E-05,0,Necab1
Cd109,2.24E-09,-0.055799906,0.043,0.067,3.97E-05,0,Cd109
Pafah1b3,2.29E-09,-0.031022416,0.037,0.06,4.05E-05,0,Pafah1b3
Got2,2.33E-09,-0.071028888,0.073,0.103,4.12E-05,0,Got2
Gm12183,2.34E-09,-0.076807587,0.033,0.054,4.14E-05,0,Gm12183
Pla2r1,2.36E-09,0.053316506,0.078,0.055,4.18E-05,0,Pla2r1
Gpx8,2.38E-09,-0.10728832,0.377,0.424,4.22E-05,0,Gpx8
Col4a3,2.40E-09,-0.055046473,0.006,0.017,4.24E-05,0,Col4a3
Kirrel,2.41E-09,0.085394026,0.104,0.077,4.27E-05,0,Kirrel
Car4,2.42E-09,0.137135559,0.039,0.023,4.28E-05,0,Car4
Msn,2.45E-09,-0.149207677,0.363,0.402,4.34E-05,0,Msn
Arhgef17,2.46E-09,-0.082149363,0.037,0.06,4.36E-05,0,Arhgef17
Rpl37rt,2.48E-09,0.08435134,0.378,0.335,4.38E-05,0,Rpl37rt
Snhg8,2.50E-09,-0.125216021,0.276,0.321,4.42E-05,0,Snhg8
Nrip1,2.52E-09,-0.150447783,0.218,0.258,4.45E-05,0,Nrip1
Tmem87b,2.54E-09,-0.102281334,0.127,0.164,4.50E-05,0,Tmem87b
Ttyh1,2.56E-09,-0.096824689,0.005,0.017,4.53E-05,0,Ttyh1
Tbc1d1,2.58E-09,-0.076796928,0.017,0.033,4.57E-05,0,Tbc1d1
1810058I24Rik,2.60E-09,-0.10546219,0.247,0.293,4.61E-05,0,1810058I24Rik
Jmjd6,2.65E-09,-0.108843043,0.104,0.138,4.69E-05,0,Jmjd6
Gm46658,2.71E-09,0.025990046,0.012,0.004,4.80E-05,0,Gm46658
Lgals7,2.71E-09,-0.042112714,0.003,0.012,4.80E-05,0,Lgals7
Ifih1,2.72E-09,0.070740735,0.185,0.15,4.82E-05,0,Ifih1
P4hb,2.73E-09,-0.115649959,0.633,0.634,4.82E-05,0,P4hb
Sdf2l1,2.75E-09,0.117850227,0.128,0.099,4.87E-05,0,Sdf2l1
Hmgcs1,2.76E-09,-0.145962467,0.081,0.111,4.89E-05,0,Hmgcs1
Hrct1,2.78E-09,-0.096550894,0.01,0.024,4.92E-05,0,Hrct1
Golim4,2.79E-09,0.121159442,0.443,0.407,4.94E-05,0,Golim4
Gm43958,2.80E-09,0.028039774,0.013,0.005,4.95E-05,0,Gm43958
Dkk2,2.81E-09,-0.344648525,0.205,0.237,4.97E-05,0,Dkk2
Shc2,2.81E-09,0.080736211,0.06,0.04,4.98E-05,0,Shc2
Snu13,2.84E-09,-0.120340657,0.142,0.179,5.04E-05,0,Snu13
Srsf10,2.87E-09,-0.104973995,0.179,0.221,5.08E-05,0,Srsf10
H6pd,2.87E-09,-0.077871719,0.08,0.11,5.09E-05,0,H6pd
Omd,2.89E-09,0.0670282,0.091,0.065,5.12E-05,0,Omd
Coq8b,2.91E-09,-0.038640512,0.04,0.064,5.15E-05,0,Coq8b
Paip2,2.91E-09,-0.113153616,0.322,0.368,5.16E-05,0,Paip2
Kif11,2.97E-09,-0.02882299,0.005,0.017,5.26E-05,0,Kif11
Nol7,2.98E-09,0.083458219,0.349,0.309,5.28E-05,0,Nol7
Lrig3,3.00E-09,-0.066411349,0.045,0.069,5.32E-05,0,Lrig3
Adamts2,3.02E-09,0.061977398,0.583,0.532,5.35E-05,0,Adamts2
Slc35a1,3.03E-09,-0.09345796,0.113,0.149,5.36E-05,0,Slc35a1
Serpinb1a,3.04E-09,0.089468881,0.172,0.138,5.38E-05,0,Serpinb1a
Dlc1,3.05E-09,0.091577493,0.298,0.26,5.40E-05,0,Dlc1
Mcm2,3.05E-09,-0.026616334,0.01,0.024,5.40E-05,0,Mcm2
Tmx4,3.08E-09,-0.117920521,0.105,0.138,5.45E-05,0,Tmx4
0610043K17Rik,3.21E-09,0.040561268,0.026,0.014,5.67E-05,0,0610043K17Rik
Il1rl1,3.30E-09,0.153097572,0.079,0.056,5.83E-05,0,Il1rl1
Cdc25a,3.32E-09,-0.018305154,0.02,0.037,5.88E-05,0,Cdc25a
Rab11fip5,3.37E-09,0.12204908,0.11,0.083,5.96E-05,0,Rab11fip5
Tgtp2,3.49E-09,-0.070455443,0.018,0.034,6.19E-05,0,Tgtp2
Dpysl3,3.50E-09,-0.124510843,0.378,0.418,6.20E-05,0,Dpysl3
Ift43,3.51E-09,-0.107796979,0.113,0.147,6.21E-05,0,Ift43
Vnn1,3.53E-09,-0.03518079,0.002,0.011,6.25E-05,0,Vnn1
Fgf16,3.54E-09,-0.073117644,0.016,0.032,6.27E-05,0,Fgf16
Eif3e,3.57E-09,0.103145837,0.375,0.339,6.31E-05,0,Eif3e
Gm16485,3.58E-09,0.01433696,0.006,0.001,6.33E-05,0,Gm16485
Asap2,3.59E-09,0.058942317,0.107,0.079,6.35E-05,0,Asap2
Hivep3,3.66E-09,-0.064002317,0.033,0.054,6.48E-05,0,Hivep3
Adpgk,3.69E-09,-0.043047296,0.037,0.059,6.52E-05,0,Adpgk
Erp44,3.69E-09,-0.082194414,0.221,0.265,6.53E-05,0,Erp44
Arl5a,3.70E-09,-0.113376265,0.083,0.113,6.55E-05,0,Arl5a
Hspa2,3.72E-09,-0.101736277,0.039,0.062,6.58E-05,0,Hspa2
Gprc5a,3.73E-09,0.034275851,0.015,0.006,6.60E-05,0,Gprc5a
Vamp5,3.73E-09,-0.074430756,0.025,0.044,6.60E-05,0,Vamp5
Pla2g7,3.75E-09,-0.04796216,0.002,0.011,6.63E-05,0,Pla2g7
Fam110b,3.76E-09,-0.052049731,0.017,0.034,6.65E-05,0,Fam110b
Pde9a,3.78E-09,-0.038479239,0.001,0.01,6.68E-05,0,Pde9a
Prokr2,3.78E-09,-0.019289499,0.001,0.009,6.68E-05,0,Prokr2
Sh3glb1,3.79E-09,-0.155348504,0.457,0.493,6.72E-05,0,Sh3glb1
Cdc37l1,3.81E-09,-0.114251787,0.108,0.141,6.75E-05,0,Cdc37l1
Crybb3,3.83E-09,0.039893422,0.018,0.008,6.77E-05,0,Crybb3
Pbk,3.90E-09,-0.023578434,0.002,0.01,6.91E-05,0,Pbk
Il16,3.90E-09,-0.055061902,0.008,0.02,6.91E-05,0,Il16
Gm48302,3.91E-09,0.031132829,0.014,0.006,6.91E-05,0,Gm48302
Mapk14,3.92E-09,0.075292256,0.113,0.085,6.95E-05,0,Mapk14
Zfp9,3.95E-09,-0.064414126,0.112,0.147,6.99E-05,0,Zfp9
Mrpl18,3.95E-09,-0.087688038,0.15,0.19,6.99E-05,0,Mrpl18
Stmnd1,4.02E-09,-0.035218032,0,0.008,7.11E-05,0,Stmnd1
Rab4a,4.02E-09,0.070601748,0.047,0.03,7.12E-05,0,Rab4a
Gm37558,4.04E-09,0.061003961,0.033,0.018,7.14E-05,0,Gm37558
Gm49265,4.04E-09,0.037723812,0.02,0.009,7.15E-05,0,Gm49265
Ntrk2,4.08E-09,0.055102108,0.185,0.147,7.22E-05,0,Ntrk2
Coq3,4.15E-09,-0.042751697,0.014,0.029,7.34E-05,0,Coq3
Luc7l2,4.25E-09,-0.136822841,0.402,0.449,7.52E-05,0,Luc7l2
Cdkn2aip,4.31E-09,-0.094014506,0.041,0.063,7.63E-05,0,Cdkn2aip
Gm41724,4.33E-09,-0.021941806,0.003,0.012,7.67E-05,0,Gm41724
Rpf1,4.37E-09,-0.076092881,0.076,0.106,7.74E-05,0,Rpf1
Uqcrc2,4.50E-09,-0.111249173,0.104,0.137,7.96E-05,0,Uqcrc2
Mad2l1bp,4.52E-09,-0.060743208,0.017,0.033,7.99E-05,0,Mad2l1bp
Zfp280d,4.67E-09,-0.09514949,0.062,0.088,8.26E-05,0,Zfp280d
Sfr1,4.67E-09,-0.115872168,0.523,0.557,8.27E-05,0,Sfr1
Pparg,4.70E-09,-0.063340884,0.007,0.018,8.31E-05,0,Pparg
Kcna1,4.74E-09,-0.22159472,0.003,0.012,8.38E-05,0,Kcna1
Pde11a,4.78E-09,-0.02249866,0.001,0.01,8.46E-05,0,Pde11a
Pros1,4.80E-09,-0.090012114,0.239,0.286,8.49E-05,0,Pros1
Aass,4.91E-09,0.038734729,0.026,0.014,8.69E-05,0,Aass
Etv4,4.99E-09,-0.031350996,0.001,0.009,8.83E-05,0,Etv4
Gm47283,5.09E-09,0.10915918,0.244,0.209,9.00E-05,0,Gm47283
Gm15677,5.09E-09,-0.02439606,0,0.007,9.02E-05,0,Gm15677
Mlec,5.11E-09,-0.110392628,0.319,0.364,9.05E-05,0,Mlec
Dio3,5.12E-09,-0.029516551,0.001,0.009,9.06E-05,0,Dio3
Myo18a,5.15E-09,-0.08102561,0.021,0.039,9.12E-05,0,Myo18a
Gm11737,5.21E-09,0.016987263,0.006,0.001,9.23E-05,0,Gm11737
Cdk7,5.22E-09,-0.077873485,0.078,0.108,9.24E-05,0,Cdk7
Itga2,5.31E-09,0.037280389,0.081,0.057,9.39E-05,0,Itga2
Nrm,5.32E-09,-0.031558701,0.011,0.025,9.42E-05,0,Nrm
C77080,5.38E-09,-0.037149442,0.01,0.023,9.52E-05,0,C77080
Aftph,5.38E-09,0.09010937,0.132,0.103,9.52E-05,0,Aftph
Akr1c19,5.48E-09,0.023737964,0.008,0.002,9.70E-05,0,Akr1c19
Pde1c,5.53E-09,-0.076546835,0.002,0.01,9.79E-05,0,Pde1c
Rps2,5.54E-09,0.021870089,0.86,0.814,9.81E-05,0,Rps2
Slc43a2,5.57E-09,-0.067675959,0.005,0.016,9.86E-05,0,Slc43a2
Pcdhgc3,5.62E-09,-0.057037422,0.026,0.045,9.95E-05,0,Pcdhgc3
Tbx15,5.64E-09,-0.080302592,0.103,0.136,9.98E-05,0,Tbx15
Colgalt2,5.66E-09,-0.114706876,0.037,0.058,0.000100125,0,Colgalt2
Hcfc1r1,5.71E-09,-0.114402282,0.256,0.298,0.000101112,0,Hcfc1r1
Arl13b,5.72E-09,-0.147559825,0.188,0.228,0.00010128,0,Arl13b
Slc35a2,5.74E-09,-0.055216809,0.068,0.096,0.00010158,0,Slc35a2
Ppp4r1l-ps,5.74E-09,0.087911236,0.107,0.081,0.000101674,0,Ppp4r1l-ps
Sertad1,5.83E-09,-0.184151101,0.375,0.413,0.000103184,0,Sertad1
Cemip,5.83E-09,-0.026054622,0.002,0.011,0.000103259,0,Cemip
Dnajc1,5.86E-09,-0.1307938,0.297,0.341,0.000103631,0,Dnajc1
Arrdc4,5.92E-09,0.073013144,0.085,0.061,0.000104723,0,Arrdc4
Sub1,5.94E-09,0.091576714,0.433,0.393,0.000105156,0,Sub1
Atl3,5.96E-09,0.110578407,0.184,0.151,0.000105568,0,Atl3
Gmip,6.04E-09,0.080639901,0.055,0.036,0.000106848,0,Gmip
Gm12122,6.05E-09,0.0341599,0.017,0.008,0.000107085,0,Gm12122
Rbfox1,6.05E-09,-0.035256829,0,0.008,0.000107154,0,Rbfox1
P3h2,6.14E-09,-0.027372544,0,0.007,0.000108619,0,P3h2
Mocs1,6.14E-09,0.040899904,0.03,0.017,0.000108639,0,Mocs1
Psmd10,6.16E-09,-0.048017119,0.056,0.082,0.000108955,0,Psmd10
Thyn1,6.16E-09,-0.04047027,0.031,0.051,0.000108985,0,Thyn1
Gm11843,6.17E-09,0.035068754,0.015,0.006,0.000109231,0,Gm11843
Ndufa12,6.18E-09,-0.122016344,0.2,0.241,0.00010939,0,Ndufa12
Ephb1,6.19E-09,0.02005579,0.004,0.001,0.000109554,0,Ephb1
Ttc19,6.25E-09,0.100661732,0.11,0.084,0.000110597,0,Ttc19
Cdt1,6.35E-09,-0.02114777,0.005,0.016,0.000112466,0,Cdt1
Rgs19,6.38E-09,-0.029356706,0.035,0.057,0.000112908,0,Rgs19
Zmym1,6.45E-09,-0.051631295,0.021,0.038,0.000114215,0,Zmym1
Ptprn,6.51E-09,-0.020169888,0.003,0.013,0.00011529,0,Ptprn
Gm8580,6.56E-09,0.01381609,0.005,0.001,0.00011614,0,Gm8580
Kif15,6.65E-09,-0.030064422,0.005,0.016,0.000117667,0,Kif15
Tubb2b,6.66E-09,0.123494711,0.153,0.124,0.00011779,0,Tubb2b
Rap1gap2,6.69E-09,-0.03514913,0.001,0.009,0.000118372,0,Rap1gap2
Fggy,6.70E-09,-0.026883617,0.002,0.011,0.000118558,0,Fggy
Fjx1,6.86E-09,-0.05572062,0.012,0.026,0.000121407,0,Fjx1
Prr11,6.91E-09,-0.023702659,0.003,0.012,0.000122221,0,Prr11
Plcxd2,6.91E-09,0.038906048,0.02,0.009,0.00012235,0,Plcxd2
Sdf2,6.99E-09,-0.074032859,0.194,0.238,0.00012373,0,Sdf2
Tmem14a,7.00E-09,0.05952261,0.044,0.027,0.00012386,0,Tmem14a
Rpl12,7.00E-09,0.041464231,0.722,0.662,0.000123969,0,Rpl12
Lmo1,7.23E-09,-0.055128602,0.01,0.024,0.000127966,0,Lmo1
Cmpk2,7.24E-09,0.05444011,0.055,0.036,0.000128076,0,Cmpk2
Kalrn,7.56E-09,-0.04893775,0.015,0.031,0.000133857,0,Kalrn
Stub1,7.56E-09,-0.054140851,0.038,0.06,0.000133861,0,Stub1
Speg,7.78E-09,-0.049476414,0.008,0.02,0.000137768,0,Speg
Snap23,8.00E-09,-0.085983413,0.134,0.171,0.000141557,0,Snap23
Mgat4a,8.05E-09,-0.063839921,0.015,0.03,0.000142456,0,Mgat4a
Psmb9,8.06E-09,0.10012437,0.099,0.074,0.000142591,0,Psmb9
Tagln2,8.13E-09,-0.156630864,0.523,0.542,0.000143822,0,Tagln2
Rec114,8.17E-09,0.022212041,0.008,0.002,0.000144631,0,Rec114
Fbn2,8.19E-09,-0.083498534,0.08,0.11,0.000145023,0,Fbn2
Trim59,8.22E-09,-0.036051598,0.012,0.026,0.000145403,0,Trim59
Zc2hc1a,8.44E-09,-0.079157863,0.056,0.081,0.000149438,0,Zc2hc1a
Hnrnpu,8.54E-09,-0.136052066,0.673,0.684,0.000151187,0,Hnrnpu
Tshz3,8.64E-09,-0.091135646,0.075,0.103,0.000153005,0,Tshz3
Gm40309,8.86E-09,0.050066354,0.027,0.014,0.000156853,0,Gm40309
Renbp,8.92E-09,0.08594668,0.094,0.069,0.000157874,0,Renbp
Calm3,8.95E-09,-0.081880167,0.23,0.275,0.000158414,0,Calm3
Phgdh,8.96E-09,-0.039755038,0.011,0.025,0.000158541,0,Phgdh
Phf14,9.23E-09,0.100910699,0.224,0.19,0.00016336,0,Phf14
Dtymk,9.24E-09,-0.098456744,0.122,0.157,0.000163614,0,Dtymk
Gm44835,9.44E-09,0.022600782,0.01,0.003,0.000167007,0,Gm44835
Gsdmd,9.47E-09,0.096668998,0.127,0.099,0.000167598,0,Gsdmd
Cox6b2,9.47E-09,-0.060566716,0.01,0.023,0.000167678,0,Cox6b2
Nfatc2,9.58E-09,-0.03206016,0.005,0.016,0.000169553,0,Nfatc2
Dennd5b,9.66E-09,0.074541967,0.068,0.047,0.000170907,0,Dennd5b
Fgf10,9.80E-09,0.064963911,0.069,0.048,0.000173439,0,Fgf10
Ppat,9.88E-09,-0.058943275,0.023,0.041,0.000174874,0,Ppat
Nedd4,9.94E-09,0.056298084,0.764,0.722,0.000175934,0,Nedd4
Golt1b,9.99E-09,-0.046837933,0.116,0.152,0.000176866,0,Golt1b
Mapk9,1.01E-08,0.1174974,0.149,0.119,0.000179169,0,Mapk9
Mafk,1.03E-08,-0.124012995,0.057,0.082,0.000182806,0,Mafk
Lrfn4,1.05E-08,-0.027493923,0.004,0.013,0.000186443,0,Lrfn4
Evi5l,1.08E-08,0.07144682,0.05,0.032,0.000191647,0,Evi5l
Dock9,1.08E-08,-0.085729006,0.041,0.063,0.000191902,0,Dock9
Usp2,1.10E-08,0.059376494,0.14,0.109,0.000194545,0,Usp2
Ebf3,1.11E-08,0.081448042,0.142,0.112,0.00019734,0,Ebf3
Sh3kbp1,1.12E-08,-0.104434172,0.217,0.26,0.00019841,0,Sh3kbp1
Ung,1.13E-08,-0.0187277,0.002,0.011,0.000199637,0,Ung
4930478L05Rik,1.16E-08,0.0208083,0.006,0.001,0.000204685,0,4930478L05Rik
Cdpf1,1.19E-08,-0.050265838,0.036,0.057,0.000210615,0,Cdpf1
Hrc,1.19E-08,-0.089066422,0.001,0.009,0.000210807,0,Hrc
Sh2b3,1.21E-08,-0.074579886,0.026,0.044,0.00021428,0,Sh2b3
Izumo4,1.23E-08,-0.056748683,0.018,0.033,0.000217799,0,Izumo4
St6gal1,1.23E-08,0.033131551,0.051,0.033,0.000218166,0,St6gal1
2-Mar,1.24E-08,0.074029679,0.14,0.11,0.000218809,0,2-Mar
Gsap,1.24E-08,-0.054208434,0.004,0.015,0.00021887,0,Gsap
Fhl3,1.24E-08,-0.034835613,0.004,0.014,0.000218991,0,Fhl3
Bub1b,1.25E-08,-0.018567704,0.002,0.01,0.000222,0,Bub1b
Stc1,1.27E-08,-0.108731573,0.012,0.026,0.000223973,0,Stc1
Agt,1.30E-08,-0.053561003,0.002,0.011,0.000229232,0,Agt
Clvs2,1.30E-08,0.026951696,0.006,0.001,0.000230769,0,Clvs2
Spc25,1.33E-08,-0.030944469,0.006,0.017,0.000235513,0,Spc25
Mrps18a,1.33E-08,0.104186272,0.178,0.147,0.000235766,0,Mrps18a
Ehd2,1.35E-08,0.076693539,0.296,0.259,0.000239449,0,Ehd2
Muc6,1.35E-08,0.054879211,0.026,0.014,0.000239754,0,Muc6
Paxbp1,1.36E-08,-0.106303217,0.089,0.119,0.000240328,0,Paxbp1
Grk3,1.37E-08,-0.063994136,0.001,0.009,0.000243052,0,Grk3
Scarb1,1.37E-08,-0.037225733,0.003,0.013,0.000243232,0,Scarb1
Actg2,1.38E-08,-0.06004232,0.005,0.016,0.000244723,0,Actg2
Pno1,1.39E-08,-0.051885999,0.059,0.085,0.000246354,0,Pno1
Thrap3,1.39E-08,-0.148748382,0.334,0.375,0.00024668,0,Thrap3
Nectin3,1.41E-08,0.122863857,0.174,0.144,0.000248809,0,Nectin3
Smpdl3b,1.43E-08,-0.026453839,0.001,0.009,0.000252775,0,Smpdl3b
Serpini1,1.43E-08,-0.056252584,0.001,0.009,0.000252825,0,Serpini1
Fitm1,1.43E-08,-0.059380518,0.001,0.009,0.000253598,0,Fitm1
Fzd5,1.43E-08,-0.051531639,0.015,0.029,0.000253789,0,Fzd5
Pde3b,1.44E-08,-0.035544675,0.008,0.02,0.000255434,0,Pde3b
Srp9,1.48E-08,-0.09360626,0.203,0.245,0.000261639,0,Srp9
Ndufc2,1.48E-08,-0.106718199,0.283,0.327,0.000262474,0,Ndufc2
Bmp2,1.50E-08,0.096665297,0.132,0.102,0.000264674,0,Bmp2
Ifi44,1.50E-08,-0.044327754,0.014,0.029,0.000265972,0,Ifi44
Mrpl47,1.50E-08,-0.055456856,0.035,0.056,0.000266018,0,Mrpl47
Ciao2b,1.51E-08,-0.063646419,0.112,0.147,0.000266545,0,Ciao2b
Zfp979,1.52E-08,-0.027087551,0.002,0.011,0.000269548,0,Zfp979
Gm12696,1.55E-08,-0.056950131,0.044,0.066,0.000273932,0,Gm12696
Upf3b,1.56E-08,-0.116121096,0.048,0.071,0.000275992,0,Upf3b
Smpdl3a,1.57E-08,0.06678688,0.192,0.157,0.000278223,0,Smpdl3a
Casp12,1.58E-08,0.111019168,0.192,0.16,0.00027978,0,Casp12
Fxn,1.59E-08,-0.045365844,0.016,0.031,0.000281351,0,Fxn
Ska1,1.61E-08,-0.014566018,0,0.007,0.000285739,0,Ska1
Cib2,1.62E-08,-0.028055353,0,0.007,0.000286364,0,Cib2
0610012G03Rik,1.62E-08,-0.072545672,0.136,0.172,0.000287106,0,0610012G03Rik
Slc6a6,1.63E-08,0.082130564,0.126,0.098,0.000289333,0,Slc6a6
Atad2,1.65E-08,-0.057068224,0.045,0.068,0.000291354,0,Atad2
Dysf,1.66E-08,-0.021642096,0,0.006,0.000292957,0,Dysf
Spink2,1.71E-08,-0.020730319,0.002,0.01,0.000303201,0,Spink2
Ppp1r13l,1.72E-08,-0.040646786,0.012,0.026,0.000303903,0,Ppp1r13l
Tmem205,1.73E-08,-0.078919145,0.089,0.119,0.000306676,0,Tmem205
Nrn1,1.73E-08,-0.069527278,0.002,0.01,0.000306806,0,Nrn1
Ergic3,1.74E-08,-0.105809815,0.293,0.338,0.000307511,0,Ergic3
Wdr86,1.76E-08,-0.03105335,0.002,0.01,0.000310874,0,Wdr86
Hbegf,1.79E-08,-0.197079788,0.122,0.154,0.00031677,0,Hbegf
Fam102b,1.81E-08,0.095855021,0.272,0.237,0.000320638,0,Fam102b
Smim20,1.83E-08,0.094399043,0.113,0.087,0.000324535,0,Smim20
Zfp334,1.83E-08,-0.038911006,0.008,0.019,0.000324691,0,Zfp334
Gm7361,1.84E-08,0.015457515,0.005,0.001,0.000325205,0,Gm7361
Exph5,1.85E-08,0.015191538,0.005,0.001,0.000327548,0,Exph5
Pdrg1,1.85E-08,-0.049020316,0.127,0.163,0.000328019,0,Pdrg1
Mettl21a,1.86E-08,-0.058670883,0.036,0.057,0.000328377,0,Mettl21a
Ctso,1.86E-08,0.102053312,0.138,0.109,0.000328797,0,Ctso
Adam15,1.92E-08,0.10747789,0.155,0.126,0.000339371,0,Adam15
Spdl1,1.94E-08,-0.025318885,0.002,0.011,0.0003435,0,Spdl1
Atp11c,1.95E-08,-0.081463927,0.037,0.058,0.000344303,0,Atp11c
Selenof,1.98E-08,-0.110082378,0.587,0.604,0.000349748,0,Selenof
Rnf213,2.03E-08,0.111935262,0.133,0.105,0.000359792,0,Rnf213
Gbp9,2.04E-08,0.051014395,0.038,0.023,0.000360333,0,Gbp9
Mecom,2.05E-08,-0.051721239,0.012,0.025,0.000362897,0,Mecom
Rdh11,2.10E-08,-0.051182572,0.037,0.059,0.000372487,0,Rdh11
Spred2,2.12E-08,-0.081062501,0.048,0.07,0.000375878,0,Spred2
Gm44645,2.12E-08,-0.066340304,0.012,0.025,0.000376075,0,Gm44645
Tespa1,2.17E-08,0.011576873,0.005,0.001,0.000383276,0,Tespa1
Tbl3,2.17E-08,0.086517167,0.062,0.042,0.00038421,0,Tbl3
Abhd17b,2.20E-08,0.078384206,0.106,0.081,0.000389699,0,Abhd17b
Hnrnpa1,2.21E-08,-0.106930607,0.196,0.235,0.000391852,0,Hnrnpa1
Mcfd2,2.22E-08,-0.067475617,0.2,0.243,0.00039245,0,Mcfd2
Smndc1,2.23E-08,-0.076152469,0.139,0.175,0.000395057,0,Smndc1
Exoc6b,2.24E-08,0.074152682,0.071,0.051,0.000395759,0,Exoc6b
Car12,2.32E-08,-0.051251662,0.005,0.015,0.000411061,0,Car12
Sap30bp,2.33E-08,-0.072827055,0.046,0.068,0.000412839,0,Sap30bp
Abcc9,2.34E-08,-0.208287687,0.058,0.081,0.000414084,0,Abcc9
Mrpl20,2.39E-08,-0.063514282,0.172,0.212,0.000422469,0,Mrpl20
Nfat5,2.39E-08,-0.115063126,0.161,0.198,0.000423179,0,Nfat5
Cebpg,2.41E-08,-0.112989138,0.134,0.169,0.000425722,0,Cebpg
Surf1,2.44E-08,-0.085331859,0.075,0.102,0.000432297,0,Surf1
Pgrmc1,2.50E-08,-0.12271909,0.215,0.254,0.000441829,0,Pgrmc1
Pcm1,2.52E-08,-0.125715864,0.265,0.307,0.000445252,0,Pcm1
Rrbp1,2.55E-08,-0.077050059,0.845,0.823,0.000450602,0,Rrbp1
Ly6c2,2.57E-08,0.031692412,0.014,0.005,0.000454605,0,Ly6c2
Ywhag,2.60E-08,0.132811383,0.265,0.233,0.000460026,0,Ywhag
Rab11b,2.60E-08,0.092201175,0.283,0.248,0.000460787,0,Rab11b
Mir703,2.64E-08,0.116654566,0.238,0.206,0.000466788,0,Mir703
Irak1bp1,2.68E-08,-0.075291199,0.059,0.084,0.000474976,0,Irak1bp1
Mrps10,2.69E-08,-0.063365822,0.062,0.088,0.000475226,0,Mrps10
Gm13212,2.70E-08,0.047949234,0.023,0.012,0.000477147,0,Gm13212
Eif2s1,2.75E-08,-0.094649868,0.15,0.186,0.000486164,0,Eif2s1
Dnajc9,2.75E-08,-0.060507742,0.058,0.082,0.0004862,0,Dnajc9
Ndufb8,2.75E-08,-0.118423802,0.248,0.291,0.00048712,0,Ndufb8
Dctpp1,2.76E-08,-0.065716128,0.042,0.064,0.000488226,0,Dctpp1
Kif22,2.76E-08,-0.018148096,0.003,0.012,0.000488417,0,Kif22
Gm17334,2.76E-08,-0.113345,0.095,0.124,0.00048861,0,Gm17334
Plscr2,2.82E-08,-0.070334467,0.026,0.044,0.000498235,0,Plscr2
Lmcd1,2.83E-08,-0.08177875,0.006,0.017,0.000500258,0,Lmcd1
Gm26802,2.88E-08,-0.080557839,0.04,0.061,0.000509861,0,Gm26802
Atp6v0e,2.89E-08,-0.113229881,0.332,0.375,0.000511711,0,Atp6v0e
Dot1l,2.89E-08,0.133129244,0.191,0.161,0.000512041,0,Dot1l
Slc43a1,2.91E-08,-0.076346711,0.032,0.052,0.0005142,0,Slc43a1
Trp53,2.91E-08,-0.085708108,0.15,0.186,0.000515081,0,Trp53
Abcb10,2.95E-08,-0.055703866,0.02,0.035,0.000521851,0,Abcb10
Ddias,2.98E-08,0.03819597,0.019,0.009,0.000526938,0,Ddias
Il15ra,2.98E-08,0.081871573,0.097,0.072,0.000527024,0,Il15ra
Iqsec3,3.02E-08,-0.046290253,0,0.007,0.000535,0,Iqsec3
Hr,3.03E-08,-0.083426541,0.016,0.03,0.000536937,0,Hr
Slc15a3,3.07E-08,-0.043860405,0.007,0.018,0.000543657,0,Slc15a3
Mybpc1,3.10E-08,-0.089372548,0.001,0.009,0.000548344,0,Mybpc1
Ubald2,3.11E-08,-0.07271736,0.09,0.12,0.000550977,0,Ubald2
Tmem258,3.14E-08,-0.119507568,0.44,0.469,0.000556449,0,Tmem258
Gtf2h5,3.18E-08,-0.10503614,0.289,0.332,0.000562949,0,Gtf2h5
Zfp1,3.23E-08,-0.072685362,0.033,0.052,0.000572075,0,Zfp1
Gm26814,3.27E-08,0.020090706,0.008,0.002,0.000579295,0,Gm26814
Rabggtb,3.30E-08,-0.067041352,0.123,0.157,0.00058357,0,Rabggtb
Prr7,3.33E-08,-0.025108695,0.005,0.014,0.000590158,0,Prr7
Myl1,3.36E-08,-0.728975427,0.019,0.034,0.00059518,0,Myl1
Rint1,3.39E-08,-0.07237053,0.071,0.098,0.000599432,0,Rint1
5730507A11Rik,3.40E-08,0.038935005,0.015,0.007,0.000601039,0,5730507A11Rik
Ckm,3.41E-08,-0.521348946,0.011,0.024,0.000603331,0,Ckm
Slc44a5,3.49E-08,0.013439566,0.003,0,0.000617967,0,Slc44a5
Ppip5k2,3.51E-08,0.063690152,0.065,0.045,0.000620589,0,Ppip5k2
Tmem178b,3.53E-08,0.036680858,0.021,0.01,0.000624582,0,Tmem178b
Slc38a1,3.53E-08,-0.036944433,0.001,0.008,0.000624774,0,Slc38a1
Spaar,3.53E-08,-0.042743702,0.001,0.008,0.000625456,0,Spaar
Tcea3,3.58E-08,-0.08293664,0.111,0.143,0.000632817,0,Tcea3
Bcl3,3.66E-08,0.105973796,0.131,0.104,0.000647768,0,Bcl3
Limk1,3.71E-08,0.073419826,0.052,0.035,0.000656847,0,Limk1
Tmem136,3.71E-08,-0.055575409,0.008,0.02,0.000657327,0,Tmem136
Ngfr,3.74E-08,-0.074293031,0.014,0.028,0.000661759,0,Ngfr
Gm45838,3.88E-08,-0.043618496,0.003,0.012,0.000687386,0,Gm45838
Pramef8,3.90E-08,0.078798712,0.078,0.056,0.000690243,0,Pramef8
Pygm,3.92E-08,-0.09572581,0.011,0.024,0.000694682,0,Pygm
Slc25a3,3.97E-08,0.066651504,0.564,0.529,0.000701806,0,Slc25a3
Agtpbp1,3.98E-08,-0.062439504,0.051,0.074,0.000703933,0,Agtpbp1
Mrpl52,3.99E-08,0.090723512,0.42,0.381,0.000706588,0,Mrpl52
Bc1,4.00E-08,0.121829462,0.076,0.055,0.000707753,0,Bc1
Rbmxl1,4.01E-08,-0.092422352,0.087,0.116,0.000709016,0,Rbmxl1
Mras,4.04E-08,-0.088571536,0.058,0.082,0.000714506,0,Mras
Ly6h,4.04E-08,-0.028377567,0.002,0.01,0.000714615,0,Ly6h
Hspd1-ps3,4.05E-08,-0.042313886,0.019,0.034,0.000716929,0,Hspd1-ps3
2510009E07Rik,4.05E-08,0.08585946,0.156,0.127,0.000716949,0,2510009E07Rik
Rxrg,4.10E-08,-0.05756339,0.002,0.01,0.000725043,0,Rxrg
Timm10b,4.13E-08,-0.075971126,0.197,0.237,0.000730683,0,Timm10b
Stt3a,4.13E-08,-0.070158187,0.253,0.298,0.000731705,0,Stt3a
Cplx2,4.23E-08,-0.049955735,0.009,0.021,0.000748594,0,Cplx2
Ulbp1,4.23E-08,-0.02723826,0.007,0.017,0.00074893,0,Ulbp1
Iqsec2,4.25E-08,0.075475091,0.069,0.049,0.000752474,0,Iqsec2
Eno2,4.33E-08,-0.048501048,0.021,0.037,0.000765722,0,Eno2
Gulp1,4.33E-08,-0.102627897,0.129,0.161,0.000766524,0,Gulp1
Zfp639,4.34E-08,-0.07494163,0.059,0.083,0.000768136,0,Zfp639
Ythdf2,4.34E-08,-0.105186685,0.105,0.136,0.000768543,0,Ythdf2
Spag5,4.35E-08,-0.014570028,0,0.007,0.000770619,0,Spag5
Rapgef6,4.37E-08,-0.118928424,0.131,0.164,0.000772645,0,Rapgef6
Dgkh,4.38E-08,-0.072574937,0.025,0.042,0.000774382,0,Dgkh
Serp1,4.41E-08,-0.102297194,0.334,0.373,0.000780901,0,Serp1
Rac1,4.41E-08,0.129727854,0.284,0.253,0.000781097,0,Rac1
Adipor1,4.42E-08,-0.1058305,0.189,0.228,0.000781451,0,Adipor1
Ptprm,4.45E-08,-0.062260105,0.03,0.049,0.000788313,0,Ptprm
Stx11,4.46E-08,0.082194122,0.059,0.04,0.000788811,0,Stx11
Hmgcll1,4.51E-08,-0.024635087,0,0.006,0.000798076,0,Hmgcll1
Pbrm1,4.55E-08,0.08860018,0.373,0.338,0.000805541,0,Pbrm1
Klhl21,4.66E-08,-0.056050882,0.03,0.048,0.00082492,0,Klhl21
Yaf2,4.68E-08,-0.048990833,0.097,0.128,0.000829019,0,Yaf2
Galk1,4.79E-08,-0.059507146,0.075,0.102,0.000847171,0,Galk1
Tjp2,4.81E-08,-0.035497882,0.017,0.031,0.000850799,0,Tjp2
Mboat2,4.82E-08,-0.040837857,0.001,0.007,0.000853163,0,Mboat2
Trak2,4.83E-08,0.096358383,0.086,0.064,0.000854773,0,Trak2
Smoc1,4.89E-08,-0.02240168,0.002,0.01,0.000864749,0,Smoc1
Tpr,4.90E-08,0.092090887,0.509,0.474,0.000866737,0,Tpr
Sidt2,4.99E-08,0.097178306,0.165,0.136,0.000883324,0,Sidt2
Cdkn2c,5.04E-08,-0.056106339,0.028,0.046,0.00089119,0,Cdkn2c
Eno1b,5.09E-08,-0.05831792,0.051,0.075,0.000900171,0,Eno1b
Uap1l1,5.10E-08,-0.050035492,0.073,0.1,0.00090189,0,Uap1l1
Nsd1,5.15E-08,-0.1175001,0.227,0.266,0.000911172,0,Nsd1
Mill2,5.20E-08,0.049534495,0.094,0.07,0.000920451,0,Mill2
Rbm24,5.24E-08,-0.041384767,0,0.007,0.000927423,0,Rbm24
Cyba,5.31E-08,-0.073238454,0.28,0.326,0.000939245,0,Cyba
Snx7,5.34E-08,-0.05679179,0.1,0.132,0.00094589,0,Snx7
Psma2,5.35E-08,-0.108466476,0.361,0.404,0.000946675,0,Psma2
Asf1b,5.38E-08,-0.015392044,0.002,0.01,0.000952949,0,Asf1b
Fam110a,5.41E-08,-0.043379043,0.007,0.018,0.000957343,0,Fam110a
Irs3,5.43E-08,-0.045072736,0.003,0.011,0.000961095,0,Irs3
Psat1,5.44E-08,-0.028587975,0.015,0.03,0.000963522,0,Psat1
Supt20,5.46E-08,-0.095495853,0.083,0.11,0.000966318,0,Supt20
Khdrbs3,5.51E-08,-0.050726382,0.02,0.036,0.000975049,0,Khdrbs3
Pcbp2,5.52E-08,-0.096831976,0.242,0.284,0.000977854,0,Pcbp2
Sord,5.58E-08,0.076414604,0.067,0.047,0.000987641,0,Sord
Sec61b,5.60E-08,-0.128119162,0.482,0.502,0.000991442,0,Sec61b
Elovl1,5.64E-08,-0.074439628,0.145,0.181,0.000997692,0,Elovl1
Arid3a,5.68E-08,-0.046950975,0.011,0.023,0.001005306,0,Arid3a
Abhd8,5.72E-08,-0.059611355,0.037,0.057,0.001012207,0,Abhd8
C7,5.73E-08,-0.040008581,0.002,0.01,0.001013463,0,C7
Slc16a12,5.84E-08,-0.04125612,0.004,0.014,0.001033834,0,Slc16a12
Cep126,5.87E-08,-0.036802766,0.001,0.007,0.001038301,0,Cep126
Sumo1,5.88E-08,-0.084224791,0.178,0.217,0.001041268,0,Sumo1
Bet1,5.95E-08,-0.081431193,0.121,0.154,0.001052505,0,Bet1
Trpv2,5.95E-08,-0.049324442,0.011,0.024,0.001052729,0,Trpv2
Ppp1r11,5.96E-08,-0.068890555,0.094,0.124,0.001054872,0,Ppp1r11
Pbxip1,6.03E-08,0.092426964,0.275,0.24,0.001067172,0,Pbxip1
Ppig,6.04E-08,0.085571997,0.412,0.378,0.001069862,0,Ppig
Prr16,6.05E-08,-0.021742337,0.003,0.011,0.001071562,0,Prr16
Ajuba,6.14E-08,-0.041229452,0.008,0.02,0.001086032,0,Ajuba
Nrbf2,6.19E-08,-0.043982136,0.055,0.079,0.001096026,0,Nrbf2
Tef,6.24E-08,-0.086696355,0.035,0.055,0.001105001,0,Tef
Mxra8,6.27E-08,-0.126707014,0.39,0.426,0.001110301,0,Mxra8
Tfr2,6.34E-08,-0.021895784,0.002,0.01,0.001122913,0,Tfr2
Gm36033,6.35E-08,0.013457262,0.004,0,0.001123822,0,Gm36033
2700099C18Rik,6.36E-08,-0.021022349,0.004,0.013,0.001126404,0,2700099C18Rik
9530078K11Rik,6.40E-08,0.018502486,0.007,0.002,0.001132612,0,9530078K11Rik
Hlx,6.45E-08,-0.066703997,0.009,0.021,0.001142393,0,Hlx
Alad,6.51E-08,-0.05122532,0.025,0.042,0.001152453,0,Alad
Atp5h,6.58E-08,-0.124329777,0.455,0.488,0.001164212,0,Atp5h
Notch1,6.62E-08,-0.03195181,0.003,0.011,0.001171793,0,Notch1
Arhgef5,6.63E-08,-0.030144828,0.001,0.008,0.001172629,0,Arhgef5
Pgm5,6.63E-08,-0.061922013,0.001,0.008,0.00117383,0,Pgm5
Ndufc1,6.66E-08,-0.129256864,0.356,0.397,0.001178967,0,Ndufc1
Cdc45,6.66E-08,-0.02006,0.008,0.019,0.001179137,0,Cdc45
Irs1,6.68E-08,-0.041998445,0.018,0.033,0.00118253,0,Irs1
Traf3ip3,6.70E-08,-0.036623483,0,0.006,0.001186234,0,Traf3ip3
Gm4841,6.73E-08,-0.118030811,0.024,0.04,0.001191418,0,Gm4841
Gm42946,6.90E-08,0.015327309,0.004,0.001,0.00122154,0,Gm42946
Eif4b,6.94E-08,0.11517718,0.228,0.197,0.001228535,0,Eif4b
D830025C05Rik,6.99E-08,0.058595284,0.044,0.028,0.001237446,0,D830025C05Rik
Olfm2,7.10E-08,-0.038555315,0.004,0.012,0.001257315,0,Olfm2
B3gnt2,7.11E-08,-0.033245537,0.003,0.012,0.001257606,0,B3gnt2
Pigyl,7.21E-08,-0.087259003,0.08,0.107,0.001276372,0,Pigyl
Ttyh3,7.27E-08,-0.04526843,0.062,0.087,0.001287045,0,Ttyh3
1110065P20Rik,7.30E-08,-0.03355504,0.019,0.034,0.001292595,0,1110065P20Rik
Wdfy3,7.32E-08,0.068967481,0.106,0.081,0.001296056,0,Wdfy3
Efcc1,7.39E-08,0.073750604,0.049,0.032,0.001308344,0,Efcc1
Nptxr,7.41E-08,-0.047864517,0.009,0.021,0.001311256,0,Nptxr
Naa16,7.41E-08,-0.076147295,0.054,0.078,0.001311359,0,Naa16
Cyth1,7.49E-08,0.062902187,0.069,0.049,0.00132588,0,Cyth1
Bmpr1a,7.57E-08,-0.0927706,0.189,0.228,0.001340158,0,Bmpr1a
Srebf2,7.63E-08,-0.099364922,0.061,0.084,0.001349739,0,Srebf2
Myom1,7.70E-08,-0.063452388,0.002,0.009,0.001362408,0,Myom1
Lca5l,7.85E-08,-0.022550452,0.007,0.018,0.001388911,0,Lca5l
Ufsp2,7.93E-08,-0.062869649,0.134,0.168,0.001403356,0,Ufsp2
Calhm6,7.94E-08,-0.030162969,0.005,0.015,0.001404903,0,Calhm6
CT010467.1,7.94E-08,0.117852103,0.643,0.615,0.001405586,0,CT010467.1
Grsf1,7.97E-08,-0.066986865,0.083,0.11,0.001410053,0,Grsf1
Acacb,8.04E-08,-0.034620656,0.001,0.008,0.001423839,0,Acacb
Fbxl7,8.08E-08,0.055150071,0.04,0.025,0.001429819,0,Fbxl7
Gm39090,8.13E-08,-0.03084178,0.001,0.008,0.00143872,0,Gm39090
Cep55,8.13E-08,-0.0200838,0.002,0.009,0.001439621,0,Cep55
Neurl1b,8.18E-08,-0.034618412,0.001,0.008,0.001447317,0,Neurl1b
Cysltr2,8.19E-08,0.018735829,0.007,0.002,0.001449616,0,Cysltr2
Cryzl2,8.25E-08,-0.022696676,0.007,0.017,0.00145986,0,Cryzl2
Serp2,8.28E-08,-0.020233364,0.005,0.014,0.001465451,0,Serp2
Mxd3,8.29E-08,-0.014977295,0.002,0.009,0.001467426,0,Mxd3
Fam161a,8.42E-08,-0.079540212,0.022,0.039,0.00148994,0,Fam161a
Zfp449,8.64E-08,-0.049304821,0.035,0.054,0.00152968,0,Zfp449
Yap1,8.65E-08,-0.072604965,0.094,0.123,0.0015314,0,Yap1
Lrrtm3,8.67E-08,-0.032455906,0.001,0.007,0.00153418,0,Lrrtm3
Rsbn1,8.67E-08,-0.071382342,0.073,0.099,0.001534597,0,Rsbn1
Mbnl3,8.72E-08,-0.021466073,0.001,0.007,0.001542793,0,Mbnl3
Dcbld1,8.75E-08,-0.035877109,0.001,0.007,0.001549066,0,Dcbld1
Gm44439,8.81E-08,0.017143539,0.008,0.003,0.001559316,0,Gm44439
Thsd4,8.86E-08,0.02141857,0.015,0.007,0.001568169,0,Thsd4
B3gnt3,8.90E-08,-0.028196052,0.016,0.03,0.001576028,0,B3gnt3
Mdfi,8.91E-08,-0.032493586,0.006,0.017,0.001576514,0,Mdfi
Rrp1b,9.09E-08,-0.079721522,0.055,0.078,0.001609372,0,Rrp1b
Tle4,9.10E-08,0.039688086,0.075,0.053,0.001610733,0,Tle4
Irf1,9.22E-08,-0.165038578,0.374,0.413,0.001631114,0,Irf1
Snx3,9.22E-08,-0.111235508,0.312,0.351,0.001632417,0,Snx3
Actl6a,9.39E-08,-0.042403667,0.026,0.043,0.001662267,0,Actl6a
Lap3,9.42E-08,-0.067654454,0.087,0.115,0.001667703,0,Lap3
Gm43820,9.45E-08,-0.033449795,0,0.007,0.001672755,0,Gm43820
Micall2,9.50E-08,-0.017027392,0.001,0.007,0.001681487,0,Micall2
Abtb2,9.54E-08,-0.038520696,0.005,0.015,0.001687853,0,Abtb2
Tmem44,9.54E-08,-0.032458684,0.002,0.01,0.001688111,0,Tmem44
Clpx,9.60E-08,-0.071697048,0.076,0.103,0.00169879,0,Clpx
Gm4739,9.63E-08,-0.019600573,0.003,0.012,0.001704956,0,Gm4739
Aplp1,9.65E-08,-0.026605379,0.002,0.009,0.001708238,0,Aplp1
Colec11,9.67E-08,-0.065947706,0.001,0.008,0.001711368,0,Colec11
Obsl1,9.68E-08,-0.048815702,0.046,0.067,0.001712751,0,Obsl1
Cdc26,9.74E-08,-0.045400525,0.133,0.167,0.001724495,0,Cdc26
Ccl9,9.75E-08,-0.024206007,0.005,0.015,0.001726005,0,Ccl9
Zwilch,9.75E-08,-0.022261419,0.005,0.015,0.001726503,0,Zwilch
Gm44417,9.76E-08,0.043993934,0.036,0.022,0.001726587,0,Gm44417
Lrrc55,9.99E-08,-0.028571821,0,0.006,0.001767503,0,Lrrc55
Gm29561,1.01E-07,0.020934879,0.007,0.002,0.001786764,0,Gm29561
Cisd1,1.01E-07,-0.070659481,0.094,0.123,0.001790809,0,Cisd1
Cenph,1.02E-07,-0.017855963,0.003,0.012,0.001802037,0,Cenph
Lca5,1.03E-07,-0.075361418,0.027,0.044,0.001824473,0,Lca5
Magi3,1.03E-07,0.086968802,0.151,0.122,0.001826805,0,Magi3
Gas5,1.04E-07,-0.119676193,0.701,0.703,0.001844957,0,Gas5
Gm15417,1.05E-07,0.061103197,0.06,0.041,0.001850297,0,Gm15417
Srrt,1.05E-07,-0.109613073,0.217,0.256,0.00185678,0,Srrt
Pfkl,1.05E-07,-0.032050719,0.029,0.047,0.001862296,0,Pfkl
Rrp8,1.07E-07,-0.083237277,0.083,0.111,0.001896288,0,Rrp8
Casp4,1.08E-07,0.062206934,0.29,0.253,0.001903672,0,Casp4
Pdcd10,1.08E-07,-0.109660884,0.152,0.187,0.00191804,0,Pdcd10
Rab3il1,1.09E-07,0.07701256,0.152,0.123,0.001933456,0,Rab3il1
Fnbp4,1.09E-07,-0.101395929,0.144,0.177,0.001934878,0,Fnbp4
Bcl10,1.11E-07,-0.088304094,0.14,0.174,0.001958123,0,Bcl10
Cenpm,1.12E-07,-0.016384261,0.003,0.012,0.001987136,0,Cenpm
Alg5,1.12E-07,-0.052887102,0.118,0.151,0.001987552,0,Alg5
Nde1,1.14E-07,-0.052917043,0.046,0.067,0.002022369,0,Nde1
Lag3,1.14E-07,-0.038494172,0.003,0.012,0.002026097,0,Lag3
Spire1,1.15E-07,-0.059109232,0.037,0.057,0.002032509,0,Spire1
Hspb6,1.15E-07,-0.116207411,0.004,0.014,0.002038711,0,Hspb6
Cebpa,1.18E-07,-0.046194379,0.02,0.035,0.00208895,0,Cebpa
Socs5,1.19E-07,-0.065765867,0.046,0.067,0.002098376,0,Socs5
Pkp4,1.19E-07,-0.036945184,0.011,0.024,0.002100514,0,Pkp4
D630003M21Rik,1.19E-07,-0.033619481,0.001,0.008,0.002103025,0,D630003M21Rik
Tax1bp1,1.19E-07,-0.115295231,0.647,0.667,0.002113472,0,Tax1bp1
Cfi,1.21E-07,-0.019415221,0.001,0.008,0.002147523,0,Cfi
Dusp22,1.21E-07,0.081324385,0.088,0.066,0.002148582,0,Dusp22
Otud1,1.22E-07,0.082867221,0.053,0.036,0.002164452,0,Otud1
Knstrn,1.23E-07,-0.035343631,0.009,0.02,0.002172031,0,Knstrn
Etfb,1.23E-07,0.073658939,0.344,0.309,0.002172141,0,Etfb
Irx1,1.23E-07,0.025858872,0.01,0.004,0.002172842,0,Irx1
Vdac1,1.24E-07,-0.129105752,0.183,0.22,0.0021931,0,Vdac1
Snx29,1.24E-07,0.041557601,0.029,0.017,0.002197047,0,Snx29
Nolc1,1.24E-07,-0.162111783,0.298,0.334,0.002202192,0,Nolc1
Luzp1,1.25E-07,-0.129416116,0.181,0.217,0.002209552,0,Luzp1
Ppp1r3c,1.27E-07,-0.049256594,0.004,0.013,0.002239859,0,Ppp1r3c
Gm5084,1.28E-07,-0.025095697,0.001,0.007,0.002258397,0,Gm5084
Pttg1,1.28E-07,-0.166341817,0.208,0.243,0.002264536,0,Pttg1
Pcbp4,1.28E-07,-0.077118405,0.058,0.081,0.00226968,0,Pcbp4
Pqlc3,1.29E-07,-0.088887414,0.074,0.1,0.00228493,0,Pqlc3
Rbm18,1.32E-07,-0.091390532,0.093,0.121,0.002339602,0,Rbm18
Dnajc15,1.33E-07,-0.054342956,0.058,0.082,0.002348397,0,Dnajc15
Tmem106a,1.34E-07,0.09726097,0.1,0.076,0.002363768,0,Tmem106a
Cyp2d22,1.34E-07,-0.089828179,0.045,0.065,0.002367031,0,Cyp2d22
Pcgf5,1.34E-07,0.069598755,0.077,0.057,0.002377373,0,Pcgf5
Cnot8,1.34E-07,-0.065139021,0.069,0.094,0.002378251,0,Cnot8
Nxt1,1.35E-07,-0.031755045,0.022,0.039,0.002392614,0,Nxt1
Enho,1.37E-07,-0.032797771,0.002,0.009,0.002425282,0,Enho
Wnt1,1.39E-07,0.01780356,0.005,0.001,0.002461294,0,Wnt1
Npy1r,1.41E-07,-0.137531294,0.025,0.041,0.002496692,0,Npy1r
Sec61g,1.43E-07,-0.042255785,0.074,0.101,0.002525978,0,Sec61g
Haus7,1.45E-07,-0.033242373,0.036,0.055,0.002562226,0,Haus7
Melk,1.45E-07,-0.01588254,0.002,0.009,0.002568708,0,Melk
Sri,1.46E-07,0.082210013,0.426,0.391,0.002582618,0,Sri
Pank2,1.47E-07,-0.046793637,0.038,0.058,0.002604147,0,Pank2
Gm38394,1.47E-07,0.06785972,0.497,0.462,0.002605172,0,Gm38394
Armcx3,1.48E-07,-0.077995565,0.123,0.156,0.002626211,0,Armcx3
Ino80c,1.48E-07,0.06106722,0.073,0.053,0.002626472,0,Ino80c
Nrcam,1.49E-07,0.051849449,0.037,0.023,0.002629154,0,Nrcam
Ssbp3,1.52E-07,0.104328003,0.172,0.143,0.002693669,0,Ssbp3
Jpt2,1.54E-07,-0.022848094,0.023,0.039,0.002734156,0,Jpt2
Dclk1,1.58E-07,-0.124323825,0.317,0.353,0.002792959,0,Dclk1
Plekhh2,1.59E-07,-0.069621552,0.041,0.061,0.002806233,0,Plekhh2
Sgpl1,1.60E-07,-0.076599283,0.094,0.122,0.002826481,0,Sgpl1
Lysmd2,1.60E-07,-0.151998307,0.173,0.204,0.002833534,0,Lysmd2
Afg3l2,1.61E-07,-0.082724358,0.086,0.114,0.002843308,0,Afg3l2
Gab3,1.62E-07,-0.045531362,0.008,0.018,0.002862765,0,Gab3
Ptpn23,1.63E-07,0.079555935,0.082,0.061,0.002877488,0,Ptpn23
Xirp2,1.63E-07,-0.159277496,0.002,0.009,0.002879224,0,Xirp2
Borcs6,1.64E-07,-0.052091152,0.024,0.041,0.002894321,0,Borcs6
Mfsd10,1.65E-07,-0.067673574,0.065,0.089,0.002914683,0,Mfsd10
Jak2,1.66E-07,-0.039041822,0.08,0.107,0.002929599,0,Jak2
Adgrl3,1.67E-07,-0.039437305,0.001,0.007,0.002955243,0,Adgrl3
Vapb,1.68E-07,0.096037597,0.298,0.266,0.00296545,0,Vapb
Rapsn,1.68E-07,-0.04384127,0.002,0.009,0.002969698,0,Rapsn
Mcm7,1.68E-07,-0.047036488,0.021,0.036,0.002972429,0,Mcm7
AI413582,1.70E-07,0.093523876,0.131,0.105,0.00300223,0,AI413582
Tcf15,1.71E-07,-0.051329364,0,0.006,0.003025758,0,Tcf15
Rnaset2b,1.72E-07,-0.073414025,0.138,0.171,0.003038502,0,Rnaset2b
Adhfe1,1.73E-07,0.039217479,0.024,0.013,0.003054859,0,Adhfe1
Tmem11,1.75E-07,-0.084173217,0.086,0.113,0.003095263,0,Tmem11
Epn1,1.75E-07,0.096657286,0.144,0.118,0.003102909,0,Epn1
Ndufb2,1.78E-07,-0.111805027,0.294,0.336,0.003147871,0,Ndufb2
Ifitm3,1.78E-07,0.030826714,0.893,0.855,0.003156331,0,Ifitm3
Fbxo5,1.79E-07,-0.026798409,0.002,0.01,0.003176669,0,Fbxo5
Fam234a,1.80E-07,-0.0632392,0.074,0.099,0.003183774,0,Fam234a
Cacng1,1.80E-07,-0.033868302,0,0.005,0.003184787,0,Cacng1
Gm37802,1.81E-07,-0.018643169,0,0.006,0.003200709,0,Gm37802
Jtb,1.82E-07,-0.082506859,0.191,0.229,0.00322109,0,Jtb
Etfbkmt,1.84E-07,0.063508163,0.041,0.026,0.00325552,0,Etfbkmt
Cdkn1c,1.84E-07,-0.067291111,0.362,0.316,0.003257908,0,Cdkn1c
Abcc1,1.86E-07,0.07980567,0.106,0.082,0.003283767,0,Abcc1
Maml3,1.86E-07,-0.075222313,0.034,0.053,0.003291126,0,Maml3
Synj2,1.86E-07,-0.034475007,0.018,0.033,0.003298117,0,Synj2
Gm47693,1.89E-07,0.028011626,0.013,0.005,0.003336424,0,Gm47693
Ska2,1.90E-07,-0.047346662,0.023,0.039,0.003360764,0,Ska2
Ssh3,1.93E-07,-0.031610058,0.009,0.02,0.003424458,0,Ssh3
Nans,1.98E-07,-0.047065433,0.129,0.162,0.003495994,0,Nans
Map3k14,1.98E-07,-0.056710082,0.021,0.037,0.003502181,0,Map3k14
Nhs,2.02E-07,-0.037985125,0.005,0.015,0.003570736,0,Nhs
Irf2,2.02E-07,0.066844784,0.206,0.174,0.003572087,0,Irf2
Dtx4,2.03E-07,-0.129211327,0.066,0.089,0.003598526,0,Dtx4
Ccdc162,2.03E-07,0.022975839,0.013,0.005,0.003598724,0,Ccdc162
Psmb5,2.04E-07,-0.067233054,0.141,0.175,0.003605651,0,Psmb5
Stim2,2.06E-07,0.106614509,0.165,0.138,0.00364011,0,Stim2
Lpar6,2.06E-07,-0.044357133,0.014,0.027,0.003644892,0,Lpar6
Lyve1,2.09E-07,-0.024634509,0,0.006,0.00369972,0,Lyve1
AA467197,2.11E-07,0.081535635,0.06,0.043,0.003740811,0,AA467197
Map7d3,2.12E-07,-0.070439023,0.017,0.03,0.003747929,0,Map7d3
S100a5,2.12E-07,-0.051638458,0.001,0.007,0.003758581,0,S100a5
Tmem9b,2.14E-07,-0.064780054,0.147,0.181,0.003795764,0,Tmem9b
BC031181,2.17E-07,-0.083639484,0.169,0.205,0.00384492,0,BC031181
Ctbs,2.19E-07,0.067407265,0.053,0.037,0.003870435,0,Ctbs
D830030K20Rik,2.19E-07,0.013557065,0.004,0.001,0.003873087,0,D830030K20Rik
Spred1,2.20E-07,-0.097867169,0.157,0.191,0.003893751,0,Spred1
Siah3,2.20E-07,0.006609459,0.004,0.001,0.003896359,0,Siah3
Mrc2,2.23E-07,-0.086630634,0.207,0.245,0.003941646,0,Mrc2
Slc25a23,2.24E-07,0.028357574,0.037,0.023,0.003959092,0,Slc25a23
Cep85,2.24E-07,-0.040685995,0.022,0.037,0.003971913,0,Cep85
Tpm3-rs7,2.25E-07,-0.08762666,0.203,0.24,0.003980271,0,Tpm3-rs7
Stx2,2.25E-07,0.099783162,0.206,0.176,0.003980558,0,Stx2
Bmf,2.28E-07,-0.032404795,0.008,0.019,0.004035143,0,Bmf
Rbm26,2.31E-07,-0.139640147,0.171,0.205,0.004087211,0,Rbm26
Trpc6,2.31E-07,-0.035032739,0.001,0.007,0.004088129,0,Trpc6
Rsrc1,2.33E-07,0.088240492,0.356,0.324,0.004131699,0,Rsrc1
Rilpl2,2.41E-07,-0.044212322,0.037,0.057,0.004264435,0,Rilpl2
Zfp367,2.42E-07,-0.058010134,0.013,0.025,0.004279353,0,Zfp367
Ptprz1,2.45E-07,-0.066686013,0.003,0.01,0.004340091,0,Ptprz1
Rad51ap1,2.45E-07,-0.016457585,0.002,0.01,0.004341253,0,Rad51ap1
Calu,2.46E-07,0.084787332,0.556,0.517,0.004358037,0,Calu
Supt4a,2.51E-07,-0.06557607,0.094,0.123,0.004436533,0,Supt4a
Tacc1,2.52E-07,-0.117040036,0.253,0.292,0.004459974,0,Tacc1
Eef1e1,2.52E-07,-0.047977457,0.047,0.069,0.004462007,0,Eef1e1
Castor1,2.54E-07,-0.043762952,0.024,0.04,0.004498821,0,Castor1
Syncrip,2.54E-07,-0.096425204,0.276,0.315,0.004502954,0,Syncrip
Gjc3,2.56E-07,-0.085429673,0.001,0.008,0.004535608,0,Gjc3
Tasp1,2.56E-07,-0.025734913,0.014,0.027,0.004537251,0,Tasp1
Fam111a,2.57E-07,0.077839232,0.19,0.16,0.004554347,0,Fam111a
Ralgps1,2.58E-07,0.029771496,0.02,0.01,0.004568558,0,Ralgps1
Rlim,2.59E-07,-0.101444816,0.131,0.162,0.004589405,0,Rlim
Ccdc141,2.60E-07,-0.076522801,0.021,0.036,0.004602799,0,Ccdc141
H2-Q10,2.61E-07,-0.021717915,0.001,0.008,0.004623205,0,H2-Q10
Pdcd6ip,2.63E-07,0.110954302,0.272,0.241,0.004646359,0,Pdcd6ip
Bloc1s1,2.63E-07,-0.110892251,0.344,0.388,0.004648801,0,Bloc1s1
Plxna4,2.65E-07,-0.055187973,0.013,0.025,0.004682187,0,Plxna4
Slc39a14,2.65E-07,-0.078809814,0.118,0.149,0.004697394,0,Slc39a14
Gm28913,2.67E-07,0.02471756,0.009,0.003,0.004729341,0,Gm28913
A830019P07Rik,2.68E-07,-0.025300706,0,0.005,0.004744109,0,A830019P07Rik
Rngtt,2.70E-07,-0.051998323,0.037,0.055,0.004775756,0,Rngtt
Prmt1,2.71E-07,-0.078375577,0.142,0.176,0.00479045,0,Prmt1
Hax1,2.73E-07,-0.048314117,0.045,0.065,0.004824394,0,Hax1
Eif2b1,2.77E-07,-0.047445436,0.041,0.06,0.004906526,0,Eif2b1
Atp6v1f,2.79E-07,0.082733884,0.36,0.327,0.004929511,0,Atp6v1f
Bbx,2.82E-07,-0.096492549,0.121,0.151,0.004999692,0,Bbx
Larp7,2.84E-07,-0.095990455,0.158,0.193,0.005019175,0,Larp7
Pigc,2.85E-07,-0.055253844,0.037,0.055,0.005046632,0,Pigc
Znrf1,2.88E-07,-0.044911935,0.043,0.064,0.005092199,0,Znrf1
Jmy,2.89E-07,-0.101683933,0.109,0.138,0.005112932,0,Jmy
Nudcd2,2.91E-07,-0.060996082,0.133,0.166,0.00514159,0,Nudcd2
Papss2,2.92E-07,-0.042742581,0.054,0.077,0.005162847,0,Papss2
Mpc1,2.93E-07,-0.048363199,0.023,0.038,0.005187577,0,Mpc1
Dusp12,2.95E-07,-0.046546727,0.039,0.058,0.005214198,0,Dusp12
Erh,2.97E-07,-0.040908499,0.076,0.102,0.00525076,0,Erh
Tm9sf2,3.02E-07,-0.06170904,0.179,0.216,0.005347405,0,Tm9sf2
Prkg2,3.04E-07,0.053726904,0.02,0.01,0.005373132,0,Prkg2
Nrtn,3.05E-07,-0.025131833,0.001,0.007,0.005393382,0,Nrtn
Cycs,3.06E-07,-0.105692251,0.155,0.189,0.005423722,0,Cycs
Ankrd50,3.12E-07,-0.047722434,0.024,0.04,0.0055235,0,Ankrd50
Ppm1a,3.12E-07,0.091466622,0.204,0.174,0.005528079,0,Ppm1a
Lfng,3.13E-07,-0.024341454,0.001,0.008,0.005532575,0,Lfng
Hist1h2bc,3.17E-07,-0.132176277,0.244,0.281,0.005609149,0,Hist1h2bc
Snx27,3.17E-07,0.104341866,0.12,0.096,0.005618674,0,Snx27
Mmp13,3.20E-07,-0.284917545,0.008,0.018,0.005662221,0,Mmp13
Kctd15,3.20E-07,-0.037436878,0.013,0.025,0.005671518,0,Kctd15
Ykt6,3.27E-07,-0.056239193,0.121,0.153,0.00577972,0,Ykt6
Gm9856,3.27E-07,-0.024524066,0.003,0.011,0.005784266,0,Gm9856
Kcnk1,3.31E-07,-0.015606087,0,0.006,0.005855129,0,Kcnk1
Ppp2r3a,3.34E-07,-0.105441187,0.124,0.154,0.00591021,0,Ppp2r3a
Peli2,3.35E-07,0.05890597,0.078,0.058,0.005923695,0,Peli2
Nktr,3.35E-07,0.060329459,0.5,0.466,0.005935684,0,Nktr
Zbed5,3.37E-07,-0.03446286,0.007,0.018,0.005959155,0,Zbed5
Trnp1,3.39E-07,0.048289039,0.023,0.012,0.005993786,0,Trnp1
Gm3226,3.41E-07,-0.028899732,0.006,0.016,0.006028288,0,Gm3226
Zfp414,3.45E-07,-0.053512461,0.037,0.056,0.006097937,0,Zfp414
Akr1a1,3.45E-07,-0.088244708,0.434,0.47,0.006103999,0,Akr1a1
Ak9,3.48E-07,0.014400696,0.005,0.001,0.00615129,0,Ak9
Mns1,3.58E-07,-0.011023179,0.004,0.013,0.00634118,0,Mns1
Tcaf2,3.62E-07,-0.045113829,0.012,0.024,0.006407719,0,Tcaf2
H2afv,3.63E-07,-0.123992403,0.218,0.254,0.006416035,0,H2afv
Atp5b,3.63E-07,-0.138056707,0.541,0.565,0.006416226,0,Atp5b
Mettl24,3.64E-07,-0.036776404,0.003,0.01,0.00644652,0,Mettl24
Hspb11,3.65E-07,-0.06134067,0.061,0.084,0.006466754,0,Hspb11
Sdk2,3.69E-07,-0.024516304,0.001,0.007,0.006526804,0,Sdk2
Fbxl2,3.69E-07,-0.026385302,0.001,0.007,0.006532057,0,Fbxl2
Dclk2,3.71E-07,-0.022933738,0.001,0.007,0.006568062,0,Dclk2
Etv5,3.72E-07,-0.042375639,0.009,0.02,0.006579868,0,Etv5
Fam98a,3.73E-07,-0.057948047,0.1,0.129,0.006601342,0,Fam98a
Asf1a,3.76E-07,-0.065675192,0.046,0.067,0.006650423,0,Asf1a
Tdo2,3.76E-07,0.029214489,0.007,0.002,0.006650893,0,Tdo2
Cldn1,3.79E-07,-0.072772092,0.001,0.008,0.006700955,0,Cldn1
Xxylt1,3.84E-07,-0.054668019,0.052,0.073,0.006801193,0,Xxylt1
Gm44415,3.85E-07,0.039794142,0.019,0.01,0.006807545,0,Gm44415
Mrpl55,3.85E-07,-0.072106332,0.075,0.1,0.006820894,0,Mrpl55
Camk1,3.86E-07,0.093761254,0.188,0.16,0.006828666,0,Camk1
Nap1l5,3.88E-07,-0.056156725,0.002,0.009,0.006862284,0,Nap1l5
Fam122b,3.88E-07,0.0437357,0.022,0.012,0.006864244,0,Fam122b
Arhgap45,3.90E-07,0.024602532,0.01,0.004,0.006906806,0,Arhgap45
Mtmr3,3.91E-07,0.062619132,0.07,0.051,0.006924798,0,Mtmr3
Usp14,3.92E-07,-0.056485018,0.084,0.11,0.006934421,0,Usp14
Polr2c,3.94E-07,-0.058062017,0.102,0.131,0.006980208,0,Polr2c
Eif2s2,3.98E-07,0.058094579,0.56,0.521,0.007048752,0,Eif2s2
Rab27a,4.00E-07,-0.021829248,0,0.006,0.007077738,0,Rab27a
Mknk2,4.00E-07,0.091495258,0.159,0.133,0.007080871,0,Mknk2
Thbs3,4.05E-07,0.07404128,0.406,0.37,0.007173075,0,Thbs3
Fam13c,4.09E-07,0.044884315,0.095,0.072,0.00723976,0,Fam13c
Csf2ra,4.12E-07,0.078808864,0.05,0.034,0.007284096,0,Csf2ra
Tyro3,4.12E-07,-0.024952842,0.005,0.014,0.007293199,0,Tyro3
Dock6,4.16E-07,-0.075304788,0.021,0.035,0.007370359,0,Dock6
Trib3,4.22E-07,0.027935321,0.012,0.005,0.007475009,0,Trib3
Mx2,4.26E-07,-0.081983179,0.037,0.055,0.007539172,0,Mx2
Alcam,4.28E-07,0.030815147,0.016,0.008,0.007583333,0,Alcam
Stip1,4.30E-07,-0.119047695,0.198,0.233,0.007609047,0,Stip1
Krcc1,4.30E-07,0.097607097,0.282,0.252,0.007613228,0,Krcc1
Aldh18a1,4.32E-07,-0.036579888,0.056,0.078,0.007651854,0,Aldh18a1
Eif3g,4.36E-07,-0.092812384,0.198,0.233,0.007713057,0,Eif3g
Fam53a,4.39E-07,0.076478899,0.091,0.07,0.007772109,0,Fam53a
Gca,4.44E-07,0.019601527,0.01,0.004,0.007856137,0,Gca
Glrb,4.44E-07,0.035584689,0.016,0.008,0.007856427,0,Glrb
Arhgef2,4.45E-07,-0.108857529,0.133,0.164,0.007868512,0,Arhgef2
Pde1b,4.48E-07,-0.022918622,0.001,0.007,0.007924769,0,Pde1b
Tcp11,4.49E-07,0.017257075,0.006,0.001,0.00794321,0,Tcp11
Rbm3,4.50E-07,-0.047515332,0.123,0.155,0.007957635,0,Rbm3
Nt5c3b,4.53E-07,-0.0529576,0.069,0.093,0.008015455,0,Nt5c3b
Rnd1,4.54E-07,0.068965753,0.058,0.041,0.008031241,0,Rnd1
Cnn1,4.57E-07,-0.036863857,0.001,0.008,0.008086618,0,Cnn1
Aurkb,4.59E-07,-0.016697743,0.001,0.008,0.008115401,0,Aurkb
Loxl4,4.59E-07,0.045874607,0.026,0.015,0.008115959,0,Loxl4
Polr2b,4.59E-07,-0.062256204,0.091,0.118,0.008131909,0,Polr2b
Ccdc59,4.68E-07,-0.094946161,0.245,0.285,0.008290364,0,Ccdc59
Csmd1,4.70E-07,0.029114673,0.013,0.005,0.008324533,0,Csmd1
Dad1,4.72E-07,-0.098870118,0.432,0.464,0.008349774,0,Dad1
Plaur,4.74E-07,-0.018803561,0.034,0.052,0.008382226,0,Plaur
Kif2c,4.74E-07,-0.013509806,0.001,0.008,0.008383413,0,Kif2c
Pwwp3b,4.75E-07,-0.052872802,0.017,0.03,0.008414524,0,Pwwp3b
Rab26os,4.75E-07,-0.053329188,0.026,0.042,0.008415455,0,Rab26os
Aco2,4.79E-07,-0.061321665,0.041,0.06,0.008481399,0,Aco2
D10Wsu102e,4.81E-07,-0.064403725,0.052,0.074,0.008520964,0,D10Wsu102e
Itgb6,4.88E-07,0.014101975,0.007,0.002,0.008628602,0,Itgb6
Nek7,4.88E-07,-0.089960211,0.194,0.231,0.008635788,0,Nek7
Stac,4.88E-07,-0.034678099,0,0.005,0.008636464,0,Stac
Fabp3,4.89E-07,-0.102621316,0.004,0.012,0.008655812,0,Fabp3
Gale,4.91E-07,-0.018020786,0.006,0.015,0.008682515,0,Gale
Nsg1,4.94E-07,0.104213383,0.132,0.108,0.008750197,0,Nsg1
Oat,4.95E-07,0.099701869,0.456,0.429,0.008764455,0,Oat
Ahsa2,4.96E-07,-0.046031077,0.051,0.072,0.008779524,0,Ahsa2
Ss18l2,4.97E-07,-0.07755016,0.064,0.087,0.008792569,0,Ss18l2
Zfp553,5.00E-07,-0.036597761,0.02,0.035,0.008851227,0,Zfp553
Gm10320,5.03E-07,-0.021179143,0.02,0.034,0.008902701,0,Gm10320
Shb,5.08E-07,0.048776382,0.047,0.032,0.008990829,0,Shb
Txnrd3,5.09E-07,0.049170191,0.039,0.025,0.00901195,0,Txnrd3
Gm38211,5.14E-07,-0.099860725,0.077,0.101,0.009091048,0,Gm38211
Fam98b,5.19E-07,-0.072455496,0.118,0.149,0.009179899,0,Fam98b
Tbx4,5.19E-07,-0.033221525,0.003,0.01,0.009181479,0,Tbx4
Neb,5.20E-07,-0.371850481,0.008,0.018,0.009199135,0,Neb
Eepd1,5.21E-07,-0.03566976,0.003,0.011,0.009217491,0,Eepd1
Bri3bp,5.22E-07,-0.053561682,0.05,0.07,0.009232292,0,Bri3bp
Dis3,5.30E-07,-0.06482131,0.047,0.067,0.009375136,0,Dis3
Atpif1,5.33E-07,-0.127098166,0.403,0.436,0.009435837,0,Atpif1
Sncaip,5.40E-07,-0.026588829,0.001,0.007,0.009562913,0,Sncaip
Smg6,5.41E-07,-0.100801487,0.121,0.15,0.009576554,0,Smg6
Blm,5.41E-07,-0.027284908,0.009,0.019,0.009580442,0,Blm
Ch25h,5.42E-07,-0.030625178,0.001,0.007,0.009587238,0,Ch25h
Trim46,5.44E-07,-0.017620961,0.004,0.013,0.009628983,0,Trim46
Pithd1,5.53E-07,-0.048722371,0.031,0.048,0.009780297,0,Pithd1
Gm48014,5.55E-07,0.010901315,0.005,0.001,0.009815487,0,Gm48014
4833422C13Rik,5.56E-07,-0.031397595,0.007,0.017,0.009847432,0,4833422C13Rik
Actn4,5.57E-07,-0.158995856,0.273,0.308,0.009866853,0,Actn4
Slc22a17,5.61E-07,-0.039233734,0.028,0.045,0.009932325,0,Slc22a17
Pola2,5.64E-07,0.046432567,0.039,0.025,0.009978462,0,Pola2
Gm13861,5.64E-07,-0.043645592,0,0.006,0.009981885,0,Gm13861
Chd4,5.66E-07,-0.118281273,0.487,0.525,0.010020843,0,Chd4
Mif4gd,5.67E-07,0.064223894,0.064,0.046,0.010043667,0,Mif4gd
Nsd2,5.72E-07,-0.059920214,0.077,0.102,0.010120568,0,Nsd2
Tars,5.76E-07,-0.05647765,0.142,0.175,0.010193772,0,Tars
Iscu,5.77E-07,-0.0496912,0.083,0.109,0.010205299,0,Iscu
Ccdc117,5.83E-07,-0.038465935,0.033,0.051,0.010319483,0,Ccdc117
Mrps16,5.84E-07,-0.059889442,0.156,0.19,0.010334686,0,Mrps16
Oas1a,5.93E-07,0.0749918,0.056,0.039,0.010490789,0,Oas1a
Os9,5.95E-07,-0.109384298,0.384,0.422,0.010534746,0,Os9
Mcub,5.96E-07,0.115646748,0.101,0.079,0.010546437,0,Mcub
Tgif1,5.99E-07,-0.059262228,0.039,0.057,0.010598231,0,Tgif1
Bhlhe40,6.01E-07,-0.122128942,0.232,0.269,0.01063022,0,Bhlhe40
Ftsj1,6.02E-07,-0.04728198,0.037,0.056,0.01065647,0,Ftsj1
Gm15644,6.04E-07,0.0172268,0.007,0.002,0.010686833,0,Gm15644
Ptpn13,6.09E-07,0.058111298,0.078,0.058,0.01078181,0,Ptpn13
Brd8,6.10E-07,-0.109171493,0.169,0.203,0.010795262,0,Brd8
Hint1,6.12E-07,-0.102208106,0.456,0.488,0.010825945,0,Hint1
Cyld,6.13E-07,0.080009968,0.103,0.08,0.010843484,0,Cyld
Rexo4,6.13E-07,-0.070303846,0.07,0.094,0.010855848,0,Rexo4
Apoa1,6.17E-07,0.015887989,0.006,0.002,0.010922502,0,Apoa1
Chpf,6.20E-07,-0.073192148,0.154,0.188,0.010972699,0,Chpf
Vps37b,6.25E-07,-0.044481796,0.006,0.015,0.011068553,0,Vps37b
Tbcc,6.41E-07,-0.056841585,0.024,0.039,0.011347694,0,Tbcc
Lsm5,6.41E-07,-0.04918177,0.056,0.078,0.011348313,0,Lsm5
Picalm,6.46E-07,0.083215074,0.368,0.336,0.011441768,0,Picalm
Ccdc190,6.48E-07,0.006371302,0.003,0,0.011464727,0,Ccdc190
Mrpl17,6.48E-07,-0.061787824,0.157,0.192,0.011470494,0,Mrpl17
Ttk,6.51E-07,-0.013979022,0.002,0.008,0.01152955,0,Ttk
Gm10557,6.52E-07,-0.020990232,0.008,0.018,0.011544855,0,Gm10557
Polr2g,6.53E-07,-0.06128636,0.115,0.145,0.011554781,0,Polr2g
Akt3,6.53E-07,-0.052450053,0.033,0.05,0.011559261,0,Akt3
Pcyox1,6.55E-07,-0.067760621,0.101,0.128,0.011587176,0,Pcyox1
Rpl5-ps1,6.65E-07,0.067182627,0.072,0.053,0.011773471,0,Rpl5-ps1
Tk1,6.71E-07,-0.034440845,0.017,0.031,0.011867281,0,Tk1
Gsta1,6.71E-07,0.016440002,0.005,0.001,0.011872546,0,Gsta1
Fgf2os,6.77E-07,0.011480991,0.004,0.001,0.011979033,0,Fgf2os
Pck2,6.78E-07,-0.060037633,0.066,0.09,0.012005801,0,Pck2
Chsy3,6.81E-07,-0.022237432,0.007,0.017,0.012059176,0,Chsy3
B130024G19Rik,6.83E-07,-0.033672629,0.001,0.007,0.012080243,0,B130024G19Rik
Gabarap,6.84E-07,0.056080975,0.655,0.609,0.012102922,0,Gabarap
Mapkapk3,6.85E-07,-0.026592607,0.017,0.03,0.012117422,0,Mapkapk3
Tslp,6.85E-07,0.050500243,0.043,0.029,0.012121518,0,Tslp
Armc1,6.88E-07,-0.05989703,0.089,0.116,0.012172232,0,Armc1
Paqr6,6.90E-07,-0.031186217,0,0.006,0.012204082,0,Paqr6
Rbm43,6.91E-07,0.079294842,0.097,0.075,0.012224111,0,Rbm43
A230001M10Rik,6.91E-07,0.011470674,0.003,0,0.01223767,0,A230001M10Rik
Gadd45gip1,7.03E-07,-0.06434503,0.123,0.154,0.012435411,0,Gadd45gip1
Arxes2,7.05E-07,-0.020176111,0.004,0.011,0.012477718,0,Arxes2
Gm12350,7.09E-07,-0.043643644,0.025,0.04,0.012553389,0,Gm12350
Fbxo33,7.13E-07,0.108635209,0.129,0.104,0.012611902,0,Fbxo33
Hoxa9,7.16E-07,-0.075421307,0.043,0.063,0.012665252,0,Hoxa9
Sfi1,7.17E-07,0.061334733,0.085,0.064,0.012693746,0,Sfi1
Suclg1,7.21E-07,-0.100991895,0.184,0.219,0.012760547,0,Suclg1
Slc2a4,7.31E-07,-0.040225365,0,0.005,0.012929836,0,Slc2a4
Ide,7.34E-07,0.080610625,0.172,0.145,0.012995848,0,Ide
Ptprk,7.38E-07,-0.048046291,0.013,0.024,0.013057293,0,Ptprk
Nfkbil1,7.40E-07,-0.053727322,0.021,0.036,0.01309758,0,Nfkbil1
Dhfr,7.42E-07,-0.032501538,0.015,0.028,0.01312431,0,Dhfr
Itprid2,7.45E-07,-0.053028655,0.022,0.037,0.013184634,0,Itprid2
Gm45640,7.51E-07,0.044090269,0.061,0.044,0.013284597,0,Gm45640
Mxd1,7.58E-07,-0.048702782,0.027,0.043,0.013414723,0,Mxd1
Sybu,7.58E-07,-0.020544149,0.001,0.006,0.013418464,0,Sybu
Gm45257,7.59E-07,-0.018365338,0.001,0.006,0.013431451,0,Gm45257
Mpp2,7.62E-07,-0.022932152,0.001,0.006,0.013477932,0,Mpp2
2410006H16Rik,7.63E-07,-0.1108117,0.313,0.352,0.013510414,0,2410006H16Rik
Isyna1,7.70E-07,-0.066173244,0.031,0.048,0.013636631,0,Isyna1
Gm12394,7.81E-07,0.023902837,0.008,0.003,0.013826844,0,Gm12394
Plk4,7.83E-07,-0.018180866,0.025,0.041,0.013852637,0,Plk4
Mcrip1,7.90E-07,-0.076244235,0.248,0.287,0.013983363,0,Mcrip1
Stat2,7.95E-07,0.100114325,0.194,0.165,0.014064118,0,Stat2
Plcl1,7.96E-07,-0.084263419,0.019,0.032,0.014079909,0,Plcl1
C430049B03Rik,7.97E-07,0.033471973,0.046,0.031,0.014105863,0,C430049B03Rik
Gm5345,7.98E-07,-0.017420366,0.001,0.007,0.014120966,0,Gm5345
Clstn1,7.99E-07,0.078065307,0.204,0.175,0.01414291,0,Clstn1
Gm16159,7.99E-07,0.019240812,0.009,0.003,0.014143872,0,Gm16159
Plpp2,8.02E-07,-0.026872618,0.004,0.012,0.014194747,0,Plpp2
Wasl,8.10E-07,0.064803726,0.337,0.306,0.014332375,0,Wasl
Stmn2,8.12E-07,-0.046246518,0.002,0.009,0.01437661,0,Stmn2
Angel1,8.16E-07,0.024746988,0.012,0.005,0.014443838,0,Angel1
Tmem208,8.24E-07,-0.06271072,0.15,0.184,0.014589297,0,Tmem208
Cnnm2,8.39E-07,-0.041179093,0.013,0.025,0.014854004,0,Cnnm2
Letm1,8.50E-07,-0.052552311,0.077,0.102,0.015048671,0,Letm1
Mrps14,8.52E-07,-0.094661153,0.188,0.223,0.015075865,0,Mrps14
Col11a2,8.60E-07,-0.066687501,0.005,0.013,0.015219719,0,Col11a2
Zc3h8,8.64E-07,-0.051832836,0.023,0.038,0.015293996,0,Zc3h8
Zmpste24,8.67E-07,-0.053637733,0.123,0.154,0.015338905,0,Zmpste24
Slc38a10,8.67E-07,0.111093143,0.311,0.283,0.015346758,0,Slc38a10
Gm5791,8.75E-07,-0.023430348,0.006,0.015,0.015491929,0,Gm5791
Ak5,8.77E-07,-0.023363852,0.002,0.008,0.015525465,0,Ak5
Cox6a2,8.79E-07,-0.145051165,0.002,0.009,0.01555303,0,Cox6a2
Gm10762,8.79E-07,-0.026253542,0.009,0.02,0.015553126,0,Gm10762
Gm48878,8.82E-07,-0.022949249,0.002,0.008,0.015611843,0,Gm48878
Tpst2,8.86E-07,0.085150459,0.113,0.091,0.01567775,0,Tpst2
Gli2,8.93E-07,-0.034239408,0.006,0.014,0.015800381,0,Gli2
n-R5-8s1,8.96E-07,-0.045449279,0.005,0.013,0.015850541,0,n-R5-8s1
Ifitm10,9.04E-07,-0.024258578,0.002,0.009,0.015996022,0,Ifitm10
Pih1d1,9.04E-07,-0.072308585,0.086,0.111,0.016008304,0,Pih1d1
Ttc33,9.05E-07,-0.078798938,0.06,0.081,0.016021647,0,Ttc33
Lhpp,9.09E-07,0.042893212,0.037,0.024,0.016091345,0,Lhpp
Srsf4,9.15E-07,-0.042501457,0.025,0.04,0.016192779,0,Srsf4
Rpl10a,9.17E-07,0.045017358,0.549,0.512,0.016235465,0,Rpl10a
Shisa3,9.18E-07,-0.034649453,0.001,0.006,0.016254566,0,Shisa3
Coq10b,9.19E-07,0.074444104,0.277,0.245,0.016269771,0,Coq10b
Fam129b,9.20E-07,-0.039955285,0.041,0.06,0.016282079,0,Fam129b
Sec11c,9.20E-07,-0.061797725,0.124,0.155,0.016289756,0,Sec11c
Tpp1,9.25E-07,0.098688361,0.167,0.141,0.016368379,0,Tpp1
Arhgef26,9.26E-07,-0.029336367,0.001,0.006,0.016396522,0,Arhgef26
Gm44694,9.29E-07,0.02635004,0.033,0.021,0.016446684,0,Gm44694
4930581F22Rik,9.31E-07,-0.063929039,0.009,0.019,0.016477184,0,4930581F22Rik
Eif1b,9.35E-07,-0.126373031,0.183,0.215,0.016547454,0,Eif1b
Ebag9,9.36E-07,-0.058719226,0.069,0.093,0.01656172,0,Ebag9
Aspn,9.37E-07,-0.481070633,0.616,0.572,0.016588777,0,Aspn
Pard6g,9.41E-07,-0.037326281,0.02,0.034,0.016656151,0,Pard6g
Lgr5,9.49E-07,-0.018180457,0.002,0.008,0.016799595,0,Lgr5
Pik3r2,9.51E-07,0.059848065,0.086,0.065,0.016827567,0,Pik3r2
Irf2bpl,9.59E-07,-0.114154121,0.14,0.17,0.016978997,0,Irf2bpl
Relb,9.60E-07,0.083548826,0.095,0.074,0.016995623,0,Relb
Sox5os3,9.61E-07,0.014357752,0.005,0.001,0.017010971,0,Sox5os3
Pbx4,9.63E-07,0.022691831,0.009,0.003,0.017047043,0,Pbx4
Galr2,9.63E-07,-0.026787891,0.001,0.006,0.017048179,0,Galr2
Cyp3a13,9.73E-07,0.019805156,0.006,0.002,0.017227749,0,Cyp3a13
Six1,9.79E-07,-0.109297375,0.067,0.09,0.017332983,0,Six1
Hunk,9.82E-07,-0.025935612,0.001,0.006,0.01737333,0,Hunk
Pfkfb4,9.83E-07,0.036851676,0.029,0.018,0.017399269,0,Pfkfb4
Uba1,9.91E-07,0.094548511,0.23,0.202,0.017533568,0,Uba1
Anxa6,9.93E-07,-0.102520399,0.272,0.309,0.017572002,0,Anxa6
Atf7ip,1.00E-06,-0.074555905,0.113,0.142,0.017763299,0,Atf7ip
Inka1,1.00E-06,-0.025254078,0.002,0.009,0.017771597,0,Inka1
6820402A03Rik,1.01E-06,0.046142142,0.035,0.022,0.017905309,0,6820402A03Rik
Adap2os,1.02E-06,-0.040311784,0,0.006,0.018033583,0,Adap2os
Gm30938,1.02E-06,-0.030786853,0.003,0.01,0.018064489,0,Gm30938
9330159F19Rik,1.03E-06,-0.042012847,0,0.006,0.018142721,0,9330159F19Rik
Cdc25c,1.03E-06,-0.010931165,0,0.006,0.018142721,0,Cdc25c
2810408I11Rik,1.03E-06,-0.015537501,0.006,0.016,0.018184842,0,2810408I11Rik
Jagn1,1.03E-06,-0.045442461,0.089,0.115,0.018271477,0,Jagn1
Celf3,1.04E-06,0.018239561,0.008,0.003,0.018351047,0,Celf3
Gpsm3,1.04E-06,0.064407224,0.09,0.069,0.018407383,0,Gpsm3
AI427809,1.06E-06,0.049528269,0.028,0.017,0.01867567,0,AI427809
Cacna2d1,1.07E-06,-0.107012566,0.16,0.191,0.018935743,0,Cacna2d1
Susd5,1.08E-06,-0.022377816,0,0.005,0.019171634,0,Susd5
Slc35f1,1.08E-06,-0.050700074,0,0.005,0.019184562,0,Slc35f1
Kpna3,1.09E-06,-0.025308105,0.077,0.102,0.019256158,0,Kpna3
Sra1,1.09E-06,-0.070375929,0.225,0.264,0.019298959,0,Sra1
Grm8,1.09E-06,-0.017813377,0,0.005,0.019357046,0,Grm8
Plekhb2,1.11E-06,0.049312705,0.043,0.029,0.019596226,0,Plekhb2
1600014C10Rik,1.12E-06,-0.038532938,0.017,0.029,0.019821012,0,1600014C10Rik
Slc35e4,1.13E-06,-0.052642697,0.033,0.049,0.02007306,0,Slc35e4
Rab5a,1.14E-06,-0.058909541,0.095,0.121,0.020097416,0,Rab5a
Egfr,1.14E-06,0.063571338,0.343,0.31,0.020218185,0,Egfr
Pcdh11x,1.15E-06,0.004295743,0.005,0.001,0.02032368,0,Pcdh11x
Ak2,1.17E-06,-0.052651595,0.139,0.171,0.020721245,0,Ak2
Popdc3,1.19E-06,-0.038398194,0.001,0.007,0.021011124,0,Popdc3
Hist1h1b,1.19E-06,-0.021699068,0.001,0.006,0.021063226,0,Hist1h1b
2600014E21Rik,1.20E-06,-0.01404894,0.001,0.006,0.021211965,0,2600014E21Rik
Tmed10-ps,1.22E-06,-0.031605504,0.018,0.031,0.021625133,0,Tmed10-ps
2210408F21Rik,1.23E-06,0.039218704,0.054,0.037,0.021688892,0,2210408F21Rik
Pi4ka,1.24E-06,0.068805817,0.085,0.065,0.021924967,0,Pi4ka
Csrnp1,1.24E-06,0.087233919,0.297,0.267,0.021953943,0,Csrnp1
Acyp1,1.24E-06,0.053941865,0.074,0.055,0.021973094,0,Acyp1
Gm9947,1.25E-06,-0.030617771,0.005,0.013,0.022049039,0,Gm9947
Cdk15,1.25E-06,-0.034815306,0.004,0.012,0.022153527,0,Cdk15
Megf10,1.27E-06,-0.040401368,0.002,0.008,0.022414299,0,Megf10
Tmem88,1.28E-06,0.056103737,0.062,0.045,0.022635389,0,Tmem88
Arl2,1.28E-06,-0.068598428,0.05,0.07,0.022711178,0,Arl2
Tyms,1.29E-06,-0.023866925,0.035,0.052,0.022863529,0,Tyms
Ntan1,1.32E-06,-0.073055884,0.19,0.226,0.023288379,0,Ntan1
Ncmap,1.32E-06,-0.153025393,0.002,0.008,0.023293599,0,Ncmap
Galnt5,1.33E-06,-0.029796048,0.009,0.019,0.023566495,0,Galnt5
Slc20a1,1.34E-06,-0.068783243,0.072,0.095,0.023770942,0,Slc20a1
Cnrip1,1.34E-06,0.093123053,0.158,0.133,0.023782507,0,Cnrip1
Dhx58os,1.35E-06,-0.023707894,0.01,0.021,0.023886324,0,Dhx58os
Nop53,1.35E-06,0.044091539,0.41,0.376,0.023924862,0,Nop53
Gm42528,1.36E-06,0.025712559,0.011,0.005,0.02400925,0,Gm42528
Mars,1.36E-06,-0.074688046,0.164,0.197,0.024146309,0,Mars
Dcaf6,1.38E-06,-0.073317892,0.109,0.136,0.024473639,0,Dcaf6
Fnbp1l,1.40E-06,-0.052823671,0.062,0.084,0.024707765,0,Fnbp1l
Cnpy4,1.42E-06,-0.058383369,0.113,0.142,0.02514083,0,Cnpy4
Fzd1,1.44E-06,-0.043249517,0.093,0.12,0.025462911,0,Fzd1
Mrpl27,1.45E-06,-0.071485159,0.132,0.163,0.025728972,0,Mrpl27
Mcur1,1.46E-06,-0.087177621,0.102,0.128,0.025856959,0,Mcur1
Dnmt3a,1.47E-06,-0.078136767,0.109,0.137,0.025992959,0,Dnmt3a
Fam184a,1.48E-06,-0.034549215,0.005,0.013,0.026164749,0,Fam184a
Rnf180,1.48E-06,0.026807553,0.009,0.003,0.026191483,0,Rnf180
Inppl1,1.49E-06,-0.044176828,0.034,0.051,0.026296197,0,Inppl1
Irx5,1.50E-06,0.034362754,0.017,0.009,0.026635577,0,Irx5
S1pr2,1.51E-06,-0.050201025,0.057,0.078,0.026732256,0,S1pr2
Spata13,1.52E-06,-0.017682626,0,0.005,0.026863723,0,Spata13
Akap17b,1.52E-06,0.047632369,0.032,0.02,0.026913557,0,Akap17b
Dlgap1,1.53E-06,-0.030311316,0,0.005,0.026991144,0,Dlgap1
Trim12c,1.55E-06,0.082303764,0.113,0.091,0.027475222,0,Trim12c
Rbm22,1.55E-06,-0.081298693,0.145,0.177,0.027502347,0,Rbm22
Cpne3,1.57E-06,-0.103929637,0.262,0.3,0.027757424,0,Cpne3
Rps15a-ps4,1.58E-06,0.052637267,0.055,0.039,0.028003887,0,Rps15a-ps4
Neo1,1.59E-06,0.102363765,0.142,0.119,0.028179809,0,Neo1
Ankrd54,1.62E-06,-0.032066288,0.028,0.044,0.028715501,0,Ankrd54
Syde2,1.62E-06,0.044348507,0.028,0.017,0.02871881,0,Syde2
Arhgap35,1.63E-06,0.059436673,0.1,0.078,0.028773408,0,Arhgap35
Snx5,1.64E-06,-0.055525068,0.143,0.174,0.029022197,0,Snx5
Gm43022,1.65E-06,0.024896749,0.013,0.006,0.02915449,0,Gm43022
Mrpl43,1.65E-06,-0.062703096,0.074,0.098,0.029256123,0,Mrpl43
Elf4,1.68E-06,0.104461823,0.067,0.05,0.029809814,0,Elf4
Trrap,1.69E-06,0.059588359,0.078,0.059,0.029911174,0,Trrap
Abhd14a,1.70E-06,-0.07370385,0.09,0.115,0.030029612,0,Abhd14a
Gm10134,1.70E-06,-0.027072264,0.002,0.008,0.030037707,0,Gm10134
Paqr4,1.70E-06,-0.046661248,0.018,0.031,0.030058494,0,Paqr4
Ccnc,1.71E-06,-0.042197763,0.045,0.064,0.03028628,0,Ccnc
Rrp1,1.71E-06,0.060441392,0.398,0.366,0.030332302,0,Rrp1
Fam131b,1.72E-06,0.019303421,0.008,0.003,0.030377708,0,Fam131b
Gm42544,1.73E-06,0.028942936,0.012,0.005,0.030547641,0,Gm42544
Whrn,1.73E-06,-0.0220586,0.001,0.007,0.030637662,0,Whrn
Parm1,1.74E-06,-0.100312863,0.019,0.032,0.030757104,0,Parm1
Fitm2,1.76E-06,-0.039412595,0.016,0.028,0.031067837,0,Fitm2
Ptpn21,1.78E-06,0.057144949,0.084,0.064,0.031441044,0,Ptpn21
Esyt1,1.78E-06,-0.06541987,0.112,0.14,0.031469029,0,Esyt1
Armc2,1.78E-06,-0.023156529,0.001,0.007,0.031478934,0,Armc2
Nup37,1.80E-06,-0.043195921,0.032,0.049,0.031849587,0,Nup37
Cops3,1.86E-06,-0.056399837,0.086,0.111,0.032870516,0,Cops3
Psmd1,1.86E-06,-0.067763102,0.188,0.223,0.03287788,0,Psmd1
Tmem184c,1.86E-06,-0.05851408,0.048,0.067,0.03289926,0,Tmem184c
Rnf24,1.87E-06,-0.05340113,0.013,0.024,0.03306605,0,Rnf24
Irs2,1.87E-06,-0.134640616,0.287,0.321,0.033168899,0,Irs2
Plbd2,1.88E-06,-0.079597764,0.122,0.15,0.033202938,0,Plbd2
Lrrc1,1.89E-06,0.040462979,0.027,0.016,0.033509527,0,Lrrc1
Oard1,1.89E-06,-0.054536389,0.04,0.058,0.033521846,0,Oard1
Gabbr1,1.90E-06,-0.064265574,0.037,0.054,0.03355478,0,Gabbr1
Vangl1,1.91E-06,0.077514062,0.096,0.075,0.033876426,0,Vangl1
Asxl2,1.91E-06,-0.056606162,0.078,0.102,0.033888163,0,Asxl2
Bcar1,1.92E-06,-0.044250878,0.027,0.042,0.033971701,0,Bcar1
Cd38,1.92E-06,-0.025152306,0.003,0.01,0.033988267,0,Cd38
5930430L01Rik,1.92E-06,-0.03762185,0.006,0.014,0.034021747,0,5930430L01Rik
Usp9x,1.92E-06,-0.055879039,0.063,0.085,0.034031824,0,Usp9x
Med11,1.92E-06,-0.027160509,0.028,0.044,0.034038651,0,Med11
Ap2a2,1.92E-06,0.124577495,0.241,0.215,0.034050872,0,Ap2a2
Mrpl39,1.93E-06,-0.036292356,0.049,0.068,0.034102733,0,Mrpl39
Setdb1,1.95E-06,-0.054715107,0.037,0.054,0.034541678,0,Setdb1
Pdcd4,1.96E-06,0.10071199,0.241,0.212,0.034755454,0,Pdcd4
Tenm2,1.97E-06,-0.051578841,0,0.005,0.034893359,0,Tenm2
Per2,1.97E-06,-0.053914292,0.021,0.035,0.034900492,0,Per2
Dab2,1.97E-06,-0.111288679,0.154,0.184,0.034919865,0,Dab2
Agap2,1.98E-06,-0.024136162,0,0.005,0.034998384,0,Agap2
Rad54b,1.99E-06,-0.012393375,0,0.005,0.035177625,0,Rad54b
Lin9,2.00E-06,-0.035461576,0.009,0.019,0.035312284,0,Lin9
Gm32618,2.00E-06,-0.040498615,0.016,0.029,0.035345009,0,Gm32618
Clip3,2.00E-06,-0.090171027,0.075,0.097,0.035402069,0,Clip3
Pdk3,2.00E-06,-0.034213416,0.021,0.035,0.0354256,0,Pdk3
Adssl1,2.01E-06,-0.04580973,0.001,0.006,0.035636275,0,Adssl1
Stom,2.03E-06,-0.048864325,0.03,0.046,0.035866656,0,Stom
Gm37490,2.06E-06,0.042097162,0.01,0.004,0.03650852,0,Gm37490
Foxp2,2.08E-06,-0.041031038,0.006,0.015,0.036767576,0,Foxp2
Zfp706,2.08E-06,-0.094911076,0.222,0.258,0.036889348,0,Zfp706
Gm42515,2.10E-06,0.025874876,0.02,0.011,0.037109074,0,Gm42515
Col22a1,2.11E-06,-0.075813985,0.001,0.007,0.037392265,0,Col22a1
Casp6,2.11E-06,-0.037068488,0.046,0.065,0.037416011,0,Casp6
Zfp260,2.12E-06,-0.072197875,0.156,0.188,0.037483048,0,Zfp260
Pdia3,2.12E-06,-0.077951322,0.758,0.739,0.037602517,0,Pdia3
Uts2r,2.13E-06,-0.030374471,0.001,0.007,0.037661526,0,Uts2r
Dync1i2,2.14E-06,0.061249594,0.464,0.432,0.037826715,0,Dync1i2
Actn3,2.14E-06,-0.099964477,0.004,0.011,0.037835645,0,Actn3
E2f7,2.14E-06,0.026567014,0.01,0.004,0.037938395,0,E2f7
Smn1,2.16E-06,-0.05290892,0.077,0.101,0.038165806,0,Smn1
1810010H24Rik,2.16E-06,0.035387923,0.024,0.014,0.038255819,0,1810010H24Rik
Mcoln2,2.16E-06,0.05104017,0.036,0.024,0.038271954,0,Mcoln2
Stard5,2.17E-06,-0.054634969,0.022,0.036,0.038336276,0,Stard5
Usp1,2.17E-06,-0.0596807,0.118,0.146,0.038365333,0,Usp1
Eif1a,2.18E-06,-0.108716937,0.299,0.336,0.038560345,0,Eif1a
Porcn,2.18E-06,-0.030474607,0.016,0.028,0.038565176,0,Porcn
Ikbkb,2.20E-06,0.080954138,0.116,0.093,0.039013347,0,Ikbkb
Ints13,2.24E-06,-0.061215013,0.062,0.084,0.039641752,0,Ints13
Utp14b,2.24E-06,-0.079514519,0.019,0.032,0.039698451,0,Utp14b
Trappc9,2.25E-06,0.047817241,0.05,0.035,0.039828305,0,Trappc9
Gm7143,2.26E-06,-0.037949725,0.083,0.108,0.039913786,0,Gm7143
Rnf125,2.26E-06,-0.030134038,0.012,0.023,0.039935902,0,Rnf125
Ap2m1,2.27E-06,-0.083760216,0.193,0.227,0.040109386,0,Ap2m1
Ctsf,2.27E-06,-0.096415522,0.143,0.172,0.040207272,0,Ctsf
Cep170b,2.28E-06,-0.030148249,0.014,0.026,0.040327577,0,Cep170b
Syngr2,2.28E-06,-0.040154288,0.091,0.116,0.040437609,0,Syngr2
Shoc2,2.30E-06,0.092397977,0.222,0.196,0.040656045,0,Shoc2
Slfn9,2.30E-06,-0.03581768,0.032,0.048,0.040733218,0,Slfn9
Gm37368,2.31E-06,0.017068935,0.011,0.005,0.040954057,0,Gm37368
Nt5e,2.32E-06,-0.038938784,0.005,0.012,0.041055949,0,Nt5e
Dmac1,2.33E-06,-0.062355535,0.103,0.13,0.041229343,0,Dmac1
Gm37519,2.34E-06,0.025968771,0.012,0.005,0.041372888,0,Gm37519
Morf4l2,2.34E-06,-0.089246137,0.315,0.352,0.041467628,0,Morf4l2
Jph2,2.35E-06,-0.036215073,0.002,0.008,0.041574042,0,Jph2
Idh1,2.36E-06,0.107591006,0.203,0.178,0.041699865,0,Idh1
Prag1,2.41E-06,-0.016306325,0.002,0.008,0.04264566,0,Prag1
Olfr810,2.41E-06,-0.017400213,0,0.005,0.042718686,0,Olfr810
Kcnn4,2.41E-06,-0.016807119,0,0.005,0.042725103,0,Kcnn4
Prcd,2.42E-06,-0.045036756,0.015,0.027,0.042774518,0,Prcd
Ccdc186,2.43E-06,-0.113327111,0.234,0.268,0.042920658,0,Ccdc186
Luc7l3,2.43E-06,-0.13490384,0.321,0.357,0.042993335,0,Luc7l3
Txnrd1,2.43E-06,-0.079084241,0.25,0.288,0.04302554,0,Txnrd1
Mal,2.43E-06,-0.109879714,0.001,0.007,0.043072063,0,Mal
Leprotl1,2.45E-06,-0.075928638,0.158,0.19,0.043341403,0,Leprotl1
Furin,2.46E-06,-0.048524083,0.072,0.096,0.043480049,0,Furin
Lrrc4c,2.49E-06,-0.026942391,0.001,0.006,0.043995388,0,Lrrc4c
Kcnt2,2.49E-06,-0.056908922,0.013,0.024,0.044013359,0,Kcnt2
Asb6,2.49E-06,-0.041269599,0.018,0.031,0.044040638,0,Asb6
Plk1,2.53E-06,-0.012556934,0.002,0.008,0.044730353,0,Plk1
Eef2k,2.55E-06,0.071135672,0.07,0.052,0.045111601,0,Eef2k
Bend6,2.55E-06,-0.034906121,0.016,0.028,0.04512247,0,Bend6
Sgo2a,2.55E-06,-0.011495468,0.001,0.007,0.045193218,0,Sgo2a
Pimreg,2.58E-06,-0.013877996,0.001,0.007,0.045615109,0,Pimreg
Nalcn,2.59E-06,-0.027548494,0.001,0.006,0.045778967,0,Nalcn
BC055308,2.59E-06,0.017752435,0.009,0.003,0.045815737,0,BC055308
Mxi1,2.60E-06,-0.072605952,0.05,0.07,0.045958103,0,Mxi1
Hoxc6,2.61E-06,-0.072845139,0.077,0.1,0.046227256,0,Hoxc6
Hmces,2.63E-06,-0.028843198,0.026,0.04,0.046600893,0,Hmces
Arl1,2.63E-06,-0.082243933,0.37,0.408,0.046608304,0,Arl1
Ptprv,2.65E-06,-0.015346034,0.001,0.006,0.046816501,0,Ptprv
Prr14l,2.66E-06,-0.061227844,0.036,0.053,0.047035211,0,Prr14l
Kctd5,2.66E-06,-0.028619304,0.038,0.055,0.047044676,0,Kctd5
Trpc3,2.67E-06,-0.047060392,0.002,0.008,0.047264418,0,Trpc3
Myh4,2.67E-06,-0.466384582,0.007,0.016,0.047293845,0,Myh4
Ctf1,2.72E-06,-0.019999271,0.002,0.008,0.048147559,0,Ctf1
Ninl,2.74E-06,-0.022559579,0.004,0.011,0.048462472,0,Ninl
Cfap74,2.75E-06,-0.023468199,0.005,0.014,0.048696371,0,Cfap74
BE692007,2.76E-06,-0.023345993,0,0.005,0.048857772,0,BE692007
Zfp830,2.76E-06,-0.081740449,0.056,0.076,0.048866144,0,Zfp830
Cryaa,2.77E-06,-0.017542544,0,0.005,0.049095837,0,Cryaa
1700030K09Rik,2.83E-06,-0.068034053,0.026,0.041,0.050074021,0,1700030K09Rik
Pcbp1,2.87E-06,-0.113004258,0.362,0.396,0.050881884,0,Pcbp1
Zfp955b,2.89E-06,-0.064134208,0.044,0.062,0.05116797,0,Zfp955b
Prkcq,2.89E-06,-0.049274529,0.002,0.008,0.051208342,0,Prkcq
Pak1ip1,2.92E-06,-0.104062641,0.135,0.164,0.051753204,0,Pak1ip1
Eif3a,2.93E-06,0.066022949,0.597,0.562,0.051889665,0,Eif3a
Saa1,2.96E-06,-0.037889137,0.003,0.01,0.052405887,0,Saa1
Ddx19a,2.96E-06,0.08704853,0.1,0.08,0.052455404,0,Ddx19a
Ifit2,2.97E-06,0.055810191,0.068,0.051,0.052631384,0,Ifit2
Pllp,2.98E-06,-0.056802645,0.001,0.006,0.052781805,0,Pllp
Fam136a,2.99E-06,-0.02251279,0.036,0.053,0.052925711,0,Fam136a
Bptf,2.99E-06,0.074315317,0.329,0.297,0.0529437,0,Bptf
Higd1a,2.99E-06,-0.071160591,0.14,0.17,0.052966904,0,Higd1a
Akap6,3.00E-06,-0.034451501,0.001,0.006,0.053166078,0,Akap6
Egfl8,3.01E-06,-0.111218931,0.004,0.011,0.053258261,0,Egfl8
Rpl36al,3.03E-06,0.084144819,0.406,0.374,0.053691584,0,Rpl36al
St7l,3.07E-06,-0.054976113,0.053,0.073,0.054333947,0,St7l
Ehd3,3.08E-06,-0.05558343,0.004,0.012,0.054453865,0,Ehd3
Fkbp9,3.13E-06,-0.072667387,0.43,0.467,0.055349204,0,Fkbp9
4930513N20Rik,3.13E-06,0.00928556,0.004,0.001,0.055365071,0,4930513N20Rik
Mcm3,3.13E-06,-0.038121615,0.019,0.031,0.055405486,0,Mcm3
Snx2,3.14E-06,0.095463803,0.202,0.176,0.055611863,0,Snx2
Plxnb1,3.17E-06,-0.034438284,0.001,0.006,0.056191679,0,Plxnb1
Zfp809,3.17E-06,-0.042317759,0.044,0.062,0.056193173,0,Zfp809
Gm26887,3.19E-06,-0.020344277,0.001,0.006,0.056395489,0,Gm26887
Zfx,3.20E-06,-0.080178904,0.084,0.108,0.056566428,0,Zfx
Skp2,3.22E-06,-0.035983448,0.013,0.024,0.057016941,0,Skp2
Myef2,3.23E-06,-0.055767178,0.06,0.081,0.05725362,0,Myef2
Canx,3.26E-06,0.056984155,0.716,0.674,0.0576335,0,Canx
Ttl,3.26E-06,-0.055884254,0.048,0.067,0.057700304,0,Ttl
Dusp19,3.28E-06,0.075328328,0.057,0.041,0.058013043,0,Dusp19
Cant1,3.28E-06,0.073029432,0.121,0.098,0.058072211,0,Cant1
Rhebl1,3.34E-06,-0.041847209,0.008,0.017,0.05918414,0,Rhebl1
Fas,3.37E-06,-0.078491925,0.091,0.115,0.059652431,0,Fas
Alms1,3.38E-06,0.05606612,0.038,0.025,0.059785765,0,Alms1
Tdp2,3.39E-06,-0.065913358,0.049,0.068,0.060019169,0,Tdp2
Tulp1,3.44E-06,-0.022876033,0.002,0.007,0.060899328,0,Tulp1
Fem1c,3.44E-06,-0.054010637,0.03,0.046,0.060961605,0,Fem1c
Gpt2,3.46E-06,-0.04953034,0.011,0.021,0.061281891,0,Gpt2
Nbeal2,3.47E-06,0.03086649,0.016,0.008,0.061416399,0,Nbeal2
3830403N18Rik,3.48E-06,-0.047188962,0.007,0.015,0.06150506,0,3830403N18Rik
Sfxn1,3.48E-06,0.078850512,0.226,0.199,0.061528259,0,Sfxn1
Rad21,3.53E-06,-0.122905268,0.204,0.236,0.062422097,0,Rad21
Haus8,3.53E-06,-0.037745891,0.023,0.037,0.062425468,0,Haus8
Tmem161a,3.56E-06,-0.077805024,0.06,0.08,0.06293354,0,Tmem161a
Tent5c,3.57E-06,-0.050989269,0.008,0.017,0.063169482,0,Tent5c
Defb25,3.58E-06,-0.04468493,0.006,0.015,0.063314064,0,Defb25
Palm3,3.59E-06,-0.02284129,0.003,0.01,0.063500462,0,Palm3
Gm43185,3.60E-06,-0.0263501,0,0.005,0.063718346,0,Gm43185
Nog,3.60E-06,-0.011571105,0,0.004,0.06376915,0,Nog
5330416C01Rik,3.60E-06,-0.011871493,0,0.004,0.06376915,0,5330416C01Rik
Rin1,3.61E-06,-0.011376037,0,0.005,0.063967505,0,Rin1
2610307P16Rik,3.64E-06,-0.031538898,0.003,0.01,0.064388439,0,2610307P16Rik
Dnph1,3.66E-06,-0.014445668,0.001,0.006,0.06477005,0,Dnph1
Gm41442,3.67E-06,0.027872025,0.02,0.011,0.064912417,0,Gm41442
Ctdspl2,3.70E-06,-0.07431795,0.089,0.113,0.065407253,0,Ctdspl2
Gas2l3,3.70E-06,-0.061582679,0.004,0.011,0.065510385,0,Gas2l3
Nr1d1,3.75E-06,-0.032022248,0.01,0.019,0.066398181,0,Nr1d1
Fbxl8,3.76E-06,-0.023999288,0.006,0.014,0.066513664,0,Fbxl8
Zbtb11,3.77E-06,-0.071096088,0.063,0.084,0.066788842,0,Zbtb11
Pofut1,3.80E-06,0.070738191,0.092,0.072,0.067297195,0,Pofut1
Igf2bp2,3.84E-06,-0.043670884,0.039,0.056,0.067903638,0,Igf2bp2
Nlrc5,3.90E-06,0.030892742,0.015,0.007,0.069018093,0,Nlrc5
H2afj,3.91E-06,-0.081057947,0.171,0.203,0.069240582,0,H2afj
Lgr4,3.93E-06,0.062797051,0.066,0.05,0.069634522,0,Lgr4
Cenpn,3.94E-06,-0.012035415,0.002,0.008,0.069746069,0,Cenpn
Gm38009,3.96E-06,0.030302628,0.021,0.012,0.070020904,0,Gm38009
Mageh1,3.97E-06,-0.039418458,0.065,0.087,0.070210389,0,Mageh1
Cpd,4.01E-06,0.083642397,0.188,0.162,0.070902089,0,Cpd
Lrrc58,4.02E-06,-0.117180572,0.174,0.204,0.071132832,0,Lrrc58
Fkbp3,4.02E-06,-0.116748646,0.269,0.304,0.071166593,0,Fkbp3
Psmd3,4.02E-06,-0.039399204,0.116,0.144,0.071188978,0,Psmd3
Ap2b1,4.02E-06,0.10019155,0.178,0.153,0.071208901,0,Ap2b1
1700123O20Rik,4.06E-06,-0.053054003,0.093,0.118,0.07191615,0,1700123O20Rik
Dhrs4,4.07E-06,-0.053149177,0.075,0.097,0.072089596,0,Dhrs4
Gsr,4.08E-06,-0.026848585,0.043,0.061,0.072135812,0,Gsr
Cand1,4.08E-06,0.083637769,0.122,0.1,0.072160128,0,Cand1
Hbp1,4.08E-06,-0.089060627,0.074,0.096,0.072197992,0,Hbp1
Gm26512,4.10E-06,-0.02132238,0,0.005,0.072502737,0,Gm26512
Tmem109,4.10E-06,-0.09984209,0.162,0.192,0.072640651,0,Tmem109
Cybrd1,4.11E-06,-0.014496752,0,0.005,0.072792982,0,Cybrd1
Gopc,4.15E-06,-0.042126044,0.069,0.091,0.07352737,0,Gopc
Rc3h1,4.23E-06,-0.084264683,0.103,0.129,0.074886384,0,Rc3h1
Smim26,4.26E-06,-0.039919952,0.047,0.066,0.075330941,0,Smim26
Gm17300,4.29E-06,-0.032408445,0.007,0.016,0.075931036,0,Gm17300
Gramd3,4.35E-06,0.063303153,0.073,0.055,0.076937548,0,Gramd3
Alkbh6,4.35E-06,-0.067717383,0.036,0.052,0.077044636,0,Alkbh6
Glipr2,4.36E-06,0.102828336,0.264,0.238,0.077248177,0,Glipr2
Gm20471,4.37E-06,0.020118716,0.008,0.003,0.077427754,0,Gm20471
Gm48535,4.38E-06,0.008740349,0.004,0.001,0.077539733,0,Gm48535
Arf6,4.39E-06,0.075079154,0.158,0.134,0.077695625,0,Arf6
Gm6093,4.41E-06,-0.013272588,0.001,0.007,0.078066252,0,Gm6093
Col28a1,4.49E-06,-0.051589689,0.004,0.012,0.079434421,0,Col28a1
Tedc1,4.50E-06,-0.007988419,0.001,0.005,0.079663744,0,Tedc1
Pycard,4.52E-06,0.085062228,0.103,0.082,0.080009142,0,Pycard
Ctsz,4.53E-06,-0.067038178,0.409,0.444,0.080161754,0,Ctsz
Slc7a6,4.56E-06,0.075808499,0.086,0.067,0.080621088,0,Slc7a6
Rbck1,4.56E-06,0.080667887,0.13,0.108,0.080674291,0,Rbck1
Itga4,4.56E-06,-0.025242573,0.001,0.007,0.080760358,0,Itga4
Usp22,4.58E-06,-0.056050793,0.072,0.094,0.081130966,0,Usp22
Slc2a13,4.60E-06,0.063962914,0.028,0.017,0.081375669,0,Slc2a13
Vma21,4.61E-06,-0.068238856,0.133,0.162,0.081513013,0,Vma21
Sh3d21,4.63E-06,-0.035897334,0.006,0.014,0.081861761,0,Sh3d21
Ptger3,4.64E-06,-0.021319513,0.002,0.008,0.082122244,0,Ptger3
Gprc5c,4.64E-06,-0.026830898,0.001,0.006,0.082135941,0,Gprc5c
Runx2os1,4.65E-06,-0.016674562,0.002,0.008,0.082331296,0,Runx2os1
Eid1,4.66E-06,-0.09912962,0.301,0.337,0.082403838,0,Eid1
Vps37c,4.66E-06,-0.043502728,0.044,0.062,0.082439403,0,Vps37c
Gba,4.67E-06,-0.047400345,0.098,0.123,0.082583619,0,Gba
Aak1,4.67E-06,0.098980567,0.139,0.116,0.082619724,0,Aak1
Tuft1,4.70E-06,-0.018312078,0.001,0.006,0.08316638,0,Tuft1
Dbf4,4.73E-06,-0.030087842,0.012,0.022,0.083629639,0,Dbf4
Dctn2,4.73E-06,0.087265795,0.291,0.264,0.083685023,0,Dctn2
Rnf168,4.75E-06,-0.088844211,0.083,0.106,0.083984124,0,Rnf168
Ece2,4.76E-06,-0.006456311,0.001,0.006,0.08422413,0,Ece2
Yrdc,4.78E-06,-0.042302263,0.086,0.111,0.084545979,0,Yrdc
Tcap,4.80E-06,-0.185400802,0.005,0.012,0.08500059,0,Tcap
B230216N24Rik,4.84E-06,0.029544161,0.027,0.017,0.085606704,0,B230216N24Rik
Inhbb,4.86E-06,-0.065642229,0.018,0.031,0.085969419,0,Inhbb
Cacnb3,4.89E-06,-0.025542005,0.02,0.033,0.086582536,0,Cacnb3
Nsmce2,4.92E-06,-0.062397366,0.098,0.123,0.087138896,0,Nsmce2
Ing2,4.93E-06,-0.066450225,0.059,0.079,0.087169037,0,Ing2
Faf2,4.94E-06,-0.057433699,0.147,0.177,0.087520137,0,Faf2
1810062G17Rik,4.95E-06,-0.020408256,0.002,0.009,0.087532025,0,1810062G17Rik
Lrrc40,4.97E-06,0.057972907,0.033,0.021,0.087958686,0,Lrrc40
Flcn,4.99E-06,0.051645452,0.061,0.045,0.088279991,0,Flcn
Coq9,5.05E-06,-0.067563701,0.059,0.079,0.089398814,0,Coq9
Gm37954,5.08E-06,0.013614029,0.011,0.005,0.089923529,0,Gm37954
Rin2,5.10E-06,-0.080331766,0.18,0.211,0.090217146,0,Rin2
Ric1,5.10E-06,-0.05946524,0.051,0.07,0.090289341,0,Ric1
Oser1,5.12E-06,-0.043460902,0.028,0.042,0.090536934,0,Oser1
Yy1,5.17E-06,-0.067595693,0.171,0.203,0.091515495,0,Yy1
Twist2,5.21E-06,-0.055202159,0.053,0.072,0.092194051,0,Twist2
Anxa2,5.21E-06,0.002061212,0.811,0.744,0.092295031,0,Anxa2
Ephx2,5.23E-06,-0.036692734,0.008,0.016,0.092602958,0,Ephx2
Pdk1,5.23E-06,-0.024984354,0.024,0.038,0.092649569,0,Pdk1
Scml4,5.24E-06,-0.03383959,0.004,0.011,0.092766153,0,Scml4
Gde1,5.28E-06,-0.050666074,0.042,0.06,0.093381798,0,Gde1
Kif20b,5.28E-06,-0.043382794,0.011,0.022,0.093491855,0,Kif20b
Psip1,5.31E-06,-0.126655082,0.209,0.24,0.093985624,0,Psip1
Dubr,5.31E-06,-0.05950287,0.069,0.09,0.093991704,0,Dubr
Mrpl51,5.35E-06,-0.072986218,0.136,0.166,0.094724151,0,Mrpl51
Dnpep,5.36E-06,0.096551838,0.185,0.161,0.094796397,0,Dnpep
Zmym5,5.36E-06,-0.110845591,0.172,0.203,0.094834806,0,Zmym5
Dtl,5.40E-06,-0.014248699,0.005,0.013,0.09550119,0,Dtl
Gm43581,5.44E-06,0.027905422,0.015,0.007,0.096311207,0,Gm43581
Nek8,5.54E-06,-0.049192873,0.015,0.026,0.098104961,0,Nek8
Rpp25l,5.55E-06,-0.050144276,0.024,0.038,0.098189189,0,Rpp25l
Unc119,5.57E-06,-0.016141446,0.002,0.008,0.098548058,0,Unc119
Tnnt2,5.61E-06,-0.090528134,0.001,0.006,0.099319164,0,Tnnt2
Atp6v0a4,5.64E-06,-0.026161878,0.001,0.006,0.099758757,0,Atp6v0a4
Bicd2,5.66E-06,0.098820048,0.191,0.167,0.100212546,0,Bicd2
Eef1akmt1,5.67E-06,-0.043768658,0.065,0.086,0.100379853,0,Eef1akmt1
Itch,5.67E-06,-0.058085888,0.09,0.115,0.100398732,0,Itch
Kifc1,5.71E-06,-0.008038276,0.001,0.006,0.101101871,0,Kifc1
Tardbp,5.73E-06,-0.07154721,0.197,0.23,0.101372755,0,Tardbp
Dchs1,5.73E-06,-0.042359064,0.021,0.034,0.101449511,0,Dchs1
Cdan1,5.78E-06,0.058438411,0.048,0.034,0.10232712,0,Cdan1
Cenps,5.78E-06,-0.015951472,0.006,0.014,0.102336677,0,Cenps
Atp5k,5.79E-06,-0.12875527,0.361,0.394,0.102550043,0,Atp5k
Usp4,5.80E-06,0.094861462,0.133,0.111,0.102599245,0,Usp4
Slc11a2,5.81E-06,-0.036965938,0.047,0.065,0.102863829,0,Slc11a2
BC005537,5.88E-06,0.061252712,0.47,0.44,0.104117331,0,BC005537
Sod1,5.93E-06,0.06119488,0.39,0.362,0.105034813,0,Sod1
Gm9869,5.95E-06,0.022866355,0.005,0.001,0.10535587,0,Gm9869
Med13l,5.96E-06,-0.054628749,0.155,0.186,0.105528425,0,Med13l
Nacc1,5.98E-06,0.043349652,0.034,0.022,0.105872181,0,Nacc1
Sobp,6.01E-06,-0.09194862,0.074,0.096,0.106438538,0,Sobp
Clp1,6.04E-06,-0.052661559,0.034,0.05,0.106942513,0,Clp1
Ttll7,6.15E-06,-0.039736082,0.006,0.014,0.108791741,0,Ttll7
Mri1,6.16E-06,-0.050906711,0.046,0.064,0.109057834,0,Mri1
Atp11b,6.19E-06,-0.060664829,0.071,0.093,0.109633815,0,Atp11b
Ddx42,6.20E-06,-0.069524626,0.198,0.233,0.109730934,0,Ddx42
Dnajb4,6.20E-06,-0.133553852,0.275,0.308,0.109742032,0,Dnajb4
Ap4m1,6.28E-06,-0.028814989,0.021,0.034,0.111156545,0,Ap4m1
Preb,6.29E-06,-0.055480061,0.114,0.141,0.111257751,0,Preb
Enox1,6.30E-06,-0.03008462,0.017,0.029,0.111529584,0,Enox1
Zfp329,6.30E-06,-0.048095419,0.022,0.036,0.111530138,0,Zfp329
Lclat1,6.32E-06,-0.021902598,0.022,0.035,0.111899673,0,Lclat1
Gid4,6.33E-06,-0.068682708,0.064,0.084,0.112036979,0,Gid4
Hsd11b1,6.33E-06,-0.13583877,0.083,0.104,0.112056697,0,Hsd11b1
Slc46a1,6.34E-06,-0.030834816,0.01,0.02,0.112260259,0,Slc46a1
Uri1,6.37E-06,-0.065261621,0.135,0.163,0.112758573,0,Uri1
Flot1,6.39E-06,-0.062118926,0.157,0.188,0.113031372,0,Flot1
Zfp991,6.39E-06,0.048215921,0.034,0.022,0.113121104,0,Zfp991
Astn2,6.43E-06,-0.023912493,0.001,0.007,0.1137475,0,Astn2
Cpeb2,6.43E-06,0.063554098,0.05,0.035,0.113751923,0,Cpeb2
Gpr37l1,6.55E-06,-0.051468777,0.001,0.005,0.115954073,0,Gpr37l1
Hist1h4i,6.66E-06,-0.00829369,0.006,0.014,0.117895829,0,Hist1h4i
Aldh2,6.69E-06,0.027731766,0.495,0.453,0.118490075,0,Aldh2
Thrsp,6.77E-06,-0.043006184,0.001,0.006,0.119875993,0,Thrsp
Gm34586,6.90E-06,0.007535478,0.003,0.001,0.122060273,0,Gm34586
Optn,6.93E-06,0.045030544,0.047,0.033,0.122604924,0,Optn
Rad23a,6.94E-06,-0.071675121,0.093,0.117,0.122848662,0,Rad23a
D130058E05Rik,6.95E-06,-0.006401039,0.001,0.006,0.12306204,0,D130058E05Rik
Nav2,6.96E-06,-0.037377805,0.003,0.01,0.123214797,0,Nav2
Ccdc134,6.96E-06,-0.063452329,0.039,0.055,0.123223154,0,Ccdc134
Hmga2,6.96E-06,-0.0147093,0.001,0.006,0.123247295,0,Hmga2
Rnf6,6.97E-06,-0.058416893,0.129,0.157,0.123404025,0,Rnf6
Atg101,7.03E-06,-0.045752505,0.06,0.081,0.124443485,0,Atg101
Kcnq5,7.04E-06,0.011798092,0.004,0.001,0.124544825,0,Kcnq5
Tor1a,7.07E-06,-0.055442116,0.08,0.103,0.125071787,0,Tor1a
Gdf15,7.07E-06,-0.041279981,0.002,0.009,0.125162131,0,Gdf15
Tmem51,7.15E-06,-0.035063774,0.002,0.008,0.126565946,0,Tmem51
Gm13031,7.18E-06,0.008022336,0.003,0,0.127008062,0,Gm13031
2900026A02Rik,7.18E-06,0.047070025,0.061,0.045,0.127047969,0,2900026A02Rik
Hnmt,7.18E-06,0.033903882,0.03,0.019,0.127100318,0,Hnmt
Apip,7.19E-06,-0.027702164,0.05,0.069,0.127247858,0,Apip
Mapre1,7.20E-06,0.081914252,0.402,0.374,0.127424063,0,Mapre1
Enpp4,7.24E-06,-0.06963768,0.023,0.036,0.128117844,0,Enpp4
Tnnc2,7.25E-06,-0.605251821,0.013,0.023,0.128293038,0,Tnnc2
Cfap45,7.27E-06,0.032930807,0.015,0.008,0.128672857,0,Cfap45
Ywhaq,7.31E-06,-0.092770392,0.299,0.334,0.129375145,0,Ywhaq
Lsm12,7.31E-06,-0.073377058,0.174,0.205,0.129447459,0,Lsm12
Terf1,7.32E-06,-0.052117096,0.046,0.064,0.129545965,0,Terf1
Alkbh2,7.41E-06,-0.024754434,0.004,0.012,0.13108942,0,Alkbh2
Ect2,7.41E-06,-0.018932236,0.004,0.01,0.131093014,0,Ect2
Emcn,7.42E-06,-0.036599739,0,0.005,0.131399364,0,Emcn
Sike1,7.45E-06,-0.074390089,0.099,0.124,0.131801945,0,Sike1
Gm45714,7.45E-06,-0.016813431,0,0.005,0.131942438,0,Gm45714
9930017N22Rik,7.56E-06,0.047091106,0.027,0.017,0.133868058,0,9930017N22Rik
Nrd1,7.61E-06,0.068099997,0.228,0.202,0.134613636,0,Nrd1
Gm38021,7.63E-06,0.016015901,0.01,0.004,0.13501055,0,Gm38021
Grb2,7.64E-06,-0.076215869,0.167,0.198,0.135159144,0,Grb2
Tom1l1,7.65E-06,-0.034405206,0.017,0.029,0.135403453,0,Tom1l1
Hirip3,7.65E-06,-0.072470873,0.052,0.07,0.135409987,0,Hirip3
Acp1,7.69E-06,-0.06584577,0.111,0.138,0.136147731,0,Acp1
Cenpk,7.74E-06,-0.019331407,0.007,0.016,0.136920099,0,Cenpk
Clcn5,7.74E-06,0.074701308,0.126,0.104,0.136954257,0,Clcn5
Edf1,7.74E-06,-0.096686388,0.381,0.414,0.136954423,0,Edf1
Amer1,7.80E-06,-0.060938618,0.033,0.048,0.138007162,0,Amer1
Ppan,7.80E-06,-0.050205067,0.049,0.067,0.138107065,0,Ppan
Fermt2,7.88E-06,0.023403643,0.527,0.494,0.139386159,0,Fermt2
Taf5,7.93E-06,-0.041466775,0.024,0.038,0.140368438,0,Taf5
Snca,7.96E-06,-0.059505932,0.001,0.005,0.140901332,0,Snca
Cchcr1,7.97E-06,-0.037678455,0.03,0.045,0.140985779,0,Cchcr1
Erg,8.03E-06,-0.014890666,0,0.004,0.142138595,0,Erg
Gins1,8.06E-06,-0.015402476,0.003,0.009,0.142659902,0,Gins1
Gm12231,8.10E-06,-0.022120552,0.005,0.013,0.143280088,0,Gm12231
Ncapg,8.11E-06,-0.01881719,0.005,0.013,0.14358551,0,Ncapg
S100a2,8.12E-06,-0.020934345,0.002,0.008,0.143704587,0,S100a2
1110008P14Rik,8.26E-06,-0.038841323,0.072,0.094,0.146125939,0,1110008P14Rik
Virma,8.27E-06,-0.043363224,0.093,0.118,0.146314601,0,Virma
Unc5c,8.36E-06,-0.012052154,0.001,0.006,0.148036485,0,Unc5c
Dcaf12l1,8.44E-06,0.048971786,0.023,0.014,0.149353574,0,Dcaf12l1
Sirt7,8.46E-06,0.066080605,0.076,0.058,0.149807193,0,Sirt7
Riok3,8.47E-06,-0.075179923,0.174,0.205,0.149935776,0,Riok3
Gm9687,8.53E-06,0.007905661,0.004,0.001,0.151021475,0,Gm9687
Hk2,8.64E-06,0.080446278,0.22,0.193,0.152995874,0,Hk2
Dhdh,8.65E-06,-0.056578459,0.027,0.041,0.153029184,0,Dhdh
Aasdhppt,8.71E-06,-0.046428425,0.049,0.067,0.154167996,0,Aasdhppt
Wdr75,8.73E-06,-0.044497029,0.081,0.104,0.154435583,0,Wdr75
Gnl2,8.79E-06,-0.098388089,0.133,0.16,0.155593965,0,Gnl2
Btbd7,8.79E-06,0.086448695,0.2,0.175,0.155625982,0,Btbd7
Sox8,8.80E-06,-0.027734224,0.002,0.007,0.155731971,0,Sox8
M1ap,8.81E-06,-0.021810179,0.004,0.012,0.155962437,0,M1ap
Slc30a5,8.82E-06,-0.052169932,0.085,0.109,0.156084919,0,Slc30a5
Hspa9,8.83E-06,-0.099597167,0.302,0.337,0.156345522,0,Hspa9
Trip13,8.87E-06,-0.012620984,0.005,0.012,0.157037454,0,Trip13
Smap2,8.88E-06,-0.037198661,0.07,0.092,0.157091103,0,Smap2
Fech,8.99E-06,0.083219212,0.149,0.126,0.159152521,0,Fech
Rnf13,9.10E-06,0.074956465,0.24,0.212,0.161098512,0,Rnf13
Gm9118,9.13E-06,-0.023058101,0.024,0.037,0.161636104,0,Gm9118
Ldb3,9.15E-06,-0.068280616,0.003,0.009,0.161931314,0,Ldb3
Fgfrl1,9.17E-06,-0.041097497,0.017,0.028,0.162363322,0,Fgfrl1
Vps36,9.23E-06,-0.060102969,0.201,0.234,0.163326938,0,Vps36
Slain2,9.26E-06,0.071946761,0.17,0.146,0.163930195,0,Slain2
Gm38391,9.39E-06,-0.029647026,0.006,0.014,0.166154861,0,Gm38391
Impdh1,9.41E-06,-0.026740137,0.035,0.051,0.166606149,0,Impdh1
Nemp1,9.42E-06,-0.033491112,0.006,0.014,0.16665802,0,Nemp1
Metrn,9.42E-06,-0.04200906,0.014,0.024,0.166669689,0,Metrn
Tmem183a,9.44E-06,-0.039786908,0.092,0.116,0.167125594,0,Tmem183a
Maoa,9.53E-06,0.040305332,0.052,0.038,0.168674865,0,Maoa
Mex3c,9.57E-06,0.079821916,0.09,0.071,0.169341669,0,Mex3c
C1qbp,9.60E-06,-0.067327335,0.154,0.185,0.169843317,0,C1qbp
Dld,9.61E-06,-0.048326728,0.135,0.164,0.170020172,0,Dld
Aimp2,9.62E-06,-0.016315241,0.007,0.016,0.170333554,0,Aimp2
Pex1,9.64E-06,-0.046092086,0.023,0.036,0.17062381,0,Pex1
Atg12,9.64E-06,-0.062800241,0.095,0.119,0.170681817,0,Atg12
Mrpl2,9.75E-06,-0.039171499,0.067,0.088,0.172495308,0,Mrpl2
Cdk13,9.75E-06,0.096569538,0.2,0.174,0.172596559,0,Cdk13
Gal,9.76E-06,-0.056783554,0.001,0.005,0.172756085,0,Gal
Stk39,9.77E-06,0.080138027,0.13,0.109,0.172992025,0,Stk39
Syt13,9.80E-06,-0.02042309,0,0.004,0.17345617,0,Syt13
Pkn3,9.81E-06,-0.014332967,0.001,0.005,0.173671351,0,Pkn3
Frmpd4,9.83E-06,-0.013686621,0,0.004,0.174059384,0,Frmpd4
Csk,9.94E-06,0.084886525,0.081,0.063,0.17585125,0,Csk
Tsc22d4,9.98E-06,-0.116231587,0.188,0.218,0.176653632,0,Tsc22d4
Phf11a,1.00E-05,0.016448156,0.006,0.002,0.177074725,0,Phf11a
Fam81a,1.00E-05,-0.019674787,0.001,0.006,0.177534784,0,Fam81a
Nutf2,1.00E-05,-0.017694528,0.006,0.014,0.17756591,0,Nutf2
Mical3,1.00E-05,-0.066159899,0.027,0.04,0.177725228,0,Mical3
Senp2,1.00E-05,-0.099602209,0.12,0.146,0.177831704,0,Senp2
N4bp2,1.01E-05,-0.049888165,0.077,0.099,0.178058141,0,N4bp2
Gar1,1.01E-05,-0.052583251,0.091,0.115,0.179170643,0,Gar1
Tet1,1.01E-05,-0.066552034,0.026,0.04,0.179235004,0,Tet1
Sec16b,1.02E-05,-0.020220611,0.046,0.064,0.180246914,0,Sec16b
Megf8,1.03E-05,0.080062708,0.08,0.063,0.18205919,0,Megf8
Ddx46,1.04E-05,-0.091641849,0.227,0.262,0.184132382,0,Ddx46
Hist3h2a,1.04E-05,-0.046970074,0.032,0.047,0.184699572,0,Hist3h2a
Bola1,1.05E-05,-0.058343875,0.06,0.08,0.185229578,0,Bola1
2310033P09Rik,1.06E-05,-0.071211664,0.057,0.076,0.186835063,0,2310033P09Rik
Nol9,1.06E-05,-0.037125887,0.028,0.042,0.187616683,0,Nol9
Foxo3,1.06E-05,-0.062584235,0.053,0.071,0.187761825,0,Foxo3
Cep70,1.06E-05,-0.042878209,0.007,0.015,0.187868218,0,Cep70
Ubl4a,1.07E-05,-0.041414874,0.09,0.114,0.18876585,0,Ubl4a
Vrk1,1.07E-05,-0.043064586,0.029,0.044,0.189466367,0,Vrk1
Sirt2,1.07E-05,-0.096695093,0.123,0.149,0.189851337,0,Sirt2
Gm50287,1.07E-05,0.024661976,0.011,0.005,0.189932724,0,Gm50287
Map7d1,1.08E-05,-0.078179887,0.275,0.312,0.190279459,0,Map7d1
Nectin2,1.08E-05,-0.034485734,0.014,0.024,0.191081375,0,Nectin2
Ccdc102a,1.08E-05,-0.0443066,0.063,0.083,0.191264503,0,Ccdc102a
Mterf3,1.08E-05,-0.074134909,0.059,0.078,0.191467763,0,Mterf3
Paqr7,1.09E-05,-0.032158376,0.012,0.022,0.19238246,0,Paqr7
Gnl3l,1.09E-05,-0.078352597,0.075,0.097,0.192979209,0,Gnl3l
Adcy6,1.09E-05,-0.087758564,0.037,0.052,0.193285821,0,Adcy6
Rtraf-ps,1.10E-05,-0.027852303,0.01,0.02,0.194183459,0,Rtraf-ps
Morc3,1.10E-05,-0.068942808,0.08,0.102,0.194188673,0,Morc3
Hey1,1.11E-05,-0.029726865,0.003,0.009,0.196181424,0,Hey1
Ctns,1.11E-05,0.035391803,0.04,0.027,0.196979493,0,Ctns
Snta1,1.12E-05,-0.042754614,0.024,0.037,0.197765952,0,Snta1
Mrln,1.12E-05,-0.072244171,0.009,0.017,0.198464058,0,Mrln
Phf12,1.12E-05,-0.059445694,0.037,0.052,0.198774782,0,Phf12
Stk40,1.12E-05,0.072949231,0.107,0.087,0.198907073,0,Stk40
Prkd1,1.14E-05,-0.030378403,0.013,0.023,0.202123708,0,Prkd1
Aven,1.16E-05,0.046516037,0.039,0.027,0.204992386,0,Aven
Gm10039,1.17E-05,-0.013344276,0.008,0.017,0.207156416,0,Gm10039
Ahsa1,1.18E-05,-0.056476717,0.139,0.168,0.207998954,0,Ahsa1
Tmem252,1.18E-05,-0.049349213,0.001,0.005,0.209471263,0,Tmem252
Tnfrsf11b,1.18E-05,0.052501101,0.038,0.026,0.209725025,0,Tnfrsf11b
Espn,1.19E-05,-0.024356671,0.001,0.006,0.209761032,0,Espn
Strap,1.19E-05,-0.063072364,0.203,0.235,0.209833219,0,Strap
Ppp1r7,1.19E-05,-0.067695037,0.104,0.129,0.210298275,0,Ppp1r7
Ndufb3,1.19E-05,-0.090892577,0.225,0.258,0.210805391,0,Ndufb3
Zcchc8,1.20E-05,-0.065621241,0.057,0.076,0.211559545,0,Zcchc8
D030045P18Rik,1.20E-05,-0.016734982,0,0.004,0.212858036,0,D030045P18Rik
Tmem255b,1.20E-05,-0.017391276,0,0.004,0.212858036,0,Tmem255b
Dhh,1.20E-05,-0.032096064,0,0.004,0.212858036,0,Dhh
Kif14,1.20E-05,-0.005442051,0,0.004,0.213097958,0,Kif14
Adcy4,1.21E-05,-0.035624686,0.018,0.03,0.214567944,0,Adcy4
Gm7809,1.21E-05,-0.026597864,0.019,0.031,0.214721957,0,Gm7809
Rcor2,1.22E-05,-0.018891036,0.004,0.01,0.215163683,0,Rcor2
Epha2,1.22E-05,-0.028757047,0.001,0.006,0.215845442,0,Epha2
Rab6b,1.22E-05,0.057907736,0.095,0.075,0.216368456,0,Rab6b
4932443L11Rik,1.23E-05,0.01098923,0.004,0.001,0.216830715,0,4932443L11Rik
Map2k3,1.23E-05,-0.046420279,0.095,0.119,0.217478961,0,Map2k3
Aatk,1.23E-05,-0.057683874,0.003,0.009,0.218395368,0,Aatk
Herc3,1.24E-05,-0.017389898,0.001,0.005,0.218656881,0,Herc3
Sertad3,1.24E-05,-0.045251459,0.017,0.029,0.219260134,0,Sertad3
Tcf19,1.24E-05,-0.01311326,0.011,0.02,0.219279093,0,Tcf19
Styx,1.24E-05,0.029729286,0.044,0.031,0.219961206,0,Styx
Sephs2,1.25E-05,-0.036373628,0.013,0.023,0.22099643,0,Sephs2
Fam71a,1.25E-05,0.071798047,0.037,0.025,0.221310732,0,Fam71a
Tmem167,1.26E-05,-0.059631556,0.312,0.346,0.223540523,0,Tmem167
Fam205c,1.26E-05,0.014902287,0.008,0.003,0.223872838,0,Fam205c
Tmem56,1.27E-05,-0.023559527,0.002,0.008,0.223991892,0,Tmem56
Ripply3,1.27E-05,-0.026193391,0.002,0.007,0.224064074,0,Ripply3
Snrpb,1.27E-05,-0.085669406,0.353,0.391,0.224325723,0,Snrpb
Gnptg,1.27E-05,-0.080294533,0.101,0.125,0.224509076,0,Gnptg
Mplkip,1.27E-05,-0.039452306,0.073,0.094,0.225287336,0,Mplkip
Gm6501,1.28E-05,-0.016278798,0.006,0.014,0.225753575,0,Gm6501
Gm43708,1.28E-05,0.023346584,0.011,0.005,0.22622943,0,Gm43708
Ilf3,1.28E-05,-0.062919373,0.1,0.124,0.226574856,0,Ilf3
Lrrk1,1.28E-05,-0.073473539,0.101,0.124,0.226755888,0,Lrrk1
Mrpl38,1.29E-05,-0.051001727,0.052,0.07,0.227888628,0,Mrpl38
Tm9sf1,1.31E-05,-0.036381878,0.016,0.028,0.231200465,0,Tm9sf1
Trim5,1.31E-05,0.045523269,0.026,0.016,0.231621135,0,Trim5
Grk6,1.31E-05,0.069089717,0.08,0.063,0.231780976,0,Grk6
Acy3,1.31E-05,0.038058264,0.023,0.014,0.231907716,0,Acy3
Tmem263,1.32E-05,-0.039290088,0.179,0.212,0.233494442,0,Tmem263
Fgl2,1.32E-05,-0.248415,0.344,0.365,0.234279244,0,Fgl2
E230020D15Rik,1.32E-05,0.02492331,0.014,0.007,0.234487525,0,E230020D15Rik
Npat,1.33E-05,-0.048260968,0.044,0.061,0.235042885,0,Npat
Lsm8,1.33E-05,-0.057799828,0.093,0.117,0.236132304,0,Lsm8
Dnlz,1.34E-05,-0.043141983,0.103,0.128,0.236772912,0,Dnlz
Rian,1.35E-05,0.147934361,0.212,0.189,0.238067873,0,Rian
Cacna2d2,1.35E-05,-0.027088459,0.002,0.008,0.239223151,0,Cacna2d2
Lrrk2,1.35E-05,-0.056381147,0.03,0.044,0.23968261,0,Lrrk2
Hnrnpa3,1.36E-05,-0.108116452,0.391,0.418,0.23984119,0,Hnrnpa3
Col9a2,1.36E-05,-0.017806607,0,0.005,0.239926743,0,Col9a2
Il12a,1.36E-05,-0.02035486,0,0.005,0.240369065,0,Il12a
Pcyt1a,1.37E-05,-0.061350472,0.114,0.14,0.241927398,0,Pcyt1a
Mettl9,1.37E-05,-0.056797376,0.155,0.185,0.243357419,0,Mettl9
Chaf1b,1.39E-05,-0.01101351,0.002,0.008,0.246358278,0,Chaf1b
Klf7,1.40E-05,-0.117780165,0.249,0.28,0.246909711,0,Klf7
Pigq,1.40E-05,0.06368717,0.074,0.058,0.247663947,0,Pigq
Mtx1,1.40E-05,-0.05357471,0.069,0.089,0.247748295,0,Mtx1
Ckap5,1.41E-05,-0.056284511,0.112,0.137,0.250420568,0,Ckap5
Rybp,1.42E-05,-0.067861745,0.058,0.077,0.251762529,0,Rybp
Sec24c,1.43E-05,0.057370085,0.117,0.096,0.253095784,0,Sec24c
Gm43726,1.43E-05,0.012211668,0.004,0.001,0.253879377,0,Gm43726
Rnaseh2c,1.44E-05,-0.041206792,0.116,0.142,0.254813289,0,Rnaseh2c
Rps21,1.45E-05,0.023044176,0.844,0.792,0.256089997,0,Rps21
Klf14,1.47E-05,-0.01276304,0,0.004,0.259604711,0,Klf14
Cdc42bpa,1.47E-05,-0.099194361,0.169,0.199,0.260055416,0,Cdc42bpa
9630002D21Rik,1.48E-05,0.011686995,0.005,0.001,0.26144164,0,9630002D21Rik
Usp33,1.48E-05,-0.04440437,0.028,0.041,0.261946109,0,Usp33
Chst5,1.49E-05,-0.020351843,0.002,0.008,0.26379987,0,Chst5
Higd2a,1.49E-05,-0.080224283,0.166,0.197,0.263875006,0,Higd2a
Fam76a,1.49E-05,-0.105693569,0.153,0.181,0.263928964,0,Fam76a
Gatd3a,1.50E-05,-0.072201701,0.075,0.096,0.26573061,0,Gatd3a
Gm7204,1.50E-05,-0.031899903,0.02,0.032,0.266198473,0,Gm7204
Mapk12,1.51E-05,0.067904426,0.073,0.056,0.266614223,0,Mapk12
Plekhj1,1.51E-05,0.076348008,0.136,0.115,0.266659868,0,Plekhj1
Ptpru,1.52E-05,-0.021684894,0.003,0.009,0.269383391,0,Ptpru
Fam32a,1.52E-05,0.073024911,0.261,0.236,0.269705796,0,Fam32a
Reep1,1.52E-05,-0.021551581,0.002,0.007,0.269869924,0,Reep1
Top1mt,1.53E-05,-0.03156362,0.01,0.019,0.270063372,0,Top1mt
Slc7a1,1.54E-05,0.076797633,0.076,0.06,0.271985117,0,Slc7a1
Rara,1.55E-05,-0.052623163,0.048,0.065,0.273900719,0,Rara
Ddc,1.55E-05,0.028917292,0.016,0.009,0.274873689,0,Ddc
Eaf1,1.56E-05,-0.034889534,0.043,0.06,0.276591151,0,Eaf1
Pik3cd,1.56E-05,-0.026497675,0.005,0.012,0.276874017,0,Pik3cd
Zadh2,1.57E-05,0.103070084,0.117,0.097,0.277867956,0,Zadh2
Slc12a6,1.57E-05,0.058079583,0.048,0.034,0.278067485,0,Slc12a6
Nr1d2,1.57E-05,-0.037071437,0.023,0.036,0.278386424,0,Nr1d2
Utp25,1.58E-05,-0.043789158,0.03,0.044,0.278837575,0,Utp25
Kpna1,1.58E-05,0.058402673,0.105,0.085,0.278980913,0,Kpna1
Ccp110,1.58E-05,-0.056664066,0.033,0.048,0.279971545,0,Ccp110
Shank1,1.58E-05,-0.031706017,0.009,0.018,0.280226603,0,Shank1
Slc4a8,1.61E-05,-0.049889048,0.001,0.006,0.285237776,0,Slc4a8
Tnnt3,1.63E-05,-0.786966802,0.037,0.052,0.288961891,0,Tnnt3
Armcx2,1.64E-05,-0.078092867,0.1,0.123,0.290093904,0,Armcx2
Cxcr4,1.65E-05,-0.039240468,0.002,0.007,0.292704132,0,Cxcr4
mt-Rnr1,1.66E-05,-0.115481928,0.603,0.629,0.293752245,0,mt-Rnr1
Lix1l,1.66E-05,-0.054882197,0.129,0.156,0.294177448,0,Lix1l
Asxl1,1.67E-05,-0.0472037,0.044,0.06,0.296391178,0,Asxl1
Msrb2,1.68E-05,-0.055025667,0.018,0.029,0.297547907,0,Msrb2
Msantd4,1.71E-05,-0.0393892,0.066,0.086,0.302921647,0,Msantd4
Raf1,1.73E-05,-0.035278916,0.023,0.036,0.306612724,0,Raf1
Fbxw7,1.73E-05,-0.059894677,0.043,0.059,0.306740281,0,Fbxw7
Mark1,1.74E-05,-0.051040229,0.021,0.033,0.307334472,0,Mark1
Msh3,1.74E-05,-0.045678733,0.023,0.035,0.308147983,0,Msh3
Odf2l,1.74E-05,-0.059425227,0.047,0.064,0.308343605,0,Odf2l
Nck1,1.75E-05,-0.074378725,0.137,0.164,0.310217506,0,Nck1
Fbxo4,1.76E-05,0.081590624,0.109,0.09,0.311649286,0,Fbxo4
Afap1l1,1.76E-05,-0.025423714,0.001,0.005,0.31165932,0,Afap1l1
Chchd1,1.77E-05,-0.065905805,0.188,0.219,0.313146561,0,Chchd1
S100pbp,1.78E-05,-0.047603977,0.033,0.048,0.315469716,0,S100pbp
Gm38164,1.78E-05,0.015426212,0.007,0.003,0.315508869,0,Gm38164
Mpdu1,1.78E-05,-0.038423658,0.076,0.097,0.315663336,0,Mpdu1
Znhit2,1.78E-05,-0.025024118,0.014,0.024,0.315708983,0,Znhit2
Frem1,1.79E-05,-0.018885834,0.001,0.006,0.316055063,0,Frem1
Rbm20,1.79E-05,-0.026730032,0.001,0.006,0.316624677,0,Rbm20
Cstad,1.79E-05,-0.013713501,0,0.004,0.316869389,0,Cstad
Apol8,1.79E-05,0.012298034,0.006,0.002,0.317393628,0,Apol8
Ddx3x,1.79E-05,-0.113924487,0.572,0.591,0.317570502,0,Ddx3x
Foxj1,1.79E-05,-0.021336683,0.001,0.006,0.317628786,0,Foxj1
Lama3,1.80E-05,-0.014819771,0,0.004,0.318471831,0,Lama3
Gm44836,1.80E-05,0.02486948,0.011,0.005,0.319089166,0,Gm44836
Rhoh,1.80E-05,-0.033763599,0.001,0.006,0.319209972,0,Rhoh
Nmnat1,1.81E-05,-0.061426456,0.022,0.035,0.319469813,0,Nmnat1
Myh1,1.81E-05,-0.118707685,0.002,0.007,0.319801742,0,Myh1
Cadps2,1.81E-05,0.021981891,0.011,0.005,0.320232509,0,Cadps2
Eda2r,1.81E-05,-0.029196526,0.011,0.02,0.320964135,0,Eda2r
Gm39041,1.82E-05,0.018813048,0.009,0.004,0.32170778,0,Gm39041
Rbbp5,1.82E-05,-0.037040672,0.023,0.035,0.322796432,0,Rbbp5
Pfdn6,1.83E-05,-0.048349241,0.107,0.131,0.32334786,0,Pfdn6
Glp2r,1.83E-05,0.011114552,0.004,0.001,0.324362015,0,Glp2r
Tmprss2,1.86E-05,-0.019943494,0.002,0.007,0.328384727,0,Tmprss2
Gm7816,1.86E-05,-0.03927757,0.023,0.036,0.328514795,0,Gm7816
Fn3krp,1.86E-05,0.024749775,0.018,0.01,0.329071283,0,Fn3krp
Cebpd,1.86E-05,-0.044320449,0.78,0.73,0.329868994,0,Cebpd
9430068D22Rik,1.87E-05,0.004089191,0.004,0.001,0.330677105,0,9430068D22Rik
Sptlc2,1.90E-05,0.09926002,0.15,0.129,0.335511008,0,Sptlc2
Tmed3,1.92E-05,-0.086092435,0.441,0.463,0.339565992,0,Tmed3
Gm43813,1.92E-05,0.039757797,0.045,0.032,0.33960629,0,Gm43813
Rhobtb3,1.93E-05,-0.072543346,0.12,0.145,0.342154829,0,Rhobtb3
Fam13a,1.94E-05,-0.048896474,0.011,0.02,0.342482077,0,Fam13a
Plxnb2,1.94E-05,-0.05509181,0.091,0.114,0.343222637,0,Plxnb2
Mfsd4a,1.95E-05,-0.020713473,0.003,0.009,0.345242235,0,Mfsd4a
Gm45153,1.96E-05,0.033255949,0.02,0.012,0.346124394,0,Gm45153
Bcr,1.96E-05,-0.223911129,0.086,0.107,0.347121461,0,Bcr
Mnat1,1.98E-05,-0.067316232,0.124,0.15,0.349588183,0,Mnat1
Gm43484,1.98E-05,0.037117229,0.022,0.013,0.34960839,0,Gm43484
Lats2,1.98E-05,0.065149175,0.112,0.092,0.350188497,0,Lats2
Idi1,1.99E-05,-0.028631881,0.003,0.01,0.352242406,0,Idi1
Fut4,2.00E-05,-0.021268777,0.002,0.008,0.354343576,0,Fut4
Ash2l,2.00E-05,-0.051554265,0.069,0.089,0.354671095,0,Ash2l
Pigp,2.01E-05,-0.070726486,0.104,0.127,0.354911974,0,Pigp
Cmtm5,2.01E-05,-0.04694349,0,0.004,0.355070175,0,Cmtm5
Mrpl19,2.02E-05,-0.045125404,0.051,0.069,0.357297489,0,Mrpl19
Phactr4,2.02E-05,-0.051666624,0.04,0.056,0.357951187,0,Phactr4
Orai2,2.03E-05,-0.026205209,0.008,0.017,0.359838784,0,Orai2
Gpn3,2.04E-05,-0.056957133,0.046,0.063,0.360858253,0,Gpn3
4932441J04Rik,2.05E-05,-0.028735373,0.009,0.017,0.362683181,0,4932441J04Rik
Cetn4,2.05E-05,0.037911612,0.034,0.023,0.363588538,0,Cetn4
Sfxn2,2.06E-05,-0.032263828,0.059,0.078,0.363819015,0,Sfxn2
Traf2,2.06E-05,-0.038346092,0.019,0.03,0.364463484,0,Traf2
Akt1s1,2.06E-05,-0.03938772,0.041,0.058,0.364498948,0,Akt1s1
Nlgn2,2.07E-05,-0.054410953,0.072,0.092,0.366071545,0,Nlgn2
Acads,2.07E-05,-0.045850674,0.035,0.05,0.366386994,0,Acads
Atg4a,2.07E-05,-0.038933812,0.027,0.04,0.366690495,0,Atg4a
Wnt5b,2.08E-05,0.028633685,0.013,0.007,0.367729242,0,Wnt5b
Cul3,2.08E-05,0.085662941,0.191,0.169,0.368329055,0,Cul3
Olfr456,2.10E-05,0.008950724,0.003,0.001,0.371385865,0,Olfr456
Srm,2.11E-05,-0.053647408,0.158,0.187,0.372893914,0,Srm
Narf,2.11E-05,-0.024439526,0.051,0.068,0.373182281,0,Narf
Ephx1,2.12E-05,0.056426313,0.179,0.153,0.374602644,0,Ephx1
Zbtb21,2.12E-05,0.043821065,0.073,0.057,0.37464601,0,Zbtb21
Cul9,2.12E-05,0.0521069,0.071,0.055,0.374748249,0,Cul9
Napa,2.12E-05,-0.046804458,0.19,0.223,0.375047183,0,Napa
Pfn1,2.12E-05,-0.12067866,0.619,0.612,0.37515492,0,Pfn1
Fam172a,2.14E-05,0.082257647,0.139,0.117,0.378195444,0,Fam172a
Sumo3,2.14E-05,-0.051630396,0.161,0.19,0.378332221,0,Sumo3
Mrpl57,2.14E-05,-0.041980688,0.139,0.167,0.378860186,0,Mrpl57
Kank4,2.14E-05,-0.033666866,0.001,0.005,0.378924538,0,Kank4
Gm43362,2.14E-05,0.048302861,0.049,0.035,0.379096597,0,Gm43362
Moxd1,2.15E-05,-0.020943043,0.001,0.005,0.379945041,0,Moxd1
Nkiras1,2.15E-05,-0.039379416,0.048,0.065,0.379969806,0,Nkiras1
Dph6,2.15E-05,-0.061074141,0.058,0.076,0.381139579,0,Dph6
Dennd2c,2.16E-05,0.032067195,0.013,0.007,0.382443028,0,Dennd2c
Serbp1,2.16E-05,-0.104090232,0.679,0.677,0.382451987,0,Serbp1
Prkar1a,2.17E-05,-0.110462688,0.323,0.357,0.383546201,0,Prkar1a
Lmod2,2.18E-05,-0.0542381,0,0.004,0.386295331,0,Lmod2
Gm36944,2.18E-05,-0.035051171,0,0.004,0.386353128,0,Gm36944
Man2c1,2.19E-05,0.049378951,0.071,0.055,0.388399929,0,Man2c1
Uba5,2.20E-05,-0.046553447,0.21,0.244,0.389333151,0,Uba5
Sypl,2.21E-05,0.083046161,0.225,0.2,0.390585571,0,Sypl
Ubxn1,2.21E-05,0.078371987,0.318,0.293,0.391540145,0,Ubxn1
Ptpra,2.21E-05,0.068071193,0.335,0.308,0.391639783,0,Ptpra
Nfe2l1,2.22E-05,-0.084659415,0.336,0.372,0.393244838,0,Nfe2l1
Nupr1,2.23E-05,-0.187242176,0.593,0.592,0.395134749,0,Nupr1
Gm44712,2.24E-05,0.013609026,0.004,0.001,0.396285631,0,Gm44712
Slc22a4,2.24E-05,-0.02756994,0.004,0.011,0.396394461,0,Slc22a4
Amdhd2,2.25E-05,-0.025092838,0.022,0.034,0.39883912,0,Amdhd2
Klhl41,2.26E-05,-0.082555883,0.002,0.008,0.399587787,0,Klhl41
Gm38230,2.26E-05,0.005849463,0.003,0,0.400259097,0,Gm38230
Dbpht2,2.26E-05,0.00992888,0.004,0.001,0.40069971,0,Dbpht2
Ddx6,2.28E-05,-0.08505978,0.316,0.349,0.403117398,0,Ddx6
Rars,2.29E-05,-0.037240997,0.118,0.144,0.404892714,0,Rars
Adgrf5,2.29E-05,-0.133219413,0.03,0.043,0.405283469,0,Adgrf5
Nudt16l1,2.31E-05,-0.062238363,0.056,0.074,0.408038846,0,Nudt16l1
Cpeb1,2.31E-05,-0.050986579,0.051,0.068,0.408759888,0,Cpeb1
Pfkfb3,2.36E-05,-0.030409322,0.022,0.034,0.417476984,0,Pfkfb3
Atp2a1,2.36E-05,-0.111046506,0.002,0.007,0.417485967,0,Atp2a1
Hspa4,2.37E-05,-0.089622201,0.273,0.305,0.419304912,0,Hspa4
Fam114a1,2.38E-05,-0.082390869,0.351,0.384,0.421900108,0,Fam114a1
Fgf7,2.39E-05,-0.112413884,0.186,0.212,0.422616078,0,Fgf7
Nr2c2,2.39E-05,-0.072435588,0.071,0.09,0.423140731,0,Nr2c2
Ankrd35,2.40E-05,-0.030493126,0.007,0.014,0.424394393,0,Ankrd35
Arpc2,2.40E-05,0.044381121,0.656,0.616,0.424777039,0,Arpc2
Fam189a2,2.40E-05,-0.02144182,0.002,0.007,0.424998353,0,Fam189a2
Gm43313,2.41E-05,0.017533729,0.009,0.004,0.426331846,0,Gm43313
Ddost,2.43E-05,-0.082423642,0.372,0.4,0.430154552,0,Ddost
Cep68,2.44E-05,0.060050534,0.057,0.042,0.431848887,0,Cep68
Ldlrad3,2.44E-05,-0.055723926,0.017,0.028,0.432181928,0,Ldlrad3
Fxyd5,2.45E-05,-0.09649843,0.22,0.25,0.433704088,0,Fxyd5
Foxn2,2.45E-05,-0.059351356,0.034,0.049,0.433927047,0,Foxn2
Dhx36,2.46E-05,-0.100450498,0.178,0.206,0.434930348,0,Dhx36
Uqcrc1,2.48E-05,-0.06849663,0.21,0.242,0.438085177,0,Uqcrc1
Atxn2l,2.50E-05,-0.08715223,0.164,0.193,0.442724818,0,Atxn2l
Comt,2.50E-05,0.065479889,0.407,0.382,0.443195573,0,Comt
Prrc1,2.55E-05,-0.053879802,0.213,0.246,0.451494536,0,Prrc1
Gm44829,2.58E-05,0.032983102,0.025,0.016,0.456864246,0,Gm44829
Fuom,2.60E-05,-0.034032894,0.037,0.053,0.460115948,0,Fuom
Slc35b1,2.61E-05,-0.074764105,0.198,0.228,0.461328297,0,Slc35b1
Iqcn,2.61E-05,-0.032548578,0.016,0.027,0.462090734,0,Iqcn
Pigt,2.62E-05,0.079722359,0.091,0.073,0.4631665,0,Pigt
Sel1l,2.62E-05,0.078254882,0.229,0.205,0.463212805,0,Sel1l
Plekha7,2.62E-05,-0.024619665,0.001,0.005,0.463252582,0,Plekha7
Rflna,2.63E-05,-0.033555565,0.002,0.007,0.466166468,0,Rflna
Nrip2,2.64E-05,-0.049637869,0.004,0.011,0.466531151,0,Nrip2
Arf1,2.66E-05,-0.089643468,0.422,0.448,0.470258234,0,Arf1
Gm6477,2.66E-05,-0.041048909,0.117,0.143,0.470301039,0,Gm6477
Gm3924,2.68E-05,-0.016789966,0,0.004,0.473893,0,Gm3924
Itm2b,2.68E-05,-0.076388054,0.922,0.904,0.47408109,0,Itm2b
Tpi-rs11,2.68E-05,-0.011251188,0.002,0.007,0.474159678,0,Tpi-rs11
Trac,2.68E-05,-0.018355844,0.001,0.005,0.474972762,0,Trac
Tmem273,2.69E-05,-0.019547367,0,0.003,0.476796059,0,Tmem273
Gm10250,2.71E-05,-0.033361297,0.034,0.049,0.47940084,0,Gm10250
Stbd1,2.72E-05,0.043365972,0.038,0.027,0.481362476,0,Stbd1
Prkd3,2.72E-05,0.080864884,0.14,0.119,0.481372341,0,Prkd3
Hmg20b,2.72E-05,-0.09419941,0.253,0.286,0.481474178,0,Hmg20b
Nadk,2.72E-05,0.084050477,0.149,0.127,0.481919255,0,Nadk
Lpgat1,2.72E-05,0.108579714,0.21,0.189,0.482128475,0,Lpgat1
Zfp583,2.72E-05,-0.021314335,0.003,0.009,0.482149603,0,Zfp583
Skp1a,2.73E-05,-0.087699522,0.4,0.434,0.484013731,0,Skp1a
Fli1,2.75E-05,-0.011605545,0.008,0.016,0.48714883,0,Fli1
Lmntd1,2.76E-05,0.022061493,0.007,0.003,0.487699224,0,Lmntd1
Cntn2,2.76E-05,0.012433333,0.004,0.001,0.487867058,0,Cntn2
Gm28523,2.77E-05,0.020087442,0.012,0.006,0.48949772,0,Gm28523
Gm15901,2.78E-05,0.007949179,0.004,0.001,0.491305172,0,Gm15901
Slc17a8,2.79E-05,0.010076497,0.004,0.001,0.492936722,0,Slc17a8
Rab28,2.79E-05,0.066588596,0.148,0.126,0.493927081,0,Rab28
Rasa2,2.79E-05,-0.055785039,0.079,0.1,0.494616811,0,Rasa2
Rbm28,2.82E-05,-0.073860198,0.197,0.228,0.498330636,0,Rbm28
Actc1,2.83E-05,-0.144669473,0.002,0.008,0.50110638,0,Actc1
Srd5a3,2.84E-05,-0.033922844,0.062,0.081,0.502090333,0,Srd5a3
Ctla2a,2.84E-05,-0.151823026,0.012,0.022,0.502712898,0,Ctla2a
Gmppb,2.84E-05,-0.008875104,0.023,0.036,0.502923678,0,Gmppb
Aga,2.85E-05,-0.049909344,0.17,0.2,0.504914303,0,Aga
Pgam2,2.86E-05,-0.17197952,0.005,0.011,0.505454176,0,Pgam2
Klc1,2.87E-05,0.072166962,0.249,0.223,0.508397511,0,Klc1
Tfrc,2.88E-05,-0.025331334,0.014,0.024,0.510616008,0,Tfrc
Sowahc,2.89E-05,-0.057331844,0.026,0.039,0.51160951,0,Sowahc
Zfp51,2.92E-05,-0.028992126,0.008,0.016,0.51709139,0,Zfp51
D330050G23Rik,2.95E-05,-0.014847344,0.002,0.008,0.52194719,0,D330050G23Rik
Gm3531,2.96E-05,-0.0303946,0.049,0.066,0.524709296,0,Gm3531
Tec,2.97E-05,-0.042445959,0.003,0.008,0.525141127,0,Tec
Rest,2.98E-05,-0.05723312,0.109,0.133,0.52715486,0,Rest
Cpeb4,3.00E-05,-0.064261536,0.093,0.115,0.530350128,0,Cpeb4
Cst6,3.00E-05,-0.017415356,0,0.004,0.530769745,0,Cst6
Gm14964,3.00E-05,-0.02553949,0,0.004,0.530994215,0,Gm14964
Gm44068,3.00E-05,0.012101297,0.011,0.005,0.531791345,0,Gm44068
E2f5,3.01E-05,-0.042542769,0.037,0.052,0.532030714,0,E2f5
Esco2,3.01E-05,-0.013075476,0.002,0.008,0.532995824,0,Esco2
Pacs1,3.01E-05,0.066440253,0.041,0.029,0.533070166,0,Pacs1
Cnr1,3.02E-05,-0.013951233,0,0.004,0.533920575,0,Cnr1
Ccdc112,3.04E-05,-0.038430668,0.028,0.041,0.53887077,0,Ccdc112
Dusp4,3.05E-05,-0.020309526,0.001,0.006,0.540139947,0,Dusp4
Cdc5l,3.05E-05,-0.105959724,0.254,0.286,0.540536773,0,Cdc5l
Tor1b,3.06E-05,-0.060567205,0.187,0.218,0.540909289,0,Tor1b
Aldh1a2,3.06E-05,-0.033368607,0.006,0.013,0.54099564,0,Aldh1a2
Smarcb1,3.06E-05,-0.042361889,0.156,0.185,0.541176869,0,Smarcb1
Per1,3.07E-05,0.056854102,0.153,0.131,0.542557947,0,Per1
C230031I18Rik,3.08E-05,-0.015433092,0.001,0.006,0.545167524,0,C230031I18Rik
Clybl,3.10E-05,-0.029943068,0.046,0.063,0.549016767,0,Clybl
Hspe1-rs1,3.10E-05,-0.027711344,0.021,0.033,0.5493185,0,Hspe1-rs1
Tmem240,3.11E-05,0.01661982,0.009,0.004,0.549594144,0,Tmem240
Nup153,3.11E-05,-0.032531177,0.029,0.043,0.550372029,0,Nup153
Mia2,3.11E-05,-0.087450653,0.274,0.309,0.550636254,0,Mia2
2010320M18Rik,3.12E-05,-0.042133489,0.023,0.035,0.552635614,0,2010320M18Rik
Csdc2,3.12E-05,-0.030684945,0.002,0.007,0.552945884,0,Csdc2
Gramd1a,3.15E-05,-0.054592091,0.06,0.078,0.557090695,0,Gramd1a
Prkaa2,3.16E-05,0.01762448,0.018,0.01,0.559509834,0,Prkaa2
1600020E01Rik,3.17E-05,-0.022015979,0.03,0.043,0.560359229,0,1600020E01Rik
Mlip,3.17E-05,-0.042203667,0.001,0.005,0.560978748,0,Mlip
Uqcr10,3.18E-05,-0.104508691,0.369,0.401,0.562023546,0,Uqcr10
Yipf6,3.20E-05,-0.044834246,0.036,0.05,0.565926286,0,Yipf6
Gm10941,3.20E-05,-0.018341486,0.004,0.011,0.566913191,0,Gm10941
Adcy2,3.20E-05,0.039540501,0.034,0.023,0.567044677,0,Adcy2
Cep85l,3.23E-05,0.030227602,0.114,0.094,0.571553315,0,Cep85l
Nipal3,3.23E-05,0.03105038,0.01,0.005,0.572408085,0,Nipal3
Gm48617,3.24E-05,-0.020472869,0.001,0.005,0.573815551,0,Gm48617
Nos2,3.25E-05,-0.011859775,0.002,0.007,0.574874166,0,Nos2
Nek2,3.26E-05,-0.008375814,0.001,0.005,0.577278245,0,Nek2
Aste1,3.29E-05,-0.048396092,0.017,0.028,0.582379987,0,Aste1
Kdm5c,3.29E-05,-0.055865289,0.112,0.137,0.582899168,0,Kdm5c
Tpgs2,3.30E-05,-0.03538728,0.055,0.073,0.583278316,0,Tpgs2
H2-M9,3.30E-05,-0.034561504,0,0.003,0.583548238,0,H2-M9
Chaf1a,3.33E-05,-0.0239328,0.011,0.021,0.589665501,0,Chaf1a
Gm37354,3.35E-05,0.017545187,0.007,0.003,0.593326911,0,Gm37354
Gm42498,3.36E-05,0.008793251,0.004,0.001,0.594967387,0,Gm42498
Poldip2,3.38E-05,-0.040566315,0.058,0.076,0.597525303,0,Poldip2
Brip1,3.39E-05,-0.013955943,0.004,0.01,0.599799541,0,Brip1
Mrps24,3.39E-05,-0.082555326,0.198,0.229,0.600274732,0,Mrps24
Shcbp1,3.40E-05,-0.008373699,0.002,0.008,0.601833809,0,Shcbp1
Dusp2,3.44E-05,-0.028967526,0.001,0.006,0.609550649,0,Dusp2
Zfp326,3.45E-05,-0.075207679,0.159,0.188,0.610956307,0,Zfp326
Gm15270,3.49E-05,-0.030278156,0.006,0.013,0.618157787,0,Gm15270
4921531C22Rik,3.50E-05,-0.042236044,0.018,0.029,0.620127598,0,4921531C22Rik
Tmem121,3.51E-05,-0.012039959,0.002,0.007,0.621594944,0,Tmem121
E430018J23Rik,3.55E-05,-0.018890707,0.006,0.013,0.628024979,0,E430018J23Rik
Dusp16,3.55E-05,0.052958093,0.06,0.046,0.628812414,0,Dusp16
Rnf34,3.57E-05,-0.069068295,0.053,0.07,0.630989338,0,Rnf34
Mospd1,3.58E-05,-0.049437243,0.04,0.056,0.634086935,0,Mospd1
Gm29686,3.63E-05,-0.016898492,0.003,0.008,0.642261629,0,Gm29686
Slc25a35,3.63E-05,-0.029127255,0.005,0.012,0.643186119,0,Slc25a35
Ubxn4,3.66E-05,0.050367548,0.469,0.439,0.646934173,0,Ubxn4
Serpina3f,3.66E-05,-0.019744961,0.001,0.006,0.647552878,0,Serpina3f
Lsm4,3.67E-05,-0.074172819,0.205,0.236,0.649305147,0,Lsm4
Ccdc122,3.71E-05,0.089092973,0.067,0.053,0.656334375,0,Ccdc122
Hvcn1,3.71E-05,-0.040685723,0.011,0.02,0.657114752,0,Hvcn1
1200007C13Rik,3.71E-05,-0.02203822,0.003,0.008,0.6573887,0,1200007C13Rik
Gm47087,3.72E-05,0.045880882,0.032,0.021,0.657876321,0,Gm47087
Mprip,3.78E-05,0.056613559,0.278,0.252,0.66908619,0,Mprip
Kifap3,3.78E-05,0.072208052,0.243,0.219,0.669455716,0,Kifap3
Tnfrsf23,3.79E-05,-0.015007177,0.032,0.046,0.670384782,0,Tnfrsf23
Mdh2,3.79E-05,-0.081193131,0.285,0.315,0.670617989,0,Mdh2
Zfp267,3.79E-05,-0.01931282,0.019,0.03,0.671094967,0,Zfp267
Psma5,3.82E-05,-0.083084002,0.236,0.267,0.676211193,0,Psma5
Pter,3.83E-05,-0.048737476,0.029,0.042,0.67757366,0,Pter
Bnip2,3.84E-05,-0.074722081,0.257,0.291,0.680219293,0,Bnip2
Svip,3.86E-05,-0.037976929,0.002,0.007,0.68402917,0,Svip
Ebna1bp2,3.87E-05,-0.080564827,0.188,0.218,0.685540634,0,Ebna1bp2
Zcchc10,3.88E-05,-0.057510247,0.04,0.056,0.686075974,0,Zcchc10
Gm11747,3.91E-05,0.03056619,0.012,0.006,0.691714217,0,Gm11747
Zbtb26,3.93E-05,-0.01872354,0.003,0.009,0.695746395,0,Zbtb26
Il6st,3.96E-05,-0.100764544,0.403,0.432,0.700014025,0,Il6st
Arfip1,3.96E-05,-0.036826277,0.124,0.15,0.700930952,0,Arfip1
Frat2,3.97E-05,-0.026493695,0.007,0.015,0.701922902,0,Frat2
Nos1ap,3.97E-05,-0.013802637,0.001,0.005,0.702553713,0,Nos1ap
Dchs2,4.00E-05,-0.015466314,0,0.004,0.708699776,0,Dchs2
Cnst,4.02E-05,-0.030932966,0.03,0.043,0.710878485,0,Cnst
Ap5s1,4.02E-05,-0.025283279,0.017,0.027,0.710953082,0,Ap5s1
Plaat1,4.02E-05,-0.010729528,0,0.004,0.711138581,0,Plaat1
Gatad2b,4.02E-05,-0.090791785,0.13,0.155,0.711698553,0,Gatad2b
Tmtc1,4.03E-05,-0.039374633,0.029,0.043,0.712525106,0,Tmtc1
Mtrf1l,4.05E-05,-0.0402609,0.021,0.033,0.716417041,0,Mtrf1l
Zfp618,4.06E-05,-0.028288928,0.011,0.02,0.719066387,0,Zfp618
Gm11510,4.07E-05,0.003422865,0.003,0.001,0.720284249,0,Gm11510
Klhl26,4.07E-05,-0.041513145,0.02,0.031,0.721202404,0,Klhl26
Rwdd1,4.08E-05,-0.06028649,0.231,0.263,0.721575903,0,Rwdd1
Snhg3,4.08E-05,-0.018935894,0.01,0.018,0.72175598,0,Snhg3
Tmem131,4.09E-05,0.075475574,0.124,0.105,0.724720379,0,Tmem131
Acot9,4.10E-05,0.106699192,0.162,0.141,0.725797077,0,Acot9
Gm13092,4.10E-05,-0.012194541,0.006,0.013,0.726105164,0,Gm13092
Hsp90aa1,4.11E-05,0.01026935,0.765,0.716,0.726643197,0,Hsp90aa1
Lrch2,4.13E-05,-0.01909038,0.019,0.031,0.730901207,0,Lrch2
Ptp4a3,4.14E-05,-0.09244585,0.054,0.07,0.73337864,0,Ptp4a3
Rragd,4.15E-05,-0.032976427,0.004,0.011,0.73420594,0,Rragd
5330406M23Rik,4.15E-05,0.038674873,0.045,0.033,0.734638728,0,5330406M23Rik
Tnfrsf1a,4.16E-05,-0.085542422,0.245,0.278,0.736701047,0,Tnfrsf1a
Sik1,4.18E-05,0.062710136,0.156,0.134,0.740344593,0,Sik1
Mta1,4.23E-05,0.053039544,0.082,0.065,0.748016329,0,Mta1
Gm15708,4.25E-05,0.019573877,0.01,0.005,0.751611185,0,Gm15708
Zdhhc14,4.28E-05,-0.04137917,0.014,0.024,0.757247797,0,Zdhhc14
Trmt2a,4.30E-05,-0.052902562,0.046,0.063,0.760712331,0,Trmt2a
Gm49307,4.30E-05,0.014826388,0.009,0.004,0.761289797,0,Gm49307
Fam120a,4.31E-05,0.095086277,0.259,0.236,0.762152196,0,Fam120a
9930104L06Rik,4.32E-05,-0.032325936,0.014,0.024,0.764932818,0,9930104L06Rik
Fbxl12,4.33E-05,-0.042412542,0.013,0.022,0.765545208,0,Fbxl12
Rad17,4.33E-05,-0.056884497,0.044,0.06,0.766020061,0,Rad17
Mid2,4.33E-05,-0.032148358,0.011,0.02,0.766691961,0,Mid2
Arhgap32,4.36E-05,-0.060941048,0.043,0.058,0.770892712,0,Arhgap32
Ppif,4.36E-05,-0.029898527,0.017,0.027,0.771001472,0,Ppif
Ost4,4.38E-05,-0.034976951,0.139,0.166,0.775041869,0,Ost4
Trim27,4.42E-05,-0.021742429,0.067,0.087,0.781472529,0,Trim27
Bhlhe22,4.44E-05,-0.015747123,0.001,0.006,0.785068177,0,Bhlhe22
Nap1l4,4.44E-05,-0.085814802,0.243,0.274,0.785404845,0,Nap1l4
Prrg1,4.44E-05,0.038377513,0.055,0.041,0.785409977,0,Prrg1
Spta1,4.46E-05,-0.029070261,0.005,0.012,0.788568445,0,Spta1
Lgi4,4.47E-05,0.00284545,0.042,0.03,0.791149838,0,Lgi4
Gcnt1,4.47E-05,-0.009643571,0,0.004,0.791841952,0,Gcnt1
Lyn,4.48E-05,-0.025197869,0.008,0.016,0.792345823,0,Lyn
Plxna2,4.50E-05,-0.062999505,0.026,0.038,0.795863094,0,Plxna2
Rtl8a,4.53E-05,-0.029816649,0.033,0.047,0.802350152,0,Rtl8a
St3gal4,4.54E-05,-0.037144916,0.082,0.103,0.804357927,0,St3gal4
Ube2a,4.55E-05,-0.026102722,0.113,0.138,0.804865219,0,Ube2a
Tmem41a,4.57E-05,-0.028134097,0.029,0.042,0.808805546,0,Tmem41a
Hdlbp,4.58E-05,-0.094206118,0.471,0.492,0.80993953,0,Hdlbp
Arfgap1,4.58E-05,-0.046780263,0.106,0.129,0.810313137,0,Arfgap1
Ncapg2,4.60E-05,-0.026986975,0.014,0.024,0.814304649,0,Ncapg2
8030451A03Rik,4.60E-05,-0.013426884,0.002,0.006,0.814585916,0,8030451A03Rik
Il13ra2,4.60E-05,0.037340143,0.012,0.006,0.814667489,0,Il13ra2
Uimc1,4.63E-05,-0.092093908,0.149,0.174,0.819030717,0,Uimc1
Sox6,4.66E-05,-0.030491449,0.001,0.005,0.824094999,0,Sox6
Mtmr7,4.68E-05,-0.017499509,0.005,0.012,0.827457686,0,Mtmr7
Fhod1,4.69E-05,-0.036560893,0.011,0.02,0.829326063,0,Fhod1
5033421B08Rik,4.69E-05,0.013896803,0.007,0.003,0.829482466,0,5033421B08Rik
Parp3,4.70E-05,0.044924856,0.328,0.303,0.831988451,0,Parp3
Cers5,4.70E-05,-0.070733449,0.121,0.145,0.832334356,0,Cers5
9330188P03Rik,4.70E-05,-0.029865788,0.001,0.005,0.83245012,0,9330188P03Rik
Fubp1,4.73E-05,-0.070905702,0.248,0.28,0.837125991,0,Fubp1
Adgb,4.73E-05,0.011613439,0.004,0.001,0.837378723,0,Adgb
Grem1,4.74E-05,-0.018238052,0.001,0.005,0.838743776,0,Grem1
Gm29101,4.74E-05,0.01500026,0.007,0.003,0.839373709,0,Gm29101
Pycr2,4.75E-05,-0.052408509,0.053,0.07,0.840337056,0,Pycr2
Yipf5,4.76E-05,-0.039341143,0.254,0.29,0.842182814,0,Yipf5
Avpi1,4.78E-05,-0.032188062,0.034,0.048,0.846419831,0,Avpi1
Tbx3os1,4.79E-05,-0.042486679,0.002,0.008,0.848003994,0,Tbx3os1
Rab29,4.82E-05,-0.034624273,0.046,0.062,0.852653024,0,Rab29
Cys1,4.85E-05,-0.082972645,0.044,0.06,0.857886775,0,Cys1
Trim16,4.86E-05,0.046540982,0.035,0.024,0.861043593,0,Trim16
Rgs7bp,4.88E-05,-0.031354037,0.005,0.012,0.863460948,0,Rgs7bp
Foxc2,4.89E-05,-0.014671731,0,0.004,0.866151611,0,Foxc2
Asph,4.89E-05,-0.06952012,0.16,0.188,0.86619224,0,Asph
Nol4l,4.94E-05,-0.023018114,0.002,0.007,0.874361794,0,Nol4l
Lias,4.98E-05,0.075652834,0.115,0.096,0.880749438,0,Lias
BC024978,4.99E-05,-0.058991904,0.035,0.049,0.883873458,0,BC024978
Smc2,4.99E-05,-0.077028948,0.075,0.094,0.883947739,0,Smc2
Akirin2,5.01E-05,-0.062722456,0.115,0.138,0.887157842,0,Akirin2
Bud23,5.02E-05,-0.041503176,0.065,0.084,0.889336396,0,Bud23
Gm49123,5.04E-05,0.014878264,0.006,0.002,0.892524694,0,Gm49123
Kctd12b,5.05E-05,-0.033601378,0.027,0.04,0.894396759,0,Kctd12b
Gm6166,5.06E-05,-0.010027662,0.001,0.006,0.894966645,0,Gm6166
Tecr,5.10E-05,-0.091939814,0.23,0.261,0.90255325,0,Tecr
Mis18bp1,5.10E-05,-0.015823469,0.003,0.008,0.902983686,0,Mis18bp1
E530011L22Rik,5.14E-05,0.042727181,0.02,0.012,0.910143761,0,E530011L22Rik
Magohb,5.16E-05,-0.023909499,0.06,0.078,0.912590228,0,Magohb
Gpbp1l1,5.16E-05,-0.070166078,0.08,0.1,0.913563664,0,Gpbp1l1
Mthfsd,5.18E-05,-0.037366965,0.027,0.04,0.916345626,0,Mthfsd
Med20,5.20E-05,-0.035578869,0.027,0.039,0.920029207,0,Med20
Lrrc8e,5.21E-05,-0.010661707,0.003,0.008,0.922490459,0,Lrrc8e
9330179D12Rik,5.23E-05,0.012447056,0.006,0.002,0.925614447,0,9330179D12Rik
Prkacb,5.26E-05,-0.069771344,0.142,0.168,0.931664581,0,Prkacb
Bag2,5.29E-05,-0.026093731,0.021,0.032,0.935930077,0,Bag2
Pmvk,5.32E-05,-0.027803658,0.034,0.048,0.94152341,0,Pmvk
H2-M3,5.32E-05,0.076020011,0.083,0.067,0.941906591,0,H2-M3
Zfp948,5.34E-05,-0.070718597,0.123,0.148,0.945185902,0,Zfp948
Lrsam1,5.34E-05,0.041139407,0.03,0.02,0.945831747,0,Lrsam1
Ntmt1,5.36E-05,-0.036916326,0.056,0.073,0.949144002,0,Ntmt1
Gfm2,5.38E-05,-0.034963858,0.029,0.042,0.952711101,0,Gfm2
Smc5,5.39E-05,-0.087592398,0.162,0.19,0.95454737,0,Smc5
9330162G02Rik,5.40E-05,0.030174227,0.026,0.017,0.955684511,0,9330162G02Rik
Ccdc58,5.41E-05,-0.031361673,0.067,0.086,0.956822031,0,Ccdc58
Car3,5.41E-05,-0.349050831,0.01,0.018,0.957616318,0,Car3
Depdc1a,5.45E-05,-0.007792939,0,0.004,0.965316414,0,Depdc1a
Wdhd1,5.48E-05,-0.015366838,0.006,0.014,0.970119306,0,Wdhd1
Nsmaf,5.52E-05,0.064537676,0.104,0.085,0.977617269,0,Nsmaf
Mrpl42,5.53E-05,-0.068507233,0.178,0.207,0.978712488,0,Mrpl42
Efcab5,5.57E-05,0.007412011,0.012,0.006,0.985029961,0,Efcab5
Adar,5.57E-05,0.030775621,0.018,0.011,0.986543366,0,Adar
Steap2,5.59E-05,0.083781429,0.076,0.061,0.989449332,0,Steap2
8430436N08Rik,5.61E-05,-0.017598159,0.001,0.005,0.992620188,0,8430436N08Rik
Rpia,5.63E-05,0.068153988,0.08,0.064,0.996180651,0,Rpia
Ubap1,5.63E-05,0.062989422,0.09,0.073,0.996478933,0,Ubap1
Gm8818,5.64E-05,-0.034228943,0.011,0.02,0.999022716,0,Gm8818
Il1rap,5.69E-05,0.044694864,0.046,0.034,1,0,Il1rap
Polr1d,5.69E-05,-0.068114725,0.251,0.284,1,0,Polr1d
Cs,5.69E-05,-0.054898419,0.149,0.176,1,0,Cs
5430405H02Rik,5.73E-05,-0.025110921,0.008,0.016,1,0,5430405H02Rik
Ppme1,5.77E-05,-0.032115137,0.073,0.093,1,0,Ppme1
Iqgap1,5.79E-05,-0.099515803,0.416,0.44,1,0,Iqgap1
Zzz3,5.79E-05,-0.058940099,0.096,0.118,1,0,Zzz3
Zfp61,5.86E-05,-0.039737303,0.013,0.022,1,0,Zfp61
AC163616.1,5.87E-05,0.028075229,0.015,0.008,1,0,AC163616.1
Tufm,5.89E-05,-0.044879997,0.047,0.063,1,0,Tufm
AW011738,5.90E-05,-0.040366425,0.009,0.017,1,0,AW011738
Gm18811,5.91E-05,0.010001619,0.004,0.001,1,0,Gm18811
Abraxas2,5.92E-05,-0.060278105,0.078,0.097,1,0,Abraxas2
Atp5md,5.94E-05,-0.115775423,0.352,0.381,1,0,Atp5md
Bicc1,5.99E-05,-0.130547233,0.463,0.481,1,0,Bicc1
Btbd2,5.99E-05,0.056985717,0.06,0.046,1,0,Btbd2
Vat1l,5.99E-05,-0.015180298,0,0.004,1,0,Vat1l
Gm43343,5.99E-05,0.028753075,0.014,0.008,1,0,Gm43343
Tigd2,6.01E-05,-0.061393351,0.054,0.07,1,0,Tigd2
Socs1,6.01E-05,0.143827883,0.332,0.31,1,0,Socs1
Atp5a1,6.03E-05,-0.104615459,0.434,0.459,1,0,Atp5a1
Blmh,6.05E-05,-0.050852565,0.156,0.184,1,0,Blmh
Cdh5,6.05E-05,-0.023382439,0,0.003,1,0,Cdh5
Atg2a,6.07E-05,0.048431382,0.042,0.03,1,0,Atg2a
Cdyl2,6.08E-05,-0.020477082,0.004,0.01,1,0,Cdyl2
Gm17057,6.10E-05,0.009889611,0.008,0.003,1,0,Gm17057
Arf5,6.11E-05,-0.076799567,0.374,0.406,1,0,Arf5
Fbxw2,6.11E-05,0.082397274,0.168,0.146,1,0,Fbxw2
Adamts12,6.12E-05,-0.10045368,0.159,0.183,1,0,Adamts12
Apobec3,6.12E-05,-0.031736439,0.032,0.046,1,0,Apobec3
Sclt1,6.12E-05,0.053213684,0.097,0.079,1,0,Sclt1
Slc29a1,6.14E-05,-0.119043202,0.192,0.217,1,0,Slc29a1
Pcdhb17,6.14E-05,-0.031648493,0.015,0.024,1,0,Pcdhb17
Rnmt,6.19E-05,-0.034249382,0.068,0.087,1,0,Rnmt
Ei24,6.22E-05,0.070705222,0.091,0.074,1,0,Ei24
Srsf9,6.26E-05,-0.046804183,0.087,0.108,1,0,Srsf9
Gm7964,6.28E-05,-0.024198178,0.015,0.025,1,0,Gm7964
Wnt9a,6.28E-05,-0.022390651,0.03,0.043,1,0,Wnt9a
Dgke,6.29E-05,-0.02612752,0.006,0.012,1,0,Dgke
Mrps5,6.31E-05,-0.0831986,0.127,0.151,1,0,Mrps5
Eif3j2,6.32E-05,-0.030233416,0.067,0.086,1,0,Eif3j2
Gm49526,6.32E-05,0.026497157,0.012,0.006,1,0,Gm49526
Serpinb2,6.32E-05,0.104671853,0.036,0.026,1,0,Serpinb2
Pphln1,6.32E-05,-0.038466754,0.054,0.071,1,0,Pphln1
Tra2b,6.33E-05,-0.107466101,0.326,0.356,1,0,Tra2b
Wdr62,6.35E-05,0.015806643,0.01,0.004,1,0,Wdr62
Pde6d,6.37E-05,-0.048662247,0.099,0.121,1,0,Pde6d
Zfp382,6.40E-05,-0.030749381,0.005,0.011,1,0,Zfp382
Fibp,6.43E-05,-0.045035407,0.072,0.091,1,0,Fibp
Rbx1,6.45E-05,-0.065593659,0.35,0.381,1,0,Rbx1
Akap8,6.46E-05,-0.085309007,0.116,0.139,1,0,Akap8
Atcayos,6.47E-05,-0.02893485,0.005,0.011,1,0,Atcayos
Arnt2,6.47E-05,0.01225305,0.005,0.002,1,0,Arnt2
Cmc2,6.48E-05,-0.040414221,0.046,0.061,1,0,Cmc2
Cnot4,6.49E-05,-0.090770815,0.162,0.189,1,0,Cnot4
Snn,6.51E-05,-0.028445071,0.007,0.014,1,0,Snn
Gorasp2,6.52E-05,-0.042893608,0.195,0.226,1,0,Gorasp2
Gns,6.54E-05,0.08303556,0.296,0.273,1,0,Gns
Dpy19l3,6.58E-05,-0.031557159,0.02,0.031,1,0,Dpy19l3
Tspan31,6.59E-05,-0.027545587,0.017,0.028,1,0,Tspan31
Osgepl1,6.63E-05,-0.030139219,0.011,0.019,1,0,Osgepl1
Abcd4,6.65E-05,-0.066345881,0.053,0.069,1,0,Abcd4
Wnt6,6.67E-05,-0.02795174,0,0.004,1,0,Wnt6
Unc50,6.69E-05,-0.052161515,0.141,0.167,1,0,Unc50
Epm2aip1,6.72E-05,-0.038107457,0.029,0.042,1,0,Epm2aip1
Gm10177,6.73E-05,-0.027303043,0.097,0.12,1,0,Gm10177
Arhgap1,6.75E-05,0.066651367,0.124,0.105,1,0,Arhgap1
Isg15,6.77E-05,-0.234455273,0.174,0.197,1,0,Isg15
Taf11,6.79E-05,-0.051020994,0.08,0.1,1,0,Taf11
Zswim8,6.83E-05,0.057534569,0.087,0.071,1,0,Zswim8
Gamt,6.85E-05,-0.089225059,0.064,0.082,1,0,Gamt
Srp72,6.86E-05,-0.078675631,0.266,0.298,1,0,Srp72
Rspo2,6.89E-05,-0.01513982,0.002,0.008,1,0,Rspo2
Lgi1,6.92E-05,0.016818898,0.008,0.003,1,0,Lgi1
Pgm2,6.94E-05,-0.027190947,0.036,0.05,1,0,Pgm2
Filip1,7.01E-05,-0.116368919,0.032,0.045,1,0,Filip1
Sbno1,7.01E-05,-0.085975907,0.214,0.243,1,0,Sbno1
Shroom1,7.02E-05,-0.017840034,0.001,0.005,1,0,Shroom1
Spsb2,7.04E-05,-0.06301072,0.034,0.047,1,0,Spsb2
Srrm1,7.07E-05,-0.109256504,0.443,0.476,1,0,Srrm1
Cox18,7.09E-05,-0.027034539,0.03,0.043,1,0,Cox18
Pa2g4,7.11E-05,-0.07884418,0.241,0.272,1,0,Pa2g4
Gm20300,7.14E-05,0.02967717,0.031,0.021,1,0,Gm20300
Psph,7.25E-05,-0.027593469,0.033,0.046,1,0,Psph
Unc93b1,7.29E-05,-0.062870289,0.067,0.086,1,0,Unc93b1
Asb2,7.31E-05,-0.022081914,0,0.004,1,0,Asb2
Atp5f1,7.32E-05,-0.102330869,0.45,0.474,1,0,Atp5f1
Gm5436,7.34E-05,-0.025071989,0.019,0.03,1,0,Gm5436
Kank2,7.36E-05,0.084134831,0.201,0.179,1,0,Kank2
Gm17970,7.36E-05,0.012634059,0.004,0.001,1,0,Gm17970
Trdv4,7.37E-05,0.006453831,0.004,0.001,1,0,Trdv4
Gm37109,7.37E-05,0.00738772,0.004,0.001,1,0,Gm37109
Ptgr1,7.39E-05,-0.025816314,0.101,0.124,1,0,Ptgr1
Trim56,7.41E-05,-0.10985804,0.159,0.184,1,0,Trim56
Gm15428,7.41E-05,-0.005970102,0,0.003,1,0,Gm15428
Cask,7.42E-05,0.082866775,0.155,0.134,1,0,Cask
Nr2c2ap,7.47E-05,-0.036844886,0.029,0.042,1,0,Nr2c2ap
Surf6,7.47E-05,-0.034956012,0.04,0.055,1,0,Surf6
Dusp8,7.51E-05,0.05608669,0.061,0.047,1,0,Dusp8
Nop16,7.51E-05,-0.031431485,0.075,0.094,1,0,Nop16
Gm48965,7.51E-05,0.007682425,0.002,0,1,0,Gm48965
Cttnbp2,7.55E-05,-0.036072105,0.002,0.007,1,0,Cttnbp2
Mrpl4,7.59E-05,-0.079932784,0.122,0.145,1,0,Mrpl4
Slc27a1,7.60E-05,-0.039358988,0.016,0.026,1,0,Slc27a1
Marf1,7.72E-05,-0.071286048,0.082,0.101,1,0,Marf1
Gata6,7.73E-05,0.074741911,0.042,0.031,1,0,Gata6
St6galnac4,7.75E-05,-0.019635766,0.022,0.033,1,0,St6galnac4
Prx,7.78E-05,-0.080992449,0.002,0.007,1,0,Prx
Flii,7.79E-05,0.071599814,0.149,0.129,1,0,Flii
Col4a3bp,7.79E-05,-0.088503233,0.113,0.136,1,0,Col4a3bp
Rock1,7.83E-05,0.023452659,0.398,0.368,1,0,Rock1
5430431A17Rik,7.91E-05,-0.056498121,0.004,0.01,1,0,5430431A17Rik
9630050E16Rik,7.92E-05,0.024764746,0.023,0.014,1,0,9630050E16Rik
Tchp,7.94E-05,-0.056501462,0.028,0.041,1,0,Tchp
Celf5,7.96E-05,-0.017845692,0.002,0.007,1,0,Celf5
Gm43322,7.97E-05,-0.022400206,0.004,0.01,1,0,Gm43322
Sltm,7.98E-05,0.049043194,0.385,0.359,1,0,Sltm
Hdac5,7.99E-05,-0.056895705,0.051,0.067,1,0,Hdac5
Golga5,7.99E-05,-0.031276748,0.09,0.112,1,0,Golga5
Zfp157,8.07E-05,-0.025113337,0.015,0.025,1,0,Zfp157
Limk2,8.09E-05,-0.04252437,0.019,0.029,1,0,Limk2
Neil3,8.15E-05,-0.006911818,0,0.004,1,0,Neil3
Efna2,8.16E-05,-0.018394245,0.014,0.023,1,0,Efna2
Yars,8.16E-05,-0.021408865,0.078,0.098,1,0,Yars
Rab23,8.21E-05,-0.068958642,0.066,0.084,1,0,Rab23
Syde1,8.22E-05,-0.045183162,0.048,0.063,1,0,Syde1
Usp45,8.31E-05,-0.052316958,0.048,0.063,1,0,Usp45
Ccno,8.33E-05,-0.020919157,0.006,0.013,1,0,Ccno
Mbp,8.34E-05,-0.34225187,0.031,0.021,1,0,Mbp
Mrpl35,8.34E-05,-0.038693964,0.086,0.107,1,0,Mrpl35
Fam83d,8.34E-05,-0.009854461,0.001,0.005,1,0,Fam83d
Eea1,8.36E-05,0.064948952,0.35,0.324,1,0,Eea1
Fh1,8.38E-05,-0.036443199,0.091,0.112,1,0,Fh1
Gm42780,8.39E-05,0.012133278,0.005,0.001,1,0,Gm42780
Yeats4,8.42E-05,-0.041971566,0.073,0.092,1,0,Yeats4
Lama5,8.43E-05,-0.037447238,0.002,0.006,1,0,Lama5
Pnisr,8.43E-05,-0.156672236,0.391,0.417,1,0,Pnisr
Ubr1,8.46E-05,-0.08324262,0.108,0.13,1,0,Ubr1
Il1r1,8.48E-05,-0.094303984,0.194,0.221,1,0,Il1r1
Serpinb1b,8.49E-05,-0.017435891,0.001,0.004,1,0,Serpinb1b
Dcaf8,8.50E-05,-0.090272002,0.209,0.236,1,0,Dcaf8
Mylk2,8.51E-05,-0.031699638,0.001,0.004,1,0,Mylk2
Mrps27,8.52E-05,-0.047158314,0.025,0.037,1,0,Mrps27
Cerkl,8.52E-05,-0.021400468,0.001,0.005,1,0,Cerkl
Mrpl49,8.53E-05,-0.038312226,0.046,0.062,1,0,Mrpl49
6330403L08Rik,8.54E-05,-0.014361401,0.001,0.005,1,0,6330403L08Rik
Bzw2,8.54E-05,-0.080430837,0.148,0.174,1,0,Bzw2
Gm50143,8.56E-05,-0.012132832,0.001,0.004,1,0,Gm50143
E2f8,8.57E-05,-0.008677059,0.001,0.004,1,0,E2f8
Fcor,8.60E-05,-0.013453705,0.003,0.008,1,0,Fcor
Dusp5,8.61E-05,-0.060342332,0.032,0.045,1,0,Dusp5
Tead3,8.64E-05,-0.043401034,0.034,0.047,1,0,Tead3
Stard3,8.64E-05,-0.034765083,0.025,0.037,1,0,Stard3
2310009A05Rik,8.65E-05,-0.039256365,0.09,0.111,1,0,2310009A05Rik
Cd3eap,8.72E-05,-0.042205454,0.052,0.068,1,0,Cd3eap
Tsg101,8.73E-05,-0.046669726,0.164,0.192,1,0,Tsg101
Hacd3,8.74E-05,-0.055323189,0.082,0.102,1,0,Hacd3
Gm43023,8.75E-05,0.017371899,0.008,0.003,1,0,Gm43023
Kif18a,8.75E-05,-0.015795401,0.003,0.008,1,0,Kif18a
Btbd10,8.78E-05,0.062505728,0.099,0.082,1,0,Btbd10
Zfp322a,8.80E-05,-0.041291187,0.051,0.067,1,0,Zfp322a
Ncaph,8.82E-05,-0.012587234,0.003,0.009,1,0,Ncaph
Epn2,8.86E-05,-0.106829495,0.124,0.147,1,0,Epn2
Cadm4,8.87E-05,-0.04210795,0.002,0.007,1,0,Cadm4
Erlec1,8.93E-05,-0.071737015,0.263,0.295,1,0,Erlec1
LTO1,8.93E-05,-0.035177877,0.024,0.036,1,0,LTO1
Galnt7,8.93E-05,-0.060997117,0.04,0.055,1,0,Galnt7
Rad23b,8.95E-05,0.100370509,0.245,0.224,1,0,Rad23b
Timm22,8.98E-05,-0.038568665,0.076,0.095,1,0,Timm22
AU020206,8.99E-05,-0.021814352,0.026,0.038,1,0,AU020206
Tbl1xr1,9.00E-05,-0.03067825,0.076,0.096,1,0,Tbl1xr1
Magee1,9.02E-05,0.0650136,0.052,0.039,1,0,Magee1
F730043M19Rik,9.04E-05,-0.01658534,0.002,0.007,1,0,F730043M19Rik
Reg3g,9.08E-05,-0.018388848,0,0.003,1,0,Reg3g
Mir155hg,9.09E-05,-0.021085658,0.004,0.01,1,0,Mir155hg
Idh3g,9.13E-05,-0.083170423,0.161,0.187,1,0,Idh3g
Lst1,9.15E-05,-0.024293958,0.011,0.02,1,0,Lst1
Fam102a,9.23E-05,-0.036871359,0.031,0.044,1,0,Fam102a
Taf12,9.31E-05,-0.030186513,0.079,0.099,1,0,Taf12
Gm3336,9.32E-05,-0.025747455,0.006,0.012,1,0,Gm3336
Stx4a,9.32E-05,0.052065444,0.329,0.305,1,0,Stx4a
Gm20604,9.33E-05,-0.026690655,0.017,0.027,1,0,Gm20604
Ecpas,9.43E-05,0.077850817,0.183,0.161,1,0,Ecpas
Ufm1,9.53E-05,-0.033627345,0.203,0.233,1,0,Ufm1
Adam10,9.55E-05,0.070128183,0.193,0.172,1,0,Adam10
Lipa,9.56E-05,-0.06019188,0.183,0.211,1,0,Lipa
Ublcp1,9.57E-05,-0.037910043,0.078,0.098,1,0,Ublcp1
Plekhm2,9.57E-05,0.068209223,0.064,0.049,1,0,Plekhm2
Dnajb11,9.61E-05,-0.05196072,0.233,0.265,1,0,Dnajb11
Pthlh,9.64E-05,-0.092919138,0.035,0.049,1,0,Pthlh
3110082I17Rik,9.64E-05,-0.035402579,0.032,0.045,1,0,3110082I17Rik
Kcnip3,9.68E-05,-0.011793754,0.002,0.006,1,0,Kcnip3
Efnb2,9.81E-05,0.083110095,0.071,0.056,1,0,Efnb2
Snrpa1,9.82E-05,-0.018798855,0.118,0.142,1,0,Snrpa1
Arpp21,9.91E-05,-0.025880296,0,0.004,1,0,Arpp21
2310040G24Rik,9.92E-05,-0.029214552,0,0.004,1,0,2310040G24Rik
Tomm20,9.92E-05,-0.026686541,0.075,0.095,1,0,Tomm20
Gm12430,9.92E-05,-0.030021676,0.009,0.016,1,0,Gm12430
Batf3,9.94E-05,-0.012543359,0,0.004,1,0,Batf3
Cysltr1,9.96E-05,-0.015569088,0,0.004,1,0,Cysltr1
Tmc7,9.98E-05,-0.011877162,0,0.004,1,0,Tmc7
Ola1,0.000100094,-0.051878587,0.148,0.174,1,0,Ola1
Sh3bgrl2,0.000100441,-0.013991153,0.001,0.005,1,0,Sh3bgrl2
4930579K19Rik,0.000100854,-0.010353276,0.001,0.005,1,0,4930579K19Rik
Ap3b1,0.000101311,0.084297513,0.215,0.194,1,0,Ap3b1
Erc2,0.000101463,-0.003370965,0.001,0.005,1,0,Erc2
Bcl2l13,0.000101495,0.059663658,0.048,0.036,1,0,Bcl2l13
Eif5a2,0.000101614,-0.025022902,0.011,0.019,1,0,Eif5a2
Ripk2,0.000102112,-0.026289189,0.021,0.032,1,0,Ripk2
Gm47088,0.000102335,0.034666118,0.026,0.017,1,0,Gm47088
Pik3r3,0.000102403,-0.017611622,0.008,0.015,1,0,Pik3r3
Eif2b3,0.00010294,-0.046338174,0.085,0.105,1,0,Eif2b3
1110038B12Rik,0.000102989,-0.04962509,0.101,0.123,1,0,1110038B12Rik
Arvcf,0.000103471,0.040415283,0.055,0.041,1,0,Arvcf
Nme4,0.000103966,-0.034097791,0.022,0.033,1,0,Nme4
Bccip,0.000104151,-0.046440998,0.127,0.152,1,0,Bccip
Sbf1,0.000104297,0.078723783,0.074,0.059,1,0,Sbf1
Rilp,0.000104346,-0.028743272,0.006,0.013,1,0,Rilp
Adk,0.00010558,-0.075104193,0.135,0.158,1,0,Adk
Gm31621,0.000105946,0.011962223,0.006,0.002,1,0,Gm31621
Ubfd1,0.000105987,-0.020255422,0.101,0.123,1,0,Ubfd1
Polb,0.000106065,0.090509012,0.172,0.151,1,0,Polb
Gm42829,0.00010629,0.025205452,0.017,0.01,1,0,Gm42829
Slc2a3,0.000106357,-0.029759444,0.004,0.01,1,0,Slc2a3
Psmb2,0.000106554,-0.06254779,0.277,0.31,1,0,Psmb2
Ddx27,0.000107595,-0.063950006,0.094,0.115,1,0,Ddx27
Polr3k,0.000108125,-0.036589649,0.08,0.1,1,0,Polr3k
Idh3b,0.0001083,-0.084442144,0.152,0.177,1,0,Idh3b
Vti1b,0.000108627,0.075898251,0.229,0.207,1,0,Vti1b
Hnrnph1,0.000109623,-0.098249003,0.395,0.422,1,0,Hnrnph1
Phkg1,0.000109649,-0.035857939,0.008,0.015,1,0,Phkg1
Dmp1,0.000109826,-0.016396736,0,0.003,1,0,Dmp1
Rex1bd,0.000109877,-0.077909595,0.263,0.292,1,0,Rex1bd
Mat2b,0.000111158,-0.055408201,0.132,0.157,1,0,Mat2b
Itfg2,0.000111526,-0.037074617,0.022,0.032,1,0,Itfg2
Naa20,0.000111529,-0.05231928,0.081,0.101,1,0,Naa20
Larp4,0.000111927,-0.058223393,0.086,0.106,1,0,Larp4
Osbpl1a,0.000111967,0.066202892,0.209,0.186,1,0,Osbpl1a
2810468N07Rik,0.000112236,-0.029547062,0.009,0.017,1,0,2810468N07Rik
Cacfd1,0.000112236,-0.018384429,0.056,0.073,1,0,Cacfd1
B230369F24Rik,0.000112401,-0.020694891,0.002,0.007,1,0,B230369F24Rik
Apobec2,0.000113391,-0.05190882,0.001,0.005,1,0,Apobec2
Oas1c,0.000113482,0.015166202,0.008,0.003,1,0,Oas1c
Arhgap19,0.000113858,-0.038125102,0.002,0.006,1,0,Arhgap19
Armcx6,0.000114968,-0.04383345,0.022,0.033,1,0,Armcx6
Hnrnpm,0.000115481,-0.092193689,0.436,0.46,1,0,Hnrnpm
Fam104a,0.000115805,-0.073992693,0.21,0.238,1,0,Fam104a
Trit1,0.000117099,-0.024988962,0.014,0.023,1,0,Trit1
Spout1,0.000117789,-0.025103313,0.036,0.049,1,0,Spout1
Plxdc2,0.000118236,-0.148676408,0.456,0.471,1,0,Plxdc2
Zfp707,0.000119229,-0.014082537,0.003,0.008,1,0,Zfp707
Pex19,0.000119644,-0.038407091,0.057,0.073,1,0,Pex19
Npl,0.000119705,-0.015301338,0.003,0.008,1,0,Npl
Mcm5,0.000119727,-0.007795443,0.007,0.014,1,0,Mcm5
Ripk3,0.000119759,-0.012973705,0.033,0.046,1,0,Ripk3
Nfyc,0.000119798,-0.012701575,0.049,0.065,1,0,Nfyc
Nfxl1,0.000119985,-0.035049237,0.035,0.049,1,0,Nfxl1
Arhgap17,0.000120634,0.07017747,0.176,0.155,1,0,Arhgap17
Stra6,0.000121249,-0.016828776,0.001,0.005,1,0,Stra6
Rassf4,0.00012146,-0.017723724,0,0.004,1,0,Rassf4
Rnf144b,0.000121561,-0.013068029,0,0.004,1,0,Rnf144b
Fbln1,0.000121634,-0.184912286,0.372,0.389,1,0,Fbln1
Coq6,0.000122177,-0.031383837,0.019,0.03,1,0,Coq6
Itpkb,0.000122788,-0.048442288,0.043,0.057,1,0,Itpkb
Rcn2,0.000122885,-0.073686115,0.255,0.286,1,0,Rcn2
Tmem65,0.000123105,0.080180213,0.136,0.117,1,0,Tmem65
Gsta4,0.000124013,0.029613121,0.028,0.019,1,0,Gsta4
Nr6a1,0.000124136,0.02965893,0.013,0.007,1,0,Nr6a1
Nfatc4,0.000124366,-0.01849675,0.073,0.091,1,0,Nfatc4
Pitpnc1,0.000124675,-0.104973629,0.052,0.067,1,0,Pitpnc1
Ppp1r1a,0.00012505,-0.024381656,0.001,0.005,1,0,Ppp1r1a
Egfl7,0.000125458,-0.01390019,0.001,0.005,1,0,Egfl7
Dhx8,0.000125532,-0.038993576,0.038,0.052,1,0,Dhx8
Sox10,0.00012561,-0.034395334,0.001,0.004,1,0,Sox10
Brca1,0.000126421,-0.008805343,0.001,0.005,1,0,Brca1
Far2os1,0.00012685,-0.00751513,0.001,0.005,1,0,Far2os1
Dennd5a,0.000127509,0.055682609,0.144,0.124,1,0,Dennd5a
Ampd2,0.000127905,-0.040170936,0.038,0.052,1,0,Ampd2
Rcc1,0.000128817,-0.010574881,0.019,0.03,1,0,Rcc1
Lancl2,0.000128823,-0.027280631,0.018,0.028,1,0,Lancl2
Gm43795,0.000129404,0.018288231,0.009,0.004,1,0,Gm43795
Ttc7,0.000129707,-0.034618351,0.033,0.046,1,0,Ttc7
Fzd7,0.00013034,-0.050209769,0.04,0.054,1,0,Fzd7
Pank4,0.000130372,-0.044021098,0.037,0.05,1,0,Pank4
Ssbp1,0.000130859,-0.052032308,0.088,0.108,1,0,Ssbp1
Tep1,0.000132145,-0.049600124,0.056,0.072,1,0,Tep1
Dda1,0.000133165,-0.053886807,0.132,0.156,1,0,Dda1
Nudcd1,0.000133426,-0.011992407,0.048,0.063,1,0,Nudcd1
Ostc,0.000133696,-0.071214278,0.398,0.423,1,0,Ostc
Adamts20,0.000134142,-0.014184441,0,0.003,1,0,Adamts20
Pitx3,0.000134222,-0.016125535,0,0.003,1,0,Pitx3
Mospd3,0.00013457,-0.04543634,0.092,0.112,1,0,Mospd3
Alg14,0.000135163,-0.042467136,0.07,0.088,1,0,Alg14
Tmtc3,0.000135195,-0.050366898,0.072,0.09,1,0,Tmtc3
Iffo2,0.000135497,-0.03248698,0.026,0.038,1,0,Iffo2
Cd300lg,0.0001364,-0.013960215,0,0.003,1,0,Cd300lg
Ajap1,0.0001364,-0.03230581,0,0.003,1,0,Ajap1
Sema3f,0.000136732,-0.015092069,0.001,0.005,1,0,Sema3f
Lix1,0.000136954,-0.039495449,0.007,0.014,1,0,Lix1
Stk16,0.000137079,-0.056022346,0.089,0.109,1,0,Stk16
Rfesd,0.000137188,-0.03343716,0.014,0.023,1,0,Rfesd
E130102H24Rik,0.000137777,-0.049793559,0.014,0.023,1,0,E130102H24Rik
Mdga1,0.000137924,-0.010659846,0.008,0.015,1,0,Mdga1
Wdr83,0.00013801,-0.026411272,0.016,0.025,1,0,Wdr83
Gm2225,0.000138243,-0.017005507,0.011,0.019,1,0,Gm2225
Dynlt1f,0.000139423,0.0647344,0.073,0.059,1,0,Dynlt1f
Fam221a,0.000139486,-0.008484509,0.001,0.005,1,0,Fam221a
Smarca1,0.000139595,-0.04194027,0.068,0.085,1,0,Smarca1
Yars2,0.000139606,-0.030981395,0.026,0.038,1,0,Yars2
Ostf1,0.000139914,0.088680945,0.288,0.266,1,0,Ostf1
Becn1,0.000140021,-0.037305117,0.028,0.04,1,0,Becn1
Thoc6,0.000140721,-0.033295506,0.038,0.052,1,0,Thoc6
Ddx39,0.000140831,-0.014790628,0.063,0.081,1,0,Ddx39
Gm49759,0.000142002,-0.01578569,0.003,0.008,1,0,Gm49759
Lipt2,0.000142385,-0.017327331,0.005,0.01,1,0,Lipt2
Vamp7,0.00014262,-0.042473241,0.111,0.134,1,0,Vamp7
Wwox,0.000143062,0.045557408,0.041,0.03,1,0,Wwox
Smpd1,0.00014318,-0.036414479,0.062,0.079,1,0,Smpd1
Evc,0.000143868,0.060601832,0.071,0.056,1,0,Evc
Rpn2,0.000144112,0.065442996,0.464,0.441,1,0,Rpn2
Cep128,0.000144875,-0.030358134,0.015,0.025,1,0,Cep128
Traip,0.000145108,-0.008087866,0.003,0.008,1,0,Traip
Gtf2f2,0.000145495,-0.018652313,0.065,0.082,1,0,Gtf2f2
1700019L13Rik,0.000145847,-0.013504497,0.003,0.008,1,0,1700019L13Rik
Polr3c,0.000145896,-0.042633593,0.024,0.035,1,0,Polr3c
Rpl23a,0.000145966,0.088606607,0.206,0.186,1,0,Rpl23a
As3mt,0.000146315,0.044911741,0.056,0.043,1,0,As3mt
Thsd1,0.000147114,-0.026696513,0.008,0.015,1,0,Thsd1
Mgam,0.000147456,-0.028007535,0.005,0.011,1,0,Mgam
Blnk,0.000147599,-0.016481787,0,0.004,1,0,Blnk
Gm13548,0.000148429,0.009590339,0.005,0.002,1,0,Gm13548
Chek2,0.000148435,-0.019772958,0.007,0.014,1,0,Chek2
Chrd,0.00014851,0.051952679,0.051,0.039,1,0,Chrd
Eno3,0.000148538,-0.178568686,0.014,0.023,1,0,Eno3
Cltc,0.000148876,0.073713137,0.297,0.275,1,0,Cltc
3010003L21Rik,0.000148898,-0.007972922,0,0.004,1,0,3010003L21Rik
Stx18,0.000149113,-0.030133525,0.052,0.068,1,0,Stx18
Abhd2,0.000149536,0.094329646,0.089,0.073,1,0,Abhd2
Aff4,0.000149595,-0.105690389,0.277,0.306,1,0,Aff4
Galnt18,0.000149953,-0.04575168,0.014,0.023,1,0,Galnt18
Tnfsf4,0.000150399,0.00980087,0.004,0.001,1,0,Tnfsf4
Arhgdig,0.000150422,-0.011860871,0.005,0.011,1,0,Arhgdig
Surf4,0.000150426,-0.03641528,0.273,0.306,1,0,Surf4
Golgb1,0.000150699,0.06465777,0.435,0.413,1,0,Golgb1
Mrps23,0.000150882,-0.024294868,0.063,0.08,1,0,Mrps23
Slc25a27,0.00015124,-0.055592649,0.017,0.026,1,0,Slc25a27
Cdca7,0.000151499,-0.023598453,0.008,0.015,1,0,Cdca7
Cldn19,0.000152582,-0.054569455,0.001,0.004,1,0,Cldn19
Sostdc1,0.000153084,-0.054813402,0.001,0.004,1,0,Sostdc1
Klhl5,0.000153481,-0.040823256,0.054,0.07,1,0,Klhl5
Dip2a,0.000156005,0.061125517,0.056,0.043,1,0,Dip2a
Ddr1,0.000156289,-0.045900856,0.017,0.026,1,0,Ddr1
Ensa,0.000156611,-0.075480904,0.134,0.157,1,0,Ensa
Itpa,0.00015763,-0.034853434,0.09,0.11,1,0,Itpa
Tnni2,0.000157759,-0.450061411,0.017,0.027,1,0,Tnni2
Mtmr2,0.000157859,-0.057441603,0.056,0.073,1,0,Mtmr2
Lig1,0.000158149,-0.02974732,0.042,0.056,1,0,Lig1
Slc39a7,0.000158352,-0.020000461,0.012,0.02,1,0,Slc39a7
Polr3h,0.000158379,-0.030977219,0.028,0.04,1,0,Polr3h
Kcnh7,0.000158548,0.009365342,0.003,0.001,1,0,Kcnh7
Ninj1,0.000158719,-0.029995797,0.041,0.056,1,0,Ninj1
Sf3b2,0.000158742,0.059746007,0.469,0.448,1,0,Sf3b2
Prpf4b,0.000159248,-0.124800403,0.351,0.381,1,0,Prpf4b
Gm45378,0.000159486,0.005818693,0.003,0.001,1,0,Gm45378
Cstf2,0.000159678,-0.021957485,0.012,0.02,1,0,Cstf2
2310039H08Rik,0.000159837,-0.038589753,0.065,0.082,1,0,2310039H08Rik
Gm48603,0.000160159,0.007276019,0.003,0.001,1,0,Gm48603
Pebp1,0.000160168,-0.06802211,0.346,0.377,1,0,Pebp1
Gm12695,0.00016071,-0.022364811,0.002,0.007,1,0,Gm12695
Pdp1,0.000161336,-0.040291649,0.028,0.04,1,0,Pdp1
Gm17823,0.00016186,0.016551684,0.008,0.003,1,0,Gm17823
Gstm2,0.000162662,0.06906868,0.361,0.336,1,0,Gstm2
Kdm8,0.000163339,-0.023942272,0.005,0.011,1,0,Kdm8
Dnajc14,0.000163797,-0.028820703,0.037,0.05,1,0,Dnajc14
Brpf1,0.000163869,-0.038748709,0.032,0.045,1,0,Brpf1
Pdlim5,0.000164021,0.068913105,0.174,0.154,1,0,Pdlim5
Zfp804a,0.000164854,-0.013989297,0,0.003,1,0,Zfp804a
Npy2r,0.000165061,-0.014591803,0.003,0.008,1,0,Npy2r
Zrsr2,0.000166164,-0.082837663,0.172,0.199,1,0,Zrsr2
Gm42991,0.000167642,-0.019502448,0.003,0.008,1,0,Gm42991
Azin2,0.000168457,-0.008605987,0.016,0.026,1,0,Azin2
Prdm5,0.00016898,-0.026604556,0.05,0.065,1,0,Prdm5
Grasp,0.000169209,-0.068494864,0.071,0.088,1,0,Grasp
Parp12,0.000169793,0.064503533,0.077,0.062,1,0,Parp12
Rhbdl3,0.000170209,-0.016161,0.003,0.008,1,0,Rhbdl3
Irak4,0.000170669,0.058395176,0.071,0.057,1,0,Irak4
Gm49268,0.00017093,0.018028689,0.011,0.006,1,0,Gm49268
Sema4d,0.000171774,0.014312924,0.01,0.005,1,0,Sema4d
Bambi,0.000172392,-0.089098898,0.036,0.049,1,0,Bambi
Tgds,0.000172885,-0.0261686,0.041,0.056,1,0,Tgds
Map3k5,0.000173535,-0.053393997,0.029,0.041,1,0,Map3k5
Psmb7,0.000173611,-0.011577065,0.015,0.025,1,0,Psmb7
Pfdn2,0.000173659,-0.043395578,0.135,0.159,1,0,Pfdn2
Akr1b8,0.000173749,0.103316165,0.156,0.138,1,0,Akr1b8
Xlr,0.000175628,-0.034565981,0.012,0.02,1,0,Xlr
Ap1m1,0.000176032,0.075972717,0.126,0.108,1,0,Ap1m1
Tnfrsf21,0.000176652,-0.084015886,0.019,0.028,1,0,Tnfrsf21
Tstd2,0.00017708,-0.02329183,0.015,0.024,1,0,Tstd2
Zfp821,0.000177221,-0.034080137,0.013,0.021,1,0,Zfp821
Gm48623,0.000177492,-0.017620042,0.001,0.005,1,0,Gm48623
Hes6,0.000177763,-0.029424009,0.031,0.043,1,0,Hes6
Zfc3h1,0.000177988,-0.084248021,0.147,0.171,1,0,Zfc3h1
Brms1l,0.000178306,-0.036840684,0.048,0.063,1,0,Brms1l
3110080E11Rik,0.000178561,0.008542698,0.004,0.001,1,0,3110080E11Rik
Ncl,0.000178984,-0.108450423,0.725,0.724,1,0,Ncl
Smad4,0.000179278,0.052492573,0.136,0.117,1,0,Smad4
Chrm3,0.000180987,-0.020601241,0.001,0.005,1,0,Chrm3
Gm37633,0.000181333,0.008203263,0.006,0.002,1,0,Gm37633
Pyurf,0.000181498,-0.042848453,0.041,0.054,1,0,Pyurf
Mtx2,0.000181656,-0.034437282,0.105,0.127,1,0,Mtx2
Tpt1-ps3,0.000182233,-0.04317404,0.111,0.132,1,0,Tpt1-ps3
Mib2,0.000182557,0.044007705,0.057,0.044,1,0,Mib2
Pcdh9,0.000182784,0.037165123,0.045,0.033,1,0,Pcdh9
Bod1l,0.000183367,0.054771588,0.356,0.332,1,0,Bod1l
Tut4,0.000183415,0.065036325,0.213,0.191,1,0,Tut4
Pdia4,0.00018409,-0.074331173,0.369,0.396,1,0,Pdia4
Tmem268,0.000184248,-0.016770379,0.01,0.018,1,0,Tmem268
Snap29,0.000184592,0.09963564,0.107,0.09,1,0,Snap29
B230311B06Rik,0.000184817,-0.015068899,0.002,0.006,1,0,B230311B06Rik
Fetub,0.000185042,-0.013478907,0.001,0.004,1,0,Fetub
Ormdl3,0.000185422,-0.028176546,0.148,0.175,1,0,Ormdl3
Lefty1,0.000185683,0.046395434,0.04,0.029,1,0,Lefty1
Cdca5,0.000188577,-0.004929069,0.001,0.004,1,0,Cdca5
Gm10382,0.000189013,-0.0176552,0.002,0.007,1,0,Gm10382
Grid2,0.000190157,0.004246837,0.003,0.001,1,0,Grid2
Sqstm1,0.00019029,-0.098420158,0.534,0.554,1,0,Sqstm1
Gm13021,0.000191404,0.003750131,0.003,0.001,1,0,Gm13021
Gpr3,0.000191503,0.026164589,0.01,0.005,1,0,Gpr3
Gm10855,0.000191685,0.014496921,0.009,0.004,1,0,Gm10855
Sema4a,0.000193206,-0.015498902,0.004,0.009,1,0,Sema4a
Gm28154,0.000193286,0.007491058,0.005,0.002,1,0,Gm28154
Gm43011,0.000194305,0.012188238,0.022,0.014,1,0,Gm43011
3830408C21Rik,0.000194369,0.012649817,0.006,0.003,1,0,3830408C21Rik
Ppt2,0.000195037,-0.029036907,0.037,0.051,1,0,Ppt2
Ankrd13c,0.000195715,0.081074774,0.108,0.091,1,0,Ankrd13c
Ypel5,0.000195794,0.08084947,0.146,0.128,1,0,Ypel5
Angptl3,0.00019589,0.030587505,0.018,0.011,1,0,Angptl3
Arap1,0.000196096,0.05960985,0.132,0.113,1,0,Arap1
Nabp1,0.000196435,-0.060633849,0.039,0.052,1,0,Nabp1
Apex1,0.00019754,-0.029444281,0.021,0.031,1,0,Apex1
Mthfd1l,0.000197925,-0.018832157,0.006,0.013,1,0,Mthfd1l
Orc6,0.000199041,-0.046974617,0.076,0.094,1,0,Orc6
Aurka,0.000199787,-0.008739859,0.002,0.006,1,0,Aurka
Endod1,0.000199834,-0.036442211,0.059,0.075,1,0,Endod1
Magi1,0.00020056,-0.029233656,0.008,0.015,1,0,Magi1
Gm43719,0.000200823,-0.013898299,0.001,0.005,1,0,Gm43719
Foxm1,0.000200947,-0.00763519,0.003,0.007,1,0,Foxm1
Srl,0.000201047,-0.013319249,0,0.003,1,0,Srl
Dll1,0.000201496,-0.017013173,0,0.003,1,0,Dll1
Zhx2,0.000201688,0.042288683,0.065,0.051,1,0,Zhx2
L3hypdh,0.000203553,-0.011588676,0.052,0.067,1,0,L3hypdh
Manba,0.000203727,0.065752798,0.078,0.064,1,0,Manba
Tmem233,0.000205092,-0.020551321,0,0.003,1,0,Tmem233
Gm4524,0.000205092,-0.012139586,0,0.003,1,0,Gm4524
Tmem182,0.000205092,-0.017315829,0,0.003,1,0,Tmem182
Gm13703,0.000205092,-0.019241663,0,0.003,1,0,Gm13703
Ramac,0.000205207,-0.042215699,0.09,0.11,1,0,Ramac
Atp5g2,0.000205379,-0.038229495,0.048,0.063,1,0,Atp5g2
Tbc1d8,0.000206536,-0.029339907,0.007,0.014,1,0,Tbc1d8
Acbd3,0.000206676,-0.057370168,0.272,0.304,1,0,Acbd3
Fkbp5,0.000207264,-0.053358957,0.078,0.097,1,0,Fkbp5
Scd2,0.000207387,-0.10903676,0.252,0.28,1,0,Scd2
Ncapd2,0.00020784,-0.011964236,0.01,0.017,1,0,Ncapd2
Med25,0.000207958,-0.061540224,0.084,0.102,1,0,Med25
Tmem35a,0.000208239,-0.030225399,0.009,0.017,1,0,Tmem35a
Smap1,0.00020893,0.071368042,0.25,0.228,1,0,Smap1
Rrnad1,0.000211248,-0.073458911,0.042,0.055,1,0,Rrnad1
Kras,0.000211466,0.071143021,0.203,0.183,1,0,Kras
Timm23,0.000211891,-0.023188762,0.054,0.069,1,0,Timm23
Acta1,0.000212633,-1.008903428,0.05,0.064,1,0,Acta1
Rps24-ps3,0.000213027,0.055325046,0.086,0.07,1,0,Rps24-ps3
Sgca,0.000213418,-0.021214474,0.001,0.005,1,0,Sgca
2310022B05Rik,0.000213935,-0.049573671,0.089,0.109,1,0,2310022B05Rik
Nop56,0.000213982,-0.117584644,0.291,0.317,1,0,Nop56
Uba3,0.00021416,-0.036174133,0.104,0.126,1,0,Uba3
Lsm2,0.000217112,-0.031956584,0.068,0.085,1,0,Lsm2
Ttc28,0.000217261,0.100102855,0.192,0.172,1,0,Ttc28
Cops8,0.000218205,-0.041112446,0.154,0.179,1,0,Cops8
Gm48882,0.00021845,-0.016775408,0.001,0.005,1,0,Gm48882
Cck,0.000218522,-0.047809993,0.001,0.005,1,0,Cck
Cwc15,0.000219211,-0.071649067,0.303,0.332,1,0,Cwc15
Tnfsf8,0.000219324,-0.024590847,0.012,0.02,1,0,Tnfsf8
Mettl7a1,0.000219395,0.041471283,0.169,0.147,1,0,Mettl7a1
Lamtor5,0.000220068,-0.060424329,0.207,0.235,1,0,Lamtor5
Plcd3,0.000220228,-0.041314054,0.01,0.018,1,0,Plcd3
Atp6v0d2,0.00022105,-0.011349929,0,0.004,1,0,Atp6v0d2
Gm25636,0.000221691,0.012443275,0.007,0.003,1,0,Gm25636
Myo9b,0.00022225,0.075455852,0.093,0.078,1,0,Myo9b
Card6,0.000222519,-0.02233041,0.004,0.009,1,0,Card6
Tasor2,0.000222589,-0.06994614,0.071,0.088,1,0,Tasor2
Arhgef11,0.00022298,-0.028988879,0.009,0.016,1,0,Arhgef11
Mrpl21,0.000223519,-0.040296801,0.149,0.175,1,0,Mrpl21
Gbf1,0.000225098,-0.061323775,0.134,0.158,1,0,Gbf1
D5Ertd605e,0.000225682,-0.013930087,0.001,0.004,1,0,D5Ertd605e
Rer1,0.000226684,-0.052840644,0.297,0.329,1,0,Rer1
Ppfia4,0.0002276,-0.014251218,0.001,0.004,1,0,Ppfia4
Pianp,0.000227629,-0.012043644,0.001,0.004,1,0,Pianp
AU022252,0.000227888,-0.032784513,0.035,0.048,1,0,AU022252
Snapc2,0.000228258,-0.023337042,0.022,0.032,1,0,Snapc2
Ptrh2,0.000229305,-0.036863881,0.051,0.066,1,0,Ptrh2
Acvr1,0.000229416,-0.045673012,0.062,0.079,1,0,Acvr1
Gm19426,0.000230294,-0.020711613,0.003,0.007,1,0,Gm19426
Timm8b,0.000231854,0.080004971,0.208,0.188,1,0,Timm8b
Mvb12a,0.000231859,-0.02815012,0.102,0.123,1,0,Mvb12a
Nvl,0.000232036,-0.032903574,0.094,0.114,1,0,Nvl
Lrrc39,0.000232259,-0.020638518,0.004,0.01,1,0,Lrrc39
Clspn,0.000232597,-0.02919946,0.012,0.02,1,0,Clspn
Sf3b5,0.000232829,-0.060058467,0.22,0.248,1,0,Sf3b5
Wdr6,0.000233425,0.040159266,0.048,0.036,1,0,Wdr6
Zdhhc17,0.000234292,0.046931671,0.089,0.073,1,0,Zdhhc17
4933408B17Rik,0.000234376,0.029562639,0.015,0.009,1,0,4933408B17Rik
Hmgn2,0.000234503,-0.05395208,0.121,0.143,1,0,Hmgn2
Gimap9,0.000235213,-0.022468936,0.002,0.006,1,0,Gimap9
4930447C04Rik,0.000235363,-0.034864597,0.013,0.021,1,0,4930447C04Rik
Brdt,0.000235707,-0.044209906,0.036,0.049,1,0,Brdt
Gm9625,0.000237148,-0.026867328,0.025,0.036,1,0,Gm9625
Zbtb44,0.000238026,0.045679797,0.079,0.064,1,0,Zbtb44
Gm37349,0.000238042,0.009511192,0.003,0.001,1,0,Gm37349
Wdcp,0.000238858,-0.042942906,0.014,0.023,1,0,Wdcp
Fuca2,0.000240051,-0.029261417,0.043,0.057,1,0,Fuca2
Acbd4,0.000240879,-0.063609209,0.041,0.054,1,0,Acbd4
Gal3st4,0.000240993,-0.023817493,0.008,0.015,1,0,Gal3st4
Cdk8,0.000241295,-0.061329889,0.054,0.069,1,0,Cdk8
Stau2,0.000241521,-0.025747732,0.034,0.046,1,0,Stau2
Lars2,0.000241759,-0.048005964,0.023,0.034,1,0,Lars2
Eif6,0.00024183,-0.045488882,0.182,0.21,1,0,Eif6
Slc4a1ap,0.000243289,-0.037668316,0.074,0.092,1,0,Slc4a1ap
Erlin2,0.00024356,0.064895174,0.106,0.089,1,0,Erlin2
Ubac1,0.000243857,-0.063164399,0.067,0.083,1,0,Ubac1
Rps6kc1,0.000244933,0.055319925,0.057,0.044,1,0,Rps6kc1
Ccrl2,0.000245143,-0.029154265,0.01,0.017,1,0,Ccrl2
Rtn1,0.000245591,0.02925484,0.023,0.015,1,0,Rtn1
Polr2d,0.000245842,-0.03987521,0.071,0.089,1,0,Polr2d
Dbx2,0.000245939,-0.018933903,0.009,0.016,1,0,Dbx2
Ndrg1,0.000246345,-0.010038161,0.234,0.21,1,0,Ndrg1
Zfp330,0.000246581,-0.044940669,0.118,0.141,1,0,Zfp330
Rab2a,0.000246753,-0.073325272,0.48,0.5,1,0,Rab2a
Snrpe,0.000246809,-0.061346384,0.225,0.253,1,0,Snrpe
Cox6a1,0.000248139,-0.070313587,0.636,0.639,1,0,Cox6a1
Gm47662,0.000248567,0.012659241,0.004,0.001,1,0,Gm47662
Gm42636,0.000248737,0.019274219,0.008,0.004,1,0,Gm42636
Rab11a,0.000249029,0.081170665,0.27,0.249,1,0,Rab11a
Gm9892,0.00024937,-0.028484416,0.043,0.056,1,0,Gm9892
Gm48600,0.000250027,0.007372069,0.004,0.001,1,0,Gm48600
Pfdn4,0.000250851,-0.051150543,0.115,0.137,1,0,Pfdn4
Tnfsf14,0.000251103,-0.012269762,0.002,0.006,1,0,Tnfsf14
Mt3,0.000251595,-0.023275343,0,0.003,1,0,Mt3
Arl3,0.000252257,-0.068929857,0.248,0.278,1,0,Arl3
Rbm38,0.00025252,-0.033692484,0.011,0.019,1,0,Rbm38
Gm43921,0.000253225,-0.00728293,0.002,0.006,1,0,Gm43921
Fam241a,0.000253279,-0.029562126,0.004,0.009,1,0,Fam241a
Gm48967,0.000254378,0.0120985,0.005,0.002,1,0,Gm48967
Strbp,0.000254524,-0.064380262,0.049,0.064,1,0,Strbp
Tmem198b,0.0002567,-0.023844746,0.023,0.033,1,0,Tmem198b
Med8,0.000256956,-0.036308749,0.088,0.108,1,0,Med8
Dlg2,0.000257913,0.013243576,0.009,0.004,1,0,Dlg2
Fkbp2,0.000258096,0.078529564,0.396,0.375,1,0,Fkbp2
Vps13c,0.000258494,-0.072768526,0.076,0.093,1,0,Vps13c
Chil1,0.000258543,-0.026751135,0.001,0.005,1,0,Chil1
Tmem52,0.000258834,-0.018996432,0.001,0.005,1,0,Tmem52
Sac3d1,0.000259257,-0.043646443,0.022,0.033,1,0,Sac3d1
1700052K11Rik,0.000259956,-0.0166279,0.006,0.012,1,0,1700052K11Rik
Icam5,0.000260092,-0.011272592,0.001,0.005,1,0,Icam5
Hnrnpul1,0.000260411,0.073229089,0.202,0.183,1,0,Hnrnpul1
Eml2,0.000261398,-0.025731361,0.02,0.03,1,0,Eml2
Golga7,0.000261929,-0.019361547,0.048,0.063,1,0,Golga7
Dct,0.000262098,-0.010644385,0.001,0.005,1,0,Dct
Gnl1,0.000262738,-0.014475422,0.071,0.089,1,0,Gnl1
Stard10,0.000263315,-0.019179262,0.002,0.007,1,0,Stard10
Crlf2,0.000265467,-0.021800595,0.036,0.049,1,0,Crlf2
Trim32,0.000266466,-0.033613885,0.018,0.027,1,0,Trim32
Rbm25,0.000266478,0.030834328,0.572,0.546,1,0,Rbm25
Cwc27,0.000267878,-0.041689767,0.075,0.093,1,0,Cwc27
Setd5,0.000267903,-0.08429083,0.199,0.226,1,0,Setd5
Snx10,0.000267987,0.073701107,0.161,0.141,1,0,Snx10
Lrp12,0.000268632,-0.030426743,0.022,0.032,1,0,Lrp12
Gm16958,0.000269193,-0.0100809,0,0.003,1,0,Gm16958
Hnrnpab,0.000269331,-0.073027577,0.304,0.331,1,0,Hnrnpab
Necap2,0.000270033,-0.034028783,0.066,0.082,1,0,Necap2
Panx1,0.000270145,-0.015462418,0.074,0.092,1,0,Panx1
Josd2,0.00027037,-0.054332795,0.113,0.134,1,0,Josd2
Lgals4,0.000270714,-0.038273249,0.022,0.032,1,0,Lgals4
Pcnx3,0.000271304,0.039091393,0.043,0.032,1,0,Pcnx3
Lrrn1,0.000271472,-0.014516072,0,0.003,1,0,Lrrn1
Pccb,0.000271924,-0.042341219,0.088,0.107,1,0,Pccb
Gorab,0.000272282,-0.037642527,0.052,0.067,1,0,Gorab
Ampd3,0.000272648,0.027025373,0.04,0.029,1,0,Ampd3
Ctnnb1,0.000273877,-0.019435101,0.055,0.071,1,0,Ctnnb1
Gm6986,0.000273882,-0.008393504,0.001,0.004,1,0,Gm6986
Scp2-ps2,0.000274127,-0.013457167,0.003,0.008,1,0,Scp2-ps2
Igfbp2,0.000275853,-0.032482673,0.001,0.004,1,0,Igfbp2
C630043F03Rik,0.00027596,-0.013419925,0.001,0.004,1,0,C630043F03Rik
Chd1,0.000276705,-0.076955458,0.17,0.194,1,0,Chd1
Ddx24,0.000277238,0.053142232,0.348,0.326,1,0,Ddx24
Oaz1-ps,0.000277416,-0.013916168,0.026,0.037,1,0,Oaz1-ps
Fat4,0.000277772,-0.042214222,0.037,0.049,1,0,Fat4
Gm19040,0.000278497,0.019818873,0.006,0.002,1,0,Gm19040
Bnip3,0.000281005,-0.047199556,0.045,0.059,1,0,Bnip3
Gm5979,0.000282122,-0.017392454,0.006,0.012,1,0,Gm5979
Flrt1,0.000282504,-0.018925909,0.002,0.006,1,0,Flrt1
Nfyb,0.000284256,-0.050172047,0.093,0.113,1,0,Nfyb
Sf3b4,0.000284318,-0.039625911,0.08,0.098,1,0,Sf3b4
Sc5d,0.000285059,-0.083646253,0.07,0.086,1,0,Sc5d
Nipal1,0.00028514,-0.013642015,0.002,0.006,1,0,Nipal1
Lss,0.000285255,-0.032636691,0.009,0.016,1,0,Lss
Rsph3a,0.000285685,-0.015058682,0.005,0.01,1,0,Rsph3a
Asah2,0.000286044,0.063253771,0.059,0.047,1,0,Asah2
Pi4kb,0.000286496,0.058550664,0.058,0.046,1,0,Pi4kb
Csnk1d,0.000286872,0.067119395,0.22,0.2,1,0,Csnk1d
Srprb,0.000286915,-0.018179571,0.1,0.121,1,0,Srprb
Tulp3,0.00028846,-0.026237668,0.037,0.05,1,0,Tulp3
Gbp7,0.000288724,-0.115801289,0.183,0.205,1,0,Gbp7
4732491K20Rik,0.000288814,-0.017261429,0.001,0.005,1,0,4732491K20Rik
Lpcat2,0.000289219,0.020216816,0.014,0.008,1,0,Lpcat2
Fbxo3,0.000289397,-0.028539907,0.08,0.098,1,0,Fbxo3
Herc1,0.000289957,-0.108635406,0.105,0.124,1,0,Herc1
Zfp511,0.000291422,-0.043821067,0.049,0.063,1,0,Zfp511
Tgoln1,0.000292059,-0.074288583,0.303,0.334,1,0,Tgoln1
Anks3,0.00029258,-0.044470647,0.054,0.069,1,0,Anks3
Pmm2,0.00029266,-0.033379556,0.078,0.096,1,0,Pmm2
Asap3,0.000293427,-0.048409635,0.063,0.079,1,0,Asap3
Purb,0.000293922,-0.111976357,0.231,0.258,1,0,Purb
G530011O06Rik,0.00029524,0.033610025,0.048,0.037,1,0,G530011O06Rik
Gm42909,0.000295778,0.006430623,0.003,0.001,1,0,Gm42909
Malt1,0.000296392,-0.03568852,0.017,0.026,1,0,Malt1
Hbb-bt,0.000296797,-1.521318111,0.016,0.024,1,0,Hbb-bt
Gm15666,0.000296974,0.019945043,0.014,0.008,1,0,Gm15666
Lmf2,0.000297211,-0.024774812,0.066,0.083,1,0,Lmf2
Taf1a,0.000298255,-0.050007118,0.023,0.034,1,0,Taf1a
Ak3,0.000298739,-0.059815776,0.156,0.18,1,0,Ak3
Arpc1a,0.000299298,0.073052398,0.263,0.243,1,0,Arpc1a
Zfpl1,0.000300317,-0.049124801,0.069,0.086,1,0,Zfpl1
Zfhx3,0.000300816,0.036458554,0.261,0.237,1,0,Zfhx3
Nrap,0.000301852,-0.035686243,0,0.003,1,0,Nrap
Asxl3,0.000301852,-0.017797127,0,0.003,1,0,Asxl3
Troap,0.000302615,-0.006689684,0,0.003,1,0,Troap
Akip1,0.000303405,-0.041022593,0.05,0.065,1,0,Akip1
Lmnb2,0.000306133,-0.044313457,0.015,0.023,1,0,Lmnb2
Slc17a5,0.000306152,-0.031192969,0.057,0.073,1,0,Slc17a5
Sipa1,0.000306388,-0.076598814,0.064,0.079,1,0,Sipa1
Znhit1,0.000307964,-0.046455288,0.163,0.19,1,0,Znhit1
Tmem150c,0.000308737,-0.012325118,0,0.003,1,0,Tmem150c
Bves,0.000308737,-0.016334066,0,0.003,1,0,Bves
Pop1,0.000310267,-0.007664689,0.019,0.028,1,0,Pop1
Mdh1,0.000311007,-0.091057123,0.216,0.241,1,0,Mdh1
Fxyd3,0.000311963,-0.043999568,0.001,0.005,1,0,Fxyd3
Micos10,0.000312655,-0.069981555,0.493,0.509,1,0,Micos10
Cacnb2,0.000314286,-0.01428546,0.001,0.005,1,0,Cacnb2
Usp12,0.000316085,-0.039343341,0.032,0.044,1,0,Usp12
Letm2,0.00031664,0.0454274,0.082,0.067,1,0,Letm2
Shroom4,0.000317409,-0.011099557,0.001,0.005,1,0,Shroom4
Garnl3,0.000317569,-0.027905726,0.007,0.014,1,0,Garnl3
Nedd4l,0.000320079,-0.068823907,0.03,0.042,1,0,Nedd4l
Lonp1,0.000320336,-0.053808828,0.093,0.112,1,0,Lonp1
Ccdc14,0.000320537,-0.025548016,0.003,0.007,1,0,Ccdc14
Rhbdf2,0.0003221,-0.014343233,0.002,0.007,1,0,Rhbdf2
Srsf11,0.000322582,0.070556311,0.508,0.49,1,0,Srsf11
Xbp1,0.000323047,-0.071473841,0.343,0.375,1,0,Xbp1
Stox2,0.000323709,-0.037403877,0.08,0.099,1,0,Stox2
Ofd1,0.000323731,0.038163369,0.07,0.056,1,0,Ofd1
Foxk1,0.000328382,-0.024090141,0.037,0.049,1,0,Foxk1
Gm41764,0.000328835,-0.013825325,0.003,0.008,1,0,Gm41764
Txn2,0.000329274,-0.060489232,0.201,0.229,1,0,Txn2
Abcf2,0.000329455,-0.025463343,0.049,0.063,1,0,Abcf2
Crym,0.000329491,-0.020048425,0,0.003,1,0,Crym
Tnni1,0.000329645,-0.036755775,0.001,0.004,1,0,Tnni1
Fam163b,0.000330128,-0.014681467,0,0.003,1,0,Fam163b
Ptger2,0.000330812,-0.012042735,0,0.003,1,0,Ptger2
Cyp26a1,0.000330903,-0.011592658,0,0.003,1,0,Cyp26a1
Aifm1,0.00033097,-0.036487053,0.06,0.076,1,0,Aifm1
Slc27a6,0.000331177,-0.006561838,0,0.003,1,0,Slc27a6
Gm29683,0.000331223,-0.013312911,0,0.003,1,0,Gm29683
Lmo4,0.000331415,-0.064455985,0.22,0.248,1,0,Lmo4
Emc6,0.000333373,-0.01521378,0.076,0.094,1,0,Emc6
Zfp106,0.000334609,-0.09551041,0.241,0.268,1,0,Zfp106
Gm37283,0.000334909,0.007568502,0.004,0.002,1,0,Gm37283
Ppp1r12c,0.00033545,-0.087421186,0.149,0.172,1,0,Ppp1r12c
Batf,0.000335818,-0.016415807,0.001,0.004,1,0,Batf
Mybpc2,0.000335949,-0.072022566,0.001,0.004,1,0,Mybpc2
Eef1aknmt,0.000336649,-0.026350398,0.013,0.021,1,0,Eef1aknmt
Oxnad1,0.000337878,0.054430531,0.051,0.039,1,0,Oxnad1
Gm43482,0.000337891,0.019453444,0.012,0.007,1,0,Gm43482
Gtf2a2,0.000338572,-0.030601802,0.17,0.196,1,0,Gtf2a2
Twistnb,0.000340373,-0.066159984,0.109,0.13,1,0,Twistnb
Snhg15,0.000342484,0.048933165,0.092,0.077,1,0,Snhg15
Tmx3,0.000343734,-0.067817858,0.171,0.196,1,0,Tmx3
Senp1,0.000346509,-0.035823633,0.056,0.071,1,0,Senp1
Slc30a6,0.000347187,-0.03122149,0.039,0.052,1,0,Slc30a6
D530018E20Rik,0.000347241,0.03373517,0.015,0.009,1,0,D530018E20Rik
Fancb,0.000348371,0.015231903,0.008,0.004,1,0,Fancb
Mmp15,0.000348997,-0.024898293,0.001,0.005,1,0,Mmp15
Hook2,0.000350559,0.037273068,0.03,0.021,1,0,Hook2
Snx22,0.000351097,-0.033207041,0.121,0.143,1,0,Snx22
Gm12504,0.000352194,-0.029227916,0.011,0.018,1,0,Gm12504
Ptger1,0.000352712,-0.009542677,0.001,0.005,1,0,Ptger1
Ssu72,0.000355025,-0.033831842,0.065,0.081,1,0,Ssu72
Vill,0.000355878,-0.022000873,0.007,0.013,1,0,Vill
Pias3,0.000355922,-0.046916635,0.058,0.073,1,0,Pias3
Lrpap1,0.00035704,-0.050826913,0.245,0.275,1,0,Lrpap1
Rasa1,0.000357055,-0.028502639,0.13,0.153,1,0,Rasa1
Atat1,0.000358134,0.039008317,0.04,0.03,1,0,Atat1
Trim24,0.000358247,0.067213025,0.101,0.084,1,0,Trim24
A430090L17Rik,0.000359393,0.018658304,0.013,0.007,1,0,A430090L17Rik
Poc1a,0.0003594,-0.011329574,0.007,0.013,1,0,Poc1a
Ctnnd1,0.000359577,0.063311346,0.11,0.094,1,0,Ctnnd1
Pnn,0.000362279,-0.090202012,0.369,0.395,1,0,Pnn
Klc2,0.000365575,-0.03033629,0.011,0.018,1,0,Klc2
Map3k20,0.000365876,-0.092154195,0.077,0.093,1,0,Map3k20
Copb1,0.000366382,-0.085625599,0.339,0.364,1,0,Copb1
Gm15915,0.0003664,0.009168576,0.003,0.001,1,0,Gm15915
Ncapd3,0.000366454,-0.038074601,0.027,0.038,1,0,Ncapd3
Gm43379,0.000367244,0.022797961,0.033,0.024,1,0,Gm43379
1700021F13Rik,0.000368684,0.028669039,0.017,0.01,1,0,1700021F13Rik
Cep41,0.000371125,-0.030353836,0.016,0.025,1,0,Cep41
9530026P05Rik,0.000373059,-0.022454465,0.002,0.006,1,0,9530026P05Rik
2810013P06Rik,0.000373613,-0.044577763,0.031,0.042,1,0,2810013P06Rik
Dnah2,0.000375369,0.009725805,0.003,0.001,1,0,Dnah2
Peg12,0.000375786,-0.013851427,0.004,0.009,1,0,Peg12
Gm6545,0.000376849,0.005810062,0.003,0.001,1,0,Gm6545
Galns,0.000376897,-0.023517548,0.019,0.029,1,0,Galns
Zfp995,0.000377962,0.055887388,0.041,0.031,1,0,Zfp995
Fcgr2b,0.000378004,-0.037203384,0.001,0.004,1,0,Fcgr2b
Arhgef16,0.000378978,-0.015487542,0,0.003,1,0,Arhgef16
A2m,0.000378978,-0.008046079,0,0.003,1,0,A2m
Igsf21,0.000378978,-0.01168185,0,0.003,1,0,Igsf21
Ksr2,0.000378978,-0.022579388,0,0.003,1,0,Ksr2
Pald1,0.000379587,-0.03214904,0.007,0.013,1,0,Pald1
Trappc5,0.000380282,-0.044682997,0.061,0.076,1,0,Trappc5
Bora,0.000380622,-0.007927083,0.01,0.018,1,0,Bora
Ubxn2a,0.000380746,-0.091306391,0.089,0.107,1,0,Ubxn2a
Cox10,0.000380987,-0.040930813,0.029,0.041,1,0,Cox10
Zfp189,0.000381136,-0.013701673,0.003,0.008,1,0,Zfp189
Camk2a,0.000382694,-0.014867111,0.003,0.007,1,0,Camk2a
Dnajc24,0.000384315,-0.051451696,0.07,0.087,1,0,Dnajc24
Rhbdf1,0.000384878,0.069867637,0.142,0.124,1,0,Rhbdf1
Gm38042,0.000385312,0.032962904,0.028,0.019,1,0,Gm38042
Cdk16,0.000386113,0.067992481,0.114,0.098,1,0,Cdk16
Eid2b,0.000386323,-0.038291639,0.023,0.034,1,0,Eid2b
Clk4,0.000386345,-0.063970969,0.092,0.111,1,0,Clk4
B3gnt9,0.000386541,-0.016041062,0.012,0.019,1,0,B3gnt9
Gm47558,0.000387035,0.012800561,0.006,0.003,1,0,Gm47558
Gm10131,0.000387183,-0.007299389,0.005,0.01,1,0,Gm10131
Slc8b1,0.000387557,-0.061075471,0.026,0.037,1,0,Slc8b1
Ppp1r18,0.00038887,-0.029148269,0.083,0.102,1,0,Ppp1r18
Ube2g1,0.000389087,-0.02791629,0.074,0.091,1,0,Ube2g1
Lpin1,0.000392509,-0.040988042,0.025,0.036,1,0,Lpin1
Mettl25,0.000393781,-0.02777474,0.009,0.016,1,0,Mettl25
Jkamp,0.000394675,-0.063416317,0.149,0.173,1,0,Jkamp
Gm37515,0.000396451,0.011512282,0.007,0.003,1,0,Gm37515
Dnajc13,0.000398525,0.082569419,0.137,0.12,1,0,Dnajc13
Endog,0.000399689,-0.018865843,0.008,0.014,1,0,Endog
Anapc11,0.000400229,-0.072610998,0.328,0.355,1,0,Anapc11
Gm43457,0.000400427,0.032127224,0.022,0.015,1,0,Gm43457
Rab3d,0.00040107,-0.036309662,0.076,0.093,1,0,Rab3d
Slc25a21,0.000401309,0.013779435,0.005,0.002,1,0,Slc25a21
Bcas1,0.000401453,-0.038220134,0,0.003,1,0,Bcas1
Gm49720,0.000401674,-0.012229255,0,0.003,1,0,Gm49720
Epb41l1,0.000402168,-0.038498573,0.062,0.078,1,0,Epb41l1
Cdh6,0.000402394,-0.019402955,0,0.003,1,0,Cdh6
Uggt1,0.00040286,0.08574825,0.143,0.126,1,0,Uggt1
Scd1,0.000403071,0.03517137,0.147,0.127,1,0,Scd1
Parpbp,0.000403606,-0.006094066,0.001,0.004,1,0,Parpbp
Hjurp,0.00040537,-0.058751966,0.163,0.187,1,0,Hjurp
Pcsk7,0.000406335,-0.022550741,0.03,0.042,1,0,Pcsk7
Myog,0.000406875,-0.174762273,0.004,0.009,1,0,Myog
Cwc22,0.000409041,-0.039467879,0.04,0.053,1,0,Cwc22
Arg1,0.00040982,-0.00980283,0.002,0.005,1,0,Arg1
Rps19bp1,0.000411021,-0.035373589,0.098,0.118,1,0,Rps19bp1
Sap18b,0.000415117,-0.02728947,0.014,0.022,1,0,Sap18b
Vps54,0.00041652,0.053038229,0.102,0.086,1,0,Vps54
Vwa5a,0.000417225,0.084175937,0.237,0.217,1,0,Vwa5a
Brap,0.000418418,-0.047839557,0.067,0.083,1,0,Brap
Gdap1,0.000418954,0.009110145,0.004,0.001,1,0,Gdap1
Amotl2,0.000421686,0.031698807,0.243,0.22,1,0,Amotl2
A430018G15Rik,0.000422171,-0.036484034,0.007,0.013,1,0,A430018G15Rik
Acsf2,0.000422951,-0.018648,0.003,0.008,1,0,Acsf2
AC113595.1,0.000423374,-0.023329616,0.007,0.013,1,0,AC113595.1
Zfp820,0.000423699,0.050446507,0.04,0.03,1,0,Zfp820
Son,0.000423782,-0.093339312,0.723,0.729,1,0,Son
Kif20a,0.000425095,-0.006091556,0.001,0.005,1,0,Kif20a
Dbndd2,0.000425672,-0.049567243,0.03,0.041,1,0,Dbndd2
Tmem126a,0.000425806,-0.039858352,0.098,0.118,1,0,Tmem126a
Ctps,0.000426032,0.114985324,0.107,0.092,1,0,Ctps
Btg3,0.000426384,-0.016482437,0.006,0.012,1,0,Btg3
Gpr39,0.000427686,-0.012501434,0.002,0.006,1,0,Gpr39
Tcp1,0.00042787,-0.038247093,0.143,0.167,1,0,Tcp1
Slc39a1,0.000427983,-0.026942624,0.162,0.187,1,0,Slc39a1
Zranb1,0.000428896,0.060376821,0.162,0.144,1,0,Zranb1
Gm20257,0.000429635,-0.021344726,0.003,0.008,1,0,Gm20257
Mpv17l2,0.000431483,-0.026703872,0.081,0.099,1,0,Mpv17l2
Ccdc77,0.00043333,-0.020642413,0.02,0.03,1,0,Ccdc77
H2afy2,0.000433973,-0.033989586,0.046,0.059,1,0,H2afy2
Sap25,0.000434243,-0.025044836,0.003,0.008,1,0,Sap25
Sema4c,0.000438025,0.045706157,0.086,0.071,1,0,Sema4c
Trmt13,0.00043889,-0.029092355,0.027,0.038,1,0,Trmt13
Stil,0.000439911,-0.006093737,0.002,0.006,1,0,Stil
9130019O22Rik,0.000440827,-0.015939173,0.004,0.009,1,0,9130019O22Rik
Fgd6,0.000441768,-0.00999155,0.002,0.006,1,0,Fgd6
Hook3,0.000442877,0.044649928,0.371,0.351,1,0,Hook3
Esyt2,0.000443084,-0.061568011,0.223,0.25,1,0,Esyt2
Naaladl2,0.000443294,0.046255986,0.064,0.051,1,0,Naaladl2
Npepps,0.000443642,0.062177236,0.312,0.29,1,0,Npepps
Zpr1,0.000443721,-0.018153328,0.056,0.071,1,0,Zpr1
Tial1,0.000444231,-0.07260125,0.255,0.282,1,0,Tial1
Nmrk2,0.000445481,-0.029100381,0.002,0.006,1,0,Nmrk2
Nck2,0.000445654,-0.030427495,0.015,0.023,1,0,Nck2
Stk38l,0.000445823,-0.069823562,0.033,0.045,1,0,Stk38l
AI838599,0.000446035,-0.026332601,0.002,0.007,1,0,AI838599
Supt16,0.000446496,-0.078523125,0.208,0.233,1,0,Supt16
Bmp2k,0.000447501,0.04758287,0.071,0.057,1,0,Bmp2k
Dynlt1a,0.000448267,-0.005612468,0.004,0.009,1,0,Dynlt1a
Creb3l3,0.000449191,-0.009321831,0.008,0.015,1,0,Creb3l3
Cep112it,0.000449272,0.018354223,0.009,0.004,1,0,Cep112it
Hc,0.000449284,-0.019167546,0.003,0.007,1,0,Hc
Usp13,0.000450056,-0.020745418,0.013,0.021,1,0,Usp13
Swi5,0.000450418,-0.078545483,0.436,0.455,1,0,Swi5
Eif4a3,0.000451947,-0.054570347,0.205,0.232,1,0,Eif4a3
Ybx1-ps2,0.000452071,-0.015164706,0.02,0.03,1,0,Ybx1-ps2
Gm21399,0.000453408,-0.018460741,0.006,0.012,1,0,Gm21399
Exo1,0.000453634,-0.008370132,0,0.003,1,0,Exo1
Crebbp,0.000453925,0.054654905,0.277,0.255,1,0,Crebbp
Syn2,0.000453971,-0.013585152,0,0.003,1,0,Syn2
Zfp536,0.000454375,-0.015169441,0,0.003,1,0,Zfp536
2900076A07Rik,0.000454686,-0.013240076,0.002,0.007,1,0,2900076A07Rik
Matn3,0.000455791,-0.005872389,0,0.003,1,0,Matn3
Tmem127,0.000455836,0.078975921,0.203,0.184,1,0,Tmem127
B4galnt1,0.0004566,-0.003041276,0.002,0.006,1,0,B4galnt1
Tubg1,0.000457096,-0.025657147,0.028,0.04,1,0,Tubg1
Suv39h2,0.000457156,-0.012817243,0.006,0.012,1,0,Suv39h2
Gtf3c4,0.000458656,-0.031778794,0.018,0.026,1,0,Gtf3c4
Upp1,0.000458821,-0.012234062,0.001,0.004,1,0,Upp1
Slc48a1,0.000458892,-0.068001543,0.08,0.097,1,0,Slc48a1
Ccdc163,0.000459618,-0.028142333,0.02,0.03,1,0,Ccdc163
Pmpcb,0.000459784,-0.03373466,0.101,0.122,1,0,Pmpcb
Nynrin,0.000460198,0.041228255,0.039,0.029,1,0,Nynrin
Psap,0.000460466,-0.086647958,0.524,0.548,1,0,Psap
Suz12,0.000460714,-0.07642694,0.087,0.104,1,0,Suz12
Fbxo9,0.000461368,-0.050600028,0.086,0.104,1,0,Fbxo9
Smim12,0.0004632,-0.046688847,0.037,0.049,1,0,Smim12
Gm45643,0.000464716,0.009638568,0.007,0.003,1,0,Gm45643
Kcnab1,0.00046502,-0.02535982,0.004,0.009,1,0,Kcnab1
Mylf-ps,0.000465361,-0.037541496,0,0.002,1,0,Mylf-ps
Mrps17,0.000465817,-0.028266231,0.144,0.168,1,0,Mrps17
Gm13166,0.000465843,0.034663095,0.03,0.021,1,0,Gm13166
Insyn2a,0.000467915,0.02928981,0.018,0.012,1,0,Insyn2a
Sacm1l,0.000468085,-0.017509044,0.01,0.017,1,0,Sacm1l
Dipk1b,0.000471171,-0.029976426,0.014,0.022,1,0,Dipk1b
Slc1a4,0.000478198,-0.008453529,0.03,0.041,1,0,Slc1a4
Dancr,0.000478765,-0.030079475,0.014,0.023,1,0,Dancr
Selenok-ps1,0.000480447,0.012678121,0.005,0.002,1,0,Selenok-ps1
Arih2,0.000480782,-0.050889992,0.081,0.098,1,0,Arih2
Baiap2,0.000482109,0.082748135,0.134,0.117,1,0,Baiap2
Hfe,0.000486189,0.040658214,0.058,0.045,1,0,Hfe
Timm21,0.000486832,-0.038672058,0.056,0.071,1,0,Timm21
Isoc1,0.000487453,-0.033062224,0.101,0.121,1,0,Isoc1
Tmem200a,0.000491415,-0.018024291,0,0.003,1,0,Tmem200a
Tbrg1,0.000491708,0.048410347,0.394,0.37,1,0,Tbrg1
Raph1,0.000492534,-0.097363768,0.15,0.171,1,0,Raph1
Amz2,0.000493213,-0.032768558,0.085,0.103,1,0,Amz2
Prrc2c,0.0004954,0.021772769,0.592,0.57,1,0,Prrc2c
Sdhaf4,0.000496702,0.081750006,0.119,0.103,1,0,Sdhaf4
Slc25a16,0.000496724,-0.035754298,0.028,0.038,1,0,Slc25a16
N4bp1,0.000497146,-0.036090649,0.058,0.073,1,0,N4bp1
Acss3,0.000498802,0.015083748,0.011,0.006,1,0,Acss3
Ube2e3,0.000500151,-0.023557197,0.094,0.114,1,0,Ube2e3
Mrpl1,0.000500409,-0.038268364,0.042,0.055,1,0,Mrpl1
Atp6v1d,0.000500424,-0.077017671,0.154,0.177,1,0,Atp6v1d
Atp8a1,0.000500431,-0.057583172,0.012,0.02,1,0,Atp8a1
D030068K23Rik,0.000501843,-0.006097195,0.001,0.004,1,0,D030068K23Rik
Lrp8,0.000502684,-0.007388404,0.001,0.004,1,0,Lrp8
Inava,0.000503267,-0.00683901,0.001,0.004,1,0,Inava
Gtpbp4,0.000506564,0.024851623,0.221,0.199,1,0,Gtpbp4
Ccdc28b,0.000508044,-0.058983255,0.043,0.055,1,0,Ccdc28b
Mphosph6,0.000508899,-0.031553516,0.107,0.128,1,0,Mphosph6
Rbmx,0.000514452,-0.050237295,0.051,0.065,1,0,Rbmx
Gm6485,0.000514728,-0.026007352,0.008,0.015,1,0,Gm6485
Tpk1,0.000516521,-0.022230571,0.007,0.013,1,0,Tpk1
Spcs2-ps,0.000518753,-0.021316259,0.009,0.015,1,0,Spcs2-ps
Shc4,0.000519567,-0.030476972,0.004,0.009,1,0,Shc4
Pitrm1,0.000519858,-0.011316715,0.053,0.068,1,0,Pitrm1
Sh2b2,0.000519972,-0.011651945,0.002,0.006,1,0,Sh2b2
Pitx1,0.000523105,0.047237997,0.036,0.026,1,0,Pitx1
Gm44040,0.000523302,0.009871634,0.005,0.002,1,0,Gm44040
Armcx4,0.000524645,-0.008832461,0.029,0.04,1,0,Armcx4
Nudt9,0.000524869,-0.05174648,0.095,0.114,1,0,Nudt9
Nifk,0.000525663,-0.03291169,0.096,0.115,1,0,Nifk
Tmod3,0.000528041,-0.080918516,0.256,0.284,1,0,Tmod3
Nme1,0.000528066,-0.093663245,0.279,0.302,1,0,Nme1
Tfb2m,0.000530887,-0.027544466,0.018,0.027,1,0,Tfb2m
Ngrn,0.000532719,-0.037816042,0.021,0.03,1,0,Ngrn
Gm37673,0.000533138,0.009766223,0.002,0.001,1,0,Gm37673
Zfp955a,0.000534022,-0.030413578,0.014,0.022,1,0,Zfp955a
Acd,0.000534779,-0.028718092,0.043,0.057,1,0,Acd
Gm9762,0.00053528,-0.012540897,0.003,0.007,1,0,Gm9762
Smim13,0.000535833,-0.032044469,0.043,0.056,1,0,Smim13
Papola,0.000537358,-0.057143259,0.281,0.31,1,0,Papola
Zfp28,0.000537382,-0.012205486,0.003,0.007,1,0,Zfp28
Map3k19,0.000538532,0.019549992,0.007,0.003,1,0,Map3k19
Gm42894,0.000540302,0.011661456,0.012,0.007,1,0,Gm42894
Hps5,0.000540999,-0.023693567,0.022,0.032,1,0,Hps5
Gm48942,0.000541639,0.006575196,0.004,0.001,1,0,Gm48942
Gm8722,0.000543459,-0.016560267,0.006,0.011,1,0,Gm8722
Gm49124,0.000544839,0.005131223,0.004,0.001,1,0,Gm49124
Gm37255,0.000544953,0.014354516,0.007,0.003,1,0,Gm37255
Gm44093,0.000545446,0.006845534,0.004,0.001,1,0,Gm44093
Dand5,0.000546063,-0.025301442,0.015,0.023,1,0,Dand5
Slc1a2,0.000546204,0.054659446,0.046,0.035,1,0,Slc1a2
Cbfb,0.000546434,-0.013579324,0.097,0.117,1,0,Cbfb
Kctd10,0.000553563,-0.008413434,0.009,0.015,1,0,Kctd10
Cenpu,0.000553963,-0.006131147,0.001,0.005,1,0,Cenpu
Gm4279,0.000554842,0.013408825,0.004,0.002,1,0,Gm4279
Asb4,0.000554883,-0.057033675,0.014,0.022,1,0,Asb4
Tanc2,0.000556334,0.053042522,0.103,0.088,1,0,Tanc2
Epha7,0.000556782,-0.013081638,0,0.003,1,0,Epha7
Gm47572,0.000556855,0.008045959,0.004,0.002,1,0,Gm47572
Tmem132a,0.000557085,-0.007863117,0.001,0.004,1,0,Tmem132a
2610027K06Rik,0.000557607,-0.011196602,0,0.003,1,0,2610027K06Rik
Ypel2,0.000560639,-0.051383922,0.023,0.033,1,0,Ypel2
Gins4,0.000563084,-0.016092505,0.038,0.05,1,0,Gins4
Dync1i1,0.000563417,0.012140196,0.004,0.001,1,0,Dync1i1
Gm9042,0.00056462,0.014470957,0.006,0.003,1,0,Gm9042
Psmd9,0.000567198,-0.026778401,0.092,0.111,1,0,Psmd9
Psma3,0.000570417,-0.072469238,0.276,0.304,1,0,Psma3
Bdkrb2,0.000571641,-0.006739288,0,0.002,1,0,Bdkrb2
Cldn9,0.000571641,-0.007953284,0,0.002,1,0,Cldn9
Tsga13,0.000571641,-0.009234433,0,0.002,1,0,Tsga13
Slc14a1,0.000571641,-0.00961717,0,0.002,1,0,Slc14a1
Zfp664,0.000578286,-0.055105198,0.07,0.086,1,0,Zfp664
Pwwp3a,0.000580099,-0.061620994,0.07,0.086,1,0,Pwwp3a
Gpcpd1,0.000580463,-0.078336281,0.045,0.058,1,0,Gpcpd1
BC065397,0.000581082,-0.026921457,0.007,0.013,1,0,BC065397
Hykk,0.000581184,0.01885824,0.024,0.017,1,0,Hykk
Rbm27,0.000581453,-0.072312173,0.133,0.155,1,0,Rbm27
Fam166a,0.000581589,-0.022802417,0.007,0.012,1,0,Fam166a
Usf3,0.000581715,-0.048804089,0.049,0.063,1,0,Usf3
H2-Q4,0.000584801,-0.086607543,0.139,0.158,1,0,H2-Q4
Gm38253,0.000585545,0.013897604,0.008,0.004,1,0,Gm38253
Ints8,0.000585799,-0.037732694,0.035,0.047,1,0,Ints8
Gm43151,0.000586063,0.014547338,0.008,0.004,1,0,Gm43151
Naa38,0.00058622,-0.037515889,0.108,0.128,1,0,Naa38
Rdh5,0.000586779,-0.04908161,0.024,0.034,1,0,Rdh5
Shisa2,0.000589899,-0.011950475,0.001,0.004,1,0,Shisa2
Kntc1,0.000590976,-0.005815779,0.001,0.004,1,0,Kntc1
Ppm1j,0.00059263,-0.006315719,0.001,0.004,1,0,Ppm1j
Sass6,0.000592886,-0.032919982,0.015,0.024,1,0,Sass6
Hoxc5,0.000597863,0.027386417,0.028,0.019,1,0,Hoxc5
Osbpl5,0.000598075,0.065403291,0.084,0.07,1,0,Osbpl5
Efcab2,0.000598197,0.025221996,0.02,0.013,1,0,Efcab2
Prrg4,0.000598225,-0.020143383,0.002,0.006,1,0,Prrg4
Zfp952,0.000598768,-0.023882197,0.021,0.031,1,0,Zfp952
Aqp5,0.000599298,-0.011671769,0,0.003,1,0,Aqp5
Mrps22,0.00059949,-0.042694074,0.042,0.055,1,0,Mrps22
Gm15222,0.000602755,-0.015783061,0,0.003,1,0,Gm15222
Sulf2,0.000603074,0.071998945,0.283,0.263,1,0,Sulf2
Chrm2,0.000603829,-0.012006558,0,0.003,1,0,Chrm2
Bche,0.000604709,-0.047799398,0.002,0.006,1,0,Bche
Ly6k,0.000607404,-0.022609472,0.005,0.01,1,0,Ly6k
Map7d2,0.000608449,-0.023747605,0.001,0.004,1,0,Map7d2
Commd2,0.000611921,-0.019924525,0.1,0.119,1,0,Commd2
Jrkl,0.00061293,-0.025718763,0.028,0.039,1,0,Jrkl
Pnrc2,0.000613782,-0.045191504,0.152,0.175,1,0,Pnrc2
Sft2d2,0.000615246,-0.033668643,0.035,0.047,1,0,Sft2d2
Hat1,0.000620208,-0.03379817,0.042,0.055,1,0,Hat1
Fkbp8,0.00062034,0.068893329,0.189,0.17,1,0,Fkbp8
Etv6,0.000620882,-0.023170974,0.042,0.055,1,0,Etv6
Mndal,0.000621875,-0.031792934,0.422,0.389,1,0,Mndal
Psen1,0.000622842,0.086318624,0.114,0.099,1,0,Psen1
Rad51,0.000624916,-0.024771627,0.009,0.015,1,0,Rad51
Brca2,0.000627478,-0.019370351,0.011,0.018,1,0,Brca2
Hyls1,0.000627783,-0.029451713,0.008,0.015,1,0,Hyls1
Snrnp27,0.00062852,-0.062056543,0.215,0.243,1,0,Snrnp27
Dusp11,0.000630383,-0.072040649,0.246,0.274,1,0,Dusp11
Gm43523,0.000630705,0.006976967,0.002,0,1,0,Gm43523
1700016F12Rik,0.000632368,0.005546538,0.002,0,1,0,1700016F12Rik
Peli1,0.000633744,-0.051529471,0.103,0.122,1,0,Peli1
Cenpi,0.000635739,-0.005520379,0.002,0.006,1,0,Cenpi
Atp2a2,0.000640373,-0.086154852,0.304,0.334,1,0,Atp2a2
Naf1,0.000640768,-0.086357624,0.075,0.091,1,0,Naf1
Tsc2,0.000642256,0.025122747,0.064,0.051,1,0,Tsc2
Rnaseh2b,0.000643535,-0.025426657,0.056,0.071,1,0,Rnaseh2b
Ak4,0.000643548,-0.015265229,0.012,0.02,1,0,Ak4
Gla,0.000644138,-0.044907999,0.047,0.06,1,0,Gla
Prrg2,0.000644728,-0.018804987,0.033,0.045,1,0,Prrg2
Fam118a,0.00064599,-0.022841842,0.019,0.028,1,0,Fam118a
Myot,0.000648209,-0.058030315,0.001,0.005,1,0,Myot
Tmem71,0.000648967,0.00473034,0.011,0.006,1,0,Tmem71
Churc1,0.000649177,-0.02966986,0.114,0.135,1,0,Churc1
Gins2,0.000653452,-0.001340969,0.017,0.025,1,0,Gins2
Rev3l,0.000654196,0.072204533,0.178,0.159,1,0,Rev3l
Map6,0.000654566,-0.036285391,0.057,0.071,1,0,Map6
Plekha2,0.000654589,0.044876433,0.144,0.126,1,0,Plekha2
Cox6c2,0.000658782,-0.018069193,0.01,0.017,1,0,Cox6c2
Plcl2,0.000659121,-0.018921586,0.011,0.018,1,0,Plcl2
Txn1,0.000659929,-0.096284711,0.637,0.627,1,0,Txn1
Rbbp6,0.000660267,0.019237202,0.478,0.448,1,0,Rbbp6
Reln,0.000660824,-0.034122578,0.001,0.004,1,0,Reln
9930120I10Rik,0.000661057,0.025331566,0.018,0.012,1,0,9930120I10Rik
Lrrc27,0.0006631,-0.010295631,0.004,0.008,1,0,Lrrc27
Gpr162,0.00066312,-0.011135417,0.001,0.004,1,0,Gpr162
Elmod3,0.000664132,-0.031309004,0.014,0.022,1,0,Elmod3
Syne2,0.000664857,0.002414033,0.173,0.152,1,0,Syne2
Hpf1,0.000666341,-0.050964571,0.122,0.142,1,0,Hpf1
Pabpc4l,0.000671425,-0.018597176,0.009,0.016,1,0,Pabpc4l
Itpk1,0.000672149,-0.03580487,0.008,0.014,1,0,Itpk1
Ttc30b,0.000675376,-0.016892273,0.012,0.02,1,0,Ttc30b
Lncppara,0.000675409,-0.012350993,0.012,0.019,1,0,Lncppara
Slk,0.000675774,0.039132413,0.428,0.406,1,0,Slk
Acadm,0.000676908,-0.074319744,0.157,0.179,1,0,Acadm
Zscan22,0.000677434,-0.019443648,0.004,0.009,1,0,Zscan22
Efnb1,0.000678856,0.054777922,0.086,0.072,1,0,Efnb1
Mrps34,0.000680531,-0.015016603,0.007,0.013,1,0,Mrps34
Zfp729a,0.000680879,-0.027151368,0.017,0.025,1,0,Zfp729a
Egln3,0.000681955,-0.01638584,0.005,0.01,1,0,Egln3
Rpl19-ps3,0.000682765,-0.012713408,0,0.003,1,0,Rpl19-ps3
Rpp25,0.000683978,-0.005225849,0,0.003,1,0,Rpp25
BC028528,0.000684609,-0.030678987,0.026,0.036,1,0,BC028528
Gm12098,0.000684973,0.012704594,0.005,0.002,1,0,Gm12098
Ino80d,0.000687449,0.013986029,0.114,0.097,1,0,Ino80d
Map3k1,0.000687935,-0.037891218,0.023,0.032,1,0,Map3k1
Zfp280b,0.000690314,-0.012702446,0.005,0.01,1,0,Zfp280b
C87436,0.000691003,-0.030546547,0.021,0.03,1,0,C87436
Clcn2,0.000693271,-0.051648316,0.01,0.016,1,0,Clcn2
Chkb,0.000693396,-0.06065621,0.097,0.115,1,0,Chkb
Ankrd55,0.000693651,-0.011979516,0.002,0.005,1,0,Ankrd55
Csnk2b,0.000695088,-0.019977781,0.144,0.167,1,0,Csnk2b
Rpl9-ps6,0.000696065,0.048893718,0.124,0.108,1,0,Rpl9-ps6
Ylpm1,0.000697954,0.07371438,0.152,0.135,1,0,Ylpm1
Zfp428,0.000698368,-0.009749708,0.007,0.012,1,0,Zfp428
Nudt2,0.000699673,-0.022299322,0.043,0.056,1,0,Nudt2
Zpbp,0.000700352,0.013908663,0.003,0.001,1,0,Zpbp
Cep78,0.000701218,-0.025577629,0.019,0.028,1,0,Cep78
Oacyl,0.000702464,-0.005811329,0,0.002,1,0,Oacyl
Ankfy1,0.000703668,0.069744042,0.09,0.076,1,0,Ankfy1
Gm13456,0.00070399,-0.043045709,0.069,0.084,1,0,Gm13456
Gemin6,0.000705053,-0.019311287,0.017,0.025,1,0,Gemin6
Trp53rka,0.000705884,-0.03863168,0.022,0.031,1,0,Trp53rka
Ufc1,0.000705973,-0.04773741,0.239,0.267,1,0,Ufc1
Sos2,0.000706306,0.040452221,0.089,0.074,1,0,Sos2
Sgpp1,0.000707091,0.076684105,0.134,0.118,1,0,Sgpp1
Bcl7b,0.000710984,-0.06294853,0.111,0.13,1,0,Bcl7b
Gm20721,0.00071152,-0.013323624,0.006,0.011,1,0,Gm20721
Limd2,0.000712128,-0.028665317,0.072,0.089,1,0,Limd2
Als2cl,0.000713503,-0.01357414,0.001,0.004,1,0,Als2cl
Phf11d,0.000713988,0.021154659,0.173,0.152,1,0,Phf11d
Nr4a3,0.000714507,0.053913872,0.145,0.127,1,0,Nr4a3
Gm24407,0.000715321,-0.021566337,0.002,0.006,1,0,Gm24407
Nus1,0.000715477,-0.032512139,0.114,0.135,1,0,Nus1
Rbbp9,0.000715571,-0.069322209,0.053,0.067,1,0,Rbbp9
Pcdhgb6,0.000719306,-0.01474689,0.002,0.006,1,0,Pcdhgb6
Gm21596,0.000719675,-0.025526688,0.019,0.028,1,0,Gm21596
Gen1,0.000721941,-0.014346021,0.003,0.007,1,0,Gen1
Dlg1,0.000723784,-0.034106017,0.071,0.087,1,0,Dlg1
Ddx47,0.000724173,-0.04372036,0.113,0.133,1,0,Ddx47
Amacr,0.000724402,-0.025081975,0.029,0.04,1,0,Amacr
Elp1,0.000725565,-0.041740126,0.048,0.061,1,0,Elp1
Prorsd1,0.000726567,-0.036777861,0.098,0.117,1,0,Prorsd1
Gm31105,0.000732487,-0.016204373,0.001,0.005,1,0,Gm31105
Cracr2b,0.00073281,-0.013154854,0.001,0.005,1,0,Cracr2b
Tmem25,0.000734285,0.012639432,0.006,0.003,1,0,Tmem25
Appl2,0.000734661,0.054263137,0.129,0.112,1,0,Appl2
Ptk6,0.000735366,-0.010170762,0,0.003,1,0,Ptk6
Nbn,0.00073554,-0.055819022,0.089,0.107,1,0,Nbn
Gnpda1,0.000736756,-0.014493662,0.009,0.016,1,0,Gnpda1
Gm42600,0.000738725,0.019091307,0.017,0.011,1,0,Gm42600
Drd4,0.000738832,-0.006134382,0.001,0.003,1,0,Drd4
D430001F17Rik,0.00073898,-0.00896057,0.001,0.005,1,0,D430001F17Rik
Ccdc127,0.000740419,-0.040576656,0.189,0.215,1,0,Ccdc127
Cd9-ps,0.000740915,-0.009429623,0.001,0.003,1,0,Cd9-ps
Gm45380,0.00074159,0.010388613,0.006,0.003,1,0,Gm45380
Cyp20a1,0.000742759,-0.030782211,0.122,0.143,1,0,Cyp20a1
Gm45867,0.000746424,0.01092311,0.01,0.005,1,0,Gm45867
Tmem134,0.000747143,-0.06008043,0.15,0.173,1,0,Tmem134
Snrpa,0.000751965,-0.028913411,0.09,0.108,1,0,Snrpa
Tbc1d32,0.000753117,0.038924613,0.036,0.027,1,0,Tbc1d32
Cops4,0.000753399,-0.052750851,0.146,0.168,1,0,Cops4
Zfp568,0.00075425,-0.047632214,0.021,0.03,1,0,Zfp568
Ift140,0.000755114,0.030422743,0.027,0.019,1,0,Ift140
Dusp3,0.000756154,-0.057162167,0.106,0.125,1,0,Dusp3
Txndc12,0.000757103,-0.048479099,0.119,0.14,1,0,Txndc12
Cmas,0.000758789,-0.027158246,0.07,0.086,1,0,Cmas
Prpf3,0.000760606,-0.03216886,0.041,0.054,1,0,Prpf3
Rtf2,0.000762787,-0.066278555,0.116,0.136,1,0,Rtf2
Gm37677,0.000762837,0.013061809,0.017,0.01,1,0,Gm37677
A230057D06Rik,0.000763322,0.018649891,0.009,0.004,1,0,A230057D06Rik
Rnf141,0.000764441,-0.027659354,0.021,0.03,1,0,Rnf141
Gprin3,0.000764493,0.031739598,0.011,0.006,1,0,Gprin3
Zfp369,0.000767757,0.026274772,0.027,0.019,1,0,Zfp369
Mrps7,0.0007696,-0.027127138,0.08,0.098,1,0,Mrps7
Hba-a1,0.000770804,-2.196930504,0.018,0.027,1,0,Hba-a1
Phc2,0.000771857,-0.027714275,0.042,0.055,1,0,Phc2
Slc25a53,0.000773057,-0.015631778,0.006,0.011,1,0,Slc25a53
Psme4,0.000774729,-0.055666367,0.155,0.178,1,0,Psme4
Gm45170,0.000775834,0.007135513,0.003,0.001,1,0,Gm45170
Trip11,0.00077745,0.045540624,0.328,0.307,1,0,Trip11
Zfp862-ps,0.00077787,-0.018117745,0.008,0.015,1,0,Zfp862-ps
9930021J03Rik,0.000779988,0.059569768,0.153,0.136,1,0,9930021J03Rik
Gm12250,0.000782599,-0.042766707,0.034,0.045,1,0,Gm12250
Prpf39,0.000782904,-0.066604177,0.121,0.141,1,0,Prpf39
AW549877,0.000782907,0.052579385,0.116,0.1,1,0,AW549877
Rbfox2,0.000786358,-0.052890181,0.192,0.217,1,0,Rbfox2
Mllt10,0.000787054,-0.062988975,0.13,0.151,1,0,Mllt10
Nbdy,0.000787605,-0.032189262,0.104,0.123,1,0,Nbdy
Trim65,0.000790584,-0.016247855,0.005,0.01,1,0,Trim65
Pheta2,0.000791429,-0.023185932,0.01,0.017,1,0,Pheta2
Hif1a,0.000796274,-0.075858495,0.304,0.327,1,0,Hif1a
Zfp84,0.000796898,-0.041131237,0.019,0.028,1,0,Zfp84
Med21,0.000801057,-0.035719692,0.169,0.194,1,0,Med21
Gm7561,0.000801395,-0.024827454,0.026,0.036,1,0,Gm7561
Fyb,0.000803556,-0.025725854,0.004,0.009,1,0,Fyb
Ifi203,0.000804291,-0.203502423,0.427,0.383,1,0,Ifi203
Edrf1,0.000804405,-0.036721109,0.035,0.046,1,0,Edrf1
St8sia2,0.000804452,-0.012447379,0.001,0.004,1,0,St8sia2
Plekhg1,0.000804962,0.020706901,0.037,0.028,1,0,Plekhg1
Cmtm4,0.000806995,-0.026028088,0.024,0.034,1,0,Cmtm4
C230062I16Rik,0.000808829,-0.021911419,0.003,0.008,1,0,C230062I16Rik
Gm42876,0.000811342,0.01284256,0.011,0.006,1,0,Gm42876
Tmem173,0.000813789,-0.012629425,0.079,0.096,1,0,Tmem173
Dennd3,0.000814017,-0.014922819,0.004,0.009,1,0,Dennd3
Acox3,0.00081594,0.043473288,0.041,0.032,1,0,Acox3
Atp6v0c,0.000816148,-0.025748504,0.011,0.017,1,0,Atp6v0c
Abca2,0.000816904,0.039987106,0.055,0.043,1,0,Abca2
Echs1,0.000820142,-0.044962151,0.117,0.137,1,0,Echs1
Cyp2c23,0.00082049,0.011227956,0.005,0.002,1,0,Cyp2c23
Gm17530,0.000821721,0.013505114,0.011,0.006,1,0,Gm17530
Zfp207,0.000823068,-0.046013179,0.187,0.213,1,0,Zfp207
Ndufv2,0.000828814,-0.059881208,0.218,0.244,1,0,Ndufv2
AW822252,0.000828864,0.010725749,0.005,0.002,1,0,AW822252
Zfp870,0.000831064,-0.010667273,0.003,0.008,1,0,Zfp870
Dip2c,0.00083266,-0.033186328,0.062,0.077,1,0,Dip2c
Gpx1,0.000832719,0.072617388,0.587,0.562,1,0,Gpx1
Rap2a,0.000834277,-0.064642822,0.152,0.174,1,0,Rap2a
Commd9,0.000834671,-0.014060964,0.066,0.081,1,0,Commd9
Psmc3,0.000835952,-0.079212812,0.291,0.316,1,0,Psmc3
Psrc1,0.000836331,-0.010961102,0.003,0.008,1,0,Psrc1
Srp54a,0.000837802,-0.016088115,0.02,0.029,1,0,Srp54a
Sec14l2,0.000837871,-0.007632158,0,0.003,1,0,Sec14l2
Gm28653,0.000839235,-0.027269613,0,0.003,1,0,Gm28653
Ntn5,0.000839856,-0.014600467,0,0.003,1,0,Ntn5
Epb41l4a,0.000840601,-0.020290091,0.003,0.007,1,0,Epb41l4a
Ptprb,0.000840974,-0.007437713,0,0.003,1,0,Ptprb
Hsd17b12,0.000841504,-0.03453992,0.128,0.149,1,0,Hsd17b12
Chp2,0.00084387,-0.028609295,0.003,0.007,1,0,Chp2
Tomm40,0.00084446,-0.038316759,0.082,0.099,1,0,Tomm40
Mastl,0.000849112,-0.006840988,0.004,0.009,1,0,Mastl
Shfl,0.000849718,-0.049116691,0.057,0.071,1,0,Shfl
Mms22l,0.000850073,-0.006274965,0.005,0.01,1,0,Mms22l
Top2b,0.000850391,0.061065332,0.289,0.27,1,0,Top2b
Nars,0.00085298,-0.075309696,0.41,0.434,1,0,Nars
Slitrk6,0.000856719,-0.011478172,0.002,0.005,1,0,Slitrk6
Wdr73,0.000856857,-0.043915583,0.018,0.027,1,0,Wdr73
Dusp1,0.00085941,-0.155047652,0.71,0.696,1,0,Dusp1
Gm44275,0.000863584,-0.004870359,0,0.002,1,0,Gm44275
Gm42995,0.000863584,-0.00746494,0,0.002,1,0,Gm42995
Gm26684,0.000863584,-0.008197497,0,0.002,1,0,Gm26684
Gm1335,0.000863584,-0.011727699,0,0.002,1,0,Gm1335
Mgarp,0.000863913,0.044063454,0.029,0.021,1,0,Mgarp
Zscan2,0.00086403,-0.016669217,0.001,0.004,1,0,Zscan2
Cngb1,0.000865176,-0.013462332,0.001,0.004,1,0,Cngb1
Hadha,0.000868183,-0.067403553,0.214,0.241,1,0,Hadha
Gfod2,0.000869292,-0.04459279,0.018,0.026,1,0,Gfod2
Hist1h2ae,0.000869726,-0.002051441,0.002,0.005,1,0,Hist1h2ae
Mapre3,0.000869789,-0.075322537,0.051,0.064,1,0,Mapre3
Gm19287,0.000869986,-0.013296403,0.009,0.016,1,0,Gm19287
Epb41l4aos,0.000870387,-0.047255732,0.048,0.061,1,0,Epb41l4aos
Pcnp,0.000871133,-0.034657418,0.167,0.192,1,0,Pcnp
Trpt1,0.000872394,-0.027081994,0.012,0.019,1,0,Trpt1
Slc9b2,0.000882142,-0.009253763,0.003,0.007,1,0,Slc9b2
Gm36738,0.000882422,0.023525739,0.019,0.012,1,0,Gm36738
Cfdp1,0.000882743,0.064495937,0.381,0.363,1,0,Cfdp1
Mapk7,0.000884358,-0.037364373,0.026,0.036,1,0,Mapk7
Mtrex,0.000886296,-0.059066514,0.08,0.096,1,0,Mtrex
Fhdc1,0.000888127,0.033451218,0.015,0.01,1,0,Fhdc1
Mrm3,0.000890601,-0.021513215,0.009,0.015,1,0,Mrm3
Rtl8b,0.000891864,-0.024204911,0.083,0.1,1,0,Rtl8b
Zfp503,0.000894178,-0.061410712,0.092,0.109,1,0,Zfp503
Gpaa1,0.000895348,-0.019949096,0.046,0.059,1,0,Gpaa1
Alas2,0.000896913,-0.051820126,0.001,0.003,1,0,Alas2
Plekhg3,0.000898582,0.036151419,0.077,0.063,1,0,Plekhg3
Kirrel3,0.000898629,-0.013819205,0.001,0.003,1,0,Kirrel3
Shroom2,0.000898863,-0.015007506,0,0.003,1,0,Shroom2
Cdc14a,0.000901333,-0.047449706,0.017,0.025,1,0,Cdc14a
Slc41a1,0.000904296,-0.021311984,0.094,0.112,1,0,Slc41a1
Gm10643,0.000904718,-0.009431129,0.001,0.003,1,0,Gm10643
Gm37733,0.000907415,0.022851198,0.016,0.01,1,0,Gm37733
Slc9a9,0.000909011,-0.021673719,0.037,0.048,1,0,Slc9a9
Ube2k,0.000912435,-0.07314137,0.33,0.357,1,0,Ube2k
Ddx59,0.000913015,-0.018715653,0.007,0.013,1,0,Ddx59
Mpz,0.000914852,-1.004368237,0.013,0.02,1,0,Mpz
Gli3,0.000916321,0.054568036,0.085,0.071,1,0,Gli3
Rnaset2a,0.00091637,-0.036672278,0.188,0.214,1,0,Rnaset2a
Xpnpep1,0.000918939,-0.027427441,0.099,0.118,1,0,Xpnpep1
Ppil3,0.000919879,-0.02642503,0.049,0.063,1,0,Ppil3
Gm7653,0.000920228,0.013977984,0.007,0.003,1,0,Gm7653
Spef1,0.000921011,-0.022276171,0.022,0.031,1,0,Spef1
Glt8d2,0.000922077,0.039469134,0.06,0.048,1,0,Glt8d2
Gtdc1,0.000926447,-0.023138727,0.012,0.019,1,0,Gtdc1
Rny3,0.000927443,-0.021803421,0.003,0.008,1,0,Rny3
Krba1,0.000931352,-0.020790923,0.006,0.011,1,0,Krba1
Bag3,0.000931677,-0.087484518,0.326,0.351,1,0,Bag3
Gm10297,0.000932639,-0.022023409,0.014,0.021,1,0,Gm10297
S100a1,0.000933245,-0.065738521,0.108,0.127,1,0,S100a1
Gm21860,0.00093761,-0.012927126,0.001,0.005,1,0,Gm21860
Klhdc3,0.000938043,-0.033945562,0.076,0.092,1,0,Klhdc3
Magi2,0.00094038,0.03028571,0.038,0.028,1,0,Magi2
Ntn3,0.000941442,-0.018571866,0.004,0.009,1,0,Ntn3
Capn15,0.000945741,-0.033343657,0.047,0.06,1,0,Capn15
Stradb,0.000948886,-0.028636729,0.012,0.02,1,0,Stradb
Rexo1,0.000949886,-0.073254697,0.105,0.123,1,0,Rexo1
Rsph1,0.000953247,-0.011318795,0.005,0.01,1,0,Rsph1
BC003965,0.000954087,-0.041535801,0.049,0.063,1,0,BC003965
Gm10400,0.000956931,0.006661497,0.004,0.001,1,0,Gm10400
Gm30717,0.000959403,0.008079361,0.004,0.001,1,0,Gm30717
Haus3,0.000960092,-0.022975232,0.03,0.041,1,0,Haus3
Gm18445,0.000960224,0.013846901,0.005,0.002,1,0,Gm18445
Gm5547,0.00096436,0.01121005,0.003,0.001,1,0,Gm5547
Ehmt2,0.000966509,0.073336199,0.196,0.178,1,0,Ehmt2
Maneal,0.00097124,0.00546988,0.003,0.001,1,0,Maneal
Smyd2,0.000972544,-0.016117973,0.009,0.015,1,0,Smyd2
Pla2g15,0.000972575,-0.017663244,0.066,0.082,1,0,Pla2g15
Gm45088,0.000973241,0.005076955,0.003,0.001,1,0,Gm45088
Cpox,0.000974555,-0.022715672,0.074,0.09,1,0,Cpox
Tmem80,0.000975985,-0.026706986,0.022,0.031,1,0,Tmem80
Mtor,0.000977255,0.028243382,0.041,0.031,1,0,Mtor
Cct8,0.000981571,0.077839372,0.296,0.277,1,0,Cct8
1810059H22Rik,0.000983571,-0.017118354,0.005,0.01,1,0,1810059H22Rik
Glg1,0.000983775,-0.09421107,0.356,0.382,1,0,Glg1
Pde5a,0.00098769,-0.058378593,0.035,0.046,1,0,Pde5a
Golga3,0.000988617,-0.036748749,0.134,0.156,1,0,Golga3
9430038I01Rik,0.000991044,-0.042451134,0.03,0.041,1,0,9430038I01Rik
Cklf,0.000995369,-0.041525877,0.039,0.051,1,0,Cklf
B4galt1,0.00099652,0.0566845,0.303,0.286,1,0,B4galt1
Ppard,0.000997336,-0.032670599,0.023,0.033,1,0,Ppard
Mpc1-ps,0.00100482,-0.011032889,0.004,0.008,1,0,Mpc1-ps
Shisa5,0.001005366,0.066240246,0.374,0.355,1,0,Shisa5
Abra,0.001006641,-0.048624324,0.002,0.006,1,0,Abra
Mrpl46,0.001007803,-0.023650884,0.037,0.049,1,0,Mrpl46
Atp13a3,0.001008132,0.065423067,0.119,0.103,1,0,Atp13a3
Gm14494,0.001010181,-0.012783692,0.003,0.007,1,0,Gm14494
Fbxl6,0.001013984,-0.038043108,0.041,0.053,1,0,Fbxl6
Etv3,0.001014856,0.056766244,0.055,0.044,1,0,Etv3
Gm9968,0.001016478,0.013203012,0.011,0.006,1,0,Gm9968
Chrnb2,0.001016591,0.014243714,0.015,0.009,1,0,Chrnb2
10-Sep,0.001019487,-0.044803214,0.073,0.088,1,0,10-Sep
Sf3b3,0.001022525,0.065311764,0.138,0.123,1,0,Sf3b3
Myoz2,0.001027016,-0.031429427,0,0.003,1,0,Myoz2
Ugt8a,0.001027167,-0.032149672,0,0.003,1,0,Ugt8a
Gria1,0.001027623,-0.009413284,0,0.003,1,0,Gria1
Rnf219,0.001027687,-0.033456562,0.042,0.054,1,0,Rnf219
Gper1,0.001027926,-0.021774886,0,0.003,1,0,Gper1
Ogfr,0.001028267,0.080980744,0.118,0.103,1,0,Ogfr
Brd9,0.001029386,0.035364053,0.201,0.182,1,0,Brd9
Dpp7,0.001029706,-0.038799199,0.073,0.089,1,0,Dpp7
Pex11a,0.001029902,-0.020080559,0.002,0.006,1,0,Pex11a
Rnf182,0.001029902,-0.008978622,0,0.003,1,0,Rnf182
Selenbp1,0.001030123,0.027828922,0.099,0.084,1,0,Selenbp1
Scg2,0.001030206,-0.026987711,0,0.003,1,0,Scg2
Ano5,0.001030359,-0.014187246,0,0.003,1,0,Ano5
A630023A22Rik,0.001031577,-0.004005422,0,0.003,1,0,A630023A22Rik
Aff3,0.001036429,-0.072274646,0.064,0.078,1,0,Aff3
Eif1-ps1,0.001036758,-0.030348626,0.03,0.041,1,0,Eif1-ps1
Cep57l1,0.001038678,-0.012944038,0.02,0.029,1,0,Cep57l1
Atp10d,0.001039531,-0.019518514,0.004,0.008,1,0,Atp10d
Lage3,0.001039762,-0.030274305,0.079,0.096,1,0,Lage3
Enkur,0.001040034,-0.028252727,0.018,0.027,1,0,Enkur
Utrn,0.001041764,-0.000494785,0.305,0.284,1,0,Utrn
2810407A14Rik,0.001049033,-0.01095598,0.001,0.004,1,0,2810407A14Rik
Kmt2c,0.001049515,0.043682614,0.245,0.224,1,0,Kmt2c
3300005D01Rik,0.001050163,-0.01199697,0.004,0.008,1,0,3300005D01Rik
Map2k3os,0.001055178,-0.012408794,0.002,0.006,1,0,Map2k3os
Gm29233,0.001055341,-0.006827829,0.001,0.004,1,0,Gm29233
Actr6,0.00105553,-0.014737657,0.025,0.035,1,0,Actr6
Ankrd6,0.001056606,-0.011771451,0.001,0.004,1,0,Ankrd6
Zfp273,0.001056606,-0.010542526,0.001,0.004,1,0,Zfp273
Nhp2,0.00105731,-0.025851788,0.139,0.161,1,0,Nhp2
Syt5,0.001057366,-0.003624621,0.001,0.004,1,0,Syt5
Frk,0.001058167,-0.018286367,0.032,0.043,1,0,Frk
Tbc1d9b,0.001058852,0.045024662,0.101,0.086,1,0,Tbc1d9b
Col2a1,0.001062125,-0.009337863,0,0.002,1,0,Col2a1
Tnfrsf19,0.001062125,-0.009880151,0,0.002,1,0,Tnfrsf19
Pip5k1b,0.001062125,-0.015264473,0,0.002,1,0,Pip5k1b
Rasgef1c,0.001062125,-0.018691736,0,0.002,1,0,Rasgef1c
Uxt,0.00106345,-0.045126175,0.043,0.056,1,0,Uxt
Tbc1d13,0.001069199,0.041158283,0.041,0.032,1,0,Tbc1d13
Nudt21,0.001069661,-0.037809977,0.083,0.099,1,0,Nudt21
Rpain,0.001071078,0.041451673,0.085,0.071,1,0,Rpain
Mrpl16,0.001075936,-0.026967943,0.054,0.068,1,0,Mrpl16
Slc23a2,0.001078468,0.034596063,0.046,0.036,1,0,Slc23a2
Gm16894,0.001080257,0.012731819,0.005,0.002,1,0,Gm16894
Hdhd3,0.001086574,-0.014325944,0.003,0.008,1,0,Hdhd3
Atg7,0.001087179,0.046097428,0.08,0.067,1,0,Atg7
Ercc1,0.001094339,-0.013085142,0.053,0.067,1,0,Ercc1
Phf19,0.00109885,-0.00872431,0,0.003,1,0,Phf19
Znrf3,0.001099666,-0.028785856,0.007,0.013,1,0,Znrf3
Gm42443,0.001102138,-0.011426507,0,0.003,1,0,Gm42443
Cep104,0.001104376,-0.025905794,0.041,0.053,1,0,Cep104
Mcts1,0.001104818,-0.020124486,0.102,0.121,1,0,Mcts1
Draxin,0.001106331,-0.004948457,0.003,0.008,1,0,Draxin
Lrrc59,0.001106523,0.001615962,0.099,0.118,1,0,Lrrc59
Hmgn5,0.001107442,-0.061385807,0.1,0.118,1,0,Hmgn5
Foxc1,0.001113018,-0.044959984,0.032,0.043,1,0,Foxc1
Gpatch11,0.001113109,-0.045781092,0.089,0.106,1,0,Gpatch11
Txnrd2,0.001113959,-0.025598729,0.022,0.031,1,0,Txnrd2
Hspa14,0.001116632,-0.031992099,0.086,0.103,1,0,Hspa14
Pml,0.001118575,0.048375909,0.067,0.055,1,0,Pml
Plppr3,0.001120533,-0.01207525,0.028,0.038,1,0,Plppr3
Magef1,0.001125076,-0.020096962,0.009,0.015,1,0,Magef1
Rnf181,0.001125163,-0.023781588,0.077,0.094,1,0,Rnf181
Map4,0.001133363,-0.080226312,0.243,0.268,1,0,Map4
Smarcd2,0.001136458,0.042941768,0.148,0.13,1,0,Smarcd2
Snrpn,0.001140488,0.013087435,0.022,0.015,1,0,Snrpn
Psmc4,0.001144898,-0.051756346,0.18,0.203,1,0,Psmc4
Copa,0.001149295,0.064133908,0.325,0.308,1,0,Copa
Gm3617,0.00114932,-0.017533745,0.006,0.012,1,0,Gm3617
Col20a1,0.001149532,-0.061652636,0.005,0.01,1,0,Col20a1
Gskip,0.001155846,-0.011656895,0.067,0.083,1,0,Gskip
Snord118,0.001159615,-0.030919998,0.007,0.012,1,0,Snord118
Eif2ak2,0.001160647,0.058812734,0.207,0.189,1,0,Eif2ak2
C1qtnf6,0.001161963,-0.020762653,0.262,0.291,1,0,C1qtnf6
Gm13443,0.001167457,-0.01277263,0.004,0.008,1,0,Gm13443
Polrmt,0.001169848,-0.027840122,0.016,0.024,1,0,Polrmt
Dstn,0.001170543,-0.082266017,0.338,0.365,1,0,Dstn
Nob1,0.001171571,-0.029706354,0.072,0.088,1,0,Nob1
Rgs11,0.001172295,-0.011826305,0.001,0.004,1,0,Rgs11
Pcdh18,0.001176655,-0.072594414,0.099,0.116,1,0,Pcdh18
Foxj3,0.001180879,-0.038008937,0.042,0.054,1,0,Foxj3
Nsmf,0.001182089,0.04095477,0.09,0.076,1,0,Nsmf
Btaf1,0.00118233,0.046083622,0.098,0.083,1,0,Btaf1
Zbtb37,0.00118979,-0.04035727,0.02,0.028,1,0,Zbtb37
Atxn7l2,0.001190752,-0.024403357,0.01,0.017,1,0,Atxn7l2
D1Ertd622e,0.001192812,-0.026114889,0.007,0.013,1,0,D1Ertd622e
Ttc4,0.001194791,-0.029017662,0.075,0.091,1,0,Ttc4
Lipg,0.001197185,-0.01770064,0.005,0.01,1,0,Lipg
Otud3,0.001200303,-0.029681126,0.013,0.02,1,0,Otud3
Bri3,0.00120363,-0.0480666,0.076,0.091,1,0,Bri3
Gm48181,0.001207634,0.008763912,0.002,0.001,1,0,Gm48181
Usp7,0.001210712,-0.052572971,0.158,0.181,1,0,Usp7
Psmd8,0.001213237,-0.062657082,0.223,0.247,1,0,Psmd8
Cox19,0.00121413,-0.026676595,0.064,0.079,1,0,Cox19
Gm47773,0.001214644,0.00310251,0.002,0.001,1,0,Gm47773
Gm42702,0.001214806,0.018014756,0.017,0.011,1,0,Gm42702
Atp8b1,0.001220539,-0.031536143,0.124,0.144,1,0,Atp8b1
Ndufs7,0.001221204,-0.064200056,0.243,0.27,1,0,Ndufs7
Nfe2l3,0.001222303,-0.017442086,0.004,0.009,1,0,Nfe2l3
Ndufs2,0.001222982,-0.075489231,0.197,0.222,1,0,Ndufs2
Syce2,0.001224613,-0.012821456,0.012,0.019,1,0,Syce2
Tatdn1,0.00122663,-0.022009935,0.032,0.043,1,0,Tatdn1
Gm13357,0.001227785,0.015816139,0.007,0.003,1,0,Gm13357
Hist1h4h,0.001227907,-0.011780563,0.002,0.006,1,0,Hist1h4h
Brip1os,0.001229527,-0.056563716,0.133,0.153,1,0,Brip1os
Ptch1,0.001234937,-0.0416544,0.014,0.021,1,0,Ptch1
Pom121,0.001236843,-0.014246658,0.022,0.031,1,0,Pom121
Mblac1,0.001238114,-0.012517869,0.004,0.009,1,0,Mblac1
Dock5,0.001239,-0.023070044,0.011,0.018,1,0,Dock5
Rpl7l1,0.001240553,-0.051568436,0.164,0.186,1,0,Rpl7l1
Psmc6,0.001240667,-0.067216522,0.227,0.251,1,0,Psmc6
Scly,0.001243192,-0.034424394,0.032,0.043,1,0,Scly
Gm14586,0.001243205,-0.019519455,0.053,0.067,1,0,Gm14586
Hps1,0.001243573,0.045400052,0.048,0.037,1,0,Hps1
Cnn2,0.001244866,-0.112440075,0.161,0.18,1,0,Cnn2
Ankrd37,0.001246746,-0.02547993,0.019,0.028,1,0,Ankrd37
Zbtb10,0.001256392,-0.04338088,0.051,0.064,1,0,Zbtb10
Rab5if,0.001256454,-0.01261609,0.019,0.027,1,0,Rab5if
Nxf1,0.001259909,-0.057798908,0.123,0.143,1,0,Nxf1
Sapcd2,0.001261135,-0.004703482,0,0.003,1,0,Sapcd2
Gm49344,0.001261463,0.007970339,0.005,0.002,1,0,Gm49344
Lbx1,0.001261507,-0.013867797,0,0.003,1,0,Lbx1
Mafa,0.001263184,-0.010740324,0,0.003,1,0,Mafa
Cr1l,0.001263794,0.06582952,0.25,0.231,1,0,Cr1l
Gm15567,0.001265982,-0.007239646,0,0.003,1,0,Gm15567
Zbtb24,0.001267126,-0.030427341,0.02,0.028,1,0,Zbtb24
Ppp1r14c,0.001269643,-0.020624586,0.001,0.004,1,0,Ppp1r14c
Gm9917,0.001272203,0.021974553,0.044,0.034,1,0,Gm9917
Gm15635,0.001273392,-0.016703037,0.001,0.004,1,0,Gm15635
Ttf1,0.001274255,-0.058960742,0.083,0.099,1,0,Ttf1
B9d1,0.001274897,-0.028426583,0.053,0.066,1,0,B9d1
Elovl6,0.001275136,0.03409843,0.09,0.076,1,0,Elovl6
Mgl2,0.001276434,-0.015300026,0.001,0.004,1,0,Mgl2
Gm42664,0.001279635,-0.013541717,0.001,0.004,1,0,Gm42664
Hoga1,0.001282738,0.020016997,0.011,0.006,1,0,Hoga1
Ndufa9,0.001292564,-0.03069961,0.123,0.143,1,0,Ndufa9
Cpq,0.001294849,-0.002607503,0.399,0.367,1,0,Cpq
Fam173a,0.001294885,-0.018455931,0.016,0.024,1,0,Fam173a
Trnt1,0.001295506,-0.044990286,0.115,0.134,1,0,Trnt1
Arhgef1,0.001300961,-0.046390271,0.085,0.102,1,0,Arhgef1
Trim12a,0.001304435,0.025194086,0.123,0.107,1,0,Trim12a
Ace2,0.001306924,-0.019716669,0,0.002,1,0,Ace2
Hps3,0.0013113,-0.073534702,0.042,0.054,1,0,Hps3
Ankrd44,0.001315875,0.024200843,0.041,0.031,1,0,Ankrd44
Olfm1,0.001317175,-0.056806106,0.109,0.127,1,0,Olfm1
Ddt,0.001319211,-0.038140861,0.098,0.115,1,0,Ddt
Lysmd4,0.001319429,-0.016497278,0.009,0.015,1,0,Lysmd4
Gcfc2,0.001320027,-0.015632093,0.006,0.011,1,0,Gcfc2
Mrpl36,0.001321319,-0.027370996,0.141,0.163,1,0,Mrpl36
Cnot3,0.00132282,-0.051506719,0.099,0.117,1,0,Cnot3
Fem1a,0.00132429,-0.019274063,0.02,0.029,1,0,Fem1a
Slc39a6,0.001326133,0.09816796,0.177,0.162,1,0,Slc39a6
Mag,0.001326583,-0.05930731,0.001,0.005,1,0,Mag
Ogfod3,0.001326758,-0.018701327,0.014,0.021,1,0,Ogfod3
Surf2,0.001329385,-0.031251872,0.038,0.049,1,0,Surf2
Fndc4,0.001329501,-0.023489253,0.052,0.066,1,0,Fndc4
Klhl31,0.001331597,-0.023789886,0.001,0.003,1,0,Klhl31
Lancl3,0.001332776,-0.005980817,0.001,0.003,1,0,Lancl3
Fastkd3,0.001332851,-0.019032061,0.008,0.014,1,0,Fastkd3
Ccdc149,0.001333796,0.03442608,0.027,0.019,1,0,Ccdc149
Dio3os,0.001336148,-0.008780302,0.001,0.003,1,0,Dio3os
Gm38190,0.001339974,-0.015382955,0.003,0.007,1,0,Gm38190
Was,0.001340419,-0.021034924,0,0.003,1,0,Was
Bean1,0.001342417,-0.008776318,0,0.003,1,0,Bean1
Rnf214,0.001343494,-0.046800181,0.095,0.112,1,0,Rnf214
Uba7,0.001344262,0.037637911,0.059,0.047,1,0,Uba7
Gjb3,0.001349707,-0.004080848,0,0.003,1,0,Gjb3
Myo9a,0.001352256,0.066234644,0.21,0.191,1,0,Myo9a
Oas1b,0.001355165,-0.020959829,0.013,0.02,1,0,Oas1b
Glis2,0.001360065,-0.037761721,0.074,0.09,1,0,Glis2
Sarnp,0.001360393,-0.054032654,0.222,0.248,1,0,Sarnp
Dera,0.001362849,-0.004973498,0.04,0.052,1,0,Dera
B4galt7,0.001367236,-0.016284862,0.026,0.036,1,0,B4galt7
Nr1h2,0.001374057,0.035084087,0.094,0.08,1,0,Nr1h2
Foxf1,0.001375092,-0.01597926,0.003,0.007,1,0,Foxf1
Cinp,0.001375643,-0.028189471,0.05,0.063,1,0,Cinp
Pold2,0.001375659,-0.030404825,0.032,0.043,1,0,Pold2
Zfp30,0.001377924,-0.033191476,0.031,0.042,1,0,Zfp30
Gm47601,0.001378196,0.014131501,0.006,0.003,1,0,Gm47601
Pde1a,0.001383768,-0.06100613,0.044,0.056,1,0,Pde1a
Msi2,0.00138633,0.024953153,0.152,0.135,1,0,Msi2
Gstt2,0.001386494,-0.049320824,0.039,0.05,1,0,Gstt2
Fkbpl,0.00138761,-0.018132262,0.004,0.008,1,0,Fkbpl
Arhgap18,0.00139039,0.016897853,0.098,0.083,1,0,Arhgap18
Naa25,0.001391054,-0.029803362,0.037,0.049,1,0,Naa25
Prdm2,0.001391947,-0.068498107,0.154,0.176,1,0,Prdm2
Bclaf3,0.001392098,-0.054108831,0.048,0.061,1,0,Bclaf3
Lcn2,0.001392111,-0.038366043,0.012,0.018,1,0,Lcn2
Cks1brt,0.001394757,-0.028931744,0.019,0.027,1,0,Cks1brt
Hotairm1,0.001395436,-0.033841804,0.024,0.034,1,0,Hotairm1
Rasl10a,0.001396904,-0.013280783,0.008,0.014,1,0,Rasl10a
Dolk,0.001397588,-0.027720822,0.035,0.046,1,0,Dolk
Cdk2ap1,0.001398506,-0.033000496,0.047,0.059,1,0,Cdk2ap1
Aldh3a1,0.001402578,-0.016348786,0.001,0.004,1,0,Aldh3a1
Slc12a7,0.001407815,-0.016972952,0.003,0.006,1,0,Slc12a7
Aknad1,0.001416715,-0.013581651,0.004,0.008,1,0,Aknad1
Gm6394,0.001419994,-0.006691535,0.013,0.02,1,0,Gm6394
Fam185a,0.001421752,-0.012211392,0.01,0.017,1,0,Fam185a
Gm36423,0.00142341,0.010754906,0.004,0.002,1,0,Gm36423
C230071H17Rik,0.001424468,-0.005937331,0.001,0.004,1,0,C230071H17Rik
Cntf,0.001426215,-0.047851028,0.002,0.006,1,0,Cntf
Ccdc81,0.001429291,-0.020796827,0.002,0.006,1,0,Ccdc81
Ccdc187,0.001434578,0.007277372,0.004,0.002,1,0,Ccdc187
Pus1,0.00144166,-0.035512544,0.034,0.045,1,0,Pus1
Tmem223,0.00144211,-0.043311798,0.054,0.067,1,0,Tmem223
Gm6977,0.001447277,-0.055934977,0.092,0.108,1,0,Gm6977
Rbx1-ps,0.001448055,-0.011350241,0.011,0.018,1,0,Rbx1-ps
Cetn3,0.001449306,-0.044607652,0.28,0.308,1,0,Cetn3
Tinf2,0.001449307,-0.015122496,0.02,0.028,1,0,Tinf2
Trappc4,0.001459022,-0.033862285,0.162,0.184,1,0,Trappc4
Socs4,0.00146136,0.048940694,0.095,0.081,1,0,Socs4
Dgcr8,0.001462792,-0.027321221,0.017,0.025,1,0,Dgcr8
Ccdc3,0.001463063,-0.142499872,0.05,0.062,1,0,Ccdc3
Gm21092,0.001466136,-0.009420651,0.002,0.006,1,0,Gm21092
Gm8850,0.001467958,0.005864282,0.005,0.002,1,0,Gm8850
Mapk8ip3,0.001468168,-0.057061958,0.07,0.084,1,0,Mapk8ip3
Gm10033,0.001468561,-0.022251923,0.018,0.026,1,0,Gm10033
Cbll1,0.001473148,-0.036209444,0.022,0.031,1,0,Cbll1
Ptprg,0.001478398,0.075707084,0.118,0.103,1,0,Ptprg
Chmp1b,0.001482337,-0.044464478,0.095,0.113,1,0,Chmp1b
Mphosph9,0.00148444,-0.032871727,0.011,0.017,1,0,Mphosph9
Lrrc20,0.001484691,0.038879372,0.027,0.02,1,0,Lrrc20
Ap1s1,0.001485609,-0.036261444,0.122,0.142,1,0,Ap1s1
Fam210b,0.001487536,-0.023397012,0.012,0.018,1,0,Fam210b
Gm48640,0.001489779,0.013838929,0.007,0.003,1,0,Gm48640
Lrrc7,0.001490025,0.006630194,0.002,0.001,1,0,Lrrc7
Gm9013,0.001493961,-0.016978362,0.028,0.038,1,0,Gm9013
Cbarp,0.001496256,0.041508846,0.033,0.024,1,0,Cbarp
Gm48986,0.001496945,0.008174075,0.009,0.005,1,0,Gm48986
Gm12905,0.001501484,0.016994692,0.01,0.006,1,0,Gm12905
Rp9,0.00150486,0.054519976,0.234,0.216,1,0,Rp9
Ubl3,0.001504914,-0.055436306,0.152,0.172,1,0,Ubl3
Prelid1,0.001509315,-0.070508778,0.251,0.274,1,0,Prelid1
Med17,0.001510365,-0.036512901,0.041,0.052,1,0,Med17
Osbp2,0.001515173,-0.012910107,0.003,0.007,1,0,Osbp2
Cdc42ep2,0.001515875,0.035615639,0.09,0.076,1,0,Cdc42ep2
B3gntl1,0.001517549,0.029818639,0.023,0.016,1,0,B3gntl1
Toe1,0.00151814,-0.025864057,0.015,0.022,1,0,Toe1
Tmbim6,0.001518379,0.040331051,0.496,0.474,1,0,Tmbim6
Gm48314,0.001519836,0.008216603,0.003,0.001,1,0,Gm48314
Wdr78,0.001526414,-0.026672933,0.008,0.014,1,0,Wdr78
Harbi1,0.001526589,-0.014668531,0.007,0.013,1,0,Harbi1
Cyp4f13,0.001529195,0.025052216,0.052,0.041,1,0,Cyp4f13
Elovl4,0.00153046,-0.01107933,0.001,0.004,1,0,Elovl4
Cuedc1,0.001531311,-0.090401699,0.128,0.145,1,0,Cuedc1
Irf5,0.001534091,-0.009678551,0.001,0.004,1,0,Irf5
Gm7308,0.001535282,-0.018356403,0.007,0.013,1,0,Gm7308
Crls1,0.001536253,0.052742641,0.05,0.039,1,0,Crls1
Skap2,0.001536785,0.071968243,0.121,0.107,1,0,Skap2
Smyd1,0.001550076,-0.015888637,0,0.002,1,0,Smyd1
Osbpl11,0.001550777,-0.031496749,0.055,0.068,1,0,Osbpl11
Haghl,0.001550782,-0.015419547,0.003,0.007,1,0,Haghl
Fndc3c1,0.00155099,-0.011569621,0,0.002,1,0,Fndc3c1
Timp4,0.001551676,-0.023089369,0,0.002,1,0,Timp4
Creg2,0.001551905,-0.008876562,0,0.002,1,0,Creg2
Fhl5,0.001553965,-0.01474902,0,0.002,1,0,Fhl5
Spg21,0.001557962,0.065910899,0.147,0.132,1,0,Spg21
Dennd1a,0.001559573,0.035878297,0.053,0.042,1,0,Dennd1a
Rnaseh2a,0.001563171,0.048405648,0.045,0.035,1,0,Rnaseh2a
Ppcs,0.001564317,-0.027628558,0.018,0.026,1,0,Ppcs
Gm48602,0.00156507,0.005860443,0.004,0.002,1,0,Gm48602
Slc6a8,0.001568586,-0.03415949,0.091,0.107,1,0,Slc6a8
Gm48742,0.001568767,0.027902267,0.024,0.017,1,0,Gm48742
Rfwd3,0.001568783,-0.026492433,0.019,0.028,1,0,Rfwd3
Scaf8,0.001569333,-0.037346131,0.072,0.087,1,0,Scaf8
Eif3m,0.001569421,-0.038526844,0.181,0.205,1,0,Eif3m
Colca2,0.001573318,0.014431214,0.011,0.006,1,0,Colca2
Trap1,0.001580585,-0.032343049,0.067,0.082,1,0,Trap1
Nkain4,0.001582223,-0.032652056,0.003,0.007,1,0,Nkain4
Naxd,0.001583055,-0.03062155,0.189,0.213,1,0,Naxd
Irx2,0.001586298,0.013587064,0.007,0.003,1,0,Irx2
Prkab1,0.001587635,-0.028751533,0.035,0.046,1,0,Prkab1
Gpat4,0.001589865,0.082089476,0.153,0.138,1,0,Gpat4
Pcsk5,0.001599077,-0.131930382,0.2,0.218,1,0,Pcsk5
Atf5,0.001604374,0.008805695,0.343,0.318,1,0,Atf5
Fsip1,0.001608954,-0.005331811,0,0.002,1,0,Fsip1
Tmem178,0.001608954,-0.007760891,0,0.002,1,0,Tmem178
Gm42929,0.001608954,-0.007841104,0,0.002,1,0,Gm42929
Rorc,0.001608954,-0.015663809,0,0.002,1,0,Rorc
Scrn3,0.001613657,-0.036302236,0.021,0.03,1,0,Scrn3
Enah,0.001614881,0.095286545,0.182,0.166,1,0,Enah
Zbtb25,0.001616254,-0.015000072,0.016,0.023,1,0,Zbtb25
Amd2,0.001616785,-0.009392457,0.001,0.005,1,0,Amd2
Alox12,0.001622459,-0.012844235,0.001,0.003,1,0,Alox12
Nsun4,0.001626789,-0.02482585,0.027,0.037,1,0,Nsun4
Cnot9,0.00162812,-0.036819782,0.041,0.053,1,0,Cnot9
C030034L19Rik,0.001631851,0.012444199,0.004,0.001,1,0,C030034L19Rik
Pgp,0.00163366,-0.002170377,0.097,0.115,1,0,Pgp
Dna2,0.001634544,-0.0053621,0.001,0.003,1,0,Dna2
Arrdc2,0.001639619,-0.025323214,0.011,0.018,1,0,Arrdc2
Reps1,0.001641097,0.05284078,0.042,0.033,1,0,Reps1
Gpd1,0.00164264,-0.015608523,0,0.003,1,0,Gpd1
Msl1,0.001646258,-0.029370891,0.172,0.195,1,0,Msl1
Ilkap,0.001646318,-0.063959795,0.134,0.154,1,0,Ilkap
Gm43953,0.001646858,-0.004591788,0,0.003,1,0,Gm43953
Gm5822,0.001666292,-0.007621691,0.003,0.006,1,0,Gm5822
Myoz1,0.001669056,-0.080438821,0.002,0.006,1,0,Myoz1
Gm7658,0.00167042,-0.010404777,0.011,0.018,1,0,Gm7658
Mymk,0.001671049,-0.06772504,0.002,0.005,1,0,Mymk
Nme6,0.001673115,-0.013943149,0.012,0.019,1,0,Nme6
Mc5r,0.001673297,-0.009153827,0.003,0.006,1,0,Mc5r
9530097N15Rik,0.001684979,0.007014045,0.006,0.003,1,0,9530097N15Rik
Ecsit,0.001686411,-0.032268541,0.042,0.054,1,0,Ecsit
Zkscan1,0.0016909,-0.055098092,0.072,0.087,1,0,Zkscan1
Mb,0.001694405,-0.077483672,0.001,0.004,1,0,Mb
Tsku,0.001696251,0.056708954,0.057,0.047,1,0,Tsku
Kcnk3,0.001697073,-0.021023427,0.001,0.004,1,0,Kcnk3
9130023H24Rik,0.001697792,-0.015738604,0.002,0.006,1,0,9130023H24Rik
Napg,0.001698391,-0.062593878,0.093,0.109,1,0,Napg
Rufy1,0.001699141,-0.047829528,0.098,0.115,1,0,Rufy1
Zfp324,0.001701476,-0.015134264,0.006,0.011,1,0,Zfp324
Snap47,0.00170262,-0.007929432,0.079,0.095,1,0,Snap47
Mcm8,0.001706772,-0.01190303,0.002,0.006,1,0,Mcm8
Gm14295,0.001709962,-0.019533082,0.008,0.013,1,0,Gm14295
Pigh,0.001710945,-0.011330867,0.006,0.011,1,0,Pigh
Pusl1,0.001711192,-0.014149448,0.017,0.024,1,0,Pusl1
Fam50a,0.001711862,-0.059907243,0.167,0.189,1,0,Fam50a
Sart3,0.001720191,-0.044636752,0.083,0.099,1,0,Sart3
Sync,0.00173092,-0.023865672,0.008,0.014,1,0,Sync
Uqcrfs1,0.001737168,-0.033867908,0.165,0.188,1,0,Uqcrfs1
Mcts2,0.001745464,-0.019205722,0.01,0.016,1,0,Mcts2
Evl,0.001747039,-0.014876074,0.007,0.012,1,0,Evl
Cwc25,0.001748863,0.016944268,0.148,0.131,1,0,Cwc25
Gtf2f1,0.001752116,-0.062223312,0.23,0.255,1,0,Gtf2f1
Birc6,0.001752866,-0.0320496,0.188,0.212,1,0,Birc6
Abi3bp,0.001764709,-0.232248847,0.606,0.584,1,0,Abi3bp
Tmem129,0.001770506,-0.024844673,0.032,0.042,1,0,Tmem129
Txn-ps1,0.001772289,-0.01158956,0.004,0.009,1,0,Txn-ps1
Relch,0.001783548,0.03684933,0.076,0.063,1,0,Relch
Gabre,0.001783958,0.031125091,0.03,0.022,1,0,Gabre
Mtf2,0.001785182,-0.051221666,0.077,0.092,1,0,Mtf2
Tm9sf3,0.001786995,-0.061499657,0.442,0.462,1,0,Tm9sf3
A430019L02Rik,0.001792527,0.012351711,0.007,0.004,1,0,A430019L02Rik
Ube2h,0.001794096,0.037723274,0.16,0.144,1,0,Ube2h
Erg28,0.001794793,-0.032332774,0.076,0.091,1,0,Erg28
Dedd2,0.001799901,-0.0232034,0.008,0.014,1,0,Dedd2
Alg8,0.001816066,0.003952467,0.022,0.031,1,0,Alg8
Me1,0.001816161,0.078018388,0.075,0.064,1,0,Me1
AC133946.1,0.001818034,0.004683987,0.002,0,1,0,AC133946.1
Ube2i,0.001828112,-0.046842715,0.064,0.078,1,0,Ube2i
Ubxn8,0.00183159,0.069838355,0.15,0.135,1,0,Ubxn8
Kcnb1,0.001832619,-0.027052991,0.004,0.009,1,0,Kcnb1
Wipi2,0.001833839,-0.04309001,0.082,0.098,1,0,Wipi2
1700093K21Rik,0.001837842,0.014943142,0.007,0.004,1,0,1700093K21Rik
Wars2,0.001851476,-0.012300673,0.018,0.026,1,0,Wars2
Sox5,0.001860493,0.022371503,0.074,0.062,1,0,Sox5
Tbcel,0.001863806,0.036915484,0.066,0.055,1,0,Tbcel
Plcd1,0.001866086,-0.030929516,0.044,0.055,1,0,Plcd1
R3hdm1,0.001869269,-0.030091249,0.161,0.184,1,0,R3hdm1
Mrpl3,0.001871676,-0.01724876,0.096,0.113,1,0,Mrpl3
Pdlim7,0.001877949,-0.052922871,0.176,0.199,1,0,Pdlim7
Fgfr2,0.001884207,-0.011389793,0.004,0.008,1,0,Fgfr2
Taf6,0.001885091,-0.024883242,0.006,0.011,1,0,Taf6
Snx18,0.001886006,0.027362298,0.203,0.184,1,0,Snx18
Fzd3,0.001892197,-0.03001789,0.008,0.013,1,0,Fzd3
Rab1a,0.001893892,-0.051547135,0.431,0.455,1,0,Rab1a
Fam160b1,0.001901584,-0.038390507,0.095,0.112,1,0,Fam160b1
Gm16835,0.001903673,-0.009463261,0,0.002,1,0,Gm16835
9930012K11Rik,0.001904234,-0.009293592,0,0.002,1,0,9930012K11Rik
Pcna-ps2,0.00190586,-0.00797398,0.003,0.007,1,0,Pcna-ps2
Macrod1,0.001905939,-0.031692106,0.014,0.021,1,0,Macrod1
Ccl20,0.001906478,-0.016771096,0,0.002,1,0,Ccl20
Gm47586,0.001907882,-0.007050805,0,0.002,1,0,Gm47586
Ccne2,0.001908303,-0.011455746,0.009,0.015,1,0,Ccne2
Pbp2,0.001909567,-0.005998829,0,0.002,1,0,Pbp2
Stum,0.001909567,-0.010135303,0,0.002,1,0,Stum
Litaf,0.001909829,-0.08701516,0.346,0.37,1,0,Litaf
Skap1,0.001909848,-0.004233889,0,0.002,1,0,Skap1
Ticrr,0.001909848,-0.005334806,0,0.002,1,0,Ticrr
Insyn1,0.001911674,0.031181642,0.028,0.02,1,0,Insyn1
Taf1,0.00191269,0.043558494,0.19,0.172,1,0,Taf1
Txnl4a,0.001913144,-0.013584863,0.134,0.155,1,0,Txnl4a
Ehd4,0.001919267,-0.075539888,0.075,0.09,1,0,Ehd4
Sh2d4a,0.001921475,0.045512199,0.049,0.038,1,0,Sh2d4a
Pygb,0.001922992,0.042740921,0.065,0.054,1,0,Pygb
R74862,0.001926735,-0.026966504,0.018,0.026,1,0,R74862
Uspl1,0.001929714,-0.034508279,0.04,0.051,1,0,Uspl1
Amd-ps3,0.001936357,-0.006120493,0.001,0.004,1,0,Amd-ps3
Krr1,0.001937266,-0.046039599,0.066,0.081,1,0,Krr1
Lbr,0.001937842,-0.022066741,0.016,0.024,1,0,Lbr
Gm20219,0.00193912,0.016761157,0.012,0.007,1,0,Gm20219
Supt6,0.001940574,-0.053725596,0.143,0.163,1,0,Supt6
Nod2,0.001942094,0.007030558,0.003,0.001,1,0,Nod2
Gtse1,0.001943512,-0.005640325,0.001,0.004,1,0,Gtse1
Sgo1,0.001945693,-0.012870506,0.006,0.011,1,0,Sgo1
Gm11342,0.001947149,0.005300651,0.003,0.001,1,0,Gm11342
Gm38366,0.001947756,0.014262108,0.011,0.006,1,0,Gm38366
Piezo1,0.001950228,-0.019210634,0.017,0.024,1,0,Piezo1
Rnf157,0.001958611,-0.016799648,0.003,0.007,1,0,Rnf157
Mrps36,0.001959815,-0.028700412,0.017,0.025,1,0,Mrps36
Nop9,0.001967023,-0.013921983,0.022,0.03,1,0,Nop9
Pitx2,0.001970295,-0.017974574,0.001,0.003,1,0,Pitx2
Sfxn3,0.001973222,0.066978716,0.129,0.114,1,0,Sfxn3
Cox6c,0.001973399,-0.087345156,0.682,0.67,1,0,Cox6c
Coq8a,0.001977384,-0.028731455,0.009,0.014,1,0,Coq8a
Elac1,0.001980233,0.02463849,0.031,0.023,1,0,Elac1
Lratd2,0.001981851,-0.006404822,0,0.002,1,0,Lratd2
A930003A15Rik,0.001981851,-0.007903501,0,0.002,1,0,A930003A15Rik
Art1,0.001981851,-0.01324547,0,0.002,1,0,Art1
Mtmr9,0.001992914,0.06279484,0.058,0.047,1,0,Mtmr9
Pou5f2,0.001995223,0.016063174,0.008,0.004,1,0,Pou5f2
Usp53,0.001997289,-0.034757985,0.033,0.043,1,0,Usp53
Ripor2,0.002000958,-0.025531729,0.002,0.005,1,0,Ripor2
Srr,0.002001269,0.027928326,0.034,0.025,1,0,Srr
Otoa,0.002002989,-0.016264802,0,0.003,1,0,Otoa
Kcp,0.002003393,0.030084916,0.05,0.039,1,0,Kcp
Gm12407,0.002008116,-0.008938119,0,0.003,1,0,Gm12407
Col17a1,0.002009738,-0.013663771,0,0.003,1,0,Col17a1
B3gnt5,0.002013256,-0.00919806,0,0.003,1,0,B3gnt5
Gbp3,0.002023186,0.020607295,0.145,0.127,1,0,Gbp3
Ppp1r9b,0.002023353,0.038319825,0.089,0.075,1,0,Ppp1r9b
Tfpt,0.002025947,-0.008957865,0.035,0.046,1,0,Tfpt
Golga2,0.002030911,-0.040323495,0.146,0.167,1,0,Golga2
Ryr1,0.002036413,-0.032444879,0.001,0.004,1,0,Ryr1
Pum2,0.002039912,0.069363951,0.181,0.165,1,0,Pum2
2900027M19Rik,0.00204462,0.009228698,0.004,0.001,1,0,2900027M19Rik
Gm8730,0.002047105,-0.014089135,0.047,0.059,1,0,Gm8730
1700017B05Rik,0.002056185,-0.021284883,0.021,0.029,1,0,1700017B05Rik
Faxc,0.002058943,-0.008740576,0.001,0.004,1,0,Faxc
E2f2,0.002067119,-0.004800807,0.001,0.004,1,0,E2f2
Gm43508,0.002073324,-0.024027081,0.016,0.023,1,0,Gm43508
Stard3nl,0.002085565,0.065155872,0.142,0.128,1,0,Stard3nl
Zfp39,0.002092571,-0.013928373,0.005,0.01,1,0,Zfp39
Dffb,0.002092635,-0.036087688,0.021,0.029,1,0,Dffb
Parp8,0.00209839,-0.023913828,0.056,0.069,1,0,Parp8
Sdha,0.002098667,0.061812902,0.199,0.183,1,0,Sdha
Zfp770,0.002106342,-0.033165602,0.011,0.017,1,0,Zfp770
Zfp874a,0.002111289,-0.007947644,0.012,0.018,1,0,Zfp874a
Hinfp,0.002112102,-0.024215608,0.02,0.029,1,0,Hinfp
Nle1,0.002115627,-0.022044884,0.018,0.025,1,0,Nle1
Tbl2,0.002117221,-0.014322399,0.044,0.056,1,0,Tbl2
Med7,0.002121979,-0.063774199,0.079,0.094,1,0,Med7
9030624G23Rik,0.002124217,0.010126258,0.005,0.002,1,0,9030624G23Rik
Gm29737,0.002133846,0.006562057,0.003,0.001,1,0,Gm29737
Gm48254,0.002134505,0.009976029,0.005,0.002,1,0,Gm48254
Ugcg,0.002137074,0.038757881,0.245,0.226,1,0,Ugcg
Slco1c1,0.002139546,0.008990801,0.005,0.002,1,0,Slco1c1
Gm37894,0.002143513,0.004550347,0.003,0.001,1,0,Gm37894
Bcap31,0.0021441,-0.031889416,0.317,0.347,1,0,Bcap31
Gm35290,0.002149673,0.006314232,0.003,0.001,1,0,Gm35290
Mrpl58,0.002150455,-0.045259243,0.115,0.133,1,0,Mrpl58
Lnpk,0.002152017,-0.062529602,0.066,0.08,1,0,Lnpk
Acat2,0.002152765,-0.017707237,0.017,0.024,1,0,Acat2
Ruvbl1,0.002152937,-0.01529793,0.082,0.098,1,0,Ruvbl1
Gm8101,0.00215599,0.015710405,0.008,0.005,1,0,Gm8101
Gm43229,0.002156626,0.005622116,0.003,0.001,1,0,Gm43229
Kansl2,0.002159765,-0.029173905,0.02,0.028,1,0,Kansl2
P2ry10b,0.002161098,-0.012358605,0.044,0.056,1,0,P2ry10b
Polr2j,0.002162233,-0.030075961,0.087,0.103,1,0,Polr2j
Gm43860,0.002163462,0.016291197,0.004,0.002,1,0,Gm43860
Heph,0.002167932,-0.018621507,0.007,0.012,1,0,Heph
Med1,0.002170086,-0.051798157,0.106,0.123,1,0,Med1
Pcgf6,0.002172832,-0.026520119,0.018,0.025,1,0,Pcgf6
Mcmbp,0.002179502,-0.062081352,0.103,0.12,1,0,Mcmbp
9130002K18Rik,0.002182319,0.011673937,0.008,0.005,1,0,9130002K18Rik
Gyg,0.002184126,-0.049425417,0.039,0.05,1,0,Gyg
L1cam,0.002186958,-0.033015371,0.001,0.004,1,0,L1cam
Casq1,0.002187423,-0.046365679,0.001,0.004,1,0,Casq1
Tspyl1,0.002188112,-0.035704251,0.086,0.102,1,0,Tspyl1
Tle3,0.002188294,0.031003094,0.106,0.091,1,0,Tle3
Kmt5c,0.002192102,0.046765856,0.059,0.048,1,0,Kmt5c
Akap11,0.00219678,-0.053978179,0.098,0.114,1,0,Akap11
Fnip2,0.002200839,0.039354419,0.044,0.034,1,0,Fnip2
Galnt10,0.002203483,-0.028970893,0.067,0.081,1,0,Galnt10
Psd,0.002205641,0.036892715,0.058,0.047,1,0,Psd
Hdac6,0.002215629,-0.005315689,0.012,0.019,1,0,Hdac6
Nudt3,0.002221891,0.06018018,0.097,0.084,1,0,Nudt3
Shld2,0.002232177,-0.02605228,0.012,0.018,1,0,Shld2
Fam131a,0.002233124,-0.023167913,0.007,0.013,1,0,Fam131a
Hipk3,0.002239911,0.067732584,0.135,0.121,1,0,Hipk3
Tomm34,0.002240136,0.053681137,0.087,0.074,1,0,Tomm34
Gmppa,0.002240417,-0.031198693,0.099,0.116,1,0,Gmppa
Gpsm2,0.002241187,-0.016387176,0.056,0.069,1,0,Gpsm2
Csrp3,0.002243273,-0.056568947,0.001,0.003,1,0,Csrp3
Rmdn2,0.002244372,-0.009281522,0.026,0.035,1,0,Rmdn2
Brf1,0.002252389,-0.051939205,0.088,0.103,1,0,Brf1
Prph,0.002261518,-0.010487383,0.001,0.003,1,0,Prph
Ethe1,0.00226287,-0.028117303,0.039,0.05,1,0,Ethe1
C530008M17Rik,0.002263799,-0.018311921,0.003,0.007,1,0,C530008M17Rik
Dynll2,0.002265563,-0.051204149,0.168,0.189,1,0,Dynll2
Gm6598,0.002265773,-0.015630362,0.004,0.008,1,0,Gm6598
Pgls,0.002268029,0.077008239,0.238,0.224,1,0,Pgls
Tmem203,0.002273464,-0.032537716,0.031,0.041,1,0,Tmem203
Hlcs,0.002273572,0.043495565,0.032,0.024,1,0,Hlcs
Lmod3,0.002276105,-0.041481583,0.001,0.004,1,0,Lmod3
Ciapin1,0.002280892,-0.012450024,0.029,0.039,1,0,Ciapin1
Cnpy3,0.002282508,-0.032503545,0.076,0.091,1,0,Cnpy3
Gm48562,0.002290064,0.014073615,0.014,0.009,1,0,Gm48562
Mpc2,0.002296736,-0.063870371,0.296,0.323,1,0,Mpc2
Ppp4r2,0.002304049,0.047204497,0.192,0.175,1,0,Ppp4r2
Gm42820,0.002306748,0.008204875,0.007,0.004,1,0,Gm42820
Kdelr2,0.002313743,-0.063435454,0.393,0.412,1,0,Kdelr2
Zfp180,0.002328844,-0.023778533,0.05,0.063,1,0,Zfp180
Zfp747,0.002328852,-0.02843994,0.013,0.02,1,0,Zfp747
Sil1,0.00233061,-0.024018261,0.076,0.091,1,0,Sil1
Src,0.002331962,0.046672476,0.053,0.043,1,0,Src
BC048403,0.002337517,0.016759802,0.012,0.008,1,0,BC048403
Gm4204,0.002338615,-0.027790999,0.097,0.114,1,0,Gm4204
Hpca,0.002341947,-0.009189216,0,0.002,1,0,Hpca
Ly75,0.002345392,-0.003139282,0,0.002,1,0,Ly75
Myo1h,0.002346427,-0.005131664,0,0.002,1,0,Myo1h
Eif2b5,0.002347658,-0.016875953,0.053,0.066,1,0,Eif2b5
E330032C10Rik,0.002348843,-0.003220905,0,0.002,1,0,E330032C10Rik
Gm45220,0.002358197,0.013103253,0.009,0.005,1,0,Gm45220
Scn8a,0.002377285,0.011046409,0.009,0.005,1,0,Scn8a
Crybg1,0.002382244,-0.025884281,0.002,0.005,1,0,Crybg1
Catip,0.002389443,-0.013475778,0.002,0.005,1,0,Catip
Gucd1,0.002389891,-0.02767634,0.028,0.037,1,0,Gucd1
Snrnp70,0.002391574,-0.076693604,0.474,0.498,1,0,Snrnp70
Pbdc1,0.002409013,-0.038766298,0.209,0.233,1,0,Pbdc1
Gtpbp3,0.002412016,-0.021019073,0.014,0.021,1,0,Gtpbp3
Lzts3,0.002412699,0.02346422,0.019,0.013,1,0,Lzts3
Ube2ql1,0.002416564,-0.004714298,0.001,0.003,1,0,Ube2ql1
Gm4876,0.002416564,-0.009155646,0.001,0.003,1,0,Gm4876
Klf9,0.00241793,-0.128174682,0.602,0.609,1,0,Klf9
Slc16a10,0.002419002,0.020413034,0.022,0.015,1,0,Slc16a10
D230025D16Rik,0.002429932,-0.021430818,0.014,0.021,1,0,D230025D16Rik
Gm5566,0.002436146,-0.013630997,0.017,0.024,1,0,Gm5566
Proca1,0.0024386,-0.022073751,0.014,0.021,1,0,Proca1
Cul4b,0.002441362,-0.018045646,0.039,0.05,1,0,Cul4b
Pramef12,0.002442591,-0.005125745,0,0.002,1,0,Pramef12
Syndig1,0.002442591,-0.00663814,0,0.002,1,0,Syndig1
Ccl12,0.002442591,-0.022338306,0,0.002,1,0,Ccl12
Tyw3,0.002442783,-0.016324894,0.006,0.011,1,0,Tyw3
Ankle1,0.002454611,-0.005860789,0,0.003,1,0,Ankle1
2610011E03Rik,0.002457574,-0.011001067,0,0.003,1,0,2610011E03Rik
Zfp383,0.002462727,-0.020213941,0.016,0.024,1,0,Zfp383
5033406O09Rik,0.002464502,-0.006184322,0,0.003,1,0,5033406O09Rik
Prss35,0.002468913,-0.010322666,0.01,0.016,1,0,Prss35
Mvp,0.002469909,0.060100967,0.175,0.159,1,0,Mvp
Gbx2,0.002471447,-0.003297711,0,0.003,1,0,Gbx2
Prkce,0.002476656,0.041645931,0.068,0.056,1,0,Prkce
Ebp,0.002477341,-0.016708403,0.123,0.142,1,0,Ebp
Ddx51,0.002479544,-0.030379989,0.015,0.022,1,0,Ddx51
Slc35f6,0.002485057,-0.025359723,0.028,0.037,1,0,Slc35f6
Nr1h3,0.002485123,-0.056180877,0.029,0.038,1,0,Nr1h3
Ldb1,0.002488597,0.034152441,0.1,0.086,1,0,Ldb1
Ube2j2,0.002490978,-0.031170357,0.082,0.098,1,0,Ube2j2
Sdhc,0.002493463,-0.044122772,0.189,0.212,1,0,Sdhc
Gm42551,0.002493708,0.027612491,0.019,0.013,1,0,Gm42551
Gm15576,0.002494921,0.004841241,0.002,0.001,1,0,Gm15576
E2f3,0.002501622,-0.008333756,0.031,0.041,1,0,E2f3
2810428J06Rik,0.00250229,0.015495587,0.015,0.009,1,0,2810428J06Rik
A530020G20Rik,0.002506963,-0.017739154,0.004,0.008,1,0,A530020G20Rik
Sox12,0.002507526,-0.009252303,0.004,0.008,1,0,Sox12
Isca2,0.002509048,-0.054708458,0.063,0.076,1,0,Isca2
Sod2,0.002511543,-0.075237806,0.176,0.196,1,0,Sod2
Gm43637,0.002512994,0.009422176,0.005,0.002,1,0,Gm43637
Slc22a15,0.002513653,-0.02557246,0.019,0.026,1,0,Slc22a15
Gm5778,0.002520353,-0.010634086,0.007,0.012,1,0,Gm5778
Lcmt2,0.002542108,-0.034479008,0.014,0.021,1,0,Lcmt2
Ubap2,0.002544973,-0.03025851,0.075,0.089,1,0,Ubap2
Cpsf6,0.002548773,-0.02380551,0.094,0.111,1,0,Cpsf6
Foxn3,0.002559168,0.064530155,0.254,0.236,1,0,Foxn3
Epc1,0.002572379,-0.057520747,0.109,0.125,1,0,Epc1
Nceh1,0.00257363,-0.050059237,0.036,0.046,1,0,Nceh1
Grhpr,0.002577287,-0.017391855,0.029,0.039,1,0,Grhpr
Gm29488,0.002588533,0.016029418,0.005,0.003,1,0,Gm29488
Nol11,0.002594937,-0.023002744,0.055,0.067,1,0,Nol11
Rpph1,0.002600809,-0.011591778,0.005,0.01,1,0,Rpph1
Brwd1,0.002603492,-0.043456471,0.115,0.133,1,0,Brwd1
Gm43533,0.002614989,0.009709363,0.005,0.003,1,0,Gm43533
Efr3a,0.002621361,0.060311792,0.226,0.21,1,0,Efr3a
Ctsh,0.002627682,0.116717725,0.296,0.281,1,0,Ctsh
Ptrhd1,0.00262938,-0.026098183,0.042,0.053,1,0,Ptrhd1
Add2,0.002631829,-0.008596915,0.001,0.004,1,0,Add2
Zdhhc4,0.002634044,-0.034882454,0.048,0.06,1,0,Zdhhc4
Arl2bp,0.002637415,-0.053408643,0.138,0.157,1,0,Arl2bp
Fzd8,0.002644141,-0.026106737,0.036,0.046,1,0,Fzd8
Tnk2,0.002647253,-0.019881561,0.012,0.018,1,0,Tnk2
Gm45258,0.002649952,-0.006890775,0.001,0.004,1,0,Gm45258
Ism1,0.002650062,-0.065521522,0.066,0.079,1,0,Ism1
Samd4,0.002650506,-0.040559719,0.129,0.148,1,0,Samd4
Inafm2,0.002657004,-0.026003182,0.013,0.02,1,0,Inafm2
Zfp451,0.002663013,-0.043366349,0.107,0.124,1,0,Zfp451
Nfix,0.00267329,-0.082681859,0.517,0.531,1,0,Nfix
Efcab1,0.002673753,0.007569009,0.006,0.003,1,0,Efcab1
Pnkd,0.002675091,-0.053253955,0.066,0.079,1,0,Pnkd
Ldlrad2,0.002679441,-0.015935989,0.003,0.007,1,0,Ldlrad2
Gls,0.00268469,-0.065864461,0.263,0.285,1,0,Gls
Cactin,0.002697836,-0.037849932,0.032,0.041,1,0,Cactin
Emc4,0.002705938,-0.02019159,0.086,0.102,1,0,Emc4
Gm37352,0.002712595,-0.015967265,0.002,0.006,1,0,Gm37352
Zdbf2,0.002715157,-0.034933082,0.002,0.006,1,0,Zdbf2
Hspb7,0.002715935,-0.022343556,0.001,0.003,1,0,Hspb7
Pcsk1,0.002719107,-0.032328685,0.001,0.003,1,0,Pcsk1
Dusp15,0.002721012,-0.031332854,0.001,0.003,1,0,Dusp15
Mcu,0.002723776,0.060248695,0.112,0.099,1,0,Mcu
Gm14539,0.002723997,-0.009076573,0.004,0.009,1,0,Gm14539
Smyd5,0.002728485,-0.019578609,0.022,0.03,1,0,Smyd5
Tspan7,0.002733674,-0.051613421,0.023,0.031,1,0,Tspan7
Nf1,0.002736877,-0.044181941,0.077,0.092,1,0,Nf1
Slc35g2,0.002737712,-0.004604158,0.006,0.011,1,0,Slc35g2
Itga2b,0.00273968,-0.032458089,0.044,0.055,1,0,Itga2b
Cd80,0.00274192,-0.014518397,0.014,0.021,1,0,Cd80
Me3,0.002745336,0.013940234,0.022,0.015,1,0,Me3
Gm45716,0.002745611,-0.010647763,0.001,0.004,1,0,Gm45716
Abcg1,0.002748497,-0.031165887,0.012,0.018,1,0,Abcg1
A930004D18Rik,0.002749158,-0.003332317,0.003,0.007,1,0,A930004D18Rik
Clns1a,0.002754904,-6.48E-05,0.089,0.106,1,0,Clns1a
Glrx3,0.002760542,-0.038084987,0.225,0.249,1,0,Glrx3
Ppp3ca,0.00276088,-0.050573103,0.273,0.3,1,0,Ppp3ca
Gm7588,0.002763977,-0.00589602,0.001,0.004,1,0,Gm7588
Slc24a3,0.002764233,-0.030171505,0.013,0.019,1,0,Slc24a3
Klhl32,0.002767778,0.020329057,0.015,0.01,1,0,Klhl32
Stx16,0.002769376,0.038103693,0.112,0.098,1,0,Stx16
Lypd6,0.002770326,0.014166311,0.006,0.003,1,0,Lypd6
Gm16638,0.002773038,-0.012326563,0.002,0.006,1,0,Gm16638
Gm43848,0.002778175,0.023518203,0.012,0.008,1,0,Gm43848
Plin4,0.002783108,-0.015354057,0.002,0.006,1,0,Plin4
Kin,0.002784946,0.036412509,0.124,0.11,1,0,Kin
Nubp2,0.002788349,-0.016237425,0.045,0.057,1,0,Nubp2
Ccar1,0.002792452,0.043155571,0.336,0.316,1,0,Ccar1
Psmd4,0.002802632,-0.064147043,0.299,0.323,1,0,Psmd4
Kif6,0.002804889,0.007594402,0.003,0.001,1,0,Kif6
Bhlhb9,0.002809023,-0.014663905,0.029,0.039,1,0,Bhlhb9
4933437G19Rik,0.002817157,-0.01817185,0.002,0.005,1,0,4933437G19Rik
Cdc23,0.00281742,-0.020873498,0.013,0.019,1,0,Cdc23
Gpr137,0.002819749,-0.029137195,0.041,0.052,1,0,Gpr137
Cox6b1,0.002824294,-0.084314218,0.504,0.516,1,0,Cox6b1
Pole3,0.002824696,-0.038163357,0.126,0.145,1,0,Pole3
AC132307.1,0.002824839,-0.010087573,0.002,0.005,1,0,AC132307.1
Plekho1,0.002828067,0.034815514,0.033,0.025,1,0,Plekho1
Tbxa2r,0.002831504,-0.010922267,0.002,0.005,1,0,Tbxa2r
Cyfip2,0.002833536,0.011367482,0.003,0.001,1,0,Cyfip2
Mrpl45,0.002834385,-0.027914964,0.074,0.089,1,0,Mrpl45
Gm49058,0.002835586,0.006327817,0.003,0.001,1,0,Gm49058
Gm11131,0.002836722,0.024944921,0.012,0.007,1,0,Gm11131
Mterf1a,0.002842405,-0.012369609,0.002,0.005,1,0,Mterf1a
4933421O10Rik,0.002845372,-0.023235802,0.032,0.042,1,0,4933421O10Rik
Gm48933,0.002850264,0.013606343,0.007,0.003,1,0,Gm48933
Cdon,0.002855929,0.046765317,0.215,0.195,1,0,Cdon
Helz2,0.002856464,-0.060222003,0.094,0.109,1,0,Helz2
C230035I16Rik,0.002861911,-0.009412389,0.002,0.005,1,0,C230035I16Rik
Muc1,0.00286424,-0.010566609,0.006,0.011,1,0,Muc1
Klk8,0.002875973,-0.0200831,0,0.002,1,0,Klk8
Art4,0.00287724,-0.008460373,0,0.002,1,0,Art4
Pcx,0.00287847,-0.01605715,0.005,0.01,1,0,Pcx
9430034N14Rik,0.002879741,0.024548514,0.026,0.019,1,0,9430034N14Rik
Ccdc91,0.002881816,0.043161672,0.091,0.079,1,0,Ccdc91
Gatad1,0.002882625,-0.034392843,0.123,0.141,1,0,Gatad1
Irf2bp1,0.002889887,-0.037753196,0.022,0.03,1,0,Irf2bp1
Hivep1,0.002891401,-0.035487563,0.072,0.086,1,0,Hivep1
Mettl22,0.002893301,-0.032993003,0.01,0.015,1,0,Mettl22
Cldnd1,0.002895946,-0.052349257,0.184,0.207,1,0,Cldnd1
Dhx40,0.002904991,-0.048138681,0.112,0.129,1,0,Dhx40
Pemt,0.002911221,-0.013498498,0.006,0.01,1,0,Pemt
Med10,0.002917916,-0.028518689,0.13,0.149,1,0,Med10
Olfr78,0.002919342,-0.025871533,0.001,0.003,1,0,Olfr78
Mlycd,0.002921268,-0.025397547,0.02,0.028,1,0,Mlycd
Trmt12,0.002922003,-0.013493883,0.004,0.008,1,0,Trmt12
Lpar3,0.002931309,-0.00862856,0.001,0.003,1,0,Lpar3
Gins3,0.002952347,-0.011908104,0.009,0.014,1,0,Gins3
Rassf5,0.002962439,0.036409782,0.04,0.032,1,0,Rassf5
Hnrnpl,0.002971958,-0.053232338,0.231,0.255,1,0,Hnrnpl
Prex1,0.002977494,-0.03804281,0.016,0.023,1,0,Prex1
Prpf18,0.002979668,-0.027070977,0.059,0.071,1,0,Prpf18
Drosha,0.002985837,0.047511969,0.093,0.08,1,0,Drosha
Amn,0.003000173,-0.00621801,0.001,0.004,1,0,Amn
Clec9a,0.003002846,-0.010995097,0,0.003,1,0,Clec9a
Cd93,0.003003247,-0.016724753,0,0.003,1,0,Cd93
Prdm1,0.00300686,-0.012254032,0,0.003,1,0,Prdm1
Lrrc23,0.00300927,-0.01149718,0,0.003,1,0,Lrrc23
Tab1,0.003010414,-0.020622159,0.016,0.024,1,0,Tab1
Hist1h3c,0.003012328,-0.002639666,0,0.002,1,0,Hist1h3c
Gcnt4,0.003012328,-0.004364976,0,0.002,1,0,Gcnt4
BC030867,0.003012328,-0.006188783,0,0.002,1,0,BC030867
Kcnmb1,0.003012328,-0.008939315,0,0.002,1,0,Kcnmb1
Pmfbp1,0.003012328,-0.010326058,0,0.002,1,0,Pmfbp1
Drd1,0.003012328,-0.010453966,0,0.002,1,0,Drd1
Cdr1os,0.003012889,-0.007346917,0,0.003,1,0,Cdr1os
Smim27,0.003013379,0.03639749,0.145,0.129,1,0,Smim27
Trappc3,0.003026207,-0.054053268,0.118,0.136,1,0,Trappc3
Thg1l,0.003039892,-0.016776935,0.013,0.019,1,0,Thg1l
Max,0.003041919,-0.044664807,0.1,0.116,1,0,Max
Simc1,0.003045841,0.046021383,0.036,0.028,1,0,Simc1
Gm44164,0.003053326,0.038369492,0.025,0.018,1,0,Gm44164
2200002D01Rik,0.003057813,-0.019398489,0.02,0.028,1,0,2200002D01Rik
Ift74,0.003068451,-0.047342624,0.122,0.139,1,0,Ift74
Ccdc137,0.003068552,-0.046126182,0.073,0.087,1,0,Ccdc137
Itm2c,0.003069202,-0.066452441,0.33,0.354,1,0,Itm2c
Ssna1,0.003070475,-0.028845334,0.139,0.159,1,0,Ssna1
Gpam,0.003071343,0.045804949,0.052,0.042,1,0,Gpam
Lyrm2,0.003080587,-0.015573212,0.065,0.079,1,0,Lyrm2
Ndufaf8,0.003083763,-0.033099068,0.126,0.144,1,0,Ndufaf8
Nek1,0.003083974,0.038852246,0.111,0.097,1,0,Nek1
Cd59b,0.003088754,-0.012728474,0.003,0.007,1,0,Cd59b
Crtc3,0.003088757,0.01750071,0.12,0.105,1,0,Crtc3
Chrna1os,0.003089929,-0.008686157,0.012,0.018,1,0,Chrna1os
Mbd3,0.003107218,-0.013605691,0.142,0.162,1,0,Mbd3
Mrpl34,0.003130036,-0.033590545,0.117,0.135,1,0,Mrpl34
Gm5917,0.003132835,-0.009905487,0.005,0.009,1,0,Gm5917
Eya2,0.003138552,-0.016555394,0.014,0.02,1,0,Eya2
Gm8822,0.003147817,-0.005501901,0.005,0.009,1,0,Gm8822
B4galt3,0.003149023,-0.024028511,0.004,0.008,1,0,B4galt3
Emc3,0.003150396,-0.027459268,0.178,0.2,1,0,Emc3
Gprasp2,0.003151764,-0.036774809,0.007,0.012,1,0,Gprasp2
Ttbk2,0.003152431,0.041779669,0.073,0.061,1,0,Ttbk2
Actr8,0.003153584,-0.031523227,0.051,0.063,1,0,Actr8
Parg,0.003155224,-0.052144585,0.091,0.107,1,0,Parg
Ubp1,0.003165076,-0.031097552,0.084,0.099,1,0,Ubp1
Ccdc69,0.003170505,-0.009101992,0.001,0.004,1,0,Ccdc69
Gm44891,0.003173643,0.008372174,0.002,0.001,1,0,Gm44891
Etf1,0.003175287,0.057588946,0.321,0.305,1,0,Etf1
Acy1,0.003177265,-0.008805716,0.015,0.022,1,0,Acy1
Sh3tc1,0.003177708,0.006228972,0.002,0.001,1,0,Sh3tc1
Gm13470,0.003178939,-0.019804394,0.006,0.011,1,0,Gm13470
Lyzl4,0.003186823,-0.001671573,0.001,0.004,1,0,Lyzl4
Ccs,0.003195449,-0.021768404,0.091,0.107,1,0,Ccs
Atp9b,0.0032054,0.071394795,0.077,0.065,1,0,Atp9b
Tsta3,0.003212564,-0.020674041,0.054,0.067,1,0,Tsta3
Prox2os,0.003214217,0.009217533,0.004,0.002,1,0,Prox2os
Map4k3,0.003222152,-0.034605475,0.053,0.065,1,0,Map4k3
Ercc6,0.003234952,-0.013705655,0.023,0.031,1,0,Ercc6
Ndufb4,0.003235407,-0.05588512,0.227,0.251,1,0,Ndufb4
Mrps31,0.003244094,-0.02544448,0.039,0.05,1,0,Mrps31
Rhot1,0.003248906,-0.050729113,0.059,0.071,1,0,Rhot1
Gm48226,0.003259837,-0.023812918,0.009,0.014,1,0,Gm48226
Ttc9c,0.003261624,-0.019270634,0.052,0.064,1,0,Ttc9c
Ube2e2,0.003266696,0.03565782,0.092,0.079,1,0,Ube2e2
Wscd2,0.003271328,-0.013297715,0.001,0.004,1,0,Wscd2
Gm26917,0.003272313,0.014805236,0.06,0.05,1,0,Gm26917
Pxylp1,0.003274055,-0.001770865,0.038,0.049,1,0,Pxylp1
Lyar,0.003275549,-0.059526358,0.15,0.169,1,0,Lyar
Gmpr,0.003279539,-0.014416855,0.001,0.004,1,0,Gmpr
Pip4k2c,0.003280241,-0.056372711,0.077,0.091,1,0,Pip4k2c
Ppp4c,0.003286181,0.081472211,0.18,0.166,1,0,Ppp4c
Mthfd2l,0.003287924,-0.022598547,0.038,0.048,1,0,Mthfd2l
Ablim3,0.003296515,-0.012632674,0.001,0.003,1,0,Ablim3
Cdh4,0.003296897,-0.013315295,0.001,0.003,1,0,Cdh4
Arhgap5,0.003297252,0.050864241,0.283,0.265,1,0,Arhgap5
Pcyt1b,0.003301489,-0.009549178,0.001,0.003,1,0,Pcyt1b
Tyw5,0.003309251,-0.023506402,0.027,0.036,1,0,Tyw5
2810021J22Rik,0.00330936,-0.02543241,0.009,0.014,1,0,2810021J22Rik
Map4k2,0.003309679,-0.016910958,0.009,0.014,1,0,Map4k2
Rap1gap,0.003311456,-0.014786554,0.001,0.003,1,0,Rap1gap
Gm16845,0.003316835,-0.007963493,0.001,0.003,1,0,Gm16845
Wdr33,0.003317996,-0.052055452,0.139,0.157,1,0,Wdr33
Phf23,0.003318642,-0.04479268,0.1,0.116,1,0,Phf23
Htt,0.003319164,0.044925606,0.051,0.041,1,0,Htt
Psmg3,0.003324039,-0.018973438,0.046,0.058,1,0,Psmg3
Eif3c,0.003325843,-0.075387819,0.476,0.493,1,0,Eif3c
Aatf,0.003332129,-0.047797573,0.06,0.072,1,0,Aatf
Cdc25b,0.003340421,-0.009475892,0.007,0.012,1,0,Cdc25b
Rnf169,0.003346214,0.030775476,0.038,0.03,1,0,Rnf169
Gnpnat1,0.003351663,0.01266712,0.006,0.003,1,0,Gnpnat1
Clasrp,0.003351857,-0.035120514,0.053,0.065,1,0,Clasrp
Tbc1d2b,0.003353143,0.062913857,0.136,0.122,1,0,Tbc1d2b
Apbb1ip,0.003357102,0.068508077,0.291,0.276,1,0,Apbb1ip
Susd1,0.003364003,-0.011045052,0.002,0.005,1,0,Susd1
Gm17092,0.003368554,-0.005000157,0.002,0.005,1,0,Gm17092
Tulp4,0.00336873,-0.028612689,0.141,0.161,1,0,Tulp4
Klf11,0.003369466,-0.029631239,0.029,0.038,1,0,Klf11
Maob,0.00337712,0.002774365,0.093,0.079,1,0,Maob
Nbeal1,0.003384015,-0.081977237,0.154,0.172,1,0,Nbeal1
Ncoa5,0.003393093,0.041440787,0.049,0.04,1,0,Ncoa5
Smim10l1,0.003393655,-0.070732533,0.257,0.28,1,0,Smim10l1
9-Mar,0.003401694,0.01174122,0.008,0.004,1,0,9-Mar
Tmem30a,0.00340388,-0.06549915,0.319,0.343,1,0,Tmem30a
Apc,0.00342694,-0.092280081,0.148,0.166,1,0,Apc
Rnd3,0.003431591,0.043609639,0.381,0.364,1,0,Rnd3
Plaa,0.003437133,-0.015087135,0.082,0.097,1,0,Plaa
Cd1d1,0.003437422,-0.016473267,0.017,0.024,1,0,Cd1d1
Dhx9,0.003438788,-0.034501576,0.156,0.177,1,0,Dhx9
Hoxb6,0.003440705,0.022638105,0.012,0.007,1,0,Hoxb6
Ppm1d,0.00344357,-0.032312559,0.018,0.025,1,0,Ppm1d
Dcun1d3,0.003457355,0.024771993,0.074,0.062,1,0,Dcun1d3
Parva,0.003477613,-0.051015794,0.226,0.249,1,0,Parva
Dnajc19,0.003478902,-0.043016219,0.165,0.185,1,0,Dnajc19
1500011B03Rik,0.003486285,-0.016761088,0.062,0.076,1,0,1500011B03Rik
Ube2d-ps,0.003495159,-0.031399486,0.058,0.07,1,0,Ube2d-ps
Wipf1,0.003506621,0.04721585,0.274,0.256,1,0,Wipf1
Urm1,0.003521289,-0.031443946,0.069,0.083,1,0,Urm1
Eif4g1,0.003530623,-0.077483199,0.43,0.447,1,0,Eif4g1
Cwf19l2,0.003532433,0.04389914,0.168,0.152,1,0,Cwf19l2
Gm11837,0.003539055,-0.008311861,0,0.002,1,0,Gm11837
Gm6645,0.003540612,-0.009700599,0,0.002,1,0,Gm6645
Syt7,0.003541131,-0.006442951,0,0.002,1,0,Syt7
Arhgef15,0.003542689,-0.008580518,0,0.002,1,0,Arhgef15
Raet1e,0.003546847,-0.002940823,0,0.002,1,0,Raet1e
Gm16096,0.003547367,-0.005997357,0,0.002,1,0,Gm16096
Adgrb3,0.003548407,-0.006603112,0,0.002,1,0,Adgrb3
Plekhg4,0.003550289,-0.009388661,0.003,0.006,1,0,Plekhg4
Synrg,0.003551787,0.035463508,0.083,0.071,1,0,Synrg
Ubxn6,0.003551846,-0.027624656,0.027,0.036,1,0,Ubxn6
Gm13056,0.003560864,-0.013407875,0.001,0.004,1,0,Gm13056
Ckmt2,0.003566718,-0.051089192,0.001,0.004,1,0,Ckmt2
Abcb1a,0.003567938,-0.031876224,0.007,0.012,1,0,Abcb1a
Gm43672,0.003570008,-0.008826214,0.001,0.003,1,0,Gm43672
Reg1,0.00357309,-0.015629871,0.001,0.003,1,0,Reg1
Cdh3,0.003575293,-0.003600036,0.001,0.003,1,0,Cdh3
Ppp1r3d,0.003577088,-0.018507661,0.003,0.007,1,0,Ppp1r3d
Lyz2,0.00357841,-0.154387519,0.021,0.029,1,0,Lyz2
Hoxd4,0.003587079,-0.011177701,0.001,0.004,1,0,Hoxd4
Col4a6,0.003587079,-0.014053319,0.001,0.004,1,0,Col4a6
Gm5535,0.003587472,-0.005659796,0.001,0.004,1,0,Gm5535
Gm21917,0.003591793,-0.010892618,0.001,0.004,1,0,Gm21917
Maged1,0.003596174,-0.044810139,0.368,0.392,1,0,Maged1
Ankzf1,0.003596299,-0.027184638,0.028,0.037,1,0,Ankzf1
Kctd14,0.003604785,-0.006281901,0.001,0.004,1,0,Kctd14
Dgcr6,0.003617665,-0.023687553,0.061,0.073,1,0,Dgcr6
Zfp574,0.003619422,-0.029062878,0.011,0.017,1,0,Zfp574
Sema6a,0.003619728,-0.104777668,0.035,0.045,1,0,Sema6a
Slc19a2,0.003624061,-0.016155239,0.015,0.021,1,0,Slc19a2
Gm37967,0.003632132,0.010111003,0.009,0.005,1,0,Gm37967
Ccnh,0.003637579,-0.050398501,0.114,0.13,1,0,Ccnh
Matn4,0.00363878,0.00561897,0.02,0.014,1,0,Matn4
Helz,0.003641091,0.058166158,0.12,0.107,1,0,Helz
Hebp1,0.003642844,0.046143836,0.096,0.083,1,0,Hebp1
Gm48783,0.003655133,0.004331518,0.003,0.001,1,0,Gm48783
Gm48438,0.003656308,0.006508759,0.003,0.001,1,0,Gm48438
Gm11662,0.003656308,0.005971058,0.003,0.001,1,0,Gm11662
Gm15852,0.003661035,0.011766518,0.005,0.002,1,0,Gm15852
Apex2,0.003663602,-0.020694954,0.019,0.026,1,0,Apex2
4930579J19Rik,0.003665131,0.004953493,0.003,0.001,1,0,4930579J19Rik
Frmd3,0.003677026,-0.016556689,0,0.003,1,0,Frmd3
B830012L14Rik,0.003680411,0.031205449,0.046,0.037,1,0,B830012L14Rik
Ache,0.00368486,-0.012560637,0,0.003,1,0,Ache
6720489N17Rik,0.003689967,0.023249652,0.014,0.009,1,0,6720489N17Rik
Dmpk,0.003691164,0.015025858,0.103,0.089,1,0,Dmpk
Cnnm4,0.003696612,0.018422685,0.032,0.024,1,0,Cnnm4
Mfsd1,0.003704336,0.076454707,0.127,0.114,1,0,Mfsd1
Lamtor3,0.003714757,-0.031029662,0.107,0.124,1,0,Lamtor3
Cd40,0.003715754,0.008280695,0.003,0.001,1,0,Cd40
Ppargc1a,0.003716613,-0.022525039,0.002,0.006,1,0,Ppargc1a
Hs3st5,0.003717475,-0.00504351,0,0.002,1,0,Hs3st5
Syt9,0.003717475,-0.005728179,0,0.002,1,0,Syt9
AI467606,0.003717475,-0.005893751,0,0.002,1,0,AI467606
Ccdc146,0.003717475,-0.006686113,0,0.002,1,0,Ccdc146
Adrb1,0.003717475,-0.007797655,0,0.002,1,0,Adrb1
Mctp1,0.003717475,-0.008035992,0,0.002,1,0,Mctp1
Adra2b,0.003717475,-0.016825465,0,0.002,1,0,Adra2b
Trim63,0.003717475,-0.017247894,0,0.002,1,0,Trim63
Fopnl,0.003721347,-0.020020246,0.123,0.141,1,0,Fopnl
Hs3st3a1,0.00372155,-0.016124067,0.003,0.007,1,0,Hs3st3a1
Gcdh,0.003729759,-0.025642785,0.029,0.038,1,0,Gcdh
Apbb1,0.003738426,-0.028087961,0.032,0.042,1,0,Apbb1
Tbk1,0.003742526,0.04928798,0.086,0.074,1,0,Tbk1
Nacad,0.003749837,-0.017519049,0.003,0.007,1,0,Nacad
Mutyh,0.003751114,-0.016730183,0.002,0.006,1,0,Mutyh
Ccdc115,0.00375464,-0.028950409,0.045,0.056,1,0,Ccdc115
2700069I18Rik,0.003755361,-0.011325593,0.004,0.008,1,0,2700069I18Rik
Bace1,0.003764514,-0.035194719,0.123,0.14,1,0,Bace1
Cav3,0.003769871,-0.019816916,0.001,0.004,1,0,Cav3
Serpinb6c,0.003771048,-0.013061545,0.001,0.004,1,0,Serpinb6c
Psmd6,0.00377281,-0.036029287,0.187,0.21,1,0,Psmd6
Gm10095,0.003774163,-0.007954052,0.032,0.042,1,0,Gm10095
Znrf2,0.003787656,0.032955665,0.053,0.043,1,0,Znrf2
C130074G19Rik,0.003789535,-0.021244193,0.001,0.004,1,0,C130074G19Rik
Eef1akmt3,0.003805018,-0.009035445,0.009,0.015,1,0,Eef1akmt3
AI661453,0.003810628,-0.005516261,0.011,0.017,1,0,AI661453
Sec23ip,0.003812361,0.051508173,0.147,0.133,1,0,Sec23ip
Zfp160,0.003826701,-0.032787472,0.038,0.048,1,0,Zfp160
Fastkd1,0.003827619,-0.039711047,0.016,0.022,1,0,Fastkd1
Zdhhc12,0.00382781,-0.007777039,0.011,0.017,1,0,Zdhhc12
Gm6368,0.003840326,-0.023332701,0.014,0.021,1,0,Gm6368
Farp1,0.003855827,0.03980028,0.098,0.085,1,0,Farp1
Tbpl1,0.003866852,-0.025681196,0.058,0.071,1,0,Tbpl1
Rpusd4,0.003868503,-0.019672551,0.016,0.023,1,0,Rpusd4
Ago3,0.003886934,-0.040591516,0.105,0.122,1,0,Ago3
Pag1,0.003890028,-0.018937283,0.004,0.007,1,0,Pag1
Prxl2b,0.003895119,0.019516049,0.041,0.032,1,0,Prxl2b
Pole,0.003904085,-0.006362465,0.002,0.005,1,0,Pole
Prkrip1,0.003905945,-0.025438639,0.078,0.093,1,0,Prkrip1
Flna,0.003910267,0.056830218,0.334,0.317,1,0,Flna
Ephx4,0.003915041,0.020857866,0.03,0.022,1,0,Ephx4
Trmt10c,0.003915089,-0.013443871,0.03,0.04,1,0,Trmt10c
Otud6b,0.003918389,-0.049960841,0.077,0.091,1,0,Otud6b
Zfp619,0.003928606,-0.009084469,0.001,0.004,1,0,Zfp619
Prps1l3,0.00393966,-0.009489699,0.01,0.015,1,0,Prps1l3
Gm19325,0.003941324,0.021193295,0.018,0.012,1,0,Gm19325
Nsl1,0.003944258,-0.005261431,0.001,0.004,1,0,Nsl1
Dmac2,0.003956681,-0.026252335,0.021,0.028,1,0,Dmac2
Tlk1,0.003960374,-0.034247168,0.079,0.093,1,0,Tlk1
Ccdc86,0.003968317,-0.021765859,0.042,0.052,1,0,Ccdc86
Tefm,0.003970606,-0.023393823,0.009,0.014,1,0,Tefm
Zfp689,0.003987299,-0.008455128,0.003,0.007,1,0,Zfp689
Apol6,0.003990093,-0.022176157,0.01,0.016,1,0,Apol6
Plpp7,0.00399024,-0.017137544,0.007,0.012,1,0,Plpp7
Klhl15,0.003993056,-0.02340629,0.015,0.022,1,0,Klhl15
Gstp-ps,0.004000624,-0.019153462,0.025,0.033,1,0,Gstp-ps
Cnksr2,0.00400273,-0.018905846,0.001,0.003,1,0,Cnksr2
Mtfr2,0.004006126,-0.008924979,0.003,0.007,1,0,Mtfr2
Slc35a4,0.004006262,-0.021797122,0.059,0.072,1,0,Slc35a4
Tmem267,0.004018883,-0.005157291,0.017,0.024,1,0,Tmem267
Ccdc18,0.004021148,-0.012917354,0.005,0.01,1,0,Ccdc18
H2-DMb1,0.004032811,-0.013952159,0.009,0.014,1,0,H2-DMb1
Chmp2b,0.004035313,-0.050097668,0.154,0.174,1,0,Chmp2b
Slc49a4,0.00403994,0.023925011,0.151,0.135,1,0,Slc49a4
Trim7,0.004046812,-0.011378381,0.004,0.008,1,0,Trim7
Ubr2,0.004053131,-0.045673064,0.114,0.13,1,0,Ubr2
Arsb,0.00406408,0.061815366,0.129,0.116,1,0,Arsb
Pop4,0.004076686,0.050363454,0.089,0.077,1,0,Pop4
Ophn1,0.004089536,0.023346218,0.083,0.071,1,0,Ophn1
Cluh,0.004101614,-0.026727514,0.059,0.071,1,0,Cluh
Psmc2,0.004103,-0.031179312,0.188,0.21,1,0,Psmc2
Gm38070,0.004103609,0.014837273,0.023,0.016,1,0,Gm38070
Etaa1,0.004110523,-0.030524986,0.03,0.039,1,0,Etaa1
Adamts9,0.004114199,-0.065390295,0.028,0.036,1,0,Adamts9
Tab2,0.004117105,-0.047482241,0.181,0.202,1,0,Tab2
Gm5914,0.00411768,-0.016843779,0.004,0.008,1,0,Gm5914
F8a,0.004117928,-0.016576818,0.01,0.016,1,0,F8a
Rom1,0.00411948,0.020113561,0.023,0.017,1,0,Rom1
Bag6,0.004120676,0.061119065,0.163,0.149,1,0,Bag6
Nub1,0.004127292,-0.042032133,0.082,0.097,1,0,Nub1
Mrpl11,0.004131921,-0.025370735,0.073,0.087,1,0,Mrpl11
2510046G10Rik,0.004138779,-0.014468277,0.003,0.006,1,0,2510046G10Rik
Gm5526,0.004140362,-0.010204855,0.016,0.023,1,0,Gm5526
Uqcr11,0.004151738,-0.087725778,0.372,0.393,1,0,Uqcr11
Gm6517,0.004152967,-0.010120107,0.003,0.006,1,0,Gm6517
Tmc6,0.004156131,-0.002190065,0.022,0.03,1,0,Tmc6
Ric8b,0.004156631,-0.049674271,0.043,0.053,1,0,Ric8b
Pip4p2,0.004164013,-0.007062195,0.054,0.066,1,0,Pip4p2
Abhd12,0.004167,-0.006667263,0.076,0.09,1,0,Abhd12
Cdo1,0.004170653,0.005487109,0.013,0.008,1,0,Cdo1
Rab30,0.004175031,0.053939677,0.095,0.082,1,0,Rab30
Polr1c,0.004178256,-0.027649922,0.093,0.109,1,0,Polr1c
Chchd4,0.004183415,-0.025027569,0.028,0.036,1,0,Chchd4
Taf15,0.004184311,-0.04619452,0.099,0.115,1,0,Taf15
Card19,0.00418932,-0.055815065,0.095,0.111,1,0,Card19
Setd6,0.004190328,0.008257546,0.04,0.031,1,0,Setd6
Ulk2,0.004197735,0.06047235,0.088,0.076,1,0,Ulk2
Spcs3,0.004215074,-0.022732353,0.147,0.167,1,0,Spcs3
Ino80,0.004217232,-0.042538856,0.089,0.104,1,0,Ino80
Gm15459,0.004225525,-0.014779684,0.016,0.023,1,0,Gm15459
Ddx50,0.004239927,0.063869295,0.322,0.307,1,0,Ddx50
Cox14,0.004246613,-0.068855012,0.231,0.253,1,0,Cox14
Eid2,0.004253261,0.029776638,0.036,0.028,1,0,Eid2
Rpl21-ps8,0.004275629,0.020465775,0.037,0.029,1,0,Rpl21-ps8
Coil,0.004279931,-0.026442086,0.021,0.029,1,0,Coil
Mtx3,0.004282707,-0.040512081,0.027,0.036,1,0,Mtx3
Cmtr1,0.004284228,0.032398689,0.026,0.019,1,0,Cmtr1
Nono,0.004287682,-0.026820067,0.171,0.192,1,0,Nono
Entpd7,0.004289444,-0.00904253,0.02,0.027,1,0,Entpd7
Mrpl50,0.004294828,-0.023998053,0.071,0.085,1,0,Mrpl50
Tmod4,0.004302814,-0.026005039,0.001,0.003,1,0,Tmod4
Aacs,0.004315474,-0.018135783,0.026,0.035,1,0,Aacs
Zfp507,0.004321803,-0.013146305,0.034,0.044,1,0,Zfp507
Ints11,0.00433142,-0.032797509,0.038,0.048,1,0,Ints11
Scpep1os,0.004332835,-0.007286526,0.001,0.003,1,0,Scpep1os
Lrrc3,0.004336234,-0.012936983,0.001,0.003,1,0,Lrrc3
Sap30,0.004343042,-0.01334975,0.006,0.011,1,0,Sap30
Coq5,0.004346084,-0.034760272,0.054,0.065,1,0,Coq5
Rexo2,0.004349159,-0.068403785,0.348,0.369,1,0,Rexo2
Faah,0.00435835,-0.010072396,0,0.002,1,0,Faah
Ramp3,0.004358988,-0.007574154,0,0.002,1,0,Ramp3
Rims1,0.004361541,-0.008225599,0,0.002,1,0,Rims1
Ccdc92,0.004363457,-0.006925689,0,0.002,1,0,Ccdc92
Gm15640,0.004366012,-0.003949439,0,0.002,1,0,Gm15640
Dipk1c,0.004368569,-0.005123207,0,0.002,1,0,Dipk1c
Csnk2a2,0.004377826,-0.061383391,0.12,0.137,1,0,Csnk2a2
2810403D21Rik,0.004382492,0.014475822,0.023,0.017,1,0,2810403D21Rik
Zmynd11,0.004383251,-0.090647516,0.293,0.315,1,0,Zmynd11
D430020J02Rik,0.004387191,-0.006990083,0.003,0.007,1,0,D430020J02Rik
Txndc5,0.004407666,0.061852727,0.365,0.349,1,0,Txndc5
B930036N10Rik,0.004412836,-0.0123883,0.003,0.007,1,0,B930036N10Rik
Tmcc1,0.004418835,0.041854973,0.075,0.064,1,0,Tmcc1
2410080I02Rik,0.004419679,-0.013511612,0.002,0.006,1,0,2410080I02Rik
Gpr107,0.004424654,-0.039932053,0.081,0.095,1,0,Gpr107
Mansc1,0.00444339,0.011372439,0.014,0.009,1,0,Mansc1
Zfp606,0.004465798,-0.009723929,0.017,0.023,1,0,Zfp606
Fa2h,0.004489543,-0.021480066,0,0.002,1,0,Fa2h
Numa1,0.004489829,-0.066105707,0.102,0.117,1,0,Numa1
S100g,0.004497302,-0.026228202,0.002,0.005,1,0,S100g
Actr1b,0.004501487,-0.020621016,0.096,0.112,1,0,Actr1b
Trim2,0.004504536,0.054918138,0.149,0.134,1,0,Trim2
Cdc42ep4,0.004517133,-0.048898592,0.042,0.052,1,0,Cdc42ep4
Pes1,0.004518904,-0.028088594,0.074,0.088,1,0,Pes1
Vash1,0.004521834,0.013929104,0.006,0.003,1,0,Vash1
6030458C11Rik,0.004524438,-0.030175451,0.028,0.037,1,0,6030458C11Rik
Nfatc2ip,0.004525159,-0.016423387,0.019,0.026,1,0,Nfatc2ip
Rabgef1,0.004533759,-0.047099014,0.083,0.098,1,0,Rabgef1
Bsdc1,0.004535442,-0.029611106,0.049,0.06,1,0,Bsdc1
Cmtm7,0.004538806,-0.02531624,0.047,0.058,1,0,Cmtm7
Gvin1,0.004541584,0.011535193,0.01,0.006,1,0,Gvin1
Gatd1,0.004551297,0.060812168,0.076,0.065,1,0,Gatd1
Ring1,0.004552943,-0.017547857,0.059,0.072,1,0,Ring1
Mvk,0.004554386,-0.034181538,0.028,0.036,1,0,Mvk
Zcwpw1,0.00455836,-0.025591623,0.006,0.011,1,0,Zcwpw1
Tnfsf13b,0.004558675,0.047143987,0.047,0.038,1,0,Tnfsf13b
Vps13a,0.004561117,0.051481524,0.095,0.083,1,0,Vps13a
D130007C19Rik,0.004573311,0.019392757,0.009,0.006,1,0,D130007C19Rik
Gdnf,0.004573643,-0.011895974,0.002,0.005,1,0,Gdnf
Fmo5,0.004580452,0.016339526,0.034,0.026,1,0,Fmo5
Snapc1,0.004584547,-0.035198301,0.082,0.097,1,0,Snapc1
Banf2os,0.00459106,-0.002582261,0,0.002,1,0,Banf2os
Lhfpl1,0.00459106,-0.003518485,0,0.002,1,0,Lhfpl1
Glp1r,0.00459106,-0.003546742,0,0.002,1,0,Glp1r
Eva1a,0.00459106,-0.00433417,0,0.002,1,0,Eva1a
Gm36377,0.00459106,-0.004970075,0,0.002,1,0,Gm36377
Gm12022,0.00459106,-0.00571613,0,0.002,1,0,Gm12022
Tet3,0.004593315,-0.043490351,0.07,0.084,1,0,Tet3
Camk2b,0.004601232,-0.032039613,0.002,0.005,1,0,Camk2b
Chpf2,0.004620474,-0.019076395,0.01,0.015,1,0,Chpf2
Rnf113a2,0.004632236,-0.027046774,0.017,0.024,1,0,Rnf113a2
Hsp25-ps1,0.004634295,-0.010302363,0.001,0.004,1,0,Hsp25-ps1
G6pc3,0.004639035,-0.008763145,0.045,0.056,1,0,G6pc3
Ndufa7,0.004642309,-0.057458632,0.358,0.385,1,0,Ndufa7
Psmb3,0.004643535,-0.072331867,0.348,0.37,1,0,Psmb3
Gm29340,0.004645558,-0.014808222,0.007,0.011,1,0,Gm29340
Vps13d,0.004659742,0.056187978,0.073,0.062,1,0,Vps13d
2810004N23Rik,0.004666127,-0.050600827,0.142,0.161,1,0,2810004N23Rik
Gm9104,0.004667654,0.006102176,0.009,0.005,1,0,Gm9104
Mrfap1,0.004677304,-0.06124628,0.378,0.403,1,0,Mrfap1
G2e3,0.004678232,0.06162219,0.077,0.066,1,0,G2e3
Gm37524,0.004681331,0.006446306,0.009,0.005,1,0,Gm37524
Gm12059,0.004684183,-0.006790397,0.002,0.005,1,0,Gm12059
Prxl2a,0.004685007,0.006024486,0.023,0.017,1,0,Prxl2a
Zfp410,0.004687322,-0.00851599,0.044,0.055,1,0,Zfp410
Tcta,0.004694525,-0.015632415,0.045,0.055,1,0,Tcta
Fstl3,0.004705691,-0.006064159,0.001,0.004,1,0,Fstl3
Lsm6,0.00471139,-0.034033235,0.143,0.162,1,0,Lsm6
Scarb2,0.004719025,-0.034292872,0.165,0.186,1,0,Scarb2
Dpm2,0.004720924,-0.027480579,0.135,0.153,1,0,Dpm2
Tfdp2,0.004723406,-0.046563204,0.055,0.067,1,0,Tfdp2
Ercc6l,0.00473456,-0.008290978,0.002,0.004,1,0,Ercc6l
Tmem9,0.004754788,-0.031741896,0.107,0.124,1,0,Tmem9
Gm9833,0.004756232,-0.01567918,0.018,0.025,1,0,Gm9833
Nxt2,0.004760873,0.017222396,0.037,0.029,1,0,Nxt2
4931440F15Rik,0.004763017,0.008368852,0.002,0.001,1,0,4931440F15Rik
Gm15381,0.004766138,0.006020585,0.002,0.001,1,0,Gm15381
Bard1,0.004766947,-0.006581041,0.002,0.004,1,0,Bard1
Rab19,0.004772684,0.010270184,0.004,0.002,1,0,Rab19
Msi1,0.004777985,-0.011401444,0.003,0.007,1,0,Msi1
Samd12,0.004780987,0.004178162,0.002,0.001,1,0,Samd12
Gm37340,0.00478177,0.005249706,0.002,0.001,1,0,Gm37340
Fmnl1,0.004785846,0.005519308,0.019,0.014,1,0,Fmnl1
Utp4,0.004791906,-0.023181482,0.037,0.046,1,0,Utp4
Smc6,0.004792939,-0.074814391,0.37,0.393,1,0,Smc6
Rad1,0.004802531,-0.016555957,0.021,0.029,1,0,Rad1
Tspan13,0.004805935,-0.024505018,0.018,0.025,1,0,Tspan13
P2rx7,0.004811876,-0.03488437,0.012,0.018,1,0,P2rx7
Ddx39b,0.004815785,-0.038814022,0.218,0.241,1,0,Ddx39b
Mylpf,0.004822314,-0.767632115,0.03,0.039,1,0,Mylpf
Ankrd29,0.004827286,-0.038963202,0.028,0.037,1,0,Ankrd29
Schip1,0.004844148,-0.011546544,0.001,0.003,1,0,Schip1
Gipc2,0.004853022,-0.00729463,0.001,0.003,1,0,Gipc2
Bahcc1,0.004853742,-0.027542121,0.014,0.02,1,0,Bahcc1
N4bp2l2,0.004862477,-0.065276165,0.186,0.207,1,0,N4bp2l2
Rgp1,0.004869496,-0.011664649,0.02,0.027,1,0,Rgp1
Gm37065,0.004879425,0.006282328,0.003,0.001,1,0,Gm37065
Sf3a3,0.004886366,-0.046625666,0.117,0.134,1,0,Sf3a3
Pcnx4,0.004889972,-0.029335369,0.039,0.049,1,0,Pcnx4
Gm11808,0.004891422,0.07234745,0.122,0.109,1,0,Gm11808
Asphd1,0.004899615,0.005472319,0.003,0.001,1,0,Asphd1
A730056A06Rik,0.004900758,-0.025107179,0.015,0.021,1,0,A730056A06Rik
Arid5a,0.004912275,-0.011165694,0.24,0.218,1,0,Arid5a
D030056L22Rik,0.004914018,-0.011569853,0.028,0.037,1,0,D030056L22Rik
Med14,0.004920739,-0.018168635,0.032,0.041,1,0,Med14
Maip1,0.004921477,-0.031144299,0.046,0.057,1,0,Maip1
Gm34922,0.004922056,0.001750122,0.003,0.001,1,0,Gm34922
Rnaseh1,0.004922181,-0.027698189,0.035,0.045,1,0,Rnaseh1
Med4,0.004922552,-0.044583265,0.062,0.074,1,0,Med4
Gm14769,0.004930041,0.003235132,0.003,0.001,1,0,Gm14769
Arl6ip4,0.004940856,-0.050965289,0.13,0.148,1,0,Arl6ip4
Atad5,0.004948246,-0.019386567,0.018,0.024,1,0,Atad5
Cope,0.00496786,-0.069980404,0.35,0.374,1,0,Cope
Dimt1,0.004970505,0.030230196,0.052,0.043,1,0,Dimt1
Baz1a,0.004971129,0.066170382,0.107,0.095,1,0,Baz1a
Zfp319,0.004977038,-0.020870491,0.007,0.011,1,0,Zfp319
Clip2,0.004983424,0.037585503,0.046,0.038,1,0,Clip2
Tppp,0.004994157,-0.016327544,0.006,0.01,1,0,Tppp
Cdk4,0.004998337,-0.053968596,0.27,0.291,1,0,Cdk4
C4a,0.004998624,0.007664528,0.005,0.003,1,0,C4a
Fbxo34,0.005003046,0.034143565,0.073,0.062,1,0,Fbxo34
Gm13835,0.005015989,-0.021222517,0.026,0.035,1,0,Gm13835
Mx1,0.005016814,-0.023786165,0.006,0.01,1,0,Mx1
Zgrf1,0.005017947,-0.005501432,0.007,0.012,1,0,Zgrf1
Ankrd11,0.005020592,0.049156877,0.332,0.317,1,0,Ankrd11
Srp68,0.005031117,-0.00805445,0.098,0.115,1,0,Srp68
Rsbn1l,0.005039864,-0.076126067,0.157,0.176,1,0,Rsbn1l
Uqcrq,0.005042117,-0.097752317,0.38,0.399,1,0,Uqcrq
Gltp,0.005045566,0.061263062,0.093,0.081,1,0,Gltp
Zfp647,0.005056245,-0.01464702,0.003,0.007,1,0,Zfp647
Vps37d,0.005059662,-0.007258959,0.003,0.007,1,0,Vps37d
Gm8000,0.005062572,-0.019065883,0.008,0.013,1,0,Gm8000
Tpgs1,0.005068626,-0.035048872,0.092,0.107,1,0,Tpgs1
Rwdd4a,0.005068869,-0.025429014,0.074,0.088,1,0,Rwdd4a
Shmt1,0.005074111,-0.008835083,0.003,0.007,1,0,Shmt1
Gm6266,0.005082395,-0.018316575,0.018,0.025,1,0,Gm6266
Gm15421,0.005084292,-0.017626897,0.021,0.029,1,0,Gm15421
Ppp6r2,0.005085549,0.029546306,0.054,0.044,1,0,Ppp6r2
Gtf2ird2,0.005088812,-0.018124086,0.014,0.02,1,0,Gtf2ird2
Zfp52,0.005113793,-0.012077303,0.018,0.025,1,0,Zfp52
Pus7,0.005117975,-0.027038041,0.059,0.071,1,0,Pus7
St6galnac5,0.005124373,0.031180201,0.011,0.007,1,0,St6galnac5
Ephb6,0.005127373,-0.025162722,0.004,0.007,1,0,Ephb6
Arrdc3,0.005139296,0.061423889,0.152,0.137,1,0,Arrdc3
Atoh8,0.005142773,-0.021008543,0.007,0.011,1,0,Atoh8
Med29,0.005150847,-0.030197797,0.068,0.081,1,0,Med29
Cnot7,0.005163444,-0.013319502,0.077,0.091,1,0,Cnot7
Dleu2,0.005166793,0.044724425,0.116,0.102,1,0,Dleu2
Zfp472,0.005171568,-0.010536207,0.006,0.01,1,0,Zfp472
Rskr,0.005179869,0.014706558,0.012,0.007,1,0,Rskr
Rhno1,0.005192427,-0.012616798,0.014,0.02,1,0,Rhno1
9130008F23Rik,0.005196167,0.016668888,0.014,0.009,1,0,9130008F23Rik
Xrcc6,0.005197549,0.00032435,0.032,0.042,1,0,Xrcc6
Hoxa10,0.005201073,-0.038249888,0.057,0.068,1,0,Hoxa10
Ugt1a7c,0.005201689,0.014441505,0.006,0.003,1,0,Ugt1a7c
Ufl1,0.005207805,-0.040685809,0.168,0.188,1,0,Ufl1
Stk32c,0.005211876,-0.007932193,0.001,0.003,1,0,Stk32c
Mfap3,0.005212872,-0.023825535,0.065,0.079,1,0,Mfap3
Ano2,0.005215809,-0.005429686,0.001,0.003,1,0,Ano2
Api5,0.005225427,-0.026032315,0.077,0.09,1,0,Api5
Zfp454,0.005226499,-0.007608962,0.001,0.003,1,0,Zfp454
Rbm3-ps,0.005232697,-0.004452792,0.001,0.003,1,0,Rbm3-ps
Ammecr1l,0.005233718,-0.019526684,0.047,0.058,1,0,Ammecr1l
Ap2s1,0.005249643,-0.047819028,0.247,0.27,1,0,Ap2s1
Slc12a9,0.005257772,0.018630348,0.027,0.02,1,0,Slc12a9
Carnmt1,0.005260817,-0.020133003,0.041,0.051,1,0,Carnmt1
Clpp,0.005264923,-0.031482101,0.113,0.13,1,0,Clpp
B3galt1,0.005266078,-0.0256838,0.008,0.012,1,0,B3galt1
Taok1,0.005277129,0.037130109,0.275,0.26,1,0,Taok1
Gm43751,0.005286093,-0.016533297,0.002,0.005,1,0,Gm43751
Incenp,0.005286989,-0.041172928,0.031,0.04,1,0,Incenp
Ufd1,0.00529479,-0.016901391,0.09,0.105,1,0,Ufd1
Cntnap2,0.005298627,-0.005285672,0.001,0.003,1,0,Cntnap2
Ankrd52,0.005301914,-0.011351662,0.008,0.013,1,0,Ankrd52
Mpi,0.005304135,-0.013083502,0.017,0.024,1,0,Mpi
Zfp748,0.005304283,-0.012700147,0.004,0.008,1,0,Zfp748
Zfp266,0.005305883,-0.040971926,0.078,0.092,1,0,Zfp266
Cabp1,0.005311918,-0.036852276,0.005,0.01,1,0,Cabp1
Lmf1,0.005313732,-0.011561101,0.039,0.049,1,0,Lmf1
Foxp4,0.005314558,-0.022563132,0.024,0.032,1,0,Foxp4
Znrd1,0.005320286,-0.026758137,0.121,0.139,1,0,Znrd1
Mkrn2,0.005340846,-0.032416493,0.032,0.041,1,0,Mkrn2
Scyl1,0.005342041,-0.028389378,0.194,0.215,1,0,Scyl1
Arfgef2,0.00534418,0.038960155,0.061,0.05,1,0,Arfgef2
Mlx,0.005348128,-0.030327626,0.053,0.065,1,0,Mlx
Sec22a,0.005348392,-0.019393355,0.05,0.061,1,0,Sec22a
Fabp7,0.00536139,-0.020121325,0,0.002,1,0,Fabp7
Gm38255,0.005362173,-0.014863949,0,0.002,1,0,Gm38255
Atp2a3,0.005362957,-0.015756196,0,0.002,1,0,Atp2a3
Gm47079,0.005363741,-0.006329156,0,0.002,1,0,Gm47079
Srcin1,0.005363741,-0.01047951,0,0.002,1,0,Srcin1
Arhgap8,0.005365309,-0.00415129,0,0.002,1,0,Arhgap8
Sgcg,0.005365309,-0.009984852,0,0.002,1,0,Sgcg
Hist1h3d,0.005368447,-0.003300263,0,0.002,1,0,Hist1h3d
Parvb,0.005370017,-0.005280639,0,0.002,1,0,Parvb
Gm6104,0.005371586,-0.004455036,0,0.002,1,0,Gm6104
Zfp385c,0.005372371,-0.007499096,0,0.002,1,0,Zfp385c
Mov10,0.005379747,0.025697659,0.03,0.023,1,0,Mov10
2610001J05Rik,0.005380843,-0.048172651,0.163,0.182,1,0,2610001J05Rik
Lrp3,0.005388226,0.032592654,0.037,0.029,1,0,Lrp3
Itga5,0.005388247,-0.034854032,0.108,0.124,1,0,Itga5
Gm34455,0.00539077,0.034519631,0.037,0.029,1,0,Gm34455
Lzic,0.005413509,-0.025057983,0.036,0.046,1,0,Lzic
Elp5,0.005433952,-0.039788374,0.098,0.113,1,0,Elp5
Mrpl48,0.005436503,-0.036277405,0.154,0.173,1,0,Mrpl48
Get4,0.005441526,-0.013943196,0.032,0.041,1,0,Get4
Prps2,0.005446142,0.030415144,0.039,0.031,1,0,Prps2
Tcp11l1,0.005458365,-0.017052785,0.016,0.022,1,0,Tcp11l1
Rnps1,0.005461878,-0.039534408,0.105,0.121,1,0,Rnps1
Dbr1,0.005471615,-0.025537385,0.039,0.049,1,0,Dbr1
Minpp1,0.00547471,-0.015300787,0.045,0.056,1,0,Minpp1
Trmu,0.005475894,-0.028122941,0.026,0.034,1,0,Trmu
Ifnar2,0.005476534,-0.041092145,0.21,0.232,1,0,Ifnar2
Nr2f6,0.005494692,-0.012353496,0.012,0.018,1,0,Nr2f6
Aim2,0.005495628,-0.014464577,0,0.002,1,0,Aim2
4632427E13Rik,0.005496515,-0.024879548,0.049,0.06,1,0,4632427E13Rik
Acsbg1,0.005505061,-0.016818709,0,0.002,1,0,Acsbg1
Bbox1,0.005506513,-0.009008768,0,0.002,1,0,Bbox1
Mrps12,0.005507589,-0.031153237,0.128,0.146,1,0,Mrps12
A930016O22Rik,0.00551378,-0.023716627,0,0.002,1,0,A930016O22Rik
Kifc3,0.005518872,-0.008545876,0,0.002,1,0,Kifc3
Gm48972,0.005540132,0.016576451,0.008,0.004,1,0,Gm48972
Nelfa,0.005540294,-0.031477701,0.052,0.063,1,0,Nelfa
Mstn,0.00555239,-0.041583842,0.002,0.004,1,0,Mstn
Ift122,0.005557572,-0.025675828,0.024,0.032,1,0,Ift122
Cntn1,0.005564665,-0.01133843,0.002,0.004,1,0,Cntn1
Gm38012,0.005566009,0.00973499,0.006,0.003,1,0,Gm38012
Selenos,0.005567971,-0.063074315,0.457,0.475,1,0,Selenos
Apaf1,0.005572691,-0.017141323,0.081,0.096,1,0,Apaf1
Csnk1g3,0.005582634,-0.038764621,0.081,0.095,1,0,Csnk1g3
Rnf32,0.005597363,0.006550281,0.008,0.004,1,0,Rnf32
Rtp4,0.005597588,-0.070938112,0.124,0.139,1,0,Rtp4
Hsd17b10,0.005600933,-0.025073405,0.135,0.154,1,0,Hsd17b10
Dok6,0.005607126,-0.003410207,0.001,0.004,1,0,Dok6
Mocos,0.005623737,0.022345434,0.025,0.019,1,0,Mocos
Dnajb9,0.005630001,-0.048322638,0.324,0.349,1,0,Dnajb9
Nsmce3,0.005633766,-0.02781697,0.068,0.08,1,0,Nsmce3
2500004C02Rik,0.005635925,-0.009271952,0.002,0.004,1,0,2500004C02Rik
Map9,0.005640202,-0.026540451,0.026,0.034,1,0,Map9
Mtr,0.005645798,-0.035874385,0.025,0.033,1,0,Mtr
Tmem38b,0.005650067,-0.055278133,0.027,0.035,1,0,Tmem38b
Ppp6c,0.005651632,-0.026727595,0.083,0.098,1,0,Ppp6c
Med22,0.005662499,-0.014394916,0.022,0.03,1,0,Med22
Timm50,0.005662739,-0.023375428,0.071,0.084,1,0,Timm50
Zfp146,0.005667157,-0.028714526,0.021,0.028,1,0,Zfp146
Gm11549,0.00567447,-0.003455213,0,0.002,1,0,Gm11549
2610300M13Rik,0.00567447,-0.003759142,0,0.002,1,0,2610300M13Rik
Cldn2,0.00567447,-0.005512133,0,0.002,1,0,Cldn2
Gm28187,0.00567447,-0.00592714,0,0.002,1,0,Gm28187
9930014A18Rik,0.00567447,-0.005972122,0,0.002,1,0,9930014A18Rik
4930474M22Rik,0.00567447,-0.006031551,0,0.002,1,0,4930474M22Rik
Pla2g12b,0.00567447,-0.006069301,0,0.002,1,0,Pla2g12b
Fam78a,0.00567447,-0.006515244,0,0.002,1,0,Fam78a
Gm31946,0.00567447,-0.006716935,0,0.002,1,0,Gm31946
Rab37,0.00567447,-0.007004824,0,0.002,1,0,Rab37
Pax3,0.00567447,-0.011789464,0,0.002,1,0,Pax3
Mvd,0.005680302,-0.01099471,0.01,0.016,1,0,Mvd
Rogdi,0.005693987,-0.011308079,0.026,0.035,1,0,Rogdi
Gm6330,0.00571212,0.012364571,0.009,0.005,1,0,Gm6330
Camkk1,0.005718021,0.035843222,0.048,0.039,1,0,Camkk1
Ss18l1,0.005718279,0.024520997,0.014,0.009,1,0,Ss18l1
Akr1b3,0.005721216,-0.039412222,0.057,0.069,1,0,Akr1b3
Pld1,0.005735706,0.044528579,0.064,0.053,1,0,Pld1
Tubgcp6,0.005748463,-0.015181721,0.013,0.019,1,0,Tubgcp6
Ifngr2,0.005753553,-0.039441872,0.14,0.157,1,0,Ifngr2
4930579G24Rik,0.005760347,-0.011306523,0.007,0.012,1,0,4930579G24Rik
Lsm14b,0.005762259,0.04100626,0.067,0.057,1,0,Lsm14b
Psmc3ip,0.005765564,-0.015658147,0.009,0.015,1,0,Psmc3ip
Gm5898,0.005772435,-0.019095463,0.01,0.015,1,0,Gm5898
Mcm6,0.005772598,-0.011972636,0.044,0.054,1,0,Mcm6
Trub2,0.005776079,-0.020352666,0.02,0.027,1,0,Trub2
Gm49839,0.005793324,0.039871597,0.026,0.02,1,0,Gm49839
Stk25,0.005807289,-0.033894929,0.109,0.125,1,0,Stk25
D430018E03Rik,0.00582338,-0.011691949,0.001,0.003,1,0,D430018E03Rik
Commd6,0.005827865,-0.038457577,0.18,0.199,1,0,Commd6
Scn3a,0.00583232,-0.023983021,0.001,0.003,1,0,Scn3a
Tmem88b,0.005841936,-0.016301396,0.001,0.003,1,0,Tmem88b
Celsr2,0.005850569,-0.011051553,0.001,0.003,1,0,Celsr2
Robo2,0.005855222,-0.009990031,0.001,0.003,1,0,Robo2
Pmepa1,0.005857973,-0.115358257,0.359,0.373,1,0,Pmepa1
Rac3,0.005868696,0.001778078,0.027,0.036,1,0,Rac3
Crocc,0.00587155,0.019380634,0.012,0.008,1,0,Crocc
Coa6,0.005887076,-0.040520154,0.063,0.075,1,0,Coa6
Zfp932,0.00588988,0.03696144,0.036,0.029,1,0,Zfp932
Timm10,0.005891415,-0.035657929,0.056,0.067,1,0,Timm10
Tpp2,0.005900305,-0.022635529,0.141,0.159,1,0,Tpp2
Swap70,0.005913012,0.03262534,0.117,0.104,1,0,Swap70
Tmod1,0.005916039,0.002196593,0.013,0.008,1,0,Tmod1
Nsun2,0.005919523,-0.010947499,0.108,0.124,1,0,Nsun2
Nudc,0.005933482,-0.053145918,0.232,0.254,1,0,Nudc
Gnb2,0.005965836,0.038923368,0.493,0.473,1,0,Gnb2
Aup1,0.005967042,-0.044069279,0.158,0.177,1,0,Aup1
Mapk6,0.00596785,-0.007331076,0.073,0.087,1,0,Mapk6
Fgf1,0.005977394,0.023077711,0.068,0.058,1,0,Fgf1
Gemin5,0.005978269,-0.01334418,0.025,0.033,1,0,Gemin5
Pde4a,0.005988092,-0.029665868,0.035,0.044,1,0,Pde4a
Gm11889,0.005999822,-0.012890054,0.011,0.017,1,0,Gm11889
Slc16a1,0.006010818,0.081410642,0.147,0.134,1,0,Slc16a1
Enox2,0.00604595,0.0366581,0.048,0.039,1,0,Enox2
Gps1,0.006056308,-0.010502305,0.026,0.035,1,0,Gps1
Pank1,0.006061565,-0.019424805,0.006,0.011,1,0,Pank1
Fbxo36,0.006062201,-0.015153076,0.015,0.022,1,0,Fbxo36
Psenen,0.006069777,-0.027167713,0.135,0.153,1,0,Psenen
Pkp2,0.006070343,-0.012871364,0.004,0.008,1,0,Pkp2
Gm37978,0.006112734,0.01653366,0.006,0.003,1,0,Gm37978
Zscan18,0.006121454,-0.008309985,0.002,0.005,1,0,Zscan18
Kctd4,0.006123181,0.009215096,0.003,0.001,1,0,Kctd4
Arl14ep,0.006130684,-0.010955582,0.057,0.068,1,0,Arl14ep
Fam114a2,0.006131164,-0.03790356,0.157,0.176,1,0,Fam114a2
Gm17151,0.006135591,0.009725732,0.005,0.002,1,0,Gm17151
9330154K18Rik,0.006144742,0.007065924,0.005,0.002,1,0,9330154K18Rik
Phlpp2,0.006151429,0.030024925,0.051,0.041,1,0,Phlpp2
Ppt1,0.006152313,-0.03671298,0.149,0.168,1,0,Ppt1
Nufip1,0.006159418,-0.014819727,0.066,0.079,1,0,Nufip1
Rpp14,0.00616904,-0.028215796,0.053,0.064,1,0,Rpp14
Ltbr,0.006172115,-0.004648423,0.133,0.151,1,0,Ltbr
F530104D19Rik,0.00619709,0.007426624,0.002,0.001,1,0,F530104D19Rik
Rfc4,0.006203917,-0.013997423,0.016,0.023,1,0,Rfc4
Trim68,0.006205766,-0.015893478,0.015,0.021,1,0,Trim68
Il11,0.006206777,-0.024840897,0.008,0.013,1,0,Il11
Gm18948,0.006208512,0.004843741,0.002,0.001,1,0,Gm18948
Gm10647,0.006209551,0.006343289,0.002,0.001,1,0,Gm10647
Glrx,0.006213351,-0.014692801,0.027,0.036,1,0,Glrx
Il7,0.006223121,-0.017336587,0.01,0.016,1,0,Il7
Gm17229,0.006227376,-0.014344822,0.002,0.005,1,0,Gm17229
Gm11826,0.006232924,0.051047531,0.047,0.038,1,0,Gm11826
B3galnt2,0.006254618,-0.026508944,0.034,0.044,1,0,B3galnt2
AW112010,0.006255145,-0.129638799,0.176,0.191,1,0,AW112010
Cul4a,0.006255831,-0.042894625,0.121,0.137,1,0,Cul4a
Raet1d,0.006259592,-0.004405626,0.001,0.003,1,0,Raet1d
Icos,0.0062622,0.008790493,0.004,0.002,1,0,Icos
Atxn7,0.00626365,-0.032270726,0.1,0.115,1,0,Atxn7
Txnl4b,0.006266519,-0.015712514,0.005,0.01,1,0,Txnl4b
Ccdc159,0.006271651,-0.006607331,0.001,0.003,1,0,Ccdc159
Pnpt1,0.006286062,-0.031948603,0.051,0.062,1,0,Pnpt1
Aspa,0.006303195,-0.077594193,0.015,0.021,1,0,Aspa
Zfp287,0.006324454,-0.013758994,0.007,0.012,1,0,Zfp287
Atrip,0.006342833,-0.045539452,0.061,0.073,1,0,Atrip
Nfya,0.006348689,-0.01823978,0.057,0.069,1,0,Nfya
Emc8,0.006369348,-0.02957663,0.088,0.103,1,0,Emc8
Nras,0.006373856,0.067034904,0.206,0.192,1,0,Nras
Rbks,0.006383647,0.018502068,0.011,0.007,1,0,Rbks
Snrpd1,0.006384849,-0.030423892,0.186,0.207,1,0,Snrpd1
4930503L19Rik,0.006386459,-0.031928658,0.051,0.061,1,0,4930503L19Rik
Fdxacb1,0.006386823,-0.019304682,0.009,0.014,1,0,Fdxacb1
Braf,0.00639362,-0.022842812,0.076,0.09,1,0,Braf
Hoxd13,0.006405639,-0.011369822,0.001,0.003,1,0,Hoxd13
Wbp11,0.006405865,-0.048902597,0.18,0.2,1,0,Wbp11
Hydin,0.006409519,-0.009956988,0.001,0.003,1,0,Hydin
Gm45774,0.006411447,-0.020520567,0.245,0.225,1,0,Gm45774
Eva1c,0.006418839,-0.011591933,0.001,0.003,1,0,Eva1c
Lrr1,0.006426615,-0.004383849,0.001,0.003,1,0,Lrr1
Kif13a,0.006433463,0.046548187,0.083,0.072,1,0,Kif13a
Gm49975,0.006435918,-0.02514957,0.001,0.004,1,0,Gm49975
Tnfsf15,0.006444118,-0.020690634,0.004,0.008,1,0,Tnfsf15
Ppid,0.006457269,-0.048547042,0.146,0.164,1,0,Ppid
Parp14,0.00646346,0.006490857,0.136,0.121,1,0,Parp14
Gm12791,0.006467226,-0.007156196,0.003,0.007,1,0,Gm12791
Gm6863,0.006467239,-0.027494519,0.064,0.076,1,0,Gm6863
Gm9790,0.006472977,-0.005739479,0.002,0.005,1,0,Gm9790
Lrch1,0.006475108,0.044622958,0.042,0.033,1,0,Lrch1
S100a7a,0.006477829,-0.027927853,0.008,0.012,1,0,S100a7a
3110001I22Rik,0.006479541,-0.020923216,0.007,0.011,1,0,3110001I22Rik
Ybx1,0.00648742,0.018905867,0.806,0.767,1,0,Ybx1
Gm26682,0.006492664,-0.006625419,0.002,0.005,1,0,Gm26682
Gm13717,0.006496608,-0.009626602,0.002,0.005,1,0,Gm13717
Gm19705,0.00649837,-0.011021911,0.008,0.013,1,0,Gm19705
Gm3839,0.006515469,-0.007295912,0.001,0.004,1,0,Gm3839
Gm14450,0.006529713,-0.009660014,0.003,0.006,1,0,Gm14450
Fbxl18,0.006530721,-0.038736335,0.033,0.042,1,0,Fbxl18
Afdn,0.006540843,0.046372488,0.148,0.133,1,0,Afdn
Gm11836,0.006548599,-0.003465678,0.001,0.004,1,0,Gm11836
Sln,0.006560578,-0.057901984,0.001,0.004,1,0,Sln
Gm10689,0.006571262,0.016834929,0.015,0.01,1,0,Gm10689
Akap8l,0.00657575,-0.092483641,0.199,0.217,1,0,Akap8l
Dnajb5,0.006579777,0.016746145,0.026,0.02,1,0,Dnajb5
Faf1,0.006581385,-0.014086293,0.051,0.062,1,0,Faf1
Dnajc5,0.006592255,0.051566985,0.179,0.165,1,0,Dnajc5
Selenok,0.006598553,-0.060629863,0.533,0.544,1,0,Selenok
Jakmip2,0.006612362,-0.005524765,0,0.002,1,0,Jakmip2
Gm4735,0.006616222,-0.003252038,0,0.002,1,0,Gm4735
Ehmt1,0.00661765,-0.045495765,0.125,0.142,1,0,Ehmt1
Kif26a,0.006618153,-0.008256189,0,0.002,1,0,Kif26a
Rapgef5,0.006622982,-0.009213552,0,0.002,1,0,Rapgef5
Klhdc10,0.006623089,-0.020683443,0.039,0.049,1,0,Klhdc10
Car6,0.006624914,-0.003301559,0,0.002,1,0,Car6
Tnfsf9,0.0066446,-0.079787745,0.057,0.067,1,0,Tnfsf9
Rabep1,0.006660898,0.051697899,0.23,0.215,1,0,Rabep1
Gpr161,0.006671145,0.023167035,0.016,0.011,1,0,Gpr161
Rusc2,0.006692564,0.029757929,0.057,0.047,1,0,Rusc2
Adamts14,0.006696192,0.036997838,0.047,0.038,1,0,Adamts14
Mzt2,0.006701002,-0.064189392,0.078,0.09,1,0,Mzt2
Rab4b,0.006705836,-0.022782297,0.047,0.057,1,0,Rab4b
Crtc2,0.006714621,-0.03245232,0.035,0.044,1,0,Crtc2
Gpn2,0.006722187,-0.023415838,0.023,0.031,1,0,Gpn2
E430021H15Rik,0.006725145,0.010712089,0.011,0.007,1,0,E430021H15Rik
Smim5,0.006744197,-0.011645763,0,0.002,1,0,Smim5
Tnfaip8l1,0.006746853,-0.010895958,0,0.002,1,0,Tnfaip8l1
Gm14817,0.006753055,-0.006463191,0,0.002,1,0,Gm14817
Arxes1,0.006753055,-0.009285835,0,0.002,1,0,Arxes1
Syngr1,0.006753055,-0.011717943,0,0.002,1,0,Syngr1
Gm43588,0.006817118,0.026691226,0.014,0.009,1,0,Gm43588
Snhg20,0.006818819,-0.044184183,0.02,0.027,1,0,Snhg20
Gm45074,0.006822643,0.008494237,0.004,0.002,1,0,Gm45074
Tmem199,0.006823883,-0.020941177,0.014,0.02,1,0,Tmem199
Gm44937,0.006842259,0.011375239,0.007,0.004,1,0,Gm44937
Sct,0.006854896,0.009655483,0.004,0.002,1,0,Sct
Peg13,0.006855536,0.026773868,0.048,0.039,1,0,Peg13
Zfp27,0.006859388,-0.016085497,0.009,0.014,1,0,Zfp27
Slc25a10,0.006865212,-0.013884318,0.011,0.017,1,0,Slc25a10
Cbx3,0.006885001,-0.052546238,0.208,0.228,1,0,Cbx3
Fam57a,0.006910878,-0.003247752,0.016,0.023,1,0,Fam57a
Fmn2,0.00692821,0.007319718,0.005,0.003,1,0,Fmn2
C1d,0.006933425,-0.014197904,0.178,0.199,1,0,C1d
Nlrx1,0.006955286,-0.018537378,0.012,0.018,1,0,Nlrx1
Siah1b,0.006959941,-0.017535254,0.006,0.01,1,0,Siah1b
Dsn1,0.00696561,-0.008411874,0.005,0.009,1,0,Dsn1
2810454H06Rik,0.006979175,-0.013884618,0.006,0.01,1,0,2810454H06Rik
Rps8-ps1,0.006986104,0.013384487,0.008,0.005,1,0,Rps8-ps1
Pqlc1,0.00699066,0.038215582,0.098,0.086,1,0,Pqlc1
Kitl,0.006998844,-0.142809738,0.11,0.123,1,0,Kitl
Zbtb18,0.007013082,-0.018230308,0.008,0.012,1,0,Zbtb18
Cdk18,0.007019681,-0.007090652,0,0.001,1,0,Cdk18
Foxd2,0.007019681,-0.008601233,0,0.001,1,0,Foxd2
Gm42675,0.007019681,-0.008743298,0,0.001,1,0,Gm42675
Fhad1,0.007019681,-0.010667376,0,0.001,1,0,Fhad1
Chic2,0.007019798,0.060863511,0.207,0.193,1,0,Chic2
Ube4a,0.007021271,-0.019575793,0.06,0.071,1,0,Ube4a
Gm37728,0.007023338,-0.033971509,0.025,0.033,1,0,Gm37728
Mir17hg,0.007027338,-0.022390049,0.008,0.013,1,0,Mir17hg
Pik3c2a,0.007027638,-0.014355224,0.029,0.038,1,0,Pik3c2a
Bex1,0.007047094,-0.020155137,0.001,0.003,1,0,Bex1
Unc45bos,0.007050109,0.014606209,0.009,0.005,1,0,Unc45bos
Cacna2d3,0.007061412,-0.009118894,0.001,0.003,1,0,Cacna2d3
Smg9,0.007061652,-0.033839871,0.028,0.036,1,0,Smg9
Poldip3,0.007064474,-0.059897216,0.082,0.096,1,0,Poldip3
Gm37879,0.007076852,-0.017863679,0.008,0.013,1,0,Gm37879
Zfp959,0.007085161,-0.024774488,0.014,0.02,1,0,Zfp959
Gm49484,0.007085332,-0.009270998,0.001,0.003,1,0,Gm49484
Chchd7,0.007087241,-0.0346896,0.09,0.104,1,0,Chchd7
Prps1,0.007098075,-0.027279882,0.033,0.041,1,0,Prps1
Elmo2,0.007103763,0.039415665,0.074,0.063,1,0,Elmo2
Triqk,0.007120822,-0.02352031,0.044,0.054,1,0,Triqk
Gm12669,0.00712578,-0.00522513,0.015,0.021,1,0,Gm12669
Gm38014,0.007135275,0.008134144,0.006,0.003,1,0,Gm38014
Gas8,0.007164269,-0.01611933,0.044,0.054,1,0,Gas8
Frmd6,0.007165264,-0.085882108,0.326,0.346,1,0,Frmd6
Tnrc18,0.007175777,0.041619121,0.115,0.102,1,0,Tnrc18
Pkmyt1,0.007185129,-0.00880769,0.003,0.006,1,0,Pkmyt1
Icmt,0.00720465,-0.010314178,0.028,0.036,1,0,Icmt
Rnasek,0.007209971,-0.007868591,0.003,0.006,1,0,Rnasek
Klf2,0.007210378,-0.061178456,0.609,0.58,1,0,Klf2
Pura,0.007214696,0.036549578,0.282,0.266,1,0,Pura
Gm49125,0.007218983,0.00517375,0.009,0.005,1,0,Gm49125
Pex26,0.007220418,-0.020340817,0.016,0.022,1,0,Pex26
Tmem120b,0.007232227,-0.010803894,0.01,0.015,1,0,Tmem120b
Aarsd1,0.007254352,-0.013498198,0.005,0.009,1,0,Aarsd1
Nfrkb,0.007276569,-0.033609959,0.03,0.039,1,0,Nfrkb
Pfkm,0.00729294,-0.045719936,0.036,0.045,1,0,Pfkm
Gm6475,0.007307209,-0.020979276,0.013,0.019,1,0,Gm6475
Retsat,0.007318198,-0.038888137,0.027,0.035,1,0,Retsat
Pdcd7,0.007326212,-0.029782127,0.038,0.048,1,0,Pdcd7
Gm27477,0.00733301,-0.015070796,0.006,0.01,1,0,Gm27477
Ugt1a6a,0.007333827,0.010392415,0.005,0.002,1,0,Ugt1a6a
Ccdc30,0.007346055,-0.019426271,0.008,0.013,1,0,Ccdc30
Aamp,0.007359982,-0.055500961,0.25,0.273,1,0,Aamp
Smu1,0.007361265,-0.039439866,0.113,0.129,1,0,Smu1
Cul7,0.007365226,0.073083055,0.097,0.086,1,0,Cul7
Arv1,0.007366515,-0.004491433,0.005,0.009,1,0,Arv1
5830417I10Rik,0.007367407,-0.007857356,0.002,0.005,1,0,5830417I10Rik
Orc1,0.007376632,-0.007586584,0.002,0.005,1,0,Orc1
Adrm1,0.007377107,-0.030400813,0.131,0.148,1,0,Adrm1
Pinx1,0.007377773,-0.017863892,0.055,0.066,1,0,Pinx1
C230053D17Rik,0.007392154,0.007151625,0.004,0.002,1,0,C230053D17Rik
Tonsl,0.00740931,-0.010666257,0.003,0.007,1,0,Tonsl
Acp6,0.007418897,-0.045682214,0.025,0.033,1,0,Acp6
Ywhaz,0.007431764,-0.072586093,0.45,0.472,1,0,Ywhaz
Kansl1,0.007462552,0.041032396,0.095,0.083,1,0,Kansl1
Dnal1,0.007485311,-0.034429451,0.033,0.042,1,0,Dnal1
Txlnb,0.007495508,-0.041123484,0.002,0.005,1,0,Txlnb
Ttll3,0.007498485,0.007272003,0.012,0.007,1,0,Ttll3
Ciao2a,0.007502684,0.011032933,0.094,0.109,1,0,Ciao2a
Cdk20,0.007503633,0.020933419,0.041,0.033,1,0,Cdk20
Gm17396,0.007503783,-0.011398751,0.003,0.006,1,0,Gm17396
Gm44716,0.007504718,-0.010221391,0.001,0.003,1,0,Gm44716
Gm5853,0.007509496,-0.009016471,0.001,0.003,1,0,Gm5853
2900009J06Rik,0.007510292,-0.009394516,0.001,0.003,1,0,2900009J06Rik
Tmem8,0.00752943,-0.004933478,0.001,0.003,1,0,Tmem8
Ago1,0.007540092,0.029918384,0.053,0.044,1,0,Ago1
2810001G20Rik,0.007543051,-0.021779255,0.02,0.027,1,0,2810001G20Rik
Gm14443,0.007549411,-0.008329501,0.001,0.003,1,0,Gm14443
Gm43712,0.007549716,-0.014960229,0.039,0.049,1,0,Gm43712
Traf1,0.007553139,-0.009636682,0.003,0.006,1,0,Traf1
Efcab7,0.00755735,-0.017066014,0.006,0.01,1,0,Efcab7
Hoxb4,0.007561769,0.036661666,0.032,0.025,1,0,Hoxb4
Zfp395,0.007564437,0.045450633,0.043,0.035,1,0,Zfp395
Gm37333,0.007565021,0.024273128,0.025,0.019,1,0,Gm37333
Gm14488,0.007565565,-0.00752188,0.006,0.01,1,0,Gm14488
Sugt1,0.007571608,-0.04427127,0.181,0.201,1,0,Sugt1
5430416N02Rik,0.007578645,-0.024732434,0.043,0.053,1,0,5430416N02Rik
Cyp46a1,0.007591214,-0.01016277,0.002,0.005,1,0,Cyp46a1
Gm37033,0.007612986,-0.012177176,0.01,0.016,1,0,Gm37033
Pcdhga6,0.007642205,-0.022275446,0.009,0.014,1,0,Pcdhga6
Uhrf2,0.007644599,-0.003141128,0.109,0.125,1,0,Uhrf2
Pygo2,0.007647441,-0.01261908,0.049,0.059,1,0,Pygo2
Crlf3,0.007685364,-0.042177533,0.056,0.067,1,0,Crlf3
Usp35,0.007696109,-0.016769384,0.021,0.028,1,0,Usp35
Miat,0.00770661,0.029560723,0.028,0.022,1,0,Miat
Ifi35,0.007716363,0.060935776,0.156,0.143,1,0,Ifi35
Pde4c,0.007716503,-0.025849685,0.001,0.004,1,0,Pde4c
Sec24d,0.007734606,-0.02242915,0.205,0.227,1,0,Sec24d
Pign,0.007736666,0.038834009,0.05,0.041,1,0,Pign
Ttc9,0.007753087,-0.01279153,0.001,0.004,1,0,Ttc9
Mylk4,0.007770533,-0.022663812,0.001,0.003,1,0,Mylk4
Igdcc4,0.007779866,0.068791166,0.096,0.085,1,0,Igdcc4
Gm12749,0.007790191,-0.007941796,0.001,0.003,1,0,Gm12749
Gm43560,0.007792828,-0.003791388,0.002,0.004,1,0,Gm43560
Gm5446,0.00779352,-0.005835987,0.002,0.004,1,0,Gm5446
Hscb,0.007801448,-0.018591084,0.031,0.04,1,0,Hscb
Git1,0.007808748,0.050412324,0.083,0.072,1,0,Git1
Gm47154,0.007819292,-0.004681657,0.001,0.003,1,0,Gm47154
Gm48849,0.007829641,-0.005248284,0.001,0.003,1,0,Gm48849
Zfp7,0.007853768,-0.00898003,0.002,0.004,1,0,Zfp7
Ctbp1,0.007855109,0.05755408,0.248,0.234,1,0,Ctbp1
Atg14,0.007857604,-0.05012668,0.041,0.05,1,0,Atg14
Lgmn,0.007863782,-0.035192716,0.167,0.187,1,0,Lgmn
Soat1,0.007865081,-0.037211795,0.095,0.109,1,0,Soat1
Creg1,0.007894261,-0.061121269,0.273,0.294,1,0,Creg1
Cep72,0.007907506,-0.005798386,0.002,0.004,1,0,Cep72
Slirp,0.00792678,0.04955593,0.118,0.106,1,0,Slirp
Dhdds,0.007932288,-0.024723425,0.045,0.055,1,0,Dhdds
Mgat1,0.007938989,-0.021891402,0.135,0.152,1,0,Mgat1
Stat5b,0.007941496,0.019506325,0.102,0.089,1,0,Stat5b
Pdcd2l,0.007982124,-0.027803286,0.046,0.056,1,0,Pdcd2l
Gm26631,0.007998316,-0.021072637,0.034,0.043,1,0,Gm26631
Ankrd10,0.008000572,-0.036934933,0.076,0.089,1,0,Ankrd10
Chmp5,0.008006163,0.049578323,0.266,0.253,1,0,Chmp5
Nosip,0.0080357,-0.01844079,0.072,0.084,1,0,Nosip
Uvssa,0.008084126,0.032666944,0.113,0.1,1,0,Uvssa
B3galt6,0.008093767,0.003898601,0.027,0.035,1,0,B3galt6
Nsd3,0.008096081,0.045011378,0.251,0.237,1,0,Nsd3
Gm14327,0.008104838,0.008579063,0.004,0.002,1,0,Gm14327
Lrrcc1,0.008114946,0.039126535,0.118,0.106,1,0,Lrrcc1
Cdca2,0.008118685,-0.006182757,0.004,0.007,1,0,Cdca2
Cyren,0.008126214,-0.017011983,0.01,0.015,1,0,Cyren
Uba2,0.008132113,-0.028431286,0.122,0.138,1,0,Uba2
Inka2,0.008134756,-0.052062696,0.01,0.015,1,0,Inka2
Lrrc9,0.008138775,0.004666296,0.003,0.001,1,0,Lrrc9
Gm5905,0.008139509,-0.047185305,0.108,0.123,1,0,Gm5905
9930004E17Rik,0.008142136,0.005038818,0.003,0.001,1,0,9930004E17Rik
Sec22c,0.008146315,0.018012023,0.026,0.02,1,0,Sec22c
Slc38a11,0.008148062,-0.012357133,0,0.002,1,0,Slc38a11
Gm5514,0.008156371,-0.007892358,0,0.002,1,0,Gm5514
Poglut2,0.008157302,-0.021163614,0.071,0.084,1,0,Poglut2
Folr1,0.008165877,-0.007389359,0,0.002,1,0,Folr1
Rad54l2,0.008186312,-0.038582042,0.042,0.051,1,0,Rad54l2
Rxylt1,0.00819831,-0.041437595,0.216,0.24,1,0,Rxylt1
1700099I09Rik,0.008198834,0.005568949,0.004,0.002,1,0,1700099I09Rik
1700054O19Rik,0.008220507,0.015340564,0.01,0.006,1,0,1700054O19Rik
Frrs1,0.008222214,0.017649116,0.061,0.074,1,0,Frrs1
Doc2b,0.008231039,0.016553424,0.007,0.004,1,0,Doc2b
Exoc5,0.008234527,0.082058116,0.149,0.137,1,0,Exoc5
Trmt9b,0.008236638,-0.011040471,0,0.002,1,0,Trmt9b
Eef1a2,0.008237714,-0.021716365,0,0.002,1,0,Eef1a2
Rnf112,0.00824202,-0.011179443,0,0.002,1,0,Rnf112
Zfp239,0.00824472,-0.013233101,0.002,0.005,1,0,Zfp239
Proser2,0.008252793,-0.011710312,0,0.002,1,0,Proser2
C130026L21Rik,0.008265737,-0.005058455,0,0.002,1,0,C130026L21Rik
Gm43426,0.008275458,-0.006996615,0,0.002,1,0,Gm43426
Pnma1,0.008280862,-0.0078999,0,0.002,1,0,Pnma1
Mybl2,0.008281944,-0.004500842,0,0.002,1,0,Mybl2
Gss,0.008285238,-0.016650191,0.023,0.03,1,0,Gss
Mllt3,0.008287163,0.011996332,0.069,0.058,1,0,Mllt3
C230086J09Rik,0.008322087,0.009899042,0.005,0.003,1,0,C230086J09Rik
Dhx16,0.008329696,-0.040041353,0.056,0.067,1,0,Dhx16
Dhodh,0.008334162,-0.019661138,0.021,0.028,1,0,Dhodh
Dnaja4,0.008347892,-0.016001203,0.005,0.008,1,0,Dnaja4
Ghdc,0.008351615,0.017576514,0.051,0.042,1,0,Ghdc
Cfl2,0.008353218,0.008234698,0.259,0.243,1,0,Cfl2
Arhgap10,0.008364296,-0.058694659,0.193,0.212,1,0,Arhgap10
Rubcn,0.008380349,0.033554742,0.053,0.044,1,0,Rubcn
Gm37906,0.008384271,0.007886982,0.005,0.003,1,0,Gm37906
Gpr160,0.008403889,0.006079557,0.005,0.003,1,0,Gpr160
Omg,0.008410704,0.005631509,0.005,0.003,1,0,Omg
Tox4,0.008414118,-0.053326258,0.109,0.123,1,0,Tox4
Gm13420,0.008447387,0.006505038,0.002,0.001,1,0,Gm13420
Wdr48,0.008456269,-0.019584539,0.04,0.05,1,0,Wdr48
Nipa1,0.008456433,-0.022535691,0.039,0.049,1,0,Nipa1
Gm37983,0.00846529,0.006325583,0.002,0.001,1,0,Gm37983
Rpl18-ps2,0.008477317,-0.018528101,0.029,0.037,1,0,Rpl18-ps2
Usp32,0.008488691,0.03537914,0.057,0.048,1,0,Usp32
Gm37855,0.008492207,0.005861047,0.002,0.001,1,0,Gm37855
Gldn,0.008506919,-0.030247976,0.004,0.007,1,0,Gldn
F11r,0.008528048,-0.022462161,0.002,0.005,1,0,F11r
Gnmt,0.00853462,0.007701026,0.003,0.001,1,0,Gnmt
Zfp771,0.008534714,-0.02224931,0.079,0.093,1,0,Zfp771
Hsf4,0.008540554,-0.010241129,0.004,0.007,1,0,Hsf4
Apool,0.008557831,-0.028742246,0.041,0.05,1,0,Apool
Emilin3,0.008563871,-0.00848974,0.001,0.003,1,0,Emilin3
Plet1os,0.008565598,0.008277395,0.003,0.001,1,0,Plet1os
Gm44597,0.008572493,-0.006719799,0.001,0.003,1,0,Gm44597
Parp16,0.008576273,-0.018149504,0.02,0.027,1,0,Parp16
Alg1,0.008581803,-0.009251321,0.004,0.008,1,0,Alg1
Itgb4,0.008581825,-0.054816969,0.005,0.009,1,0,Itgb4
Meis2,0.008596554,0.061774566,0.115,0.103,1,0,Meis2
Fam135a,0.008599975,-0.039299573,0.029,0.037,1,0,Fam135a
Sh3bp1,0.008619344,0.024336065,0.026,0.019,1,0,Sh3bp1
Gm47615,0.00862202,0.007931278,0.007,0.004,1,0,Gm47615
Erich1,0.008630001,0.023803033,0.063,0.053,1,0,Erich1
Secisbp2l,0.008636352,-0.103674195,0.153,0.171,1,0,Secisbp2l
Dnase1l1,0.008647227,-0.052451145,0.037,0.046,1,0,Dnase1l1
Tmem186,0.008659081,-0.017566283,0.011,0.016,1,0,Tmem186
Gm37310,0.008692126,-0.003890897,0,0.001,1,0,Gm37310
Gm26703,0.008692126,-0.006962568,0,0.001,1,0,Gm26703
Cacna1h,0.008692126,-0.010618299,0,0.001,1,0,Cacna1h
Pcdhga5,0.008697765,-0.028213256,0.016,0.022,1,0,Pcdhga5
Ccdc50,0.008699299,0.001811757,0.394,0.373,1,0,Ccdc50
Hic1,0.008699522,-0.052314188,0.087,0.1,1,0,Hic1
Gstm6,0.008703414,0.008118507,0.007,0.004,1,0,Gstm6
2410002F23Rik,0.008705846,-0.011200663,0.046,0.056,1,0,2410002F23Rik
Smco4,0.008750416,-0.02434687,0.087,0.101,1,0,Smco4
Gm14057,0.008768749,-0.012732678,0.003,0.006,1,0,Gm14057
Lamb3,0.008829817,0.01320152,0.008,0.005,1,0,Lamb3
Pth1r,0.008835529,-0.028344852,0.047,0.057,1,0,Pth1r
Mllt11,0.008858372,-0.005970141,0.023,0.03,1,0,Mllt11
Wdr55,0.008866161,-0.007364175,0.025,0.032,1,0,Wdr55
Alg13,0.008866265,-0.029498628,0.026,0.034,1,0,Alg13
Cdip1,0.008879386,-0.048759583,0.061,0.072,1,0,Cdip1
Satb2,0.008908951,-0.00833418,0.002,0.005,1,0,Satb2
Dpf1,0.008910443,-0.014474053,0.003,0.006,1,0,Dpf1
Erbb3,0.008919424,-0.007411818,0.009,0.006,1,0,Erbb3
Ift46,0.008924187,-0.029146423,0.07,0.082,1,0,Ift46
Slf1,0.008935223,-0.032975936,0.067,0.078,1,0,Slf1
Gm32031,0.008936887,-0.01814267,0.017,0.024,1,0,Gm32031
Cops2,0.008995248,-0.011086078,0.17,0.19,1,0,Cops2
D430041D05Rik,0.009002526,-0.013548114,0.001,0.003,1,0,D430041D05Rik
Memo1,0.009017179,-0.022216578,0.053,0.064,1,0,Memo1
Smim7,0.009030344,0.072846257,0.284,0.272,1,0,Smim7
Csf2rb2,0.009033194,-0.010690349,0.013,0.019,1,0,Csf2rb2
Twf2,0.009038405,-0.033484652,0.049,0.06,1,0,Twf2
Trim6,0.009047115,-0.004759539,0.001,0.003,1,0,Trim6
Ncbp1,0.009059933,-0.003202169,0.065,0.077,1,0,Ncbp1
Tor2a,0.009066377,-0.012354909,0.083,0.096,1,0,Tor2a
Gm5380,0.00906996,-0.006927627,0.001,0.003,1,0,Gm5380
Zfp423,0.009078778,0.040116481,0.05,0.041,1,0,Zfp423
Ube2q1,0.009079546,-0.016491994,0.137,0.154,1,0,Ube2q1
Prpf8,0.009089933,0.049566555,0.11,0.099,1,0,Prpf8
Acadl,0.009100037,-0.053452612,0.185,0.204,1,0,Acadl
Slc37a2,0.0091005,-0.003364821,0.001,0.003,1,0,Slc37a2
Ncln,0.009106187,0.067245273,0.134,0.122,1,0,Ncln
Cars,0.009129719,-0.010304072,0.064,0.076,1,0,Cars
Gm42639,0.00913326,0.017295698,0.042,0.034,1,0,Gm42639
Klhdc8b,0.009148609,0.007282465,0.044,0.035,1,0,Klhdc8b
Cntrob,0.009178032,-0.012469487,0.013,0.019,1,0,Cntrob
Gm7332,0.009235132,0.020653451,0.016,0.011,1,0,Gm7332
Gm43009,0.009237073,0.015373093,0.011,0.007,1,0,Gm43009
Lars,0.009249676,-0.045269472,0.135,0.152,1,0,Lars
Aktip,0.009256588,-0.030630839,0.07,0.083,1,0,Aktip
Prkcb,0.009259178,-0.010459952,0.001,0.003,1,0,Prkcb
Ptpn2,0.009260988,-0.024646217,0.14,0.159,1,0,Ptpn2
Acbd5,0.009278797,-0.036464229,0.165,0.184,1,0,Acbd5
Gm42972,0.009300794,-0.011262829,0.001,0.003,1,0,Gm42972
Xylt1,0.009307977,-0.009685252,0.032,0.04,1,0,Xylt1
Wwp2,0.009315527,-0.012345266,0.036,0.045,1,0,Wwp2
Oxld1,0.009332956,-0.016686012,0.008,0.012,1,0,Oxld1
Mrtfa,0.009347513,0.053005834,0.059,0.05,1,0,Mrtfa
Ttc3,0.00937397,0.013606598,0.447,0.43,1,0,Ttc3
Csrnp2,0.009378537,-0.011578469,0.012,0.017,1,0,Csrnp2
Spin2c,0.009390706,-0.008107141,0.001,0.004,1,0,Spin2c
Usb1,0.009398853,-0.014088903,0.032,0.04,1,0,Usb1
Gm10734,0.009401425,-0.007286237,0.001,0.004,1,0,Gm10734
Dnajc11,0.009434093,-0.035660083,0.053,0.064,1,0,Dnajc11
Snord13,0.009448382,-0.075152005,0.06,0.07,1,0,Snord13
Mroh1,0.009459579,0.031950317,0.034,0.027,1,0,Mroh1
2310034G01Rik,0.009466896,-0.007448665,0.001,0.003,1,0,2310034G01Rik
Fbxw5,0.009473316,0.036738991,0.07,0.061,1,0,Fbxw5
Rtn4ip1,0.009474195,-0.0175749,0.006,0.01,1,0,Rtn4ip1
Csrnp3,0.009482175,-0.010386188,0.001,0.003,1,0,Csrnp3
Rtkn2,0.009494073,-0.008546561,0.001,0.003,1,0,Rtkn2
Gm15541,0.009495207,-0.007775868,0.001,0.003,1,0,Gm15541
Slc30a4,0.00950397,0.052790043,0.067,0.057,1,0,Slc30a4
Igtp,0.009504148,-0.063652236,0.075,0.086,1,0,Igtp
Ankrd27,0.009505549,0.029815685,0.071,0.061,1,0,Ankrd27
Cops7a,0.009517433,-0.015429684,0.107,0.123,1,0,Cops7a
Gm29292,0.00951791,-0.005874533,0.001,0.003,1,0,Gm29292
Gm17501,0.009519581,-0.024816342,0.008,0.012,1,0,Gm17501
Clptm1l,0.009529548,0.05820412,0.211,0.198,1,0,Clptm1l
Tbcb,0.009536901,0.065725776,0.291,0.277,1,0,Tbcb
Atp1a1,0.009549494,0.051422443,0.209,0.196,1,0,Atp1a1
Rccd1,0.009551112,-0.017206826,0.008,0.012,1,0,Rccd1
Kti12,0.009554846,-0.018242552,0.03,0.038,1,0,Kti12
Gm8807,0.009558854,-0.007140406,0.003,0.006,1,0,Gm8807
Nudt7,0.009568071,-0.012772207,0.014,0.019,1,0,Nudt7
Slc27a4,0.009581153,0.036898859,0.048,0.04,1,0,Slc27a4
Zwint,0.009581867,0.079960901,0.116,0.105,1,0,Zwint
Zfp317,0.009600204,0.017777922,0.034,0.027,1,0,Zfp317
Gusb,0.009602083,-0.024794545,0.117,0.133,1,0,Gusb
Sesn2,0.009678101,-0.010071728,0.016,0.022,1,0,Sesn2
Clba1,0.009697506,-0.011205504,0.007,0.011,1,0,Clba1
Gsc,0.009718696,-0.016077635,0.005,0.009,1,0,Gsc
Med9,0.009722869,0.003798481,0.049,0.059,1,0,Med9
Gm44799,0.009724678,0.009767799,0.003,0.001,1,0,Gm44799
Alk,0.009724678,0.006211888,0.003,0.001,1,0,Alk
Rfng,0.009745707,0.037516044,0.072,0.062,1,0,Rfng
Gtf2b,0.009773013,-0.039734662,0.141,0.158,1,0,Gtf2b
Spem1,0.009791387,-0.011563694,0.004,0.007,1,0,Spem1
4930425P05Rik,0.009808622,0.005009003,0.003,0.001,1,0,4930425P05Rik
Edc4,0.009811896,-0.018088766,0.05,0.06,1,0,Edc4
Anxa4,0.009848685,0.062099408,0.198,0.184,1,0,Anxa4
Bckdk,0.00985681,-0.041312357,0.063,0.074,1,0,Bckdk
Fntb,0.009875723,-0.012281741,0.021,0.028,1,0,Fntb
Xndc1,0.009875983,-0.01905254,0.016,0.022,1,0,Xndc1
Ndufb1-ps,0.009902307,-0.074178633,0.391,0.411,1,0,Ndufb1-ps
Cfap298,0.009902934,-0.01368744,0.028,0.036,1,0,Cfap298
Vapa,0.00997521,-0.051722879,0.227,0.248,1,0,Vapa
U2af1,0.009982707,-0.047184658,0.198,0.218,1,0,U2af1
Hpgd,0.010000847,-0.0853036,0.049,0.058,1,0,Hpgd
Trak1,0.010038822,0.04065998,0.112,0.1,1,0,Trak1
Gm43331,0.010041159,0.007780689,0.01,0.007,1,0,Gm43331
Srp54c,0.010043323,-0.016483928,0.025,0.033,1,0,Srp54c
Dkc1,0.010051181,-0.033299324,0.12,0.136,1,0,Dkc1
Gjb1,0.010052565,-0.022785865,0,0.002,1,0,Gjb1
Gm13293,0.01005841,-0.00476017,0,0.002,1,0,Gm13293
Eid3,0.010062906,0.0300615,0.028,0.022,1,0,Eid3
Eml3,0.010088698,-0.025273971,0.068,0.08,1,0,Eml3
Gm19327,0.010092178,0.012172479,0.01,0.006,1,0,Gm19327
Nup54,0.010097168,-0.033255505,0.052,0.062,1,0,Nup54
Gm17771,0.010107197,-0.005229222,0,0.002,1,0,Gm17771
Stx5a,0.010119416,-0.034104848,0.141,0.158,1,0,Stx5a
Asb10,0.010120335,-0.009880696,0,0.002,1,0,Asb10
Sytl5,0.010129541,-0.008141909,0,0.002,1,0,Sytl5
Cacng4,0.010133488,-0.005490314,0,0.002,1,0,Cacng4
Bcat2,0.010141736,-0.037522789,0.053,0.064,1,0,Bcat2
Kctd3,0.010143391,-0.016261227,0.048,0.058,1,0,Kctd3
Cd28,0.010146657,-0.005173483,0,0.002,1,0,Cd28
Rps2-ps8,0.010146724,-0.012364144,0.009,0.014,1,0,Rps2-ps8
Rpl14-ps1,0.010164291,0.033962198,0.26,0.244,1,0,Rpl14-ps1
Zw10,0.010178043,-0.012528739,0.026,0.033,1,0,Zw10
Gm12599,0.010183597,0.007315643,0.006,0.003,1,0,Gm12599
Gm38351,0.010194214,0.006227669,0.005,0.002,1,0,Gm38351
Ephb4,0.010204796,-0.023848813,0.027,0.035,1,0,Ephb4
Ptges3-ps,0.010214746,-0.006767802,0.015,0.021,1,0,Ptges3-ps
Me2,0.010221221,0.072910432,0.078,0.068,1,0,Me2
Olfml1,0.010242199,0.05737946,0.106,0.094,1,0,Olfml1
Nrxn1,0.010249182,-0.037216566,0.004,0.007,1,0,Nrxn1
Grpel2,0.010285705,-0.018608695,0.03,0.038,1,0,Grpel2
Slc4a7,0.010290489,-0.025579218,0.055,0.065,1,0,Slc4a7
Agl,0.010291231,-0.045426061,0.055,0.065,1,0,Agl
Dync2li1,0.010294607,-0.030113284,0.05,0.06,1,0,Dync2li1
Usp46,0.010299269,-0.034521466,0.076,0.088,1,0,Usp46
Gm13573,0.010299844,-0.007285941,0.001,0.003,1,0,Gm13573
Usp29,0.010299844,-0.011911177,0.001,0.003,1,0,Usp29
Mitd1,0.010303536,0.050979445,0.098,0.087,1,0,Mitd1
Ipo4,0.010310489,0.041488503,0.077,0.067,1,0,Ipo4
Sh3gl3,0.010314707,-0.009934166,0.001,0.003,1,0,Sh3gl3
Kcnn1,0.010315432,-0.013497614,0.006,0.01,1,0,Kcnn1
Pcsk9,0.010315851,-0.003712022,0.001,0.003,1,0,Pcsk9
Polr3d,0.010322354,0.062616743,0.235,0.222,1,0,Polr3d
Jrk,0.010329589,-0.009121511,0.001,0.003,1,0,Jrk
Sv2a,0.010333026,-0.00839852,0.001,0.003,1,0,Sv2a
Tnfrsf10b,0.010342628,-0.010028332,0.015,0.021,1,0,Tnfrsf10b
Gm28048,0.01034465,-0.016284375,0.004,0.007,1,0,Gm28048
Cdk6,0.010346577,0.001349317,0.046,0.056,1,0,Cdk6
Rhbdd2,0.010348593,-0.023783329,0.029,0.037,1,0,Rhbdd2
Hist1h1d,0.010352522,-0.004635463,0.001,0.003,1,0,Hist1h1d
Tmc4,0.010364457,0.023979161,0.022,0.017,1,0,Tmc4
Apln,0.010368638,-0.007323229,0.016,0.022,1,0,Apln
Gm16287,0.0103732,-0.006178425,0.001,0.003,1,0,Gm16287
Stam2,0.010378323,-0.005421385,0.089,0.103,1,0,Stam2
Thoc7,0.010383718,-0.024772359,0.168,0.187,1,0,Thoc7
Eif2ak4,0.010389269,-0.02425579,0.026,0.034,1,0,Eif2ak4
Vegfb,0.0104072,0.049213119,0.07,0.06,1,0,Vegfb
Lrrc73,0.010409108,-0.001933773,0.007,0.011,1,0,Lrrc73
Etfrf1,0.010457886,-0.031020199,0.05,0.06,1,0,Etfrf1
Zfp263,0.010474653,-0.036700772,0.036,0.045,1,0,Zfp263
Gm15551,0.010502532,0.013495545,0.009,0.006,1,0,Gm15551
Tcea1,0.010504425,-0.037784879,0.234,0.255,1,0,Tcea1
Lypd2,0.010515689,-0.034861394,0.003,0.005,1,0,Lypd2
Rtl8c,0.010544755,-0.011902658,0.007,0.011,1,0,Rtl8c
Gjc2,0.010599341,-0.014426204,0.003,0.005,1,0,Gjc2
Alas1,0.010618383,0.032432647,0.142,0.128,1,0,Alas1
Gm37472,0.010620986,0.023843647,0.031,0.024,1,0,Gm37472
Noc4l,0.010627849,-0.014815991,0.037,0.045,1,0,Noc4l
Gm45053,0.010669669,-0.017839775,0.01,0.015,1,0,Gm45053
Gm42897,0.010680501,0.009084386,0.004,0.002,1,0,Gm42897
Pop5,0.010686362,-0.042893583,0.06,0.071,1,0,Pop5
Slc25a22,0.010699396,-0.002849384,0.023,0.03,1,0,Slc25a22
Fam192a,0.010722783,-0.022309068,0.111,0.126,1,0,Fam192a
Dynlt1-ps1,0.010744623,-0.004948381,0.008,0.013,1,0,Dynlt1-ps1
Taf2,0.010752803,-0.016462213,0.075,0.087,1,0,Taf2
Tcf7,0.010753736,-0.010400948,0.002,0.004,1,0,Tcf7
Nkapd1,0.010766257,0.051974722,0.103,0.092,1,0,Nkapd1
Vcl,0.010768004,-0.018989594,0.053,0.064,1,0,Vcl
Gm7967,0.010771526,0.006249218,0.003,0.001,1,0,Gm7967
AC020971.1,0.010771526,0.004458838,0.003,0.001,1,0,AC020971.1
Pif1,0.010774417,-0.002168169,0,0.001,1,0,Pif1
G630030J09Rik,0.010774417,-0.004850487,0,0.001,1,0,G630030J09Rik
Gm14393,0.010774417,-0.004988723,0,0.001,1,0,Gm14393
Luzp2,0.010774417,-0.011698719,0,0.001,1,0,Luzp2
Atxn7l3,0.010777871,-0.024711161,0.059,0.07,1,0,Atxn7l3
1700120C14Rik,0.010779174,-0.008373257,0.003,0.005,1,0,1700120C14Rik
Lig3,0.01079157,-0.014567456,0.013,0.018,1,0,Lig3
Cntln,0.010794727,0.052113735,0.206,0.192,1,0,Cntln
Gm43692,0.010820878,0.003308865,0.003,0.001,1,0,Gm43692
Zfp595,0.010843883,-0.014053073,0.008,0.012,1,0,Zfp595
Prdm6,0.010848012,0.012209283,0.007,0.004,1,0,Prdm6
Pyroxd1,0.010849142,-0.016918396,0.013,0.018,1,0,Pyroxd1
Gm38604,0.010871882,0.008307997,0.009,0.005,1,0,Gm38604
Ccdc116,0.010891608,-0.003735585,0.001,0.003,1,0,Ccdc116
Phactr1,0.010891653,0.055536082,0.095,0.084,1,0,Phactr1
Paqr8,0.010892211,0.000711265,0.003,0.005,1,0,Paqr8
Gm38104,0.010918934,0.007164065,0.007,0.004,1,0,Gm38104
Fbxl17,0.010931006,0.029901478,0.047,0.039,1,0,Fbxl17
Nubp1,0.010953512,0.010642816,0.045,0.055,1,0,Nubp1
Ahcy,0.010959303,-0.004941398,0.012,0.017,1,0,Ahcy
Pcbd1,0.01098837,-0.01123429,0.007,0.011,1,0,Pcbd1
Resf1,0.011019692,-0.081501072,0.239,0.258,1,0,Resf1
Rab40b,0.011029779,0.027735989,0.03,0.023,1,0,Rab40b
Rps2-ps5,0.011030376,-0.006884284,0.002,0.004,1,0,Rps2-ps5
Mapt,0.011061993,-0.028728955,0.003,0.007,1,0,Mapt
Prickle3,0.011083257,-0.015085687,0.019,0.025,1,0,Prickle3
Fbxo6,0.011096797,-0.032040535,0.071,0.083,1,0,Fbxo6
Zdhhc2,0.011108192,-0.007437045,0.001,0.003,1,0,Zdhhc2
Pcdh17,0.011116608,-0.014361463,0.001,0.004,1,0,Pcdh17
Gm17066,0.01111813,0.025251789,0.068,0.058,1,0,Gm17066
Cyb5d1,0.011132398,-0.003879899,0.002,0.004,1,0,Cyb5d1
Neto2,0.011137455,-0.006723521,0.003,0.006,1,0,Neto2
Gm36962,0.011144903,0.012698354,0.013,0.009,1,0,Gm36962
Nckap5l,0.01115193,-0.019533577,0.017,0.023,1,0,Nckap5l
D930030I03Rik,0.011153207,-0.00342527,0.001,0.003,1,0,D930030I03Rik
Rpl36-ps2,0.01115881,0.024203766,0.029,0.023,1,0,Rpl36-ps2
Pde12,0.011160463,-0.065232369,0.084,0.096,1,0,Pde12
Cerk,0.011167578,0.022050126,0.052,0.043,1,0,Cerk
Nup210l,0.011168042,-0.02366602,0.01,0.014,1,0,Nup210l
Trdn,0.011171936,-0.096081746,0.005,0.008,1,0,Trdn
Ccdc114,0.011200387,-0.014478368,0.007,0.011,1,0,Ccdc114
Itih4,0.011209043,0.008391158,0.002,0.001,1,0,Itih4
4933427D14Rik,0.011211995,-0.010422566,0.002,0.005,1,0,4933427D14Rik
Gle1,0.011212742,-0.025002605,0.064,0.075,1,0,Gle1
Pim3,0.011227679,-0.042267977,0.067,0.079,1,0,Pim3
Slc6a2,0.011228118,-0.017882497,0.008,0.013,1,0,Slc6a2
Gm10516,0.011230863,-0.011262641,0.003,0.007,1,0,Gm10516
Tdg,0.011246621,-0.02396741,0.062,0.073,1,0,Tdg
Dstyk,0.011251145,-0.032221852,0.037,0.045,1,0,Dstyk
Trim29,0.011259029,0.001658363,0.002,0.001,1,0,Trim29
Gm37568,0.011276311,0.003106213,0.002,0.001,1,0,Gm37568
Agtr2,0.01128453,0.027406109,0.024,0.018,1,0,Agtr2
4930438E09Rik,0.011290521,0.010790936,0.003,0.001,1,0,4930438E09Rik
Far1,0.011303227,-0.025706066,0.162,0.18,1,0,Far1
Gm12655,0.011314271,-0.011964022,0.007,0.011,1,0,Gm12655
Bach2,0.011321812,0.029147709,0.026,0.02,1,0,Bach2
Gm47588,0.011323231,0.004643767,0.003,0.001,1,0,Gm47588
Gm15903,0.011334153,0.004543871,0.003,0.001,1,0,Gm15903
Ddx58,0.011338317,-0.023107366,0.114,0.13,1,0,Ddx58
Net1,0.011346633,-0.024430039,0.021,0.027,1,0,Net1
Dnmt3l,0.011401663,-0.009873883,0.008,0.013,1,0,Dnmt3l
4930524O07Rik,0.011414933,-0.002338422,0.002,0.005,1,0,4930524O07Rik
Cpt1c,0.011422436,0.029415231,0.092,0.081,1,0,Cpt1c
Gm4366,0.011426099,-0.020406605,0.066,0.078,1,0,Gm4366
Hibadh,0.011434685,-0.021604313,0.138,0.155,1,0,Hibadh
Nudt19,0.011447868,-0.002646143,0.058,0.069,1,0,Nudt19
Zfp532,0.011457183,-0.013552567,0.029,0.037,1,0,Zfp532
Pitpnm2,0.011460729,0.016560899,0.036,0.029,1,0,Pitpnm2
Stk24,0.011467304,0.058048932,0.125,0.113,1,0,Stk24
Kcng4,0.011494405,-0.008025444,0.001,0.002,1,0,Kcng4
Tbc1d25,0.011504201,-0.012019981,0.005,0.008,1,0,Tbc1d25
Shisal2b,0.011506679,-0.026376327,0.001,0.002,1,0,Shisal2b
Epyc,0.011508043,-0.012721786,0.001,0.002,1,0,Epyc
Gm47513,0.011509408,-0.007862265,0.001,0.002,1,0,Gm47513
9330182L06Rik,0.011528528,-0.009430508,0.001,0.002,1,0,9330182L06Rik
Gm46404,0.011532628,-0.007590046,0.001,0.002,1,0,Gm46404
Celf4,0.011534529,0.013771111,0.015,0.01,1,0,Celf4
Pard3,0.011537711,0.047425809,0.155,0.142,1,0,Pard3
Acer2,0.011540834,-0.011451656,0.001,0.002,1,0,Acer2
2010310C07Rik,0.011551294,0.010374815,0.004,0.002,1,0,2010310C07Rik
Tor1aip2,0.011560498,-0.040791389,0.147,0.164,1,0,Tor1aip2
Zfp108,0.01156274,-0.005922657,0.001,0.002,1,0,Zfp108
Gm12248,0.01156411,-0.005038855,0.001,0.002,1,0,Gm12248
Tnfsf13os,0.011565481,-0.007716564,0.001,0.002,1,0,Tnfsf13os
Gm8116,0.011569593,-0.00605201,0.001,0.002,1,0,Gm8116
Chek1,0.011574271,-0.010863859,0.011,0.016,1,0,Chek1
Slc22a21,0.011582964,-0.024580542,0.017,0.023,1,0,Slc22a21
Arhgap31,0.011594096,-0.0060539,0.038,0.047,1,0,Arhgap31
Kif13b,0.011594612,0.015968587,0.099,0.087,1,0,Kif13b
Fam83e,0.011596058,0.009613805,0.004,0.002,1,0,Fam83e
Phxr4,0.011597951,0.015440039,0.012,0.008,1,0,Phxr4
Pef1,0.011627123,-0.017404311,0.06,0.071,1,0,Pef1
Gm6225,0.011669114,0.009527182,0.027,0.02,1,0,Gm6225
Dnajc27,0.011669123,-0.021122903,0.016,0.022,1,0,Dnajc27
Elp3,0.011675415,-0.016667114,0.054,0.064,1,0,Elp3
Gm49599,0.011704618,-0.022692753,0.049,0.059,1,0,Gm49599
Gm6274,0.011721794,-0.009513062,0.033,0.042,1,0,Gm6274
Ncoa1,0.011747757,0.023122661,0.123,0.11,1,0,Ncoa1
Rpap3,0.011754717,-0.02797235,0.061,0.072,1,0,Rpap3
Dhrs13,0.011755933,-0.001565646,0.009,0.014,1,0,Dhrs13
Scfd2,0.011762415,-0.015362305,0.024,0.031,1,0,Scfd2
Gm45343,0.011776868,0.017229784,0.01,0.006,1,0,Gm45343
Rc3h2,0.011781798,0.044140168,0.157,0.144,1,0,Rc3h2
Nup43,0.01180938,-0.010535883,0.012,0.018,1,0,Nup43
Gm26586,0.011814213,0.016378692,0.012,0.008,1,0,Gm26586
Mmut,0.011871105,0.011661599,0.087,0.076,1,0,Mmut
Brd3os,0.011898396,-0.02143855,0.011,0.016,1,0,Brd3os
Pitpnb,0.011904187,-0.043013658,0.185,0.204,1,0,Pitpnb
Utp20,0.011906974,0.044463415,0.06,0.051,1,0,Utp20
Bend5,0.01191913,-0.011765002,0.01,0.015,1,0,Bend5
Emc10,0.011927904,-0.024325538,0.25,0.272,1,0,Emc10
Vezt,0.012037532,-0.020104238,0.027,0.035,1,0,Vezt
Snhg14,0.012082863,0.026165054,0.024,0.018,1,0,Snhg14
Ssbp2,0.012087272,-0.046943693,0.099,0.112,1,0,Ssbp2
Smdt1,0.012101456,0.051104549,0.356,0.343,1,0,Smdt1
Mpp5,0.012121245,-0.037886033,0.104,0.117,1,0,Mpp5
Sec24b,0.012126224,0.051409142,0.114,0.103,1,0,Sec24b
Patj,0.012138861,0.006543096,0.005,0.003,1,0,Patj
Ahcyl1,0.012180977,0.064821824,0.205,0.193,1,0,Ahcyl1
Pgap3,0.012187731,-0.005564458,0.006,0.01,1,0,Pgap3
Gm17137,0.012208382,0.006054055,0.005,0.003,1,0,Gm17137
Ibtk,0.012247526,0.061560377,0.143,0.131,1,0,Ibtk
Hnrnph2,0.012268721,-0.041889062,0.121,0.136,1,0,Hnrnph2
Gm15720,0.012276188,-0.008317586,0.002,0.005,1,0,Gm15720
Xpr1,0.012318346,-0.034612776,0.061,0.071,1,0,Xpr1
Coa4,0.012326732,-0.01165455,0.006,0.01,1,0,Coa4
Clcn4,0.012327364,-0.035758505,0.194,0.214,1,0,Clcn4
2610044O15Rik8,0.012340074,-0.007953368,0.026,0.034,1,0,2610044O15Rik8
Chid1,0.012356999,-0.008853074,0.061,0.072,1,0,Chid1
Gm26634,0.012359652,-0.008560211,0,0.002,1,0,Gm26634
Mrpl41,0.01236292,-0.02048026,0.074,0.086,1,0,Mrpl41
Cpsf1,0.012366001,0.039521781,0.065,0.056,1,0,Cpsf1
Prpf31,0.012367566,-0.018602345,0.049,0.059,1,0,Prpf31
4930597O21Rik,0.012387716,0.008676805,0.004,0.002,1,0,4930597O21Rik
Gm525,0.012393224,-0.018802161,0,0.002,1,0,Gm525
Ddx56,0.012393977,-0.025178281,0.044,0.053,1,0,Ddx56
Gpr45,0.012405186,-0.005765202,0,0.002,1,0,Gpr45
Lrrn3,0.012406035,-0.006073922,0,0.002,1,0,Lrrn3
Stk33,0.012408784,-0.006715703,0,0.002,1,0,Stk33
Scube1,0.012410583,-0.006638284,0,0.002,1,0,Scube1
Nupl2,0.012413686,-0.011357275,0.01,0.015,1,0,Nupl2
Gm12580,0.012418857,-0.004928771,0,0.002,1,0,Gm12580
Gm5456,0.01242046,-0.003817054,0,0.002,1,0,Gm5456
Gm42971,0.012424368,-0.015663102,0.005,0.009,1,0,Gm42971
Llgl2,0.012424984,-0.006635578,0,0.002,1,0,Llgl2
Zfp473,0.012425272,-0.002985047,0,0.002,1,0,Zfp473
Cdk19,0.012425752,0.020732052,0.069,0.06,1,0,Cdk19
Bcl2l2,0.012430021,-0.018770844,0.048,0.058,1,0,Bcl2l2
Elp2,0.012441703,0.045888708,0.134,0.122,1,0,Elp2
Kif1a,0.012450203,-0.016137566,0.001,0.003,1,0,Kif1a
Orc4,0.012458906,-0.021271081,0.062,0.073,1,0,Orc4
Mymx,0.012465268,-0.02059776,0.001,0.003,1,0,Mymx
Abcc2,0.012466507,0.005544227,0.006,0.003,1,0,Abcc2
Ccdc43,0.012476127,-0.050984366,0.055,0.065,1,0,Ccdc43
Zfp62,0.012478173,-0.025831517,0.058,0.068,1,0,Zfp62
Gm10036,0.012481721,-0.005463047,0.001,0.003,1,0,Gm10036
Atad1,0.012485137,-0.028047209,0.099,0.114,1,0,Atad1
Ddx1,0.012487963,-0.039064672,0.237,0.257,1,0,Ddx1
Gm28707,0.012488582,-0.004071094,0.001,0.003,1,0,Gm28707
Slc35b2,0.012502478,0.000921304,0.123,0.14,1,0,Slc35b2
Cln6,0.012520943,-0.009769409,0.023,0.03,1,0,Cln6
Zfand2b,0.012527428,-0.03570433,0.053,0.063,1,0,Zfand2b
Zcchc12,0.012532648,0.009458602,0.003,0.002,1,0,Zcchc12
Gm43667,0.012537119,0.028167222,0.021,0.016,1,0,Gm43667
Prodh,0.012545071,-0.021076058,0.002,0.004,1,0,Prodh
Pigm,0.012565255,-0.022266946,0.026,0.033,1,0,Pigm
Thap6,0.012576239,-0.005897723,0.011,0.016,1,0,Thap6
Tmem69,0.012594517,-0.01114646,0.01,0.015,1,0,Tmem69
Dhx57,0.012607491,0.053875308,0.072,0.062,1,0,Dhx57
Scarf1,0.012638902,-0.022220496,0.003,0.006,1,0,Scarf1
Pcdhb22,0.012652431,-0.026865853,0.017,0.023,1,0,Pcdhb22
Gm42486,0.012664956,0.011502937,0.003,0.002,1,0,Gm42486
Eif3i,0.012674995,0.028320789,0.318,0.302,1,0,Eif3i
Rprd1b,0.012679746,-0.029194969,0.062,0.073,1,0,Rprd1b
Pan3,0.012711655,0.045647319,0.096,0.085,1,0,Pan3
Mtfp1,0.012722051,-0.015346775,0.003,0.006,1,0,Mtfp1
Bod1,0.01276936,-0.025155437,0.095,0.109,1,0,Bod1
Sav1,0.012770716,-0.012309488,0.009,0.014,1,0,Sav1
Coprs,0.012793404,0.044520485,0.041,0.033,1,0,Coprs
Smg7,0.012803178,0.04591849,0.094,0.083,1,0,Smg7
Rab12,0.012814214,0.053626349,0.19,0.176,1,0,Rab12
Glrx2,0.012817758,-0.032636551,0.17,0.188,1,0,Glrx2
Tent2,0.012820347,-0.003642412,0.066,0.077,1,0,Tent2
Slc25a47,0.012829668,-0.009246424,0.003,0.006,1,0,Slc25a47
Zfhx2,0.012851115,0.018509053,0.009,0.005,1,0,Zfhx2
Khdc4,0.012854411,-0.022219387,0.067,0.079,1,0,Khdc4
Uqcrh,0.012875887,-0.068722679,0.508,0.523,1,0,Uqcrh
Parp1,0.012878717,-0.02436979,0.071,0.083,1,0,Parp1
Mettl8,0.012923361,-0.022403923,0.019,0.025,1,0,Mettl8
Lrp10,0.012925134,0.04400679,0.157,0.145,1,0,Lrp10
Zfp212,0.012927254,-0.011409912,0.015,0.021,1,0,Zfp212
Gm47121,0.012979772,0.000953853,0.003,0.001,1,0,Gm47121
Slamf8,0.012987146,0.016642593,0.006,0.003,1,0,Slamf8
Stoml2,0.012988618,-0.023311575,0.12,0.136,1,0,Stoml2
Areg,0.013002244,0.023177033,0.008,0.005,1,0,Areg
Mlph,0.013007841,-0.010009609,0.001,0.003,1,0,Mlph
Gm10073,0.013040078,-0.009186835,0.056,0.066,1,0,Gm10073
Leo1,0.013041225,-0.065669912,0.169,0.186,1,0,Leo1
Usp3,0.013041953,-0.025413793,0.074,0.086,1,0,Usp3
1600002K03Rik,0.013050766,-0.008532256,0.041,0.05,1,0,1600002K03Rik
Gm19265,0.013078393,-0.007906803,0.002,0.004,1,0,Gm19265
Fignl1,0.013089494,-0.001084875,0.002,0.004,1,0,Fignl1
Efcab11,0.013091832,-0.006045909,0.002,0.004,1,0,Efcab11
Gm10093,0.013113571,-0.020001084,0.019,0.025,1,0,Gm10093
Gm15050,0.013115059,-0.017106299,0.02,0.027,1,0,Gm15050
Slc25a17,0.013150709,-0.027130353,0.101,0.115,1,0,Slc25a17
Hmgb1-ps6,0.01316921,0.007786815,0.006,0.003,1,0,Hmgb1-ps6
Gm35339,0.013182042,-0.008413461,0.001,0.003,1,0,Gm35339
Tomm70a,0.013189106,-0.025627715,0.15,0.167,1,0,Tomm70a
Ppm1l,0.013190801,-0.037867021,0.01,0.015,1,0,Ppm1l
Gkap1,0.01319563,-0.022856715,0.143,0.16,1,0,Gkap1
Nap1l3,0.013209118,-0.011826499,0.001,0.003,1,0,Nap1l3
Wnt4,0.013219445,-0.01060491,0.001,0.003,1,0,Wnt4
Dok5,0.013226013,-0.005902361,0.001,0.004,1,0,Dok5
Vcp-rs,0.013230921,-0.007603319,0.013,0.018,1,0,Vcp-rs
Ighmbp2,0.013234194,-0.006549653,0.016,0.022,1,0,Ighmbp2
Dhx58,0.013238728,0.029893447,0.026,0.021,1,0,Dhx58
Mtfr1,0.013242859,-0.009842625,0.032,0.041,1,0,Mtfr1
Tmem53,0.013244302,-0.030563236,0.037,0.045,1,0,Tmem53
Paics,0.013261483,-0.041131638,0.226,0.246,1,0,Paics
Yipf2,0.013274137,-0.005405225,0.001,0.004,1,0,Yipf2
Gm3052,0.01329702,-0.000141995,0.001,0.004,1,0,Gm3052
Gm42928,0.013297639,-0.003300059,0.001,0.004,1,0,Gm42928
Llgl1,0.013326169,-0.018469168,0.044,0.054,1,0,Llgl1
Nop2,0.013359291,-0.00489312,0.031,0.039,1,0,Nop2
Ipo13,0.013365176,0.031661134,0.042,0.034,1,0,Ipo13
Npas4,0.013371193,-0.003101742,0,0.001,1,0,Npas4
Stxbp2,0.013371193,-0.007067814,0,0.001,1,0,Stxbp2
Blzf1,0.013381406,-0.032885956,0.067,0.079,1,0,Blzf1
Pycrl,0.013385578,-0.013594987,0.024,0.031,1,0,Pycrl
Gm37399,0.013393514,0.011125566,0.011,0.007,1,0,Gm37399
Pnrc1,0.013404752,0.013961037,0.56,0.546,1,0,Pnrc1
Rgl3,0.013428185,0.006906472,0.007,0.004,1,0,Rgl3
Med12l,0.013467778,-0.018519894,0.016,0.021,1,0,Med12l
Atf6,0.01350818,-0.028622563,0.109,0.123,1,0,Atf6
Lypla2,0.013517551,-0.01940996,0.076,0.088,1,0,Lypla2
Stxbp3,0.013542847,-0.025967977,0.095,0.109,1,0,Stxbp3
Mgat5,0.013566506,-0.019461871,0.023,0.03,1,0,Mgat5
Cct5,0.013566692,0.056949431,0.314,0.303,1,0,Cct5
Gm24265,0.013576906,-0.019497793,0.002,0.005,1,0,Gm24265
Timm17b,0.013578142,-0.007529942,0.113,0.129,1,0,Timm17b
Mtif3,0.013582814,-0.010554594,0.024,0.032,1,0,Mtif3
Seh1l,0.013595147,-0.007248569,0.067,0.078,1,0,Seh1l
Yjefn3,0.013615741,-0.013671087,0.006,0.009,1,0,Yjefn3
Utp18,0.013634355,-0.035733294,0.055,0.065,1,0,Utp18
Dync1li2,0.013651487,-0.029229136,0.167,0.186,1,0,Dync1li2
Fbxo10,0.013670004,-0.014789487,0.013,0.018,1,0,Fbxo10
Zfyve26,0.013672964,0.015472151,0.022,0.016,1,0,Zfyve26
mt-Tp,0.013694464,-0.030657284,0.014,0.02,1,0,mt-Tp
Wdr45,0.013696476,-0.043796356,0.048,0.058,1,0,Wdr45
Eif4h,0.013725148,-0.040010308,0.238,0.259,1,0,Eif4h
Igbp1,0.013727826,0.028209134,0.136,0.123,1,0,Igbp1
Unc5a,0.01374122,-0.012125462,0.003,0.006,1,0,Unc5a
Ints12,0.013790722,-0.031495562,0.04,0.049,1,0,Ints12
Mycbp,0.013822971,-0.02741074,0.058,0.068,1,0,Mycbp
Klhl11,0.013837582,-0.012084949,0.003,0.006,1,0,Klhl11
Kri1,0.013868287,-0.014610332,0.014,0.019,1,0,Kri1
Elfn1,0.01389133,-0.008735398,0.004,0.007,1,0,Elfn1
Dmtf1,0.013896183,-0.048527226,0.092,0.104,1,0,Dmtf1
Gm12689,0.013900038,0.008603322,0.005,0.002,1,0,Gm12689
Tm9sf4,0.013921333,-0.037016646,0.165,0.183,1,0,Tm9sf4
Gm12944,0.013941873,0.009316997,0.004,0.002,1,0,Gm12944
Vars,0.013965397,-0.013794805,0.084,0.097,1,0,Vars
Dock7,0.013966375,0.035646739,0.218,0.204,1,0,Dock7
Lgals8,0.013973174,-0.024904648,0.112,0.127,1,0,Lgals8
Dvl1,0.013976631,0.038061876,0.104,0.092,1,0,Dvl1
Gm15912,0.013988206,-0.007317908,0.001,0.002,1,0,Gm15912
Mark4,0.013999826,0.042387582,0.049,0.041,1,0,Mark4
Upf2,0.014003658,0.067326567,0.157,0.146,1,0,Upf2
Stx1a,0.014004268,-0.006349041,0.012,0.017,1,0,Stx1a
Asb8,0.01400453,-0.020161532,0.033,0.041,1,0,Asb8
Dmtn,0.01402112,-0.019085589,0.007,0.01,1,0,Dmtn
Sdad1,0.014023734,-0.033000043,0.09,0.103,1,0,Sdad1
Pstpip2,0.014029397,-0.008546191,0.001,0.002,1,0,Pstpip2
Haspin,0.014044251,-0.004064133,0.001,0.002,1,0,Haspin
Arhgdia,0.014048068,0.026649409,0.423,0.406,1,0,Arhgdia
Adamts18,0.014060773,-0.005555294,0.001,0.002,1,0,Adamts18
Snrnp40,0.014064386,-0.016624067,0.064,0.075,1,0,Snrnp40
Fam160a1,0.014065732,-0.005565301,0.001,0.002,1,0,Fam160a1
Gm50307,0.014090555,-0.002022209,0.001,0.002,1,0,Gm50307
Rfc5,0.01410362,-0.017189432,0.021,0.027,1,0,Rfc5
Pin1,0.014118248,-0.021968984,0.131,0.147,1,0,Pin1
Amn1,0.014124609,-0.027574072,0.041,0.049,1,0,Amn1
Sh3rf3,0.014208463,-0.00459518,0.012,0.017,1,0,Sh3rf3
Gm37755,0.014226409,0.008142808,0.002,0.001,1,0,Gm37755
Uso1,0.014229214,-0.007868756,0.212,0.233,1,0,Uso1
Cgrrf1,0.014231306,-0.038807579,0.097,0.109,1,0,Cgrrf1
Gtpbp10,0.014235087,-0.022789339,0.01,0.014,1,0,Gtpbp10
Elp6,0.014268718,-0.011235877,0.016,0.021,1,0,Elp6
Wars,0.014293963,0.039728542,0.079,0.069,1,0,Wars
Gm43942,0.014296504,-0.01131654,0.008,0.012,1,0,Gm43942
Gm50170,0.014324084,0.006301495,0.002,0.001,1,0,Gm50170
Qrich1,0.014342859,0.052319637,0.114,0.104,1,0,Qrich1
Cep57,0.014396211,-0.028822735,0.073,0.085,1,0,Cep57
Uqcc1,0.014416409,-0.024464743,0.043,0.052,1,0,Uqcc1
Cyb561d2,0.014448764,0.000532984,0.042,0.051,1,0,Cyb561d2
Tmem42,0.014471831,-0.027399814,0.034,0.042,1,0,Tmem42
Zfp740,0.014484982,0.039236328,0.064,0.055,1,0,Zfp740
Ccdc173,0.014503141,-0.034927488,0.017,0.023,1,0,Ccdc173
Pgam1,0.014524752,-0.011335639,0.018,0.024,1,0,Pgam1
Nat2,0.014531805,0.021298032,0.013,0.009,1,0,Nat2
Rae1,0.014544661,-0.033444694,0.115,0.13,1,0,Rae1
Hoxc8,0.014554171,0.066110804,0.098,0.087,1,0,Hoxc8
Pygo1,0.014572828,0.05934233,0.102,0.092,1,0,Pygo1
Fam174b,0.014603224,0.017616501,0.025,0.02,1,0,Fam174b
Rragc,0.014620765,0.052371582,0.109,0.098,1,0,Rragc
Gstp2,0.014689046,0.02165169,0.022,0.017,1,0,Gstp2
Bloc1s3,0.01470153,-0.010902828,0.008,0.012,1,0,Bloc1s3
Rab10,0.014781247,-0.05599732,0.271,0.293,1,0,Rab10
Mtif2,0.014786086,-0.045179145,0.107,0.121,1,0,Mtif2
Zfp787,0.014794958,-0.022383362,0.027,0.035,1,0,Zfp787
Bckdhb,0.014802147,0.042046878,0.096,0.085,1,0,Bckdhb
Thra,0.01480348,0.025305176,0.293,0.277,1,0,Thra
Apeh,0.014820554,0.062275039,0.056,0.048,1,0,Apeh
Bcl2l11,0.014829984,-0.024285842,0.039,0.048,1,0,Bcl2l11
Dnmbp,0.014838903,0.043131485,0.033,0.027,1,0,Dnmbp
Gm48182,0.014852003,0.004779966,0.002,0.001,1,0,Gm48182
Trmt5,0.014854032,-0.011363374,0.012,0.017,1,0,Trmt5
4933434E20Rik,0.014862611,0.050196873,0.072,0.063,1,0,4933434E20Rik
Hist4h4,0.014882686,-0.013766004,0.002,0.004,1,0,Hist4h4
Mcm10,0.014884677,-0.004112003,0.003,0.006,1,0,Mcm10
Tfpi2,0.014886427,-0.038029603,0.092,0.106,1,0,Tfpi2
H2-DMa,0.014893146,-0.0009116,0.003,0.006,1,0,H2-DMa
Gm44936,0.014903113,0.001092962,0.002,0.001,1,0,Gm44936
Gm37204,0.014910707,0.012127595,0.014,0.01,1,0,Gm37204
Gm8494,0.014946193,-0.004917006,0.002,0.004,1,0,Gm8494
Fen1,0.014958667,-0.007426879,0.007,0.011,1,0,Fen1
2610005L07Rik,0.014969114,-0.003880232,0.002,0.004,1,0,2610005L07Rik
Stk4,0.014971715,-0.020020474,0.047,0.057,1,0,Stk4
Rtkn,0.015004559,-0.009045718,0.001,0.003,1,0,Rtkn
4833412C05Rik,0.015016005,-0.00664592,0.001,0.003,1,0,4833412C05Rik
Ttc5,0.015022421,-0.032214906,0.051,0.061,1,0,Ttc5
Hsd17b4,0.015030657,0.048466369,0.131,0.12,1,0,Hsd17b4
Rbm12,0.015033975,0.023160383,0.037,0.03,1,0,Rbm12
Ebf4,0.015042197,-0.005459216,0.001,0.003,1,0,Ebf4
1810062O18Rik,0.01504741,0.015199635,0.009,0.006,1,0,1810062O18Rik
Sgf29,0.015064687,-0.025449886,0.035,0.043,1,0,Sgf29
Acap2,0.015090246,0.029339432,0.239,0.224,1,0,Acap2
Setmar,0.015091415,-0.006421308,0.001,0.003,1,0,Setmar
Wdr5b,0.015097652,-0.016199043,0.005,0.008,1,0,Wdr5b
Nbr1,0.015140377,0.036996233,0.116,0.104,1,0,Nbr1
3425401B19Rik,0.015146172,-0.016401384,0,0.002,1,0,3425401B19Rik
Trim3,0.015156356,-0.01474986,0.043,0.052,1,0,Trim3
Cdhr4,0.015161736,-0.006495849,0,0.002,1,0,Cdhr4
Gm42442,0.015169523,-0.00708055,0,0.002,1,0,Gm42442
Gm9755,0.015171471,-0.004108308,0,0.002,1,0,Gm9755
Gm9530,0.015171471,-0.008956475,0,0.002,1,0,Gm9530
A530065N20Rik,0.015183159,-0.008043609,0,0.002,1,0,A530065N20Rik
Pdzrn4,0.015187058,-0.004663018,0,0.002,1,0,Pdzrn4
Gm13524,0.015190956,-0.005658995,0,0.002,1,0,Gm13524
Acvr2b,0.01520259,-0.020053024,0.006,0.009,1,0,Acvr2b
AA386476,0.015206561,-0.004603932,0,0.002,1,0,AA386476
Gm43034,0.015216321,-0.003464018,0,0.002,1,0,Gm43034
Tigit,0.015227179,0.002722944,0.005,0.003,1,0,Tigit
Ftsj3,0.015228066,-0.031959321,0.116,0.131,1,0,Ftsj3
BC049715,0.015277991,-0.012992469,0.008,0.012,1,0,BC049715
Znhit3,0.015298196,-0.015776266,0.022,0.029,1,0,Znhit3
Fbxl16,0.01530063,-0.006556443,0.006,0.01,1,0,Fbxl16
Kcna5,0.015317374,-0.013922351,0,0.002,1,0,Kcna5
Sorcs1,0.01531959,-0.012702626,0,0.002,1,0,Sorcs1
Elovl3,0.015321805,-0.007722666,0,0.002,1,0,Elovl3
Pcdh12,0.015321805,-0.008823812,0,0.002,1,0,Pcdh12
Dbx1,0.015321805,-0.014006985,0,0.002,1,0,Dbx1
Xirp1,0.015321805,-0.014904493,0,0.002,1,0,Xirp1
Mapk13,0.015328454,-0.005877784,0,0.002,1,0,Mapk13
Dclk3,0.015332888,-0.011532491,0,0.002,1,0,Dclk3
Htr7,0.015339541,-0.010963914,0,0.002,1,0,Htr7
Gm4076,0.015341759,-0.005790805,0,0.002,1,0,Gm4076
Rnf128,0.015350635,-0.004616557,0,0.002,1,0,Rnf128
Dph1,0.015357295,-0.00273336,0,0.002,1,0,Dph1
Fgl1,0.015357295,-0.005574171,0,0.002,1,0,Fgl1
Gm44220,0.015363082,-0.013027592,0.002,0.004,1,0,Gm44220
Aamdc,0.01537367,-0.052934273,0.093,0.106,1,0,Aamdc
Pirb,0.015379382,-0.00740286,0.002,0.004,1,0,Pirb
Gm42067,0.01538278,-0.010018917,0.002,0.004,1,0,Gm42067
Gm43031,0.015390257,-0.008891775,0.002,0.004,1,0,Gm43031
Ulk1,0.015393795,-0.010632711,0.045,0.054,1,0,Ulk1
Ptpmt1,0.0154017,-0.021104211,0.078,0.091,1,0,Ptpmt1
Ndrg3,0.01543409,-0.049563779,0.058,0.068,1,0,Ndrg3
Gm6745,0.015439754,0.006174992,0.005,0.003,1,0,Gm6745
Actn2,0.015488459,-0.028895536,0.001,0.003,1,0,Actn2
Snrnp35,0.015509838,-0.02440475,0.044,0.053,1,0,Snrnp35
Pdcl3,0.015512457,-0.034831669,0.153,0.17,1,0,Pdcl3
Zfp933,0.015561371,-0.01661442,0.011,0.016,1,0,Zfp933
Flvcr2,0.015572229,0.00309526,0.005,0.003,1,0,Flvcr2
Ppm1m,0.015581734,0.037604952,0.076,0.067,1,0,Ppm1m
Thoc3,0.015590174,-0.010037508,0.055,0.065,1,0,Thoc3
3000002C10Rik,0.015621916,-0.005486441,0.001,0.003,1,0,3000002C10Rik
Sdhaf1,0.015630863,-0.018086892,0.034,0.042,1,0,Sdhaf1
Hivep2,0.015652189,0.048050148,0.187,0.174,1,0,Hivep2
Zmat3,0.015697318,0.073004442,0.081,0.071,1,0,Zmat3
Slc9a5,0.015710589,-0.0078003,0.003,0.006,1,0,Slc9a5
Gm35229,0.015722719,-0.005790878,0.001,0.004,1,0,Gm35229
Gm37390,0.015740105,-0.006721688,0.001,0.004,1,0,Gm37390
Gm36970,0.015764632,-0.007949438,0.001,0.003,1,0,Gm36970
Foxred2,0.015766156,-0.01257401,0.001,0.003,1,0,Foxred2
Capg,0.015787487,-0.077375077,0.292,0.308,1,0,Capg
Spidr,0.015810622,-0.017319871,0.022,0.028,1,0,Spidr
Ndufa6,0.0158179,-0.070621698,0.39,0.409,1,0,Ndufa6
4930540M05Rik,0.015827208,-0.006510292,0.001,0.003,1,0,4930540M05Rik
Tmem147,0.015897423,-0.00571542,0.191,0.21,1,0,Tmem147
Gm48045,0.015913029,-0.001047135,0.001,0.003,1,0,Gm48045
Gm12940,0.01592827,-0.031995447,0.055,0.065,1,0,Gm12940
Ran,0.015974744,-0.05811878,0.305,0.323,1,0,Ran
Wdr92,0.015989203,-0.005338984,0.029,0.037,1,0,Wdr92
Zscan21,0.016036339,-0.023815827,0.028,0.036,1,0,Zscan21
Psmd2,0.016040419,-0.040452605,0.23,0.249,1,0,Psmd2
Gm45407,0.016103856,0.006882301,0.022,0.017,1,0,Gm45407
Xrcc4,0.016105708,-0.018966041,0.034,0.042,1,0,Xrcc4
Snx8,0.016110685,-0.011473073,0.026,0.033,1,0,Snx8
Cog5,0.016114306,0.033460352,0.043,0.036,1,0,Cog5
Gm7027,0.016173973,-0.014311073,0.026,0.033,1,0,Gm7027
Bscl2,0.016179832,0.055702652,0.12,0.109,1,0,Bscl2
Slc45a4,0.016193923,0.038473569,0.037,0.03,1,0,Slc45a4
Lrfn3,0.016207745,-0.012134105,0.004,0.007,1,0,Lrfn3
Gm25291,0.016208329,0.008357117,0.004,0.002,1,0,Gm25291
Zfp704,0.016211032,0.035114105,0.092,0.082,1,0,Zfp704
Oaz1,0.016233884,-0.046126764,0.669,0.669,1,0,Oaz1
Cib3,0.016264806,0.004110491,0.004,0.002,1,0,Cib3
Baz1b,0.016289498,-0.06776111,0.321,0.341,1,0,Baz1b
Fzd6,0.016331885,-0.014398302,0.009,0.013,1,0,Fzd6
Zfp846,0.016342841,-0.027184792,0.013,0.018,1,0,Zfp846
Prmt5,0.016345608,-0.011515701,0.068,0.079,1,0,Prmt5
Pus7l,0.016346679,-0.019773888,0.016,0.022,1,0,Pus7l
Rab1b,0.016346754,-0.034120189,0.17,0.188,1,0,Rab1b
Gm19522,0.0163822,-0.005921838,0.008,0.012,1,0,Gm19522
Lpcat1,0.016404776,0.000445376,0.07,0.082,1,0,Lpcat1
Pcdhga12,0.016404945,0.026959099,0.018,0.013,1,0,Pcdhga12
Slc7a7,0.016407167,0.010199913,0.012,0.008,1,0,Slc7a7
2700062C07Rik,0.016428721,-0.024068648,0.028,0.035,1,0,2700062C07Rik
Ndufb5,0.016430281,-0.046856644,0.257,0.277,1,0,Ndufb5
Vps26c,0.016445598,-0.032338385,0.068,0.079,1,0,Vps26c
Trim37,0.016456425,-0.021295421,0.045,0.054,1,0,Trim37
Riox2,0.016478871,-0.003245352,0.01,0.014,1,0,Riox2
Eif1ad,0.016484006,-0.01273095,0.05,0.06,1,0,Eif1ad
Tmem170b,0.016493112,0.013978027,0.022,0.017,1,0,Tmem170b
Numb,0.016509858,0.036556552,0.077,0.067,1,0,Numb
Gm6278,0.016512931,-0.010676803,0.01,0.014,1,0,Gm6278
Dus1l,0.016515141,-0.010658736,0.034,0.042,1,0,Dus1l
Exosc1,0.016525512,-0.021769957,0.087,0.1,1,0,Exosc1
Sppl2b,0.016527129,-0.018295043,0.035,0.044,1,0,Sppl2b
Shprh,0.016539434,-0.022959173,0.043,0.052,1,0,Shprh
AC166934.1,0.016589195,0.010364003,0.007,0.004,1,0,AC166934.1
Ankrd24,0.016603881,-0.025022901,0.014,0.02,1,0,Ankrd24
Pdss1,0.016623112,0.028904502,0.026,0.02,1,0,Pdss1
Abce1,0.016635458,-0.030997837,0.135,0.151,1,0,Abce1
Mlkl,0.016640908,-0.006874576,0.045,0.054,1,0,Mlkl
Tpmt,0.016648609,-0.015509987,0.016,0.022,1,0,Tpmt
Prdx3,0.016654358,-0.010898444,0.073,0.085,1,0,Prdx3
BC034090,0.016665463,-0.031210759,0.026,0.033,1,0,BC034090
Gm46542,0.016684822,-0.012047405,0.005,0.008,1,0,Gm46542
Cox11,0.016720249,-0.006280133,0.003,0.005,1,0,Cox11
Tnik,0.016734497,-0.055066686,0.033,0.041,1,0,Tnik
Gm32036,0.016748526,0.009434779,0.003,0.001,1,0,Gm32036
Gm30122,0.016779635,0.00737647,0.008,0.005,1,0,Gm30122
Slc52a2,0.016783004,-0.012654127,0.016,0.022,1,0,Slc52a2
Ythdf1,0.016788459,-0.021676534,0.11,0.124,1,0,Ythdf1
Parl,0.01679386,-0.015570381,0.081,0.093,1,0,Parl
Cyp21a2-ps,0.016801814,0.00390589,0.003,0.001,1,0,Cyp21a2-ps
Lrrc41,0.016803194,-0.009058717,0.004,0.007,1,0,Lrrc41
Pgap1,0.016825588,0.040279978,0.039,0.032,1,0,Pgap1
Hba-a2,0.016832262,-2.01991904,0.014,0.019,1,0,Hba-a2
Gm43727,0.016867747,0.005420182,0.007,0.004,1,0,Gm43727
Irak2,0.016878947,-0.01055334,0.009,0.013,1,0,Irak2
Tmem17,0.016879634,-0.012328262,0.011,0.015,1,0,Tmem17
Iqgap2,0.016897192,-0.061290632,0.046,0.054,1,0,Iqgap2
Nat8f6,0.016899256,0.002016275,0.003,0.001,1,0,Nat8f6
Tmsb10,0.01690093,0.015527768,0.801,0.767,1,0,Tmsb10
Mis12,0.016929251,-0.018616605,0.039,0.048,1,0,Mis12
Fxyd2,0.016985841,-0.021846853,0.008,0.012,1,0,Fxyd2
Aqp7,0.016995586,0.008800114,0.004,0.002,1,0,Aqp7
Tpi-rs10,0.016997125,-0.003878392,0.001,0.002,1,0,Tpi-rs10
Gpbp1,0.01701825,-0.025996663,0.185,0.203,1,0,Gpbp1
Itgb1bp2,0.017018945,-0.017016297,0.001,0.002,1,0,Itgb1bp2
5033430I15Rik,0.01702093,-0.005982389,0.001,0.002,1,0,5033430I15Rik
C730034F03Rik,0.017039629,-0.010826662,0.003,0.006,1,0,C730034F03Rik
C230037L18Rik,0.017046753,-0.006515846,0.001,0.002,1,0,C230037L18Rik
Gm12222,0.017052717,-0.005266878,0.001,0.002,1,0,Gm12222
Rora,0.017079475,-0.095036563,0.305,0.32,1,0,Rora
Rpl23a-ps2,0.017088582,0.00508615,0.004,0.002,1,0,Rpl23a-ps2
Sdcbp2,0.017122901,0.00574573,0.003,0.001,1,0,Sdcbp2
Pxdc1,0.01714243,-0.036717462,0.113,0.128,1,0,Pxdc1
Hp,0.01714848,-0.213398603,0.088,0.1,1,0,Hp
Hbs1l,0.017152467,-0.016298714,0.062,0.073,1,0,Hbs1l
Gm20705,0.017162644,0.004181415,0.003,0.001,1,0,Gm20705
Mpped2,0.017172311,-0.012229475,0.003,0.006,1,0,Mpped2
Proscos,0.017178738,0.005882364,0.004,0.002,1,0,Proscos
Stat3,0.017196056,0.049562771,0.325,0.315,1,0,Stat3
Gstt1,0.017208872,-0.00189366,0.249,0.229,1,0,Gstt1
Tcf25,0.017209838,0.010926065,0.539,0.521,1,0,Tcf25
Patl1,0.017211397,-0.027447925,0.044,0.053,1,0,Patl1
Dek,0.017228095,-0.082264463,0.341,0.359,1,0,Dek
Trappc13,0.017252209,-0.014158235,0.07,0.081,1,0,Trappc13
Tex10,0.017364594,-0.032255259,0.043,0.052,1,0,Tex10
Stat6,0.017381278,0.033723035,0.138,0.126,1,0,Stat6
Uchl5,0.017384577,-0.025649239,0.083,0.095,1,0,Uchl5
Ltn1,0.017436747,-0.023237716,0.064,0.075,1,0,Ltn1
Gm37090,0.017455834,-0.012062829,0.005,0.008,1,0,Gm37090
Ppm1h,0.017464135,0.026032252,0.013,0.009,1,0,Ppm1h
Snrpc,0.017491349,-0.051966172,0.214,0.233,1,0,Snrpc
Ell,0.017511912,-0.016296948,0.042,0.051,1,0,Ell
Gm4419,0.01756199,-0.009468633,0.002,0.004,1,0,Gm4419
Fnta,0.017586688,-0.043577451,0.153,0.171,1,0,Fnta
Gm5560,0.017610819,-0.006156484,0.002,0.004,1,0,Gm5560
Gm12715,0.017618062,-0.009710448,0.004,0.007,1,0,Gm12715
Stau1,0.017658089,-0.021976463,0.132,0.148,1,0,Stau1
Mark2,0.017667483,0.029218816,0.09,0.08,1,0,Mark2
Rbm46,0.017679081,-0.005449815,0.002,0.004,1,0,Rbm46
Zfp275,0.017685181,-0.020167091,0.027,0.034,1,0,Zfp275
Afap1,0.017702277,0.036398983,0.241,0.227,1,0,Afap1
Gdf11,0.01771184,-0.024167384,0.022,0.028,1,0,Gdf11
Zfp26,0.017775919,-0.015417328,0.023,0.029,1,0,Zfp26
Supt3,0.017777702,-0.012177941,0.029,0.036,1,0,Supt3
Eci3,0.017794932,-0.002511505,0.002,0.005,1,0,Eci3
Tmem218,0.017844702,-0.025253918,0.035,0.043,1,0,Tmem218
Sap30l,0.017874354,0.038863951,0.059,0.05,1,0,Sap30l
Dhps,0.017883997,-0.023974857,0.03,0.037,1,0,Dhps
Rabepk,0.017884715,-0.003230248,0.042,0.051,1,0,Rabepk
Fbxo45,0.017897766,-0.005971409,0.025,0.032,1,0,Fbxo45
Pnpla8,0.017922869,0.050110282,0.274,0.263,1,0,Pnpla8
Cisd3,0.01792719,-0.024823374,0.049,0.058,1,0,Cisd3
Pde4dip,0.017969905,-0.075982321,0.055,0.065,1,0,Pde4dip
Gm48228,0.01798069,-0.009789733,0.003,0.005,1,0,Gm48228
Cand2,0.01798346,0.043481593,0.061,0.053,1,0,Cand2
Gzmm,0.018001374,-0.011983051,0.003,0.005,1,0,Gzmm
Fam133b,0.018038168,0.055888792,0.202,0.189,1,0,Fam133b
Xntrpc,0.018038917,-0.011684868,0.003,0.005,1,0,Xntrpc
Clstn2,0.01805429,-0.012255422,0.002,0.004,1,0,Clstn2
Gm8288,0.018055055,-0.017539039,0.008,0.012,1,0,Gm8288
Gm47664,0.01806084,0.013884302,0.012,0.008,1,0,Gm47664
Iqcb1,0.018072263,-0.02288712,0.022,0.028,1,0,Iqcb1
Hells,0.018075317,-0.00418529,0.021,0.027,1,0,Hells
Gm15302,0.018101663,-0.007034701,0.001,0.003,1,0,Gm15302
B4galt6,0.018105357,0.005970802,0.029,0.036,1,0,B4galt6
Efnb3,0.01814271,-0.011498779,0.001,0.003,1,0,Efnb3
Nyap1,0.018158368,-0.009530056,0.001,0.003,1,0,Nyap1
Zfp945,0.018176002,0.038787049,0.116,0.104,1,0,Zfp945
A930036I15Rik,0.018181878,-0.005716088,0.001,0.003,1,0,A930036I15Rik
Gak,0.018182549,0.045182759,0.069,0.06,1,0,Gak
Ess2,0.018201506,-0.010022804,0.018,0.024,1,0,Ess2
Ager,0.018236838,-0.003663207,0.001,0.003,1,0,Ager
Gm43506,0.018236869,-0.007856266,0.003,0.006,1,0,Gm43506
Tbata,0.018258469,-0.002941698,0.001,0.003,1,0,Tbata
Gm37666,0.018276183,0.005919421,0.003,0.002,1,0,Gm37666
Gm37486,0.018289945,-0.014373099,0.006,0.01,1,0,Gm37486
6030460B20Rik,0.018301798,0.006793779,0.003,0.002,1,0,6030460B20Rik
Pard6a,0.018301883,-0.018692381,0.014,0.019,1,0,Pard6a
Pih1d2,0.018312831,-0.005548748,0.003,0.005,1,0,Pih1d2
Diablo,0.018317045,0.044503668,0.122,0.11,1,0,Diablo
Brf2,0.018354495,-0.017313687,0.013,0.018,1,0,Brf2
Borcs8,0.018382686,-0.022162446,0.048,0.057,1,0,Borcs8
Cstf1,0.018388584,-0.008779712,0.024,0.031,1,0,Cstf1
Nkiras2,0.018403844,-0.020076386,0.023,0.03,1,0,Nkiras2
Gm44674,0.01842241,0.004501678,0.003,0.002,1,0,Gm44674
mt-Ta,0.018436724,-0.017198418,0.005,0.009,1,0,mt-Ta
Vamp2,0.018442042,-0.055656175,0.112,0.125,1,0,Vamp2
Mad2l2,0.018449625,-0.017674748,0.039,0.048,1,0,Mad2l2
Hs6st1,0.018459783,-0.00542195,0.009,0.013,1,0,Hs6st1
Glyr1,0.018480874,-0.028968459,0.145,0.161,1,0,Glyr1
Ice2,0.018499874,0.000237834,0.029,0.036,1,0,Ice2
Fgf13,0.01850253,-0.015247658,0.001,0.003,1,0,Fgf13
Lrrc47,0.018509682,-0.016513354,0.011,0.015,1,0,Lrrc47
Cdc37,0.018511347,-0.035402872,0.313,0.334,1,0,Cdc37
Fnip1,0.018520452,0.039046934,0.161,0.149,1,0,Fnip1
Ttf2,0.018554233,-0.012474771,0.018,0.023,1,0,Ttf2
4932438H23Rik,0.018560571,-0.005239187,0,0.002,1,0,4932438H23Rik
Gm10544,0.018566644,-0.014565345,0.002,0.005,1,0,Gm10544
Tert,0.018583072,-0.004601401,0.007,0.011,1,0,Tert
Tmem51os1,0.018597294,-0.009137164,0,0.002,1,0,Tmem51os1
Ssrp1,0.018604462,-0.048623504,0.241,0.26,1,0,Ssrp1
Myo16,0.018606781,-0.003903527,0,0.002,1,0,Myo16
D7Ertd443e,0.018609153,-0.005243653,0,0.002,1,0,D7Ertd443e
Hck,0.018616272,-0.004829282,0,0.002,1,0,Hck
Cnbp,0.018618963,-0.075107109,0.528,0.538,1,0,Cnbp
Gm53,0.018623394,-0.004202274,0,0.002,1,0,Gm53
Tfap2a,0.018625768,-0.006577373,0,0.002,1,0,Tfap2a
Gm25099,0.018637643,-0.008215243,0,0.002,1,0,Gm25099
Aunip,0.018640019,-0.002448639,0,0.002,1,0,Aunip
Lamc3,0.01866247,-0.005995121,0.001,0.003,1,0,Lamc3
Gm42696,0.018672055,0.005509163,0.005,0.002,1,0,Gm42696
Dtwd2,0.018676843,0.026127282,0.015,0.011,1,0,Dtwd2
B9d2,0.01869832,-0.021882088,0.033,0.041,1,0,B9d2
Nat14,0.018700064,-0.029423249,0.023,0.03,1,0,Nat14
Gm13882,0.018705966,-0.004909746,0.001,0.003,1,0,Gm13882
Nsa2-ps1,0.01871223,0.020454849,0.018,0.014,1,0,Nsa2-ps1
Kpna6,0.018735748,-0.030145655,0.037,0.045,1,0,Kpna6
Zfp551,0.018750984,-0.009846738,0.001,0.003,1,0,Zfp551
Gm11223,0.018764618,-0.003707543,0.001,0.003,1,0,Gm11223
Zfp169,0.018766474,-0.005649723,0.002,0.005,1,0,Zfp169
Trp63,0.018771605,-0.011477924,0.001,0.003,1,0,Trp63
Tafa5,0.018789182,-0.01473161,0.006,0.01,1,0,Tafa5
Sec61a1,0.018807164,-0.009691039,0.198,0.218,1,0,Sec61a1
Tra2a,0.01883412,-0.084665156,0.525,0.537,1,0,Tra2a
Igip,0.018839402,0.018764704,0.055,0.047,1,0,Igip
Slc2a9,0.018839887,-0.008540045,0.001,0.003,1,0,Slc2a9
Prkcsh,0.01886337,-0.009972321,0.234,0.256,1,0,Prkcsh
Rmi2,0.018868703,-0.004826916,0.001,0.003,1,0,Rmi2
Arhgef39,0.01887411,-0.00340478,0.001,0.003,1,0,Arhgef39
Parp4,0.018887527,-0.035796419,0.06,0.069,1,0,Parp4
Zfp940,0.01889034,-0.003401245,0.001,0.003,1,0,Zfp940
Gm45242,0.018916099,0.005962228,0.002,0.001,1,0,Gm45242
Nup62cl,0.018936421,-0.005566759,0,0.002,1,0,Nup62cl
Gm37412,0.018936421,-0.008031624,0,0.002,1,0,Gm37412
Lrrc2,0.018936421,-0.01110002,0,0.002,1,0,Lrrc2
2310002L09Rik,0.018936421,-0.016386707,0,0.002,1,0,2310002L09Rik
Gpm6a,0.018939153,-0.01109412,0,0.002,1,0,Gpm6a
Bcl7a,0.018942481,-0.056791039,0.024,0.03,1,0,Bcl7a
Gm48203,0.018948114,0.009052335,0.002,0.001,1,0,Gm48203
Chst13,0.018950081,-0.003963537,0,0.002,1,0,Chst13
Amph,0.018952814,-0.007799909,0,0.002,1,0,Amph
Ankra2,0.018953502,0.039529012,0.102,0.091,1,0,Ankra2
Myo18b,0.018955548,-0.005628144,0,0.002,1,0,Myo18b
Hspa1l,0.018955548,-0.009424388,0,0.002,1,0,Hspa1l
9130213A22Rik,0.018958281,-0.003780392,0,0.002,1,0,9130213A22Rik
Hdhd2,0.018962647,-0.017663512,0.01,0.014,1,0,Hdhd2
Frmpd2,0.01896375,-0.00416816,0,0.002,1,0,Frmpd2
Gm9908,0.018971955,-0.002279692,0,0.002,1,0,Gm9908
Dusp9,0.018971955,-0.003080026,0,0.002,1,0,Dusp9
Hist1h2ag,0.018974691,-0.002128682,0,0.002,1,0,Hist1h2ag
Gzmc,0.018974691,-0.002293224,0,0.002,1,0,Gzmc
Bmerb1,0.018974691,-0.003783703,0,0.002,1,0,Bmerb1
Insl6,0.018974691,-0.004245531,0,0.002,1,0,Insl6
Kpna2,0.018979675,-0.002678959,0.009,0.013,1,0,Kpna2
Gm38910,0.018990873,0.006169991,0.002,0.001,1,0,Gm38910
Gm38318,0.019004253,0.004732064,0.002,0.001,1,0,Gm38318
Ppdpf,0.0190109,-0.031008537,0.111,0.124,1,0,Ppdpf
Gdi1,0.019029379,0.008708019,0.181,0.168,1,0,Gdi1
Gria4,0.019050762,-0.018157317,0.004,0.007,1,0,Gria4
Zfp783,0.019097962,-0.013466021,0.016,0.022,1,0,Zfp783
Arhgap22,0.019166609,0.017764861,0.008,0.005,1,0,Arhgap22
Atg5,0.01921934,-0.028233481,0.112,0.127,1,0,Atg5
Ndufaf5,0.019229359,-0.015010726,0.02,0.026,1,0,Ndufaf5
Cflar,0.019247179,-0.060892566,0.194,0.211,1,0,Cflar
Selenoi,0.019329647,-0.008643027,0.048,0.057,1,0,Selenoi
Desi2,0.019331627,-0.000673449,0.162,0.179,1,0,Desi2
D3Ertd751e,0.019334997,0.024431255,0.027,0.021,1,0,D3Ertd751e
Kcnip4,0.019352858,-0.005940793,0.003,0.005,1,0,Kcnip4
Gpr35,0.019378426,-0.004630989,0.003,0.005,1,0,Gpr35
Acot1,0.019417789,-0.020635256,0.005,0.008,1,0,Acot1
Rai14,0.019420429,-0.002892683,0.1,0.114,1,0,Rai14
A630089N07Rik,0.019430819,-0.02553285,0.013,0.018,1,0,A630089N07Rik
Ebpl,0.019439383,0.005292988,0.108,0.122,1,0,Ebpl
Timm13,0.019488737,-0.041354976,0.285,0.304,1,0,Timm13
Gm9616,0.019522765,-0.027138541,0.078,0.089,1,0,Gm9616
Cspp1,0.019542594,0.008415153,0.177,0.163,1,0,Cspp1
2610301B20Rik,0.019577118,0.031849483,0.054,0.046,1,0,2610301B20Rik
Slc25a26,0.019601036,-0.011237673,0.011,0.016,1,0,Slc25a26
Gata3,0.01960522,0.005948877,0.002,0.001,1,0,Gata3
Gm1848,0.019610672,-0.010209139,0.002,0.004,1,0,Gm1848
Rsph3b,0.019625371,-0.008540642,0.003,0.006,1,0,Rsph3b
Gm17146,0.019645929,0.00391005,0.002,0.001,1,0,Gm17146
2310026L22Rik,0.019645929,0.003203346,0.002,0.001,1,0,2310026L22Rik
Hmox2,0.019665332,-0.010104402,0.018,0.024,1,0,Hmox2
Usp50,0.019666454,-0.032924142,0.051,0.06,1,0,Usp50
Zfand3,0.019681824,0.025519798,0.205,0.192,1,0,Zfand3
Gm4951,0.019709617,0.008243284,0.072,0.063,1,0,Gm4951
Slc25a25,0.019712316,-0.036345048,0.073,0.084,1,0,Slc25a25
Lmtk2,0.019717363,0.018214765,0.021,0.016,1,0,Lmtk2
9330160F10Rik,0.019738895,-0.009001423,0.002,0.004,1,0,9330160F10Rik
Acrbp,0.019760545,-0.017688762,0.007,0.01,1,0,Acrbp
Arf2,0.019834879,0.054907582,0.104,0.094,1,0,Arf2
BX908741.1,0.019888123,-0.029726924,0.092,0.105,1,0,BX908741.1
Gm16208,0.019894516,0.020802307,0.007,0.005,1,0,Gm16208
Stat1,0.019918977,0.049848852,0.146,0.135,1,0,Stat1
Bclaf1,0.019927834,-0.070987666,0.385,0.406,1,0,Bclaf1
Hps4,0.01993432,0.024692096,0.039,0.032,1,0,Hps4
Armcx5,0.019941481,-0.047699483,0.034,0.042,1,0,Armcx5
Adam23,0.019948735,0.009460591,0.076,0.066,1,0,Adam23
6430511E19Rik,0.019967483,0.012754357,0.018,0.013,1,0,6430511E19Rik
Cavin2,0.019977917,-0.369064008,0.152,0.163,1,0,Cavin2
Cct4,0.020035005,0.059434116,0.303,0.293,1,0,Cct4
Pabpc4,0.020040055,-0.026780579,0.149,0.165,1,0,Pabpc4
Zfp119a,0.020051371,-0.010859628,0.009,0.013,1,0,Zfp119a
Tubgcp2,0.020108516,-0.018906962,0.05,0.059,1,0,Tubgcp2
Cdr2l,0.020173664,-0.044655338,0.132,0.147,1,0,Cdr2l
Lig4,0.020189083,-0.017608351,0.014,0.019,1,0,Lig4
Peli3,0.020203445,0.000212282,0.015,0.011,1,0,Peli3
Immp2l,0.020207401,0.004391897,0.011,0.008,1,0,Immp2l
Gm29245,0.020213903,0.006401143,0.008,0.005,1,0,Gm29245
Khdrbs1,0.020218957,-0.026419001,0.258,0.279,1,0,Khdrbs1
Cnep1r1,0.020242544,-0.041983281,0.139,0.155,1,0,Cnep1r1
Tmem214,0.020263546,0.000628493,0.096,0.109,1,0,Tmem214
Csnk2a3,0.020275886,-0.047482272,0.068,0.078,1,0,Csnk2a3
Kdm6bos,0.020284292,0.013086387,0.008,0.005,1,0,Kdm6bos
Lyrm9,0.020325868,0.01402926,0.014,0.01,1,0,Lyrm9
Coq4,0.020340322,-0.005348447,0.017,0.023,1,0,Coq4
4930556M19Rik,0.020348359,0.012359752,0.007,0.005,1,0,4930556M19Rik
A330076H08Rik,0.020449919,0.004336082,0.005,0.003,1,0,A330076H08Rik
Anapc1,0.020475542,0.054269598,0.093,0.084,1,0,Anapc1
Mms19,0.020488433,-0.007290626,0.031,0.039,1,0,Mms19
Gm28791,0.020499862,0.021049456,0.013,0.009,1,0,Gm28791
Exosc4,0.020533613,-0.030869553,0.058,0.067,1,0,Exosc4
C1ql3,0.020535062,-0.010937677,0.002,0.005,1,0,C1ql3
Nelfe,0.020543195,-0.040411191,0.053,0.063,1,0,Nelfe
Gm37953,0.020565634,0.002150674,0.005,0.003,1,0,Gm37953
Wdr26,0.02057351,0.048609126,0.296,0.285,1,0,Wdr26
Ppp6r1,0.020590767,-0.014401039,0.058,0.068,1,0,Ppp6r1
Oaz2,0.020597192,-0.056469995,0.171,0.186,1,0,Oaz2
Folh1,0.020631211,0.012287464,0.006,0.003,1,0,Folh1
Dhtkd1,0.020655745,-0.009912343,0.002,0.005,1,0,Dhtkd1
Dip2b,0.020661435,0.014949502,0.059,0.051,1,0,Dip2b
Zfp251,0.020672171,-0.02415677,0.027,0.033,1,0,Zfp251
Dusp27,0.020677161,-0.007622427,0,0.001,1,0,Dusp27
Gm26660,0.020691092,-0.005374579,0.002,0.004,1,0,Gm26660
A430078I02Rik,0.020705474,-0.004525667,0.001,0.002,1,0,A430078I02Rik
Mmp10,0.020705474,-0.014185766,0.001,0.002,1,0,Mmp10
H1fx,0.020716815,-0.012949332,0.015,0.02,1,0,H1fx
Sbk2,0.02071744,-0.008471005,0.001,0.002,1,0,Sbk2
Aif1,0.02074139,-0.002696141,0.001,0.002,1,0,Aif1
Gmpr2,0.02077498,-0.015050865,0.005,0.009,1,0,Gmpr2
Cbr4,0.020788271,-0.01615282,0.028,0.036,1,0,Cbr4
Zfp560,0.020793086,-0.007824138,0.068,0.079,1,0,Zfp560
Rpl17-ps4,0.020799822,0.003697605,0.007,0.004,1,0,Rpl17-ps4
Bola2,0.020828867,-0.029865016,0.206,0.225,1,0,Bola2
Gab1,0.020840026,-0.034901242,0.035,0.043,1,0,Gab1
Cdk5r1,0.020851243,-0.00652598,0.004,0.006,1,0,Cdk5r1
Rwdd2a,0.020855708,0.009799044,0.007,0.004,1,0,Rwdd2a
Kat8,0.020876122,-0.02481909,0.028,0.035,1,0,Kat8
R3hdm4,0.020876147,-0.045623267,0.124,0.137,1,0,R3hdm4
Oxr1,0.02088088,-0.076764743,0.129,0.142,1,0,Oxr1
2810002D19Rik,0.020898387,-0.010312864,0.017,0.023,1,0,2810002D19Rik
A930037H05Rik,0.020903012,-0.007263185,0.008,0.012,1,0,A930037H05Rik
Gm45555,0.02093488,0.004246177,0.007,0.004,1,0,Gm45555
Pqlc2,0.02094538,-0.009199368,0.011,0.016,1,0,Pqlc2
Gm11423,0.020954156,-0.011083493,0.006,0.01,1,0,Gm11423
Glis3,0.021022244,0.009168828,0.04,0.049,1,0,Glis3
Cdca7l,0.021041108,-0.005982266,0.003,0.006,1,0,Cdca7l
2410131K14Rik,0.021046381,-0.01422945,0.016,0.021,1,0,2410131K14Rik
Gm37125,0.021055446,-0.010962663,0.008,0.012,1,0,Gm37125
Gm45532,0.021066857,0.003191974,0.006,0.004,1,0,Gm45532
Rita1,0.021075564,-0.024441717,0.021,0.027,1,0,Rita1
Upf1,0.021092681,0.032953135,0.07,0.061,1,0,Upf1
Lrrc75a,0.02110242,-0.024631643,0.016,0.022,1,0,Lrrc75a
Arl10,0.021108329,-0.008702965,0.004,0.007,1,0,Arl10
Fam117b,0.021112173,-0.001352797,0.029,0.036,1,0,Fam117b
7-Mar,0.021114499,-0.038105279,0.146,0.162,1,0,7-Mar
Gpx4-ps2,0.0211509,0.027356173,0.141,0.129,1,0,Gpx4-ps2
Rhobtb1,0.021154951,-0.024891622,0.018,0.023,1,0,Rhobtb1
Zdhhc20,0.021158589,0.062918276,0.196,0.185,1,0,Zdhhc20
Trmt10a,0.021182849,-0.022311815,0.04,0.049,1,0,Trmt10a
Gpr19,0.021183189,-0.014946769,0.008,0.012,1,0,Gpr19
Zc2hc1c,0.021188137,-0.010382262,0.005,0.009,1,0,Zc2hc1c
Glb1,0.021215044,-0.025545351,0.083,0.095,1,0,Glb1
Gm34342,0.021219262,-0.012793136,0.005,0.008,1,0,Gm34342
Gm8399,0.02124582,-0.001463326,0.013,0.018,1,0,Gm8399
Jmjd4,0.021251266,-0.022226035,0.01,0.014,1,0,Jmjd4
Eif4a-ps4,0.021254826,-0.013590132,0.006,0.01,1,0,Eif4a-ps4
Fam45a,0.021261445,-0.034712841,0.071,0.082,1,0,Fam45a
Aldh9a1,0.021272193,-0.006362553,0.088,0.101,1,0,Aldh9a1
Casc3,0.021276642,-0.049409773,0.066,0.076,1,0,Casc3
Kat7,0.021293772,-0.030715945,0.05,0.059,1,0,Kat7
Tpt1,0.02131259,-0.015447353,0.848,0.805,1,0,Tpt1
Gm6055,0.021411992,-0.011845776,0.007,0.011,1,0,Gm6055
Cog1,0.0214728,-0.016250229,0.021,0.027,1,0,Cog1
Tst,0.021490227,-0.01446343,0.004,0.007,1,0,Tst
Ttc39b,0.021512843,-0.010219848,0.042,0.051,1,0,Ttc39b
Acyp2,0.021537832,0.001016716,0.072,0.063,1,0,Acyp2
Gm47483,0.021580779,0.011083309,0.014,0.01,1,0,Gm47483
Gm26737,0.021606528,-0.010391471,0.004,0.007,1,0,Gm26737
Usp39,0.021611384,0.000998434,0.038,0.046,1,0,Usp39
Gbp4,0.021619615,0.008929228,0.011,0.007,1,0,Gbp4
Gars,0.021629205,-0.018788246,0.152,0.168,1,0,Gars
Desi1,0.021635978,-0.028898531,0.059,0.069,1,0,Desi1
Gm49521,0.021640346,0.009928568,0.011,0.007,1,0,Gm49521
Cacnb4,0.021706508,0.006177864,0.016,0.012,1,0,Cacnb4
Fignl2,0.021717343,-0.014298766,0.009,0.013,1,0,Fignl2
Atf7,0.021724283,-0.024150545,0.082,0.093,1,0,Atf7
Prtn3,0.021745417,-0.021015615,0.006,0.009,1,0,Prtn3
Gpatch4,0.021750135,0.061814767,0.091,0.081,1,0,Gpatch4
Ubr3,0.021780012,-0.02610466,0.088,0.1,1,0,Ubr3
Ube2q2,0.021785961,-0.025379226,0.059,0.068,1,0,Ube2q2
Dhx34,0.02179011,-0.011182981,0.012,0.017,1,0,Dhx34
Hs3st3b1,0.021814797,0.00703268,0.012,0.008,1,0,Hs3st3b1
Zfp637,0.021817601,-0.032120495,0.091,0.103,1,0,Zfp637
Gm12338,0.021821789,-0.014179553,0.007,0.011,1,0,Gm12338
Tmem230,0.021828928,-0.013267766,0.077,0.089,1,0,Tmem230
Map10,0.021836797,-0.008929379,0.001,0.003,1,0,Map10
Gm10687,0.021872659,-0.016409336,0.001,0.003,1,0,Gm10687
Rps6ka1,0.021874994,-0.008185679,0.001,0.003,1,0,Rps6ka1
Gm49747,0.021877328,-0.00757983,0.001,0.003,1,0,Gm49747
Gm4202,0.021895269,-0.014266582,0.005,0.008,1,0,Gm4202
Rarres1,0.021903023,-0.007606664,0.001,0.003,1,0,Rarres1
Rpsa-ps4,0.021904535,-0.005394033,0.002,0.005,1,0,Rpsa-ps4
Zfp78,0.021909602,-0.009373971,0.002,0.005,1,0,Zfp78
Cox16,0.021960779,-0.016363838,0.074,0.085,1,0,Cox16
Rps6kb2,0.021967075,-0.025198502,0.033,0.041,1,0,Rps6kb2
Gm8121,0.021967099,-0.001874674,0.002,0.005,1,0,Gm8121
Pam16,0.021988378,-0.016316104,0.097,0.11,1,0,Pam16
BC002059,0.022007108,0.034968967,0.029,0.023,1,0,BC002059
Anxa11,0.022008514,-0.004962469,0.001,0.003,1,0,Anxa11
Gm42548,0.022032573,0.003704165,0.003,0.001,1,0,Gm42548
Hpn,0.022059947,0.008154566,0.003,0.001,1,0,Hpn
Pfn2,0.022063492,0.042688753,0.076,0.067,1,0,Pfn2
Tanc1,0.022079318,-0.025151147,0.036,0.044,1,0,Tanc1
Plscr4,0.022106203,0.003631863,0.114,0.101,1,0,Plscr4
Gm20045,0.022126138,-0.015446325,0.008,0.011,1,0,Gm20045
Gm33666,0.02217941,-0.002078536,0.001,0.003,1,0,Gm33666
Gm38057,0.022193341,-0.010007865,0.003,0.006,1,0,Gm38057
Perp,0.022199751,-0.019062052,0.001,0.003,1,0,Perp
Papss1,0.022213157,0.082519913,0.129,0.119,1,0,Papss1
Myh2,0.02223794,-0.07441799,0.001,0.003,1,0,Myh2
Sp4,0.022241143,-0.026075294,0.022,0.028,1,0,Sp4
Aldh3a2,0.022263771,0.039172528,0.076,0.066,1,0,Aldh3a2
Cops6,0.022273317,-0.027414827,0.187,0.205,1,0,Cops6
Arhgap12,0.022276794,0.025196909,0.124,0.112,1,0,Arhgap12
Adam11,0.022290538,-0.012069345,0.001,0.003,1,0,Adam11
Tmem255a,0.022307392,-0.010181683,0.001,0.003,1,0,Tmem255a
Gm38162,0.022327004,0.019911126,0.01,0.007,1,0,Gm38162
Arf4os,0.022330584,-0.007627437,0.001,0.003,1,0,Arf4os
Olfr1033,0.022352207,0.026142712,0.022,0.017,1,0,Olfr1033
Gm9920,0.022353372,-0.006837463,0.001,0.003,1,0,Gm9920
Tbx1,0.022362244,-0.013259692,0.001,0.003,1,0,Tbx1
Frmd5,0.022375712,-0.007462463,0.001,0.003,1,0,Frmd5
Ldlrap1,0.022380643,-0.032744005,0.05,0.059,1,0,Ldlrap1
Jcad,0.022392667,0.031549424,0.096,0.086,1,0,Jcad
Nkapl,0.022398593,-0.012786688,0.003,0.006,1,0,Nkapl
Gm14303,0.022409017,0.020945329,0.036,0.03,1,0,Gm14303
Wdr18,0.022442657,-0.000443889,0.049,0.058,1,0,Wdr18
C430002N11Rik,0.022446862,-0.001661024,0.001,0.003,1,0,C430002N11Rik
Tnfaip8l3,0.022471298,-0.005765679,0.003,0.006,1,0,Tnfaip8l3
Nudt1,0.022478574,-0.018342858,0.019,0.025,1,0,Nudt1
Trmt11,0.022501954,-0.020970634,0.036,0.043,1,0,Trmt11
Zfp691,0.022528725,-0.006877192,0.003,0.006,1,0,Zfp691
Ccnf,0.022538136,0.00180728,0.001,0.003,1,0,Ccnf
Gm12328,0.022541901,-0.006318546,0.007,0.01,1,0,Gm12328
Adgra3,0.022582703,0.042144889,0.062,0.054,1,0,Adgra3
Zfp41,0.022596391,-0.009183892,0.008,0.012,1,0,Zfp41
Ccdc28a,0.022646659,-0.026565715,0.02,0.026,1,0,Ccdc28a
Uck1,0.02265929,-0.009428759,0.052,0.061,1,0,Uck1
Rrp9,0.02266847,-0.023620597,0.036,0.044,1,0,Rrp9
Pex14,0.022697471,-0.012622277,0.042,0.051,1,0,Pex14
Acadvl,0.022732746,-0.015796791,0.022,0.028,1,0,Acadvl
1700047G03Rik,0.022746118,0.006022466,0.002,0.001,1,0,1700047G03Rik
Gm3791,0.022757281,-0.006625657,0,0.002,1,0,Gm3791
Csf1r,0.022758223,-0.002832361,0.003,0.006,1,0,Csf1r
Cenpt,0.022761348,0.030467024,0.032,0.026,1,0,Cenpt
Prkd2,0.022768136,-0.013815762,0.023,0.03,1,0,Prkd2
BC064078,0.022768809,-0.010195283,0,0.002,1,0,BC064078
Psors1c2,0.022780342,-0.005808453,0,0.002,1,0,Psors1c2
Sbspon,0.022780342,-0.009472786,0,0.002,1,0,Sbspon
Smtnl1,0.022780342,-0.020866917,0,0.002,1,0,Smtnl1
Pwp1,0.022790136,-0.013802389,0.041,0.049,1,0,Pwp1
Ccdc9,0.022792248,-0.036844779,0.059,0.068,1,0,Ccdc9
Acvr1b,0.0227944,-0.015542822,0.022,0.028,1,0,Acvr1b
Gprin2,0.022803424,-0.006243207,0,0.002,1,0,Gprin2
Trip12,0.022825209,0.061420009,0.244,0.234,1,0,Trip12
Nat8f5,0.022828281,-0.002249976,0.003,0.006,1,0,Nat8f5
Gm45871,0.022845909,-0.014391651,0.008,0.012,1,0,Gm45871
Gm9729,0.022861218,-0.001766709,0,0.002,1,0,Gm9729
Anks1b,0.02287299,-0.013728838,0.002,0.004,1,0,Anks1b
Gm25432,0.022893155,-0.012732376,0.01,0.014,1,0,Gm25432
Pwwp2b,0.022973849,-0.011827113,0.009,0.014,1,0,Pwwp2b
Tarsl2,0.02297475,-0.005741198,0.011,0.015,1,0,Tarsl2
Ptrh1,0.022994507,0.009778543,0.024,0.03,1,0,Ptrh1
Flad1,0.023002547,-0.008785292,0.011,0.015,1,0,Flad1
Rnf217,0.023003621,0.028641897,0.043,0.036,1,0,Rnf217
C230013L11Rik,0.023042655,-0.005279267,0.002,0.004,1,0,C230013L11Rik
Mtf1,0.023127104,-0.013321757,0.044,0.053,1,0,Mtf1
Meak7,0.023158151,0.016868049,0.014,0.01,1,0,Meak7
4833419F23Rik,0.023167652,0.015238143,0.011,0.008,1,0,4833419F23Rik
Mindy3,0.023199355,-0.025762268,0.07,0.08,1,0,Mindy3
Ndufb9,0.023208447,-0.069673073,0.302,0.321,1,0,Ndufb9
Tceanc2,0.023239105,-0.030073641,0.051,0.059,1,0,Tceanc2
Gm11451,0.023240487,-0.004905614,0.009,0.013,1,0,Gm11451
Pcnx,0.023246861,-0.011064206,0.036,0.044,1,0,Pcnx
Tmem60,0.023294654,-0.016983133,0.069,0.08,1,0,Tmem60
4833420G17Rik,0.023326292,-0.045657777,0.075,0.086,1,0,4833420G17Rik
Pcgf3,0.023353276,-0.007547258,0.08,0.092,1,0,Pcgf3
Rsl1d1,0.023359911,-0.062207211,0.313,0.332,1,0,Rsl1d1
9130401M01Rik,0.023376681,-0.00202784,0.073,0.085,1,0,9130401M01Rik
Gm4865,0.023408289,-0.019095327,0.01,0.015,1,0,Gm4865
Epor,0.023430702,-0.005374728,0,0.001,1,0,Epor
Mpzl2,0.023434071,-0.008658779,0,0.001,1,0,Mpzl2
D430013B06Rik,0.023441915,0.016098692,0.018,0.014,1,0,D430013B06Rik
Col19a1,0.023444181,-0.009209422,0,0.001,1,0,Col19a1
Gm15271,0.023454296,-0.003575641,0,0.001,1,0,Gm15271
Gabrr2,0.023467787,-0.006003174,0,0.001,1,0,Gabrr2
Ucma,0.023471161,-0.003207974,0,0.001,1,0,Ucma
Tada2a,0.023476015,-0.018656504,0.05,0.059,1,0,Tada2a
Tmem253,0.02347791,-0.003775759,0,0.001,1,0,Tmem253
Gm6828,0.02348466,-0.00263827,0,0.001,1,0,Gm6828
Gm7191,0.02348466,-0.002961187,0,0.001,1,0,Gm7191
Sar1b,0.023509309,-0.0234026,0.14,0.155,1,0,Sar1b
Gk,0.023520833,-0.013732839,0.006,0.01,1,0,Gk
Nedd8,0.02352185,-0.048462108,0.382,0.402,1,0,Nedd8
Snx12,0.023531906,-0.015841221,0.079,0.091,1,0,Snx12
Gm5165,0.02353878,-0.024589048,0.011,0.015,1,0,Gm5165
2810405F17Rik,0.023566302,-0.013362256,0.002,0.005,1,0,2810405F17Rik
Abhd4,0.023588831,0.0621875,0.092,0.082,1,0,Abhd4
Pdcl,0.02363697,-0.017498604,0.063,0.073,1,0,Pdcl
Ccser1,0.023682124,-0.01218446,0.002,0.005,1,0,Ccser1
Ccdc73,0.023706985,-0.018524031,0.014,0.019,1,0,Ccdc73
Camkk2,0.023715542,-0.022635705,0.09,0.102,1,0,Camkk2
Misp,0.023717953,0.012937212,0.004,0.002,1,0,Misp
Spsb4,0.023746443,0.022172391,0.025,0.019,1,0,Spsb4
Cox7a1,0.023760502,-0.100857543,0.014,0.019,1,0,Cox7a1
Ahcyl2,0.023776616,0.037187985,0.029,0.023,1,0,Ahcyl2
Uxs1,0.023782242,0.055626969,0.118,0.109,1,0,Uxs1
Ngdn,0.023821487,-0.037835381,0.113,0.127,1,0,Ngdn
Cdc123,0.023835014,-0.025429043,0.168,0.186,1,0,Cdc123
Tada1,0.023853256,-0.01036355,0.003,0.006,1,0,Tada1
Slc36a4,0.023873602,-0.013607415,0.057,0.066,1,0,Slc36a4
Tnip1,0.023951549,-0.026264719,0.066,0.076,1,0,Tnip1
Polr3f,0.023972454,-0.030174171,0.032,0.039,1,0,Polr3f
H2-Q7,0.02399235,0.036484063,0.076,0.067,1,0,H2-Q7
Dhx38,0.024042589,-0.031949614,0.062,0.072,1,0,Dhx38
Srgap3,0.024044989,-0.014306714,0.016,0.021,1,0,Srgap3
Ndc1,0.024073363,-0.001610905,0.026,0.033,1,0,Ndc1
Pmp22,0.024102188,-0.28315696,0.48,0.486,1,0,Pmp22
Npas3,0.024104028,-0.011982883,0.002,0.004,1,0,Npas3
Eps15,0.024145276,-0.053624277,0.104,0.115,1,0,Eps15
Gm43420,0.024148628,0.013132742,0.005,0.003,1,0,Gm43420
Washc2,0.024164047,-0.047473551,0.14,0.154,1,0,Washc2
4831440D22Rik,0.024194527,0.017724304,0.008,0.005,1,0,4831440D22Rik
Mta3,0.024205526,0.014637976,0.085,0.075,1,0,Mta3
Zmat5,0.024250198,-0.02523555,0.02,0.025,1,0,Zmat5
4930430F08Rik,0.024280905,-0.010292222,0.015,0.02,1,0,4930430F08Rik
Ocel1,0.024331062,-0.02093227,0.027,0.033,1,0,Ocel1
Ube2t,0.024361325,-0.002579143,0.003,0.005,1,0,Ube2t
Clta,0.024408055,0.022266196,0.431,0.413,1,0,Clta
B930095G15Rik,0.024412729,0.027271135,0.035,0.029,1,0,B930095G15Rik
Arl5c,0.024451769,0.069427624,0.065,0.057,1,0,Arl5c
Dse,0.024456454,0.005219409,0.133,0.149,1,0,Dse
Wdr1,0.024466424,0.078206453,0.185,0.175,1,0,Wdr1
Clpb,0.024477165,0.027838088,0.054,0.046,1,0,Clpb
Tmem161b,0.02447767,-0.030092922,0.035,0.043,1,0,Tmem161b
Dnajc21,0.024526151,-0.058750916,0.166,0.181,1,0,Dnajc21
Mrps2,0.02454659,-0.015603471,0.02,0.026,1,0,Mrps2
Prkdc,0.024551358,0.015138713,0.031,0.025,1,0,Prkdc
Zfp512,0.024637927,-0.044466118,0.049,0.058,1,0,Zfp512
Gm37233,0.024642288,-0.011128441,0.005,0.008,1,0,Gm37233
Mib1,0.024647862,0.041302801,0.124,0.114,1,0,Mib1
Eif2b4,0.024740787,-0.041973518,0.069,0.079,1,0,Eif2b4
Mak16,0.024741335,-0.034880158,0.093,0.105,1,0,Mak16
Sec23a,0.0247519,0.000130271,0.128,0.143,1,0,Sec23a
Gpd2,0.024753261,-0.023624494,0.052,0.061,1,0,Gpd2
Scmh1,0.024781928,0.043612563,0.062,0.053,1,0,Scmh1
Rsad1,0.024837947,-0.017777162,0.012,0.017,1,0,Rsad1
Rbis,0.024846887,-0.039172881,0.252,0.272,1,0,Rbis
Zfp516,0.024852997,-0.014694528,0.053,0.063,1,0,Zfp516
Man1c1,0.024879866,-0.027343404,0.071,0.082,1,0,Man1c1
Rpp38,0.024908936,-0.028753814,0.031,0.038,1,0,Rpp38
Ptpn11,0.024924417,-0.018931068,0.208,0.227,1,0,Ptpn11
Hspa13,0.024945559,-0.008998517,0.12,0.134,1,0,Hspa13
Rtn4,0.024951084,0.012661995,0.486,0.47,1,0,Rtn4
1110002E22Rik,0.025087736,-0.007896742,0.001,0.002,1,0,1110002E22Rik
E130309D02Rik,0.025100536,-0.013599058,0.026,0.033,1,0,E130309D02Rik
Gm44386,0.0251021,-0.010325254,0.001,0.002,1,0,Gm44386
Hjv,0.025104974,-0.01406391,0.001,0.002,1,0,Hjv
Rbm48,0.025118298,-0.040806712,0.034,0.041,1,0,Rbm48
Gtf2h3,0.025130934,-0.010710678,0.029,0.036,1,0,Gtf2h3
Tdh,0.025142357,-0.004570384,0.001,0.002,1,0,Tdh
Gm6159,0.025164094,-0.008984981,0.006,0.009,1,0,Gm6159
Pcdhb13,0.025172411,-0.006614776,0.002,0.004,1,0,Pcdhb13
Gm13397,0.025174555,-0.003598043,0.002,0.004,1,0,Gm13397
Gm38228,0.025199964,-0.004656436,0.001,0.002,1,0,Gm38228
Tmem45a,0.025243038,0.07428133,0.189,0.178,1,0,Tmem45a
Gm49940,0.025245419,-0.002754986,0.002,0.004,1,0,Gm49940
Spcs2,0.025260207,-0.051202203,0.434,0.448,1,0,Spcs2
Gm13372,0.025264775,-0.002671068,0.002,0.004,1,0,Gm13372
Plagl2,0.025267995,0.019370748,0.024,0.019,1,0,Plagl2
Gm13136,0.025268656,-0.007588446,0.004,0.007,1,0,Gm13136
Hus1,0.025282935,-0.001725023,0.006,0.009,1,0,Hus1
Insig2,0.025299415,-0.049221395,0.183,0.2,1,0,Insig2
Tmem33,0.025316353,-0.016435757,0.115,0.129,1,0,Tmem33
Brsk2,0.025334516,0.009251701,0.005,0.003,1,0,Brsk2
Mthfr,0.025361458,-0.024803945,0.035,0.042,1,0,Mthfr
Gm16299,0.025366491,0.003203364,0.002,0.001,1,0,Gm16299
Gm43844,0.025402603,0.000792886,0.002,0.001,1,0,Gm43844
Abi2,0.025480938,-0.058344471,0.093,0.104,1,0,Abi2
Faap20,0.025496585,-0.004926994,0.07,0.081,1,0,Faap20
Fam107b,0.025547859,0.014141511,0.069,0.06,1,0,Fam107b
Phf10,0.025556143,-0.032823466,0.113,0.127,1,0,Phf10
Fbxl22,0.025574337,-0.029792158,0.011,0.015,1,0,Fbxl22
Tecpr1,0.025608236,0.014468734,0.061,0.053,1,0,Tecpr1
Cdk2,0.025609697,-0.005146828,0.031,0.038,1,0,Cdk2
Ptar1,0.025629932,-0.015775253,0.073,0.083,1,0,Ptar1
Josd1,0.025671507,-0.013090075,0.043,0.052,1,0,Josd1
Rundc1,0.02569702,-0.035240724,0.024,0.03,1,0,Rundc1
Gm43541,0.025715158,0.005801157,0.005,0.003,1,0,Gm43541
Gm38377,0.025718593,0.005452709,0.003,0.002,1,0,Gm38377
Mrpl44,0.02578704,-0.016595772,0.019,0.024,1,0,Mrpl44
Col26a1,0.025797065,-0.017792059,0.001,0.003,1,0,Col26a1
Gm47071,0.025800901,0.009694453,0.006,0.003,1,0,Gm47071
Utp3,0.025817219,-0.037965059,0.155,0.171,1,0,Utp3
Gm44067,0.0258499,-0.015495303,0.001,0.003,1,0,Gm44067
Gm38403,0.025855377,0.009847001,0.006,0.003,1,0,Gm38403
Slc25a38,0.025857592,-0.023041387,0.025,0.031,1,0,Slc25a38
Ubxn7,0.025880358,-0.026412241,0.039,0.047,1,0,Ubxn7
Wls,0.025936133,0.028862413,0.425,0.402,1,0,Wls
Atp5j2,0.026002711,0.006400536,0.549,0.53,1,0,Atp5j2
Gm48624,0.026006994,0.011553303,0.006,0.004,1,0,Gm48624
Hccs,0.026021442,-0.020133235,0.041,0.049,1,0,Hccs
Git2,0.026026291,0.043497276,0.111,0.101,1,0,Git2
1700037C18Rik,0.026034672,-0.012149222,0.004,0.007,1,0,1700037C18Rik
Insr,0.026044092,0.01473787,0.057,0.049,1,0,Insr
Phf2os1,0.026078773,0.002775392,0.002,0.001,1,0,Phf2os1
Tmpo,0.026079714,-0.03932813,0.093,0.105,1,0,Tmpo
Commd5,0.026104642,-0.012562783,0.014,0.018,1,0,Commd5
Shld3,0.026131936,-0.014276743,0.007,0.011,1,0,Shld3
Vsig10,0.02617123,0.015666765,0.043,0.036,1,0,Vsig10
Gm42372,0.026177029,0.002442902,0.003,0.001,1,0,Gm42372
Gnrhr,0.026180164,0.003585116,0.003,0.001,1,0,Gnrhr
Ctsd,0.026213646,-0.069943794,0.427,0.441,1,0,Ctsd
Hyi,0.026276713,-0.051826179,0.099,0.11,1,0,Hyi
Gm10561,0.026278633,-0.005971133,0.004,0.007,1,0,Gm10561
Gm5834,0.02630364,-0.007526427,0.001,0.002,1,0,Gm5834
Tnfrsf25,0.02630364,-0.009189117,0.001,0.002,1,0,Tnfrsf25
Synpo2l,0.02631475,-0.010587174,0.001,0.002,1,0,Synpo2l
Sirt6,0.02633251,-0.005486167,0.019,0.025,1,0,Sirt6
Smpx,0.026336089,-0.050113847,0.002,0.004,1,0,Smpx
Bik,0.026336981,-0.006643234,0.001,0.002,1,0,Bik
4930563E22Rik,0.026336981,-0.007832669,0.001,0.002,1,0,4930563E22Rik
Osbp,0.026355084,0.046324575,0.057,0.05,1,0,Osbp
Gm19409,0.026364794,-0.005667483,0.001,0.002,1,0,Gm19409
Gm19810,0.026465145,7.15E-05,0.005,0.008,1,0,Gm19810
Gm20559,0.026476742,-0.005027498,0.048,0.056,1,0,Gm20559
mt-Nd3,0.026483487,-0.04377899,0.053,0.062,1,0,mt-Nd3
Dynlrb1,0.026523457,0.025998822,0.514,0.495,1,0,Dynlrb1
Tmco4,0.026532194,0.024179053,0.02,0.015,1,0,Tmco4
Nudt14,0.026540963,-0.015815216,0.015,0.02,1,0,Nudt14
Dus3l,0.026543577,-0.010295085,0.046,0.054,1,0,Dus3l
Ndufs1,0.026583007,-0.016644257,0.093,0.106,1,0,Ndufs1
1700021F05Rik,0.026593641,-0.024870815,0.084,0.096,1,0,1700021F05Rik
Cend1,0.026596852,-0.008155252,0.001,0.003,1,0,Cend1
Gm12933,0.026609455,-0.009605479,0.009,0.012,1,0,Gm12933
9430092D12Rik,0.026612128,0.01922705,0.01,0.007,1,0,9430092D12Rik
Mamdc4,0.026621671,-0.006603591,0.001,0.003,1,0,Mamdc4
Atg9a,0.026644026,-0.006265746,0.001,0.003,1,0,Atg9a
2700049A03Rik,0.026651857,-0.023406508,0.039,0.047,1,0,2700049A03Rik
Dnajc30,0.026658341,-0.032135368,0.038,0.046,1,0,Dnajc30
Gm26797,0.026660799,-0.015220743,0.002,0.004,1,0,Gm26797
Ears2,0.02666757,0.037856683,0.021,0.016,1,0,Ears2
Hid1,0.026668034,-0.01222277,0.001,0.003,1,0,Hid1
Rad54l,0.026681265,-0.003612469,0.008,0.012,1,0,Rad54l
Wasf1,0.026684175,-0.012666803,0.016,0.021,1,0,Wasf1
Wdr4,0.02668526,-0.00734276,0.024,0.03,1,0,Wdr4
Ksr1,0.026699378,0.02473958,0.042,0.035,1,0,Ksr1
Rev1,0.0267008,-0.0332456,0.035,0.042,1,0,Rev1
Sdc2,0.026706294,-0.099278728,0.499,0.503,1,0,Sdc2
Il22ra2,0.026757706,-0.006778428,0.001,0.003,1,0,Il22ra2
Mettl15,0.026770942,-0.010509349,0.006,0.01,1,0,Mettl15
Mrpl12,0.026771967,-0.01426229,0.114,0.128,1,0,Mrpl12
Bud13,0.026773086,-0.035172709,0.024,0.031,1,0,Bud13
Samd13,0.0267762,-0.00653272,0.001,0.003,1,0,Samd13
Kbtbd4,0.026784129,-0.005765395,0.001,0.003,1,0,Kbtbd4
Tbc1d10a,0.026804424,-0.019216066,0.061,0.071,1,0,Tbc1d10a
Hpx,0.026829101,-0.004173912,0.001,0.003,1,0,Hpx
Pknox2,0.026833149,-0.021484255,0.011,0.016,1,0,Pknox2
Pitpna,0.026846443,0.068724455,0.174,0.164,1,0,Pitpna
Cfap97,0.026859504,-0.024418582,0.06,0.069,1,0,Cfap97
Gng7,0.026868714,0.017200608,0.017,0.012,1,0,Gng7
Gm26813,0.026868836,-0.006528954,0.001,0.003,1,0,Gm26813
Smcr8,0.026870651,-0.013617958,0.014,0.019,1,0,Smcr8
Ralgds,0.026901527,-0.000899358,0.073,0.084,1,0,Ralgds
Cntnap1,0.026922309,-0.016096776,0.006,0.009,1,0,Cntnap1
Sesn3,0.026933332,0.041707072,0.132,0.121,1,0,Sesn3
Gm6542,0.026975551,-0.002009191,0.021,0.027,1,0,Gm6542
Ap3m1,0.026983118,0.043470697,0.065,0.057,1,0,Ap3m1
Proser1,0.02707434,-0.011870059,0.02,0.026,1,0,Proser1
Cuta,0.027105624,-0.032290479,0.226,0.246,1,0,Cuta
Ptcd3,0.027153436,-0.022300822,0.022,0.028,1,0,Ptcd3
Krtcap2,0.027169009,-0.038217305,0.486,0.498,1,0,Krtcap2
Steap1,0.027196977,0.067958756,0.05,0.043,1,0,Steap1
Zfp868,0.027213838,-0.008726093,0.007,0.011,1,0,Zfp868
Wdyhv1,0.027216068,-0.015058087,0.028,0.035,1,0,Wdyhv1
Snrpg,0.027233895,0.041177947,0.355,0.343,1,0,Snrpg
Gm37694,0.027260363,-0.017864324,0.013,0.018,1,0,Gm37694
Scap,0.027268529,-0.003574837,0.059,0.068,1,0,Scap
Zc3h7b,0.027300066,0.036402224,0.085,0.075,1,0,Zc3h7b
Kif3a,0.027302746,0.039768436,0.174,0.162,1,0,Kif3a
Wdr43,0.027311083,-0.047792764,0.152,0.166,1,0,Wdr43
Rbak,0.027336716,-0.028150101,0.014,0.019,1,0,Rbak
Fam76b,0.027435561,-0.03086476,0.064,0.074,1,0,Fam76b
Rtca,0.027456379,-0.021478794,0.068,0.079,1,0,Rtca
Mob3b,0.02748749,-0.020016897,0.003,0.005,1,0,Mob3b
Gm5608,0.027487591,-0.009358494,0.002,0.005,1,0,Gm5608
Farsb,0.027494631,-0.013196595,0.057,0.066,1,0,Farsb
Wapl,0.027507783,-0.041858786,0.178,0.194,1,0,Wapl
Rpn1,0.02751286,-0.025586387,0.333,0.353,1,0,Rpn1
Siae,0.027519526,-0.022881897,0.067,0.077,1,0,Siae
Plrg1,0.027534022,-0.01980786,0.052,0.061,1,0,Plrg1
Ccr2,0.027536177,0.000910793,0.001,0,1,0,Ccr2
Ppwd1,0.027584349,-0.02618421,0.035,0.042,1,0,Ppwd1
Gm49700,0.027612587,0.005654121,0.01,0.007,1,0,Gm49700
Pvalb,0.027617713,-0.446557641,0.016,0.021,1,0,Pvalb
Slc35d1,0.027622257,0.028986782,0.04,0.033,1,0,Slc35d1
Nhej1,0.027633992,-0.015894055,0.007,0.01,1,0,Nhej1
Dctn6,0.027635461,-0.0192058,0.149,0.165,1,0,Dctn6
Lcmt1,0.027696338,0.033725254,0.069,0.06,1,0,Lcmt1
Cuedc2,0.027709939,-0.051284265,0.13,0.144,1,0,Cuedc2
Ncdn,0.027712787,0.02884663,0.054,0.047,1,0,Ncdn
Gm37401,0.027760445,0.020781221,0.029,0.023,1,0,Gm37401
Tsc1,0.027762909,-0.017482039,0.048,0.056,1,0,Tsc1
Adck5,0.027842294,-0.024441843,0.02,0.026,1,0,Adck5
Twnk,0.027854331,-0.017440429,0.02,0.025,1,0,Twnk
Ctdsp1,0.027901472,0.024468314,0.106,0.095,1,0,Ctdsp1
Prkar1b,0.027903576,-0.019915927,0.014,0.018,1,0,Prkar1b
Wdtc1,0.027908715,0.043496637,0.043,0.036,1,0,Wdtc1
Nudt10,0.027923302,-0.007541271,0,0.002,1,0,Nudt10
Ppm1e,0.02792681,-0.00948216,0,0.002,1,0,Ppm1e
Zfp563,0.027932654,-0.01577574,0.008,0.012,1,0,Zfp563
Ptges,0.027936913,0.045396218,0.129,0.119,1,0,Ptges
Hectd2,0.027939574,-0.008442021,0.003,0.005,1,0,Hectd2
Pdpk1,0.027940003,0.06076671,0.097,0.088,1,0,Pdpk1
Fam83h,0.027947865,-0.002619758,0,0.002,1,0,Fam83h
Pla2g5,0.027951375,-0.006058953,0,0.002,1,0,Pla2g5
Mab21l1,0.027952636,-0.014806165,0.014,0.019,1,0,Mab21l1
Fsd2,0.027975959,-0.008837346,0,0.002,1,0,Fsd2
Igsf9b,0.027985582,0.001682245,0.011,0.008,1,0,Igsf9b
Gm37943,0.027997046,-0.004303528,0,0.002,1,0,Gm37943
Gucy1b2,0.028011111,-0.002156198,0,0.002,1,0,Gucy1b2
Flt3l,0.028044898,0.030415136,0.066,0.058,1,0,Flt3l
Lrg1,0.028056687,-0.010257299,0.002,0.004,1,0,Lrg1
Gm16754,0.02809084,-0.011463741,0.002,0.004,1,0,Gm16754
Gm26885,0.028135449,-0.003018476,0.008,0.012,1,0,Gm26885
Sft2d3,0.02822707,-0.020396349,0.024,0.03,1,0,Sft2d3
Arhgef10l,0.028287252,0.039365882,0.051,0.043,1,0,Arhgef10l
Olfr56,0.028287687,-0.010453372,0.004,0.007,1,0,Olfr56
Polg2,0.028292442,0.056838036,0.084,0.075,1,0,Polg2
Oas3,0.028310269,-0.003603168,0.002,0.004,1,0,Oas3
Azin1,0.028382251,0.045857133,0.248,0.238,1,0,Azin1
Bin3,0.02841043,0.036653429,0.065,0.057,1,0,Bin3
Prpf19,0.028423334,-0.05371725,0.153,0.168,1,0,Prpf19
Tedc2,0.028491514,-0.013900234,0.007,0.01,1,0,Tedc2
Tbc1d7,0.028518629,-0.010781496,0.03,0.037,1,0,Tbc1d7
Ldah,0.028528656,-0.018962904,0.081,0.092,1,0,Ldah
Exoc7,0.028589359,-0.024773786,0.065,0.075,1,0,Exoc7
4933412L11Rik,0.028650525,0.005164938,0.004,0.002,1,0,4933412L11Rik
Rrp15,0.028703192,-0.012341474,0.102,0.115,1,0,Rrp15
Wdr53,0.028716995,-0.029773917,0.025,0.032,1,0,Wdr53
Rwdd3,0.028729194,-0.011694479,0.006,0.009,1,0,Rwdd3
D930036K23Rik,0.028749628,0.002264112,0.004,0.002,1,0,D930036K23Rik
Tsg101-ps,0.028753427,-0.009739463,0.008,0.012,1,0,Tsg101-ps
Anapc7,0.028790616,-0.009987781,0.061,0.07,1,0,Anapc7
9530068E07Rik,0.028800308,-0.040452631,0.379,0.398,1,0,9530068E07Rik
Riok2,0.028855899,-0.027075093,0.055,0.064,1,0,Riok2
Ggps1,0.028902452,-0.008801058,0.091,0.103,1,0,Ggps1
Nusap1,0.028959753,-0.006506957,0.01,0.015,1,0,Nusap1
Gm26881,0.028962037,0.016913474,0.013,0.009,1,0,Gm26881
Mtmr1,0.028980808,0.016616974,0.041,0.034,1,0,Mtmr1
Gm38262,0.028990564,0.006316056,0.003,0.001,1,0,Gm38262
Ntn1,0.028999026,0.02418041,0.131,0.119,1,0,Ntn1
Myc,0.029018873,-0.00158151,0.376,0.358,1,0,Myc
Ankrd34a,0.029018882,-0.003903496,0,0.001,1,0,Ankrd34a
Gm43483,0.029023041,-0.006195089,0,0.001,1,0,Gm43483
Tmprss5,0.029023041,-0.009451703,0,0.001,1,0,Tmprss5
Eps8l2,0.0290272,-0.00339957,0,0.001,1,0,Eps8l2
Smagp,0.0290272,-0.005467946,0,0.001,1,0,Smagp
Evx2,0.02903552,-0.008467342,0,0.001,1,0,Evx2
Chd5,0.029039681,-0.003820881,0,0.001,1,0,Chd5
Hsd17b11,0.029051724,0.024894696,0.129,0.118,1,0,Hsd17b11
Kcnc1,0.029056329,-0.00694504,0,0.001,1,0,Kcnc1
Gm49703,0.029060492,-0.005197689,0,0.001,1,0,Gm49703
Rpl19-ps1,0.029084649,-0.015511022,0.009,0.013,1,0,Rpl19-ps1
Gm1818,0.02908965,-0.001772948,0,0.001,1,0,Gm1818
Ptprt,0.029093817,-0.003850413,0,0.001,1,0,Ptprt
Cript,0.029095125,-0.020762532,0.138,0.153,1,0,Cript
Gm42841,0.029098115,0.003400778,0.003,0.001,1,0,Gm42841
Bloc1s4,0.02910682,-0.02317968,0.05,0.059,1,0,Bloc1s4
Ints5,0.029121229,-0.012614343,0.018,0.024,1,0,Ints5
F830115B05Rik,0.029134041,0.003421521,0.003,0.001,1,0,F830115B05Rik
Sall2,0.029136952,-0.010611709,0.007,0.011,1,0,Sall2
Sgpp2,0.029153653,0.005099532,0.003,0.001,1,0,Sgpp2
Cyp2j9,0.029176011,-0.055842178,0.025,0.031,1,0,Cyp2j9
Kdm6a,0.029177846,-0.051682133,0.092,0.103,1,0,Kdm6a
Mrtfb,0.029179999,0.036220254,0.057,0.049,1,0,Mrtfb
Sytl4,0.029271628,-0.013629955,0.009,0.013,1,0,Sytl4
Ints6,0.029276813,-0.007322003,0.081,0.092,1,0,Ints6
1110046J04Rik,0.029282608,-0.018364775,0.018,0.023,1,0,1110046J04Rik
Atad2b,0.029319276,-0.012046619,0.096,0.108,1,0,Atad2b
Yes1,0.029330004,-0.002244331,0.058,0.067,1,0,Yes1
Gm15484,0.029337034,-0.007769127,0.002,0.004,1,0,Gm15484
Psma7,0.029349394,0.020355437,0.589,0.563,1,0,Psma7
Poc1b,0.029365847,0.027737774,0.046,0.039,1,0,Poc1b
Irf9,0.029430489,-0.063089341,0.133,0.146,1,0,Irf9
Fam166b,0.029437641,0.009327038,0.004,0.002,1,0,Fam166b
Bub3,0.029441113,-0.025867373,0.113,0.126,1,0,Bub3
Gm42742,0.029449714,-0.008791077,0.002,0.004,1,0,Gm42742
Rnf187,0.029512396,-0.03426696,0.189,0.206,1,0,Rnf187
Abcc4,0.029516656,-0.013930364,0.017,0.022,1,0,Abcc4
Gm15663,0.029523207,-0.006230444,0.002,0.004,1,0,Gm15663
Pcdhgb2,0.029530658,-0.008656647,0.002,0.004,1,0,Pcdhgb2
Gm9247,0.029567933,-0.003209335,0.002,0.004,1,0,Gm9247
Prdm9,0.029640135,0.016849805,0.016,0.012,1,0,Prdm9
Lrrc14,0.029652402,-0.022836649,0.028,0.035,1,0,Lrrc14
Mir7688,0.029659188,-0.010140746,0.005,0.009,1,0,Mir7688
Lrrc56,0.029758789,-0.004713478,0.004,0.007,1,0,Lrrc56
A230087F16Rik,0.029810212,0.006276513,0.009,0.006,1,0,A230087F16Rik
Zfp871,0.029858725,-0.04289343,0.075,0.085,1,0,Zfp871
Casp8ap2,0.029865585,-0.021805641,0.136,0.15,1,0,Casp8ap2
Abhd5,0.029938114,0.055006968,0.071,0.063,1,0,Abhd5
Mrpl10,0.029953563,-0.021232311,0.071,0.082,1,0,Mrpl10
Eri1,0.02997948,0.002550699,0.053,0.062,1,0,Eri1
Chka,0.030000808,-0.026192682,0.078,0.088,1,0,Chka
Svil,0.030005075,0.005156828,0.346,0.328,1,0,Svil
Napb,0.030017585,-0.017782852,0.008,0.011,1,0,Napb
Meaf6,0.030060692,-0.016381384,0.08,0.091,1,0,Meaf6
Nfx1,0.030089618,-0.028666552,0.098,0.11,1,0,Nfx1
Ppp4r4,0.030101732,0.017679195,0.01,0.007,1,0,Ppp4r4
Snrnp25,0.030133713,-0.015274113,0.028,0.034,1,0,Snrnp25
Sumo2,0.030139335,-0.010188691,0.006,0.01,1,0,Sumo2
Fkrp,0.030172715,-0.014261418,0.029,0.036,1,0,Fkrp
Cct6a,0.030183269,-0.07100189,0.33,0.343,1,0,Cct6a
Pja2,0.030256951,0.035236386,0.224,0.213,1,0,Pja2
Gm45120,0.030280415,0.009142501,0.004,0.002,1,0,Gm45120
Pms1,0.030285488,-0.012132323,0.012,0.016,1,0,Pms1
Gm26070,0.030391358,0.004267408,0.002,0.001,1,0,Gm26070
Maml1,0.030417038,0.031475582,0.042,0.035,1,0,Maml1
4930509H03Rik,0.030457411,0.006911384,0.004,0.002,1,0,4930509H03Rik
Gm43312,0.030469331,0.004416857,0.004,0.002,1,0,Gm43312
AC168977.1,0.03047011,0.002040499,0.002,0.001,1,0,AC168977.1
Gm4544,0.030471834,-0.008848597,0.001,0.002,1,0,Gm4544
Dus4l,0.030505319,-0.023005512,0.008,0.012,1,0,Dus4l
Zfp335,0.030523658,-0.006001681,0.001,0.002,1,0,Zfp335
Mtdh,0.030526894,-0.052590895,0.53,0.54,1,0,Mtdh
Saa2,0.03054095,-0.007027021,0.001,0.002,1,0,Saa2
A530095I07Rik,0.030585947,-0.006021685,0.001,0.002,1,0,A530095I07Rik
S100a8,0.030585947,-0.006278486,0.001,0.002,1,0,S100a8
Slfn3,0.030589411,-0.001484313,0.001,0.002,1,0,Slfn3
Gm26620,0.03059634,-0.003365132,0.001,0.002,1,0,Gm26620
Ndufb10,0.030599587,-0.058446264,0.337,0.358,1,0,Ndufb10
Grn,0.030603023,-0.034044661,0.411,0.429,1,0,Grn
Gm10728,0.030624067,-0.002549473,0.001,0.002,1,0,Gm10728
9330175E14Rik,0.030629141,-0.019107545,0.006,0.009,1,0,9330175E14Rik
A430106G13Rik,0.030631002,-0.002949688,0.001,0.002,1,0,A430106G13Rik
Rbm15,0.030658807,0.018995889,0.033,0.027,1,0,Rbm15
Actg1,0.030665828,-0.042639681,0.196,0.212,1,0,Actg1
Rps16-ps2,0.03067355,-0.018303725,0.104,0.116,1,0,Rps16-ps2
Rasa4,0.030681827,-0.011008343,0.008,0.011,1,0,Rasa4
Polr2l,0.03074682,-0.023824768,0.078,0.089,1,0,Polr2l
Atpaf2,0.030857494,-0.008884204,0.027,0.033,1,0,Atpaf2
Nipa2,0.030865059,-0.006097441,0.043,0.051,1,0,Nipa2
Wdr19,0.030865962,-0.014349357,0.017,0.022,1,0,Wdr19
Ccdc191,0.030902263,0.045805509,0.065,0.056,1,0,Ccdc191
Thumpd2,0.030931617,-0.018869644,0.019,0.024,1,0,Thumpd2
Clasp2,0.030969007,-0.039804557,0.062,0.071,1,0,Clasp2
Bend3,0.031012796,-0.01510618,0.01,0.014,1,0,Bend3
Anapc10,0.031020783,-0.031409207,0.087,0.098,1,0,Anapc10
Gm42941,0.031063407,-0.010024273,0.002,0.004,1,0,Gm42941
Abcb7,0.031087947,0.031035038,0.038,0.031,1,0,Abcb7
4833418N02Rik,0.031166517,-0.005545101,0.004,0.007,1,0,4833418N02Rik
Nlgn3,0.031174221,-0.013884256,0.002,0.004,1,0,Nlgn3
Hars2,0.031176641,-0.021803652,0.039,0.046,1,0,Hars2
Kdm2b,0.031178088,-0.010935528,0.014,0.018,1,0,Kdm2b
Gm44291,0.031215468,0.011208766,0.012,0.009,1,0,Gm44291
Gstp1,0.031235958,-0.0283616,0.174,0.19,1,0,Gstp1
Rnf166,0.031282011,-0.016574422,0.096,0.108,1,0,Rnf166
Wdr5,0.03128589,-0.00091624,0.053,0.062,1,0,Wdr5
Sf3a2,0.031288561,-0.021023481,0.048,0.056,1,0,Sf3a2
Hdac9,0.031315677,0.005423236,0.004,0.002,1,0,Hdac9
Zfp768,0.031330584,-0.006454674,0.02,0.026,1,0,Zfp768
Gm5617,0.031335346,-0.000387319,0.024,0.03,1,0,Gm5617
Gm45684,0.031443583,0.00696336,0.003,0.001,1,0,Gm45684
Gm9333,0.031457549,-0.007986419,0.007,0.01,1,0,Gm9333
Gtpbp1,0.031469989,-0.016076165,0.02,0.025,1,0,Gtpbp1
Rfc2,0.031481423,-0.009297712,0.077,0.088,1,0,Rfc2
Ubald1,0.031538099,-0.028230316,0.075,0.085,1,0,Ubald1
Fahd2a,0.031539149,0.001125142,0.014,0.01,1,0,Fahd2a
Gm4859,0.031571513,0.009460445,0.005,0.003,1,0,Gm4859
Lrrc75b,0.031624998,-0.002226578,0.001,0.003,1,0,Lrrc75b
Syvn1,0.031625664,-0.020917697,0.053,0.062,1,0,Syvn1
Gm37447,0.031630992,0.008745767,0.005,0.003,1,0,Gm37447
Palb2,0.031636645,-0.006268335,0.001,0.003,1,0,Palb2
Cdc42,0.031642884,-0.042979463,0.637,0.635,1,0,Cdc42
Trmt44,0.031673116,-0.006065105,0.003,0.006,1,0,Trmt44
Lrrc18,0.031674525,-0.002610848,0.001,0.003,1,0,Lrrc18
Gm37422,0.031689105,-0.003948348,0.001,0.003,1,0,Gm37422
Rad51c,0.031694938,-0.005024561,0.001,0.003,1,0,Rad51c
Gm10461,0.031735269,-0.005624282,0.001,0.002,1,0,Gm10461
Pdcd11,0.031738162,0.04878407,0.149,0.138,1,0,Pdcd11
Kctd6,0.031743446,0.023487164,0.035,0.029,1,0,Kctd6
Dpysl4,0.03176176,-0.005564023,0.001,0.002,1,0,Dpysl4
Mlxipl,0.031772127,-0.0178036,0.003,0.005,1,0,Mlxipl
Sema6b,0.031777769,-0.005954042,0.01,0.014,1,0,Sema6b
Gm16685,0.031785474,-0.002936191,0.001,0.003,1,0,Gm16685
Urb2,0.031793265,0.019352225,0.016,0.012,1,0,Urb2
Plgrkt,0.031834864,0.035716308,0.177,0.165,1,0,Plgrkt
Rinl,0.031849721,-0.008792578,0.002,0.005,1,0,Rinl
Tmem170,0.031851447,-0.011254648,0.004,0.006,1,0,Tmem170
Adal,0.031870025,-0.005678969,0.014,0.018,1,0,Adal
Eef2kmt,0.031889965,-0.02997027,0.068,0.078,1,0,Eef2kmt
Ppa2,0.031932503,0.032378952,0.118,0.108,1,0,Ppa2
2310030G06Rik,0.031938222,-0.013682839,0.004,0.007,1,0,2310030G06Rik
Ttc14,0.03194938,-0.057906339,0.153,0.167,1,0,Ttc14
Aebp2,0.031961368,0.04076734,0.134,0.124,1,0,Aebp2
Spag4,0.031967527,-0.008028561,0.001,0.003,1,0,Spag4
Tub,0.031976877,-0.008904291,0.001,0.003,1,0,Tub
Fbxo44,0.032023661,-0.008369346,0.001,0.003,1,0,Fbxo44
Gm13196,0.032045514,-0.005920859,0.001,0.003,1,0,Gm13196
Jpx,0.032049753,0.015966083,0.017,0.013,1,0,Jpx
Gm27010,0.032056884,0.003316661,0.006,0.004,1,0,Gm27010
Gm2965,0.032086132,-0.003227572,0.001,0.003,1,0,Gm2965
Sephs1,0.032112198,-0.012710646,0.052,0.061,1,0,Sephs1
Bcas3os1,0.032120396,0.011372599,0.006,0.004,1,0,Bcas3os1
Tmem95,0.032120688,-0.007642711,0.004,0.006,1,0,Tmem95
1700016G22Rik,0.032136184,-0.003465368,0.001,0.003,1,0,1700016G22Rik
Gm37063,0.032139522,0.007930062,0.005,0.003,1,0,Gm37063
Tln1,0.032151727,-0.073769418,0.362,0.377,1,0,Tln1
E130317F20Rik,0.032165263,-0.012154147,0.005,0.008,1,0,E130317F20Rik
Necap1,0.032196107,0.001428819,0.048,0.057,1,0,Necap1
Dnajb2,0.032236209,-0.010893562,0.099,0.111,1,0,Dnajb2
Rps15a-ps3,0.032247271,0.007957514,0.005,0.003,1,0,Rps15a-ps3
Psme2b,0.032267801,0.04477873,0.072,0.064,1,0,Psme2b
Sgms1,0.03232147,0.041737051,0.085,0.076,1,0,Sgms1
1810024B03Rik,0.032344701,-0.001665045,0.016,0.021,1,0,1810024B03Rik
Gm11539,0.032378689,-0.007632651,0.007,0.011,1,0,Gm11539
Gm49338,0.032392311,0.021071017,0.015,0.011,1,0,Gm49338
Akap7,0.032398936,0.012715569,0.072,0.063,1,0,Akap7
Psmd7,0.032416206,-0.048339667,0.362,0.381,1,0,Psmd7
Gm13461,0.032424227,-0.000982772,0.016,0.021,1,0,Gm13461
Usp15,0.032433059,-0.030807246,0.114,0.127,1,0,Usp15
Gm38235,0.032465589,0.008573307,0.005,0.003,1,0,Gm38235
Arid1b,0.032487313,0.027320125,0.097,0.087,1,0,Arid1b
Pced1b,0.032512338,0.001006577,0.006,0.004,1,0,Pced1b
4833438C02Rik,0.032520248,0.001905246,0.026,0.032,1,0,4833438C02Rik
Gm45855,0.032530199,-0.006206293,0.011,0.015,1,0,Gm45855
M6pr,0.032530312,-0.024096236,0.182,0.2,1,0,M6pr
Lsm3,0.032551517,-0.037849522,0.119,0.131,1,0,Lsm3
Gm37718,0.032605708,0.008166283,0.005,0.003,1,0,Gm37718
Champ1,0.032622315,0.03645344,0.041,0.034,1,0,Champ1
Phip,0.032695944,-0.071748873,0.259,0.276,1,0,Phip
Ccng1,0.032734804,0.042772699,0.153,0.143,1,0,Ccng1
Tet2,0.0327787,0.006373622,0.077,0.068,1,0,Tet2
Yju2,0.032790049,-0.027957222,0.02,0.025,1,0,Yju2
Fam92a,0.032800631,-0.026070969,0.137,0.151,1,0,Fam92a
Prrt1,0.032809319,-0.017539306,0.006,0.01,1,0,Prrt1
Gm48889,0.032918826,0.012773985,0.01,0.007,1,0,Gm48889
Zfp688,0.03293243,-0.019715513,0.012,0.017,1,0,Zfp688
Gsto2,0.032934138,-0.010711641,0.005,0.007,1,0,Gsto2
Grpel1,0.032935758,-0.017663594,0.11,0.124,1,0,Grpel1
Ltv1,0.032941579,-0.023196492,0.109,0.122,1,0,Ltv1
Cog3,0.032948469,-0.022609915,0.082,0.093,1,0,Cog3
Nsun6,0.032989478,0.007502777,0.025,0.032,1,0,Nsun6
Hk1os,0.03303328,-0.006690569,0.002,0.004,1,0,Hk1os
Pet100,0.033109267,-0.012965381,0.142,0.157,1,0,Pet100
Zkscan14,0.033190187,-0.011830764,0.003,0.006,1,0,Zkscan14
Tmem106b,0.033194859,0.045987452,0.173,0.162,1,0,Tmem106b
Ddx19b,0.033221375,0.026186323,0.022,0.018,1,0,Ddx19b
Impact,0.033243234,0.046286248,0.143,0.133,1,0,Impact
Hist1h2ac,0.03326102,-0.003281234,0.002,0.004,1,0,Hist1h2ac
Eif3k,0.033339236,-0.039657402,0.349,0.369,1,0,Eif3k
Fam221b,0.033459897,0.05052133,0.262,0.25,1,0,Fam221b
Rraga,0.033466496,-0.032502955,0.149,0.163,1,0,Rraga
Pstk,0.03346726,-0.009477185,0.053,0.062,1,0,Pstk
Ifit1,0.03347178,-0.282084335,0.138,0.147,1,0,Ifit1
Ddi2,0.033504641,-0.018360375,0.086,0.097,1,0,Ddi2
Plekha4,0.033521988,-0.020803857,0.099,0.089,1,0,Plekha4
Tada3,0.033552734,0.028517839,0.063,0.055,1,0,Tada3
Zbtb48,0.033561368,-0.016662537,0.007,0.01,1,0,Zbtb48
Pcdhb19,0.033607419,-0.019390849,0.007,0.01,1,0,Pcdhb19
Rnf167,0.033698535,-0.053530483,0.086,0.096,1,0,Rnf167
Gm28119,0.033725379,0.003552372,0.003,0.002,1,0,Gm28119
Lhx4,0.033878968,0.005964793,0.002,0.001,1,0,Lhx4
Arl6ip1,0.033880378,0.001134912,0.399,0.386,1,0,Arl6ip1
Slc7a6os,0.034011474,0.064814567,0.085,0.077,1,0,Slc7a6os
E230001N04Rik,0.034088324,-0.012800963,0.003,0.005,1,0,E230001N04Rik
Pdia6,0.034159938,0.015813198,0.596,0.565,1,0,Pdia6
Pck1,0.034203228,0.001936609,0.001,0,1,0,Pck1
Shd,0.034211741,-0.008506124,0,0.002,1,0,Shd
Esm1,0.034216003,-0.008062961,0,0.002,1,0,Esm1
Gm10827,0.034254381,-0.006968691,0,0.002,1,0,Gm10827
Gm36988,0.034258647,-0.003507289,0,0.002,1,0,Gm36988
Arhgap36,0.034284256,-0.004570128,0,0.002,1,0,Arhgap36
Gm37660,0.034300263,-0.012955499,0.006,0.009,1,0,Gm37660
Zbtb11os1,0.034303098,-0.009742151,0.008,0.012,1,0,Zbtb11os1
Tnfrsf4,0.034305609,-0.001110353,0,0.002,1,0,Tnfrsf4
Prkcz,0.034309881,-0.002863617,0,0.002,1,0,Prkcz
Elp4,0.034331938,-0.012546651,0.027,0.033,1,0,Elp4
Smpd5,0.034339797,-0.001158722,0,0.002,1,0,Smpd5
4930526A20Rik,0.034363441,0.009303335,0.008,0.005,1,0,4930526A20Rik
Vangl2,0.034380929,-0.010913471,0.024,0.03,1,0,Vangl2
Mapk10,0.034467173,-0.006422786,0.005,0.008,1,0,Mapk10
Fam168a,0.034551354,0.028518353,0.211,0.199,1,0,Fam168a
5730414N17Rik,0.034566245,-0.004089179,0.003,0.005,1,0,5730414N17Rik
Gm6063,0.03457613,-0.006493177,0.002,0.003,1,0,Gm6063
Gm37258,0.034578228,0.005791934,0.008,0.005,1,0,Gm37258
Gm26782,0.034591561,-0.01418392,0.047,0.055,1,0,Gm26782
Nudt22,0.03460942,-0.006506791,0.016,0.02,1,0,Nudt22
Clec10a,0.034619026,0.004885771,0.001,0,1,0,Clec10a
1700096K18Rik,0.034658214,0.018362063,0.017,0.012,1,0,1700096K18Rik
Gm31410,0.034658294,0.00510646,0.002,0.001,1,0,Gm31410
Zfp598,0.034684103,0.049663901,0.064,0.056,1,0,Zfp598
Cops5,0.034684686,0.009591438,0.118,0.132,1,0,Cops5
Mcph1,0.034693839,-0.019174648,0.025,0.031,1,0,Mcph1
A930012L18Rik,0.034728742,0.004376745,0.002,0.001,1,0,A930012L18Rik
Pex10,0.034736126,-0.012152839,0.011,0.015,1,0,Pex10
Fzr1,0.034758984,-0.013655652,0.038,0.045,1,0,Fzr1
Gm44292,0.034784594,-0.009552093,0.004,0.006,1,0,Gm44292
Kcnk13,0.034791003,0.003654419,0.002,0.001,1,0,Kcnk13
Gml2,0.034791003,0.002491846,0.002,0.001,1,0,Gml2
Gm17807,0.034797675,-0.006720243,0.002,0.003,1,0,Gm17807
Cdrt4,0.034801389,0.004562388,0.002,0.001,1,0,Cdrt4
Strn3,0.034814894,-0.064861567,0.261,0.278,1,0,Strn3
C330007P06Rik,0.034827994,-0.029313603,0.051,0.059,1,0,C330007P06Rik
9330175M20Rik,0.034874166,0.001729049,0.002,0.001,1,0,9330175M20Rik
Gm49925,0.034884319,-0.004907482,0.002,0.003,1,0,Gm49925
Ogfod2,0.034933145,0.00355401,0.035,0.042,1,0,Ogfod2
Manbal,0.034933529,-0.009979032,0.115,0.128,1,0,Manbal
Zfp444,0.034944221,-0.014390262,0.02,0.025,1,0,Zfp444
Msh6,0.034972115,-0.024066508,0.023,0.028,1,0,Msh6
Set,0.035014638,-0.041635481,0.312,0.33,1,0,Set
Phkb,0.035049328,0.01752511,0.072,0.064,1,0,Phkb
Polr2i,0.03510716,-0.024447823,0.147,0.162,1,0,Polr2i
Commd7,0.035134462,-0.001686615,0.133,0.147,1,0,Commd7
Gstcd,0.035163634,-0.003269848,0.014,0.019,1,0,Gstcd
Bbs5,0.035170854,-0.014097671,0.018,0.023,1,0,Bbs5
Rnf14,0.035178077,-0.02627647,0.066,0.076,1,0,Rnf14
Rpl34-ps1,0.035211588,-0.01510964,0.109,0.122,1,0,Rpl34-ps1
Dnajc12,0.035218823,0.008771686,0.008,0.005,1,0,Dnajc12
5830408C22Rik,0.035233755,-0.013808284,0.007,0.01,1,0,5830408C22Rik
Med12,0.035236248,-0.016271173,0.012,0.017,1,0,Med12
Rbfox3,0.035249013,0.010449338,0.003,0.002,1,0,Rbfox3
Rcbtb1,0.035270207,-0.009875768,0.045,0.053,1,0,Rcbtb1
Exosc7,0.035294983,0.025426212,0.079,0.07,1,0,Exosc7
Nup50,0.035342364,0.003263853,0.066,0.076,1,0,Nup50
mt-Tc,0.035346136,-0.01946818,0.003,0.006,1,0,mt-Tc
Cul5,0.035373947,-0.046764436,0.192,0.208,1,0,Cul5
Cnksr3,0.035398947,-0.015960269,0.012,0.016,1,0,Cnksr3
Cep112,0.035399157,0.006673027,0.092,0.082,1,0,Cep112
Coro1b,0.035424727,-0.00744474,0.037,0.044,1,0,Coro1b
Eci1,0.035560577,-0.02849106,0.086,0.097,1,0,Eci1
Gstm5,0.035619275,-0.050273446,0.124,0.136,1,0,Gstm5
Arsa,0.035623777,0.032023234,0.106,0.096,1,0,Arsa
Miip,0.035645416,-0.026011619,0.023,0.029,1,0,Miip
Mecp2,0.035653532,-0.047083911,0.1,0.111,1,0,Mecp2
Myd88,0.035671925,-0.070442821,0.211,0.226,1,0,Myd88
Oas2,0.035686147,0.032983791,0.039,0.033,1,0,Oas2
Mdm4,0.035689725,-0.047222735,0.128,0.141,1,0,Mdm4
Gm15542,0.03573742,-0.015251218,0.015,0.019,1,0,Gm15542
Gm15920,0.035760938,-0.006742262,0.012,0.016,1,0,Gm15920
Thoc1,0.035773209,0.026379384,0.114,0.105,1,0,Thoc1
Alx4,0.035780387,-0.017957399,0.016,0.021,1,0,Alx4
Ankrd13a,0.035841412,0.072727577,0.077,0.07,1,0,Ankrd13a
Ptprs,0.035918698,-0.012911476,0.145,0.16,1,0,Ptprs
Gm12280,0.035987107,-0.006200582,0,0.001,1,0,Gm12280
Camp,0.035997383,-0.002808063,0,0.001,1,0,Camp
Tnfrsf9,0.035997383,-0.003564218,0,0.001,1,0,Tnfrsf9
Kit,0.035997383,-0.00662729,0,0.001,1,0,Kit
Trim54,0.035997383,-0.012841774,0,0.001,1,0,Trim54
Gm50079,0.036002522,-0.003205322,0,0.001,1,0,Gm50079
Sypl2,0.036002522,-0.008599603,0,0.001,1,0,Sypl2
Gm37730,0.036028226,-0.004297322,0,0.001,1,0,Gm37730
Lncbate1,0.036033369,-0.004294141,0,0.001,1,0,Lncbate1
Gm12663,0.036043378,-0.00907593,0.003,0.006,1,0,Gm12663
Gm10925,0.036048801,-0.00320943,0,0.001,1,0,Gm10925
Bank1,0.036053946,-0.002079804,0,0.001,1,0,Bank1
Olfr809,0.036059092,-0.001688048,0,0.001,1,0,Olfr809
Wdr44,0.036102216,0.023886947,0.07,0.061,1,0,Wdr44
Hmgcr,0.036114416,-0.03164813,0.064,0.074,1,0,Hmgcr
Taf4,0.036170282,0.018428955,0.036,0.03,1,0,Taf4
Suclg2,0.036176595,0.039842994,0.073,0.065,1,0,Suclg2
Alkal2,0.036199542,-0.018749562,0.003,0.005,1,0,Alkal2
Cited4,0.036203514,-0.008912449,0.001,0.003,1,0,Cited4
Gm9531,0.036228959,-0.012576112,0.012,0.016,1,0,Gm9531
Tbp,0.036285059,-0.020155638,0.035,0.042,1,0,Tbp
Araf,0.036316966,0.020744144,0.146,0.136,1,0,Araf
Spryd4,0.036421834,0.002169677,0.008,0.012,1,0,Spryd4
Dctn4,0.036517736,0.029460825,0.167,0.156,1,0,Dctn4
Vps28,0.03657958,0.041708496,0.227,0.218,1,0,Vps28
Ddx28,0.036586913,-0.004723387,0.007,0.011,1,0,Ddx28
Pde8b,0.036606689,-0.019743279,0.002,0.005,1,0,Pde8b
Rrs1,0.036653721,0.03321081,0.12,0.11,1,0,Rrs1
Ssb,0.036656747,-0.055171596,0.526,0.54,1,0,Ssb
Cmc1,0.036678113,0.068473975,0.104,0.095,1,0,Cmc1
Kptn,0.036680064,-0.026848229,0.041,0.049,1,0,Kptn
Fam219b,0.036703172,-0.007850517,0.035,0.042,1,0,Fam219b
Cfap36,0.036706659,-0.050453994,0.201,0.218,1,0,Cfap36
Mss51,0.036712517,0.008699624,0.009,0.006,1,0,Mss51
Zfp57,0.036719593,-0.005728599,0.003,0.005,1,0,Zfp57
6720475M21Rik,0.036728765,0.012740728,0.012,0.009,1,0,6720475M21Rik
Klhl33,0.036741421,-0.048413375,0.024,0.03,1,0,Klhl33
Pikfyve,0.036743417,-0.016302654,0.049,0.058,1,0,Pikfyve
Hddc2,0.036765337,-0.004244882,0.043,0.05,1,0,Hddc2
Pcnt,0.036816059,0.003692836,0.107,0.097,1,0,Pcnt
Ska3,0.036848517,-0.004753528,0.005,0.008,1,0,Ska3
Dgat1,0.036883924,0.040153216,0.072,0.064,1,0,Dgat1
Wdr81,0.036947613,0.030196493,0.026,0.021,1,0,Wdr81
Sectm1a,0.036989195,-0.005316098,0.001,0.002,1,0,Sectm1a
Ptpn22,0.037014069,-0.005803757,0.001,0.002,1,0,Ptpn22
Myh3,0.037018216,-0.032441805,0.001,0.002,1,0,Myh3
Brinp1,0.037022363,-0.005160478,0.001,0.002,1,0,Brinp1
Phf21a,0.037025316,0.047954128,0.149,0.139,1,0,Phf21a
Mtmr12,0.037047779,0.018025986,0.033,0.027,1,0,Mtmr12
Zfp839,0.037055271,-0.021009882,0.025,0.031,1,0,Zfp839
Klf8,0.03706386,-0.006044974,0.001,0.002,1,0,Klf8
Smarcd1,0.037200712,-0.023625883,0.037,0.044,1,0,Smarcd1
Cpt2,0.037257555,-0.002336182,0.029,0.036,1,0,Cpt2
Apoc1,0.03729094,-0.009936457,0.001,0.003,1,0,Apoc1
Sdccag8,0.037305753,0.049978742,0.132,0.123,1,0,Sdccag8
Hdgf,0.037314088,-0.037690543,0.264,0.283,1,0,Hdgf
Gm12097,0.037324706,0.0079291,0.011,0.008,1,0,Gm12097
Sdr39u1,0.037460741,-0.006179009,0.001,0.003,1,0,Sdr39u1
Zc3h12c,0.037477673,-0.011180806,0.023,0.029,1,0,Zc3h12c
Batf2,0.037484565,-0.007930277,0.001,0.003,1,0,Batf2
Gm17087,0.03748797,-0.007372584,0.001,0.003,1,0,Gm17087
Gm26679,0.037566347,-0.002839083,0.001,0.003,1,0,Gm26679
Cetn2,0.037574474,0.028964294,0.193,0.182,1,0,Cetn2
Fam149a,0.037601326,0.001722849,0.079,0.09,1,0,Fam149a
Them6,0.037693916,-0.023986708,0.013,0.018,1,0,Them6
En1,0.037726222,0.052756658,0.111,0.102,1,0,En1
Mfap2,0.037727085,-0.033815396,0.428,0.402,1,0,Mfap2
D130019J16Rik,0.03777911,-0.010946273,0.004,0.007,1,0,D130019J16Rik
Gm6433,0.037820208,0.008229879,0.004,0.002,1,0,Gm6433
Acap3,0.037861063,0.033105644,0.061,0.053,1,0,Acap3
Cct3,0.037901825,0.049849202,0.252,0.243,1,0,Cct3
Gm5824,0.037932746,0.005768295,0.004,0.002,1,0,Gm5824
Pik3ip1,0.037934312,-0.04307071,0.073,0.082,1,0,Pik3ip1
Gm30906,0.037937792,0.00846155,0.004,0.002,1,0,Gm30906
Armt1,0.037982124,-0.025931408,0.03,0.036,1,0,Armt1
Gm7890,0.037984913,0.006690586,0.004,0.002,1,0,Gm7890
Fxr1,0.037989457,-0.045598073,0.247,0.264,1,0,Fxr1
Car2,0.038031404,-0.017406626,0.001,0.002,1,0,Car2
Kcna6,0.038043165,-0.014119483,0.001,0.002,1,0,Kcna6
Dgkg,0.038078466,-0.014016265,0.001,0.002,1,0,Dgkg
Gm29773,0.038078466,-0.022832268,0.001,0.002,1,0,Gm29773
Rmi1,0.038144827,-0.013801639,0.024,0.03,1,0,Rmi1
Serpind1,0.038164875,-0.007478448,0.001,0.002,1,0,Serpind1
Gm7694,0.038192404,-0.005480356,0.001,0.002,1,0,Gm7694
Inafm1,0.038226441,-0.004893811,0.048,0.056,1,0,Inafm1
Gm42981,0.038227801,-0.011791666,0.007,0.01,1,0,Gm42981
Gm5801,0.038227822,-0.004218196,0.001,0.002,1,0,Gm5801
Dnah3,0.038230356,-0.007579984,0.001,0.003,1,0,Dnah3
Srek1,0.038242851,-0.071098263,0.254,0.269,1,0,Srek1
Gm26614,0.038279032,-0.004494104,0.001,0.002,1,0,Gm26614
Zfp566,0.038284188,-0.009330164,0.01,0.014,1,0,Zfp566
Gfod1,0.038305324,-0.0129309,0.009,0.012,1,0,Gfod1
Gm13216,0.038314999,-0.002713406,0.001,0.003,1,0,Gm13216
Gm45222,0.038318596,0.007392761,0.009,0.006,1,0,Gm45222
Gm37986,0.038391419,0.006067442,0.003,0.001,1,0,Gm37986
Gm17056,0.038399975,0.005383915,0.003,0.001,1,0,Gm17056
Cop1,0.038413632,0.062015922,0.094,0.086,1,0,Cop1
Phf3,0.0384245,0.04281041,0.256,0.246,1,0,Phf3
Pdhx,0.038481256,-0.023521089,0.022,0.027,1,0,Pdhx
Snora57,0.038507501,-0.007184357,0.002,0.004,1,0,Snora57
Gm47542,0.038524226,0.003459122,0.003,0.001,1,0,Gm47542
Arntl,0.038564148,-0.041408192,0.104,0.115,1,0,Arntl
Rab3a,0.038574466,-0.023736155,0.022,0.027,1,0,Rab3a
Zfp467,0.038603157,-0.028585726,0.016,0.021,1,0,Zfp467
Hsp90b1,0.038615068,-0.040059162,0.92,0.885,1,0,Hsp90b1
Rabl3,0.038630504,-0.01486847,0.012,0.016,1,0,Rabl3
C1galt1c1,0.038683261,-0.001898582,0.08,0.091,1,0,C1galt1c1
Arfip2,0.038756477,-0.017777559,0.07,0.08,1,0,Arfip2
Trpm4,0.038808618,-0.005534138,0.016,0.021,1,0,Trpm4
Nmi,0.038822794,0.063590829,0.143,0.134,1,0,Nmi
Gm6563,0.03892082,-0.012048724,0.101,0.113,1,0,Gm6563
Rbms2,0.038934883,-0.006849395,0.098,0.11,1,0,Rbms2
Tctn2,0.038981882,-0.016260669,0.018,0.023,1,0,Tctn2
Pgm1,0.038996931,-0.02560834,0.079,0.089,1,0,Pgm1
Mgat3,0.039071287,-0.012973392,0.004,0.007,1,0,Mgat3
Dohh,0.039116044,-0.008181605,0.064,0.073,1,0,Dohh
Hectd1,0.039128466,-0.054432961,0.204,0.22,1,0,Hectd1
4930506C21Rik,0.039146915,-0.018772712,0.019,0.024,1,0,4930506C21Rik
Prdm11,0.039269272,0.009208403,0.006,0.004,1,0,Prdm11
Gpr135,0.039270667,0.003924838,0.017,0.022,1,0,Gpr135
Rps6-ps4,0.039275885,-0.022847191,0.114,0.127,1,0,Rps6-ps4
Tnpo3,0.039361332,0.043386818,0.139,0.129,1,0,Tnpo3
Zeb2os,0.039375929,-0.014879092,0.018,0.023,1,0,Zeb2os
Zfp65,0.039480782,-0.008121603,0.019,0.024,1,0,Zfp65
Comtd1,0.039486414,-0.018647767,0.031,0.038,1,0,Comtd1
Taco1os,0.039511496,-0.006607363,0.003,0.005,1,0,Taco1os
Noc2l,0.039535298,-0.010080422,0.026,0.032,1,0,Noc2l
2610037D02Rik,0.039569338,0.014319378,0.029,0.024,1,0,2610037D02Rik
Gna11,0.039584585,-0.017838167,0.138,0.152,1,0,Gna11
Gm42869,0.03961718,-0.007308414,0.002,0.004,1,0,Gm42869
Tjp1,0.039632105,0.03079292,0.094,0.085,1,0,Tjp1
Rheb,0.039655115,0.060029204,0.32,0.312,1,0,Rheb
Ighm,0.039682444,-0.013650509,0.007,0.011,1,0,Ighm
Atm,0.039750617,-0.026934767,0.023,0.029,1,0,Atm
Rufy3,0.039773656,0.037593011,0.059,0.052,1,0,Rufy3
Zfp692,0.039820198,-0.027370739,0.032,0.039,1,0,Zfp692
Gm36936,0.039835266,-0.002984401,0.003,0.005,1,0,Gm36936
Smad5,0.039856869,0.037436573,0.147,0.136,1,0,Smad5
Cpsf7,0.03990013,-0.024033921,0.104,0.116,1,0,Cpsf7
9530082P21Rik,0.039943561,-0.009488878,0.006,0.009,1,0,9530082P21Rik
Sag,0.039952277,0.007799316,0.004,0.003,1,0,Sag
Sh3bp4,0.039954684,0.018215329,0.041,0.035,1,0,Sh3bp4
Timm8a1,0.040033406,-0.004962018,0.005,0.008,1,0,Timm8a1
Rpusd1,0.040057006,-0.007584836,0.012,0.016,1,0,Rpusd1
CAAA01147332.1,0.040061274,-0.011782003,0.018,0.023,1,0,CAAA01147332.1
Fam118b,0.040092309,-0.014159842,0.028,0.034,1,0,Fam118b
Cep135,0.040120053,-0.015639478,0.041,0.048,1,0,Cep135
Prr3,0.040192489,-0.004914998,0.023,0.029,1,0,Prr3
Usp31,0.040320132,-0.015808754,0.027,0.033,1,0,Usp31
Stk32a,0.040342244,-0.015328493,0.005,0.008,1,0,Stk32a
Terf2,0.040350022,-0.017578854,0.055,0.063,1,0,Terf2
Snhg17,0.040503415,-0.018611201,0.031,0.038,1,0,Snhg17
Arl6ip6,0.040538006,-0.010846211,0.044,0.052,1,0,Arl6ip6
Gm5826,0.04060201,0.003373775,0.002,0.001,1,0,Gm5826
Gm34655,0.04060728,0.006811892,0.002,0.001,1,0,Gm34655
Hmgn3,0.040650885,-0.043866913,0.278,0.295,1,0,Hmgn3
E230029C05Rik,0.040662658,-0.006013744,0.002,0.003,1,0,E230029C05Rik
Foxf2,0.040675854,0.003111233,0.002,0.001,1,0,Foxf2
Adamts8,0.040739188,-0.024413129,0.002,0.003,1,0,Adamts8
Mfap1b,0.040739385,0.024606658,0.068,0.06,1,0,Mfap1b
Pacs2,0.040768682,0.018527624,0.079,0.071,1,0,Pacs2
Slc25a33,0.040795281,-0.022722351,0.015,0.019,1,0,Slc25a33
Rnf113a1,0.040829183,-0.006564171,0.002,0.003,1,0,Rnf113a1
Gm41077,0.040838366,0.00811072,0.011,0.008,1,0,Gm41077
Iqgap3,0.040852543,-0.002547671,0.002,0.003,1,0,Iqgap3
Pax1,0.040865896,-0.006347887,0.002,0.003,1,0,Pax1
Psma1,0.040866738,-0.03638015,0.235,0.252,1,0,Psma1
Lrfn2,0.040914607,0.001629214,0.005,0.003,1,0,Lrfn2
Bola3,0.04093676,0.027689223,0.172,0.162,1,0,Bola3
Bcl9,0.040943389,-0.021943229,0.031,0.038,1,0,Bcl9
Rpe,0.040957225,0.002184024,0.032,0.039,1,0,Rpe
Dele1,0.041008258,-0.020041948,0.043,0.05,1,0,Dele1
Ttc32,0.041015915,-0.024133927,0.025,0.031,1,0,Ttc32
Thumpd1,0.041122229,-0.027802419,0.081,0.091,1,0,Thumpd1
Rreb1,0.041122534,-0.005918725,0.045,0.053,1,0,Rreb1
Rpl3-ps1,0.041126149,-0.008816473,0.065,0.074,1,0,Rpl3-ps1
Gm37621,0.041224585,0.011275489,0.025,0.021,1,0,Gm37621
Dhcr7,0.041390074,-0.018311363,0.018,0.023,1,0,Dhcr7
Rbms3,0.041393431,0.019492231,0.335,0.323,1,0,Rbms3
Gm42970,0.041400408,-0.020330003,0.006,0.009,1,0,Gm42970
Htra2,0.041406291,-0.010889997,0.011,0.014,1,0,Htra2
Ipp,0.041419905,0.000555321,0.004,0.007,1,0,Ipp
Adprh,0.04146777,0.032806398,0.315,0.304,1,0,Adprh
Gm16036,0.041493926,0.003538094,0.003,0.001,1,0,Gm16036
Bnc2,0.041506548,-0.000748717,0.08,0.091,1,0,Bnc2
Trabd,0.041525948,-0.001695054,0.048,0.056,1,0,Trabd
Gm8934,0.041567936,0.002595122,0.003,0.001,1,0,Gm8934
Rlf,0.041579433,-0.031040797,0.115,0.128,1,0,Rlf
Klhl28,0.041590387,-0.019769573,0.042,0.05,1,0,Klhl28
Mfsd6,0.041679972,0.006543841,0.033,0.027,1,0,Mfsd6
Numbl,0.041726844,0.0535963,0.078,0.07,1,0,Numbl
Gpatch2,0.041792142,-0.023987329,0.048,0.056,1,0,Gpatch2
Rpl13a,0.041852042,-0.056605053,0.377,0.391,1,0,Rpl13a
Shisa6,0.04191313,-0.008450663,0,0.002,1,0,Shisa6
Zc3h3,0.041921662,0.013681826,0.014,0.01,1,0,Zc3h3
Igsf11,0.04193383,-0.012560866,0,0.002,1,0,Igsf11
Akirin1,0.041966586,-0.026248527,0.061,0.07,1,0,Akirin1
Gm38062,0.041975255,-0.00350067,0,0.002,1,0,Gm38062
D830036C21Rik,0.041977885,-0.007657001,0.005,0.008,1,0,D830036C21Rik
Slc6a17,0.041980436,-0.007209156,0,0.002,1,0,Slc6a17
Tmem144,0.041985617,-0.004125572,0,0.002,1,0,Tmem144
Pgbd1,0.041995981,-0.002349105,0,0.002,1,0,Pgbd1
A530053G22Rik,0.0420219,-0.006660697,0,0.002,1,0,A530053G22Rik
Mir6236,0.042037458,-0.00611424,0,0.002,1,0,Mir6236
Slc2a6,0.04205821,-0.004045847,0,0.002,1,0,Slc2a6
Gm5529,0.042068589,-0.001776193,0,0.002,1,0,Gm5529
Gm16379,0.04209974,0.001627213,0,0.002,1,0,Gm16379
Cobl,0.042104738,-0.041843292,0.01,0.014,1,0,Cobl
Gm18119,0.042110127,-0.001261786,0,0.002,1,0,Gm18119
Zfp825,0.042168176,-0.011003584,0.013,0.017,1,0,Zfp825
P2rx5,0.042177829,-0.006778759,0.002,0.004,1,0,P2rx5
Popdc2,0.042181872,0.014067531,0.015,0.012,1,0,Popdc2
2700097O09Rik,0.04222359,-0.025246227,0.02,0.025,1,0,2700097O09Rik
Nqo1,0.042243526,-0.0171345,0.006,0.009,1,0,Nqo1
Pkdcc,0.042259832,0.046815093,0.111,0.102,1,0,Pkdcc
Gm9774,0.042262518,-0.011353979,0.022,0.028,1,0,Gm9774
Myg1,0.04228929,-0.013398723,0.059,0.067,1,0,Myg1
Slc29a2,0.042355748,-0.003796012,0.002,0.004,1,0,Slc29a2
Dok4,0.042407381,-0.008824302,0.002,0.004,1,0,Dok4
Bzw1,0.042413542,-0.045741742,0.397,0.413,1,0,Bzw1
Gm13680,0.042423609,-0.005207008,0.02,0.025,1,0,Gm13680
Stam,0.042514654,0.034189462,0.101,0.092,1,0,Stam
Gm12319,0.042521416,-0.011768255,0.001,0.003,1,0,Gm12319
B330016D10Rik,0.042533284,-0.016755581,0.005,0.008,1,0,B330016D10Rik
Senp5,0.042611946,-0.014716287,0.08,0.09,1,0,Senp5
Mrps11,0.04261869,-0.005146536,0.065,0.075,1,0,Mrps11
Hoxa6,0.042637642,-0.00771833,0.001,0.003,1,0,Hoxa6
Dynlt1b,0.042646875,-0.005544964,0.005,0.007,1,0,Dynlt1b
Zfp128,0.042652189,-0.009157324,0.001,0.003,1,0,Zfp128
Il17rd,0.042745525,0.023750901,0.041,0.035,1,0,Il17rd
Gm45250,0.042748669,-0.007183181,0.001,0.003,1,0,Gm45250
Supt7l,0.042749113,0.022913358,0.029,0.024,1,0,Supt7l
Carm1,0.042764803,-0.009681222,0.009,0.012,1,0,Carm1
Mrpl9,0.042765004,-0.002231196,0.06,0.069,1,0,Mrpl9
Gm29170,0.042783302,-0.004256671,0.001,0.003,1,0,Gm29170
Ago4,0.042788106,0.011767173,0.016,0.012,1,0,Ago4
Dcaf15,0.04280333,-0.025592852,0.032,0.038,1,0,Dcaf15
9130230N09Rik,0.042808835,-0.004988791,0.001,0.003,1,0,9130230N09Rik
Ankmy2,0.042898954,-0.018921018,0.033,0.04,1,0,Ankmy2
0610010K14Rik,0.042909568,-0.009938333,0.006,0.009,1,0,0610010K14Rik
Tpst1,0.042940239,0.043281962,0.236,0.226,1,0,Tpst1
Sh3yl1,0.042941019,0.000310923,0.008,0.012,1,0,Sh3yl1
Fancc,0.042951533,0.011950021,0.033,0.028,1,0,Fancc
Selenoo,0.042953589,0.006762407,0.007,0.005,1,0,Selenoo
Gnpda2,0.042960004,-0.013745637,0.045,0.053,1,0,Gnpda2
Atg10,0.042990869,0.033405448,0.054,0.047,1,0,Atg10
C030034I22Rik,0.043059023,-0.01190082,0.003,0.006,1,0,C030034I22Rik
Tor1aip1,0.043087664,0.013453933,0.36,0.349,1,0,Tor1aip1
Wdr13,0.043159768,-0.009905207,0.043,0.051,1,0,Wdr13
Zfp799,0.043188422,-0.008181002,0.003,0.006,1,0,Zfp799
Bcas3,0.043219323,-0.025126131,0.024,0.03,1,0,Bcas3
Tmem86a,0.043235037,-0.023052363,0.019,0.024,1,0,Tmem86a
Cops7b,0.043263376,-0.00300568,0.02,0.025,1,0,Cops7b
Ap2a1,0.043301966,-0.002332898,0.004,0.007,1,0,Ap2a1
Taz,0.043351532,-0.026413707,0.057,0.065,1,0,Taz
Gid8,0.04337638,-0.015249452,0.066,0.076,1,0,Gid8
Slc16a6,0.043406218,-0.010022051,0.005,0.008,1,0,Slc16a6
Cc2d2a,0.043448204,0.043139589,0.125,0.116,1,0,Cc2d2a
Atp13a2,0.043472398,0.015315937,0.028,0.023,1,0,Atp13a2
Akap13,0.043474947,-0.056220024,0.387,0.404,1,0,Akap13
Thap2,0.043539873,0.040901764,0.097,0.088,1,0,Thap2
Cbx8,0.043557952,-0.002403534,0.009,0.012,1,0,Cbx8
St6galnac6,0.043735276,-0.026118453,0.069,0.078,1,0,St6galnac6
Tmem167b,0.043735967,-0.000762652,0.039,0.046,1,0,Tmem167b
Tvp23b,0.043742886,0.007619934,0.094,0.105,1,0,Tvp23b
Trappc6b,0.043794921,-0.044622698,0.142,0.155,1,0,Trappc6b
Mrps35,0.043825861,-0.036936812,0.056,0.064,1,0,Mrps35
Zfp120,0.043851096,-0.01420379,0.024,0.03,1,0,Zfp120
Gm10860,0.043875415,0.008336269,0.003,0.002,1,0,Gm10860
Hyal2,0.043895969,-0.004270667,0.022,0.027,1,0,Hyal2
Gspt1,0.043898485,-0.01668215,0.265,0.283,1,0,Gspt1
Rnf11,0.043954959,-0.010475413,0.165,0.181,1,0,Rnf11
Gm44045,0.0440409,0.016799919,0.013,0.01,1,0,Gm44045
Arpc5l,0.044061864,-0.027219665,0.138,0.151,1,0,Arpc5l
9130208D14Rik,0.044080786,0.004090202,0.003,0.002,1,0,9130208D14Rik
Phf20l1,0.044140323,-0.078437513,0.237,0.252,1,0,Phf20l1
Sec31a,0.04420646,-0.027207125,0.32,0.34,1,0,Sec31a
Tsen54,0.044263246,-0.009109547,0.009,0.013,1,0,Tsen54
Zfp286,0.044285829,-0.019606275,0.008,0.011,1,0,Zfp286
Zfp113,0.04438749,-0.025050253,0.018,0.022,1,0,Zfp113
5730480H06Rik,0.044392354,-0.010503819,0.021,0.026,1,0,5730480H06Rik
Gm15204,0.044398645,-0.006379215,0.003,0.005,1,0,Gm15204
Vdac3-ps1,0.044432004,-0.005726805,0.007,0.01,1,0,Vdac3-ps1
Cyp2s1,0.044432811,-0.005364926,0.001,0.003,1,0,Cyp2s1
Vmo1,0.044476582,-0.005317174,0.001,0.003,1,0,Vmo1
Wdr36,0.044493643,0.041482469,0.062,0.055,1,0,Wdr36
Gab2,0.044508119,-0.033740046,0.034,0.041,1,0,Gab2
Nkap,0.044552393,0.041523777,0.113,0.103,1,0,Nkap
Gm19196,0.044607731,-0.013037374,0.006,0.009,1,0,Gm19196
Yipf3,0.044639424,-0.022750891,0.209,0.227,1,0,Yipf3
Htr1b,0.044659964,-0.003371528,0,0.001,1,0,Htr1b
Scn5a,0.044685364,-0.008667831,0,0.001,1,0,Scn5a
Leng9,0.044710555,-0.024183283,0.018,0.022,1,0,Leng9
4933407K13Rik,0.044712153,-0.014297456,0.006,0.009,1,0,4933407K13Rik
Gm44705,0.044723048,-0.003674416,0.004,0.007,1,0,Gm44705
Cpne2,0.044726075,0.003987423,0.096,0.087,1,0,Cpne2
Ciita,0.044729844,-0.002560819,0,0.001,1,0,Ciita
Rab9,0.044748636,-0.023646465,0.099,0.11,1,0,Rab9
Srcap,0.044762742,-0.017550668,0.016,0.02,1,0,Srcap
Nudt5,0.044773877,-0.007181544,0.041,0.049,1,0,Nudt5
Txlng,0.044831892,0.010745068,0.084,0.075,1,0,Txlng
1810009A15Rik,0.044898003,-0.017039353,0.018,0.023,1,0,1810009A15Rik
Gm15411,0.044921253,-0.005642511,0.001,0.002,1,0,Gm15411
Sars2,0.044940814,-0.000521153,0.009,0.013,1,0,Sars2
Ppie,0.044994108,-0.032421039,0.07,0.079,1,0,Ppie
Gm29093,0.044995895,-0.004644169,0.001,0.002,1,0,Gm29093
Gm4924,0.045110345,0.01892673,0.015,0.012,1,0,Gm4924
Kcns3,0.045130524,-0.014864691,0.003,0.005,1,0,Kcns3
Pbx3,0.045162178,-0.011777472,0.018,0.023,1,0,Pbx3
Spg11,0.045165341,-0.021203884,0.018,0.023,1,0,Spg11
Dedd,0.045205249,-0.005640938,0.004,0.006,1,0,Dedd
0610009E02Rik,0.045227646,-0.004063023,0.002,0.004,1,0,0610009E02Rik
Mxd4,0.045258882,-0.003200725,0.359,0.345,1,0,Mxd4
Pank3,0.045357193,-0.021321257,0.062,0.071,1,0,Pank3
Il2ra,0.045397644,0.005376546,0.011,0.008,1,0,Il2ra
Noa1,0.045408916,-0.008513108,0.024,0.03,1,0,Noa1
Npnt,0.045430827,-0.010159643,0.001,0.003,1,0,Npnt
Phospho2,0.045467801,-0.003935302,0.032,0.039,1,0,Phospho2
Eme1,0.045489064,-0.004259104,0.003,0.005,1,0,Eme1
Zfp184,0.045646783,-0.006261916,0.001,0.003,1,0,Zfp184
Gm26575,0.045664097,-0.003695257,0.001,0.003,1,0,Gm26575
Gm12091,0.045667392,-0.002149932,0.004,0.006,1,0,Gm12091
Nphp1,0.045709332,0.034257131,0.075,0.067,1,0,Nphp1
Anp32b,0.045762094,-0.01253524,0.387,0.363,1,0,Anp32b
Ndfip1,0.045765103,0.025716356,0.477,0.468,1,0,Ndfip1
Slc20a2,0.045767064,-0.011518003,0.022,0.027,1,0,Slc20a2
Bop1,0.045790022,-0.014805166,0.041,0.048,1,0,Bop1
Pcdhb16,0.045808792,-0.017187516,0.009,0.012,1,0,Pcdhb16
Psmb6-ps2,0.045817789,-0.005159325,0.002,0.004,1,0,Psmb6-ps2
Htr2b,0.045833931,-0.004672959,0.001,0.002,1,0,Htr2b
Dynll1,0.045839345,0.004914658,0.702,0.677,1,0,Dynll1
Gm11478,0.04584798,0.047649872,0.232,0.223,1,0,Gm11478
2310011J03Rik,0.045851132,-0.008890684,0.077,0.087,1,0,2310011J03Rik
Ccnd3,0.045859273,-0.017046312,0.035,0.041,1,0,Ccnd3
Nxpe3,0.045861895,-0.006952261,0.001,0.002,1,0,Nxpe3
Gm45073,0.045863604,0.007669495,0.003,0.002,1,0,Gm45073
Gm11361,0.045877612,0.026514308,0.038,0.032,1,0,Gm11361
Map4k5,0.045883409,-0.018696639,0.093,0.104,1,0,Map4k5
Mmab,0.045892663,-0.011282396,0.012,0.016,1,0,Mmab
Fam110c,0.045931868,-0.004701058,0.001,0.002,1,0,Fam110c
Frzb,0.045945873,-0.009047578,0.001,0.002,1,0,Frzb
Khk,0.045956699,0.011930093,0.031,0.026,1,0,Khk
Gbp11,0.045969223,-0.005069405,0.001,0.002,1,0,Gbp11
Gm43765,0.045978566,-0.002568968,0.001,0.002,1,0,Gm43765
Mlxip,0.045987444,-0.012022034,0.045,0.053,1,0,Mlxip
Cnbd2,0.046008892,-0.011715793,0.018,0.023,1,0,Cnbd2
2810459M11Rik,0.046026788,0.003356512,0.003,0.002,1,0,2810459M11Rik
Birc2,0.046038273,-0.02222085,0.084,0.094,1,0,Birc2
Glrx5,0.04606039,-0.004230777,0.184,0.201,1,0,Glrx5
Gm12359,0.046086124,-0.000515992,0.001,0.002,1,0,Gm12359
Pgm3,0.046112398,0.041189647,0.043,0.037,1,0,Pgm3
Car7,0.046120117,0.00486715,0.002,0.001,1,0,Car7
Qrfp,0.046190461,0.004028466,0.003,0.002,1,0,Qrfp
Papln,0.046202545,0.005372406,0.002,0.001,1,0,Papln
Zfp597,0.046212994,-0.018211632,0.02,0.025,1,0,Zfp597
Slc22a13b,0.04623555,0.005779603,0.002,0.001,1,0,Slc22a13b
Vmn2r3,0.04623555,0.003827663,0.002,0.001,1,0,Vmn2r3
2610021A01Rik,0.046243847,-0.014780897,0.009,0.012,1,0,2610021A01Rik
Gm32282,0.04626482,0.00232496,0.003,0.002,1,0,Gm32282
Eme2,0.046273243,-0.010607709,0.005,0.008,1,0,Eme2
AI182371,0.046279589,0.002526279,0.002,0.001,1,0,AI182371
Pard3bos3,0.046301622,0.00336781,0.002,0.001,1,0,Pard3bos3
Hnrnpf,0.046313561,-0.01420418,0.185,0.201,1,0,Hnrnpf
Klhl24,0.046322182,-0.057657386,0.114,0.125,1,0,Klhl24
Rprd1a,0.046327391,-0.02214137,0.022,0.027,1,0,Rprd1a
Cnpy2,0.046393693,-0.030506571,0.351,0.369,1,0,Cnpy2
Jarid2,0.046433135,-0.032216254,0.057,0.065,1,0,Jarid2
Zfand2a,0.046433656,-0.013605657,0.023,0.028,1,0,Zfand2a
Mrpl13,0.046440433,-0.011010969,0.184,0.2,1,0,Mrpl13
Syt11,0.046446732,-0.026555721,0.073,0.082,1,0,Syt11
C330018D20Rik,0.046496978,0.010867065,0.024,0.019,1,0,C330018D20Rik
Gm18889,0.046538721,-0.009337249,0.003,0.005,1,0,Gm18889
Ndst1,0.046546292,0.058101946,0.187,0.179,1,0,Ndst1
Parp2,0.046560554,-0.039521278,0.093,0.104,1,0,Parp2
Mrpl22,0.046622331,-0.010340938,0.041,0.049,1,0,Mrpl22
Gm15713,0.046627213,0.008993428,0.006,0.004,1,0,Gm15713
Vstm5,0.046648826,-0.005074917,0.003,0.005,1,0,Vstm5
4933400C23Rik,0.046661307,-0.010976225,0.005,0.007,1,0,4933400C23Rik
Ergic2,0.046664867,-0.006012861,0.091,0.102,1,0,Ergic2
Nek3,0.046690059,-0.012645405,0.006,0.008,1,0,Nek3
Pld2,0.046778904,0.029620695,0.04,0.034,1,0,Pld2
Gm19514,0.04677993,-0.003027704,0.007,0.01,1,0,Gm19514
Lipo3,0.046819887,-0.01872084,0.021,0.026,1,0,Lipo3
Ube2m,0.046910954,0.055157816,0.098,0.09,1,0,Ube2m
Sdr42e1,0.046949359,0.006549189,0.012,0.009,1,0,Sdr42e1
Henmt1,0.046974341,0.00757987,0.006,0.004,1,0,Henmt1
Slfn8,0.047115714,0.02292553,0.09,0.081,1,0,Slfn8
Haus4,0.047146638,-0.013223462,0.023,0.028,1,0,Haus4
Gm9294,0.047160484,-0.005259204,0.019,0.024,1,0,Gm9294
Tbce,0.047172586,-0.007346338,0.031,0.037,1,0,Tbce
Catsper2,0.047181317,-0.010706121,0.007,0.01,1,0,Catsper2
Fam49b,0.04727883,-0.005412486,0.037,0.044,1,0,Fam49b
Chml,0.047463884,-0.017689452,0.015,0.019,1,0,Chml
Abca7,0.047510475,0.012334621,0.02,0.015,1,0,Abca7
Trim14,0.047585889,-0.008186626,0.002,0.003,1,0,Trim14
Gm4540,0.047629978,-0.007903721,0.047,0.054,1,0,Gm4540
Gm37914,0.047671295,0.00326291,0.003,0.002,1,0,Gm37914
Gm2531,0.047675617,0.006393534,0.003,0.002,1,0,Gm2531
Rnf103,0.0477623,0.033080411,0.075,0.067,1,0,Rnf103
Stoml1,0.047763152,-0.026915683,0.046,0.053,1,0,Stoml1
Akr1b10,0.047788304,-0.013175652,0.035,0.042,1,0,Akr1b10
Ppp1r13b,0.04781387,-0.009301574,0.009,0.012,1,0,Ppp1r13b
Gm48737,0.047870445,0.00603883,0.003,0.002,1,0,Gm48737
Spin4,0.047908872,0.016096369,0.026,0.021,1,0,Spin4
Exosc8,0.047935905,-0.010174015,0.08,0.09,1,0,Exosc8
Dpysl2,0.047936734,0.008506595,0.284,0.271,1,0,Dpysl2
Glo1,0.047956745,-0.027706315,0.092,0.102,1,0,Glo1
9430025C20Rik,0.047978198,-0.003219272,0.002,0.003,1,0,9430025C20Rik
Idua,0.047979789,-0.016177461,0.039,0.046,1,0,Idua
Loxl2,0.047980647,-0.147496217,0.664,0.633,1,0,Loxl2
Map1s,0.048089726,0.020026807,0.059,0.052,1,0,Map1s
Smg8,0.048154356,0.012150978,0.025,0.021,1,0,Smg8
Cstf3,0.048205272,-0.019872178,0.067,0.076,1,0,Cstf3
Ube2j1,0.04822034,0.047163412,0.165,0.156,1,0,Ube2j1
Selenot,0.048405892,-0.022522012,0.146,0.159,1,0,Selenot
Uvrag,0.048426086,-0.024699648,0.085,0.096,1,0,Uvrag
Nfkbie,0.048461564,0.042607994,0.049,0.043,1,0,Nfkbie
Ptpn12,0.048527666,-0.028821526,0.138,0.151,1,0,Ptpn12
Zmym3,0.048568368,-0.023402402,0.037,0.044,1,0,Zmym3
Gm43623,0.048572393,0.003026524,0.006,0.004,1,0,Gm43623
D2hgdh,0.048606545,-0.011174895,0.01,0.013,1,0,D2hgdh
Gm11110,0.048646865,-0.007328285,0.005,0.007,1,0,Gm11110
Mrpl32,0.048717968,-0.005079065,0.113,0.125,1,0,Mrpl32
Zfp882,0.04877821,-0.011676332,0.007,0.011,1,0,Zfp882
Pabpc1l,0.04878675,-0.013517487,0.002,0.004,1,0,Pabpc1l
Gm34934,0.048802888,-0.002059884,0.004,0.006,1,0,Gm34934
Pomp,0.048812202,-0.041561048,0.309,0.326,1,0,Pomp
Gm47445,0.048819817,0.012662882,0.017,0.013,1,0,Gm47445
Uqcc3,0.048868645,-0.015109818,0.113,0.126,1,0,Uqcc3
Gm37742,0.049017883,0.003000122,0.004,0.002,1,0,Gm37742
Gm6483,0.049020894,-0.009694103,0.002,0.004,1,0,Gm6483
2700038G22Rik,0.04903239,-0.008121935,0.011,0.014,1,0,2700038G22Rik
Tmem177,0.049043579,-0.006431705,0.003,0.006,1,0,Tmem177
Tha1,0.049068312,-0.011025458,0.005,0.008,1,0,Tha1
Tsen15,0.049086939,-0.027705151,0.088,0.098,1,0,Tsen15
Zfp971,0.049099824,-0.00570187,0.003,0.006,1,0,Zfp971
Npm3,0.049119772,-0.010688492,0.093,0.104,1,0,Npm3
Gm37570,0.049125848,0.023418136,0.012,0.009,1,0,Gm37570
Cfap44,0.049158966,-0.005488831,0.002,0.004,1,0,Cfap44
Mrto4,0.049162454,0.000331658,0.078,0.089,1,0,Mrto4
Ppfia1,0.049270453,-0.011081563,0.117,0.13,1,0,Ppfia1
Zfp788,0.049295673,-0.015541914,0.017,0.021,1,0,Zfp788
Creb3,0.049302205,-0.001316152,0.16,0.176,1,0,Creb3
Gm11605,0.049316082,-0.009358446,0.004,0.007,1,0,Gm11605
Dcp2,0.049317135,0.047522435,0.105,0.096,1,0,Dcp2
Tmco1,0.04945561,0.017277482,0.349,0.338,1,0,Tmco1
Clcc1,0.049485889,-0.03140809,0.077,0.087,1,0,Clcc1
Pqbp1,0.049520943,-0.037238514,0.149,0.163,1,0,Pqbp1
Fus,0.049693479,-0.00631189,0.63,0.613,1,0,Fus
Pias2,0.049700289,-0.00426683,0.052,0.06,1,0,Pias2
Map3k2,0.049728273,-0.029347261,0.136,0.149,1,0,Map3k2
Spag7,0.049742257,-0.00344873,0.135,0.148,1,0,Spag7
Scaper,0.04989111,0.027868409,0.105,0.096,1,0,Scaper
Pcf11,0.049935168,-0.013506434,0.308,0.293,1,0,Pcf11
Wdr61,0.049966188,-0.015954536,0.136,0.149,1,0,Wdr61
Cir1,0.050018719,-0.058286902,0.1,0.11,1,0,Cir1
Pcdhga3,0.050033178,-0.005035226,0.005,0.008,1,0,Pcdhga3
Gtf2h4,0.050108273,0.00169598,0.027,0.033,1,0,Gtf2h4
Snx25,0.050167731,-0.001244925,0.015,0.019,1,0,Snx25
Morrbid,0.050176754,-0.027735455,0.086,0.096,1,0,Morrbid
Hipk2,0.050179161,-0.01453257,0.019,0.023,1,0,Hipk2
Ube2l6,0.050263239,0.048123451,0.109,0.101,1,0,Ube2l6
Ascc1,0.050303295,0.049714125,0.047,0.041,1,0,Ascc1
Flicr,0.050311593,0.00683214,0.004,0.002,1,0,Flicr
Atf1-ps,0.050321532,-0.004867427,0.001,0.003,1,0,Atf1-ps
4932422M17Rik,0.050334208,-0.004788544,0.001,0.003,1,0,4932422M17Rik
Phax,0.050344317,0.044819184,0.178,0.168,1,0,Phax
Ddx49,0.050386345,-0.01721358,0.029,0.035,1,0,Ddx49
Gm48488,0.050401855,-0.005387167,0.001,0.003,1,0,Gm48488
Pggt1b,0.050404618,0.032360435,0.123,0.113,1,0,Pggt1b
Pcdh1,0.050518226,-0.000649326,0.019,0.015,1,0,Pcdh1
Rab8a,0.050582389,0.019187847,0.174,0.164,1,0,Rab8a
Gm37949,0.050584574,0.00981692,0.004,0.002,1,0,Gm37949
Txndc17,0.050598651,0.045447798,0.373,0.365,1,0,Txndc17
Tpt1-ps6,0.050607566,0.008083322,0.002,0.001,1,0,Tpt1-ps6
Ndfip2,0.050607676,-0.041204117,0.107,0.118,1,0,Ndfip2
Lrpprc,0.050624398,-0.014110401,0.049,0.056,1,0,Lrpprc
Ttll1,0.050670109,0.019166128,0.029,0.024,1,0,Ttll1
Btd,0.050680186,-0.036958345,0.079,0.089,1,0,Btd
Slu7,0.050698607,-0.034722908,0.163,0.177,1,0,Slu7
Zbtb17,0.050717567,-0.004849045,0.023,0.028,1,0,Zbtb17
Ormdl1,0.050774893,-0.015295893,0.026,0.031,1,0,Ormdl1
Polg,0.050824339,0.029846306,0.058,0.051,1,0,Polg
Gfpt1,0.05083295,0.076799815,0.187,0.18,1,0,Gfpt1
S100a14,0.050894349,0.003247908,0.004,0.002,1,0,S100a14
Cyp21a1,0.050994856,0.009033992,0.004,0.002,1,0,Cyp21a1
Slc9a6,0.051017542,-0.017785199,0.036,0.042,1,0,Slc9a6
Psmd5,0.051084278,-0.020123346,0.073,0.082,1,0,Psmd5
Itpripl1,0.051142339,0.019730913,0.018,0.014,1,0,Itpripl1
Chmp6,0.051243779,-0.009322494,0.066,0.075,1,0,Chmp6
Commd3,0.051246654,-0.015604972,0.191,0.207,1,0,Commd3
1110018N20Rik,0.051308446,0.004402262,0.004,0.003,1,0,1110018N20Rik
D630045J12Rik,0.051336747,-0.009282788,0.008,0.012,1,0,D630045J12Rik
Pex11b,0.05136578,-0.002877334,0.044,0.051,1,0,Pex11b
Coro7,0.051407958,0.019632043,0.05,0.044,1,0,Coro7
P2rx1,0.051413107,-0.013626001,0,0.002,1,0,P2rx1
5330439A09Rik,0.051425674,-0.011319392,0,0.002,1,0,5330439A09Rik
Commd4,0.051428602,-0.015659871,0.107,0.118,1,0,Commd4
Gm15656,0.051431958,-0.005030952,0,0.002,1,0,Gm15656
Ccdc183,0.051450815,-0.00494647,0,0.002,1,0,Ccdc183
Atf1,0.051459011,-0.018146075,0.107,0.118,1,0,Atf1
Cdk10,0.051461963,0.030887507,0.051,0.045,1,0,Cdk10
Chgb,0.051463389,-0.003118443,0,0.002,1,0,Chgb
Gm9174,0.051482255,-0.002153713,0,0.002,1,0,Gm9174
Gm12989,0.0514911,-0.001381988,0.004,0.007,1,0,Gm12989
Gm42866,0.051520005,-0.00451757,0,0.002,1,0,Gm42866
Gm12508,0.051538889,-0.003367098,0,0.002,1,0,Gm12508
Pla2g2d,0.051545185,-0.002497828,0,0.002,1,0,Pla2g2d
Fam228a,0.051557778,-0.003466432,0,0.002,1,0,Fam228a
Coro2a,0.051570374,-0.003623754,0,0.002,1,0,Coro2a
Vwa3b,0.05158604,-4.23E-05,0.007,0.005,1,0,Vwa3b
AV039307,0.051614481,-0.0008265,0,0.002,1,0,AV039307
Gm15267,0.051614481,-0.001391351,0,0.002,1,0,Gm15267
Bcdin3d,0.051697386,-0.022660926,0.014,0.019,1,0,Bcdin3d
Dhx15,0.051718909,-0.032381102,0.237,0.253,1,0,Dhx15
Madd,0.051811188,0.018448339,0.011,0.008,1,0,Madd
Lztfl1,0.051831307,0.050382434,0.156,0.148,1,0,Lztfl1
Fgd1,0.051865254,-0.010686182,0.007,0.01,1,0,Fgd1
Dnajc28,0.051868713,-0.018026646,0.007,0.01,1,0,Dnajc28
Abitram,0.051903319,-0.010513476,0.022,0.027,1,0,Abitram
Chn2,0.051910647,0.013626515,0.011,0.008,1,0,Chn2
Tmem164,0.051924244,0.023551413,0.032,0.026,1,0,Tmem164
Gm34006,0.051962513,0.010612817,0.017,0.013,1,0,Gm34006
Kdm3a,0.051992802,-0.021368532,0.082,0.091,1,0,Kdm3a
Gm2115,0.052000919,-0.017230162,0.002,0.004,1,0,Gm2115
Brd3,0.052163696,-0.045848063,0.223,0.24,1,0,Brd3
Tmem198,0.052193513,-0.004267404,0.004,0.007,1,0,Tmem198
Ppp1r35,0.052246181,-0.007473776,0.052,0.06,1,0,Ppp1r35
Rnf44,0.052265225,0.026693692,0.083,0.075,1,0,Rnf44
Gm26789,0.052362445,0.002023741,0.012,0.008,1,0,Gm26789
N4bp3,0.052372088,-0.008005476,0.002,0.004,1,0,N4bp3
Lnx1,0.052416136,-0.003669225,0.002,0.004,1,0,Lnx1
Kat5,0.052460809,-0.011589058,0.007,0.01,1,0,Kat5
Gm42989,0.052461978,-0.006134896,0.001,0.003,1,0,Gm42989
Nnat,0.052466605,-0.011793422,0.001,0.003,1,0,Nnat
Kpna4,0.052506409,-0.027339184,0.133,0.146,1,0,Kpna4
Mzt1,0.052529072,-0.023779869,0.066,0.075,1,0,Mzt1
Gm34961,0.052591669,-0.002026987,0.001,0.003,1,0,Gm34961
Tchh,0.052593735,-0.014288308,0.002,0.004,1,0,Tchh
Gm42699,0.052768872,0.008478227,0.007,0.005,1,0,Gm42699
Smug1,0.052769435,-0.029002688,0.033,0.04,1,0,Smug1
Gfm1,0.052772936,-0.016464191,0.057,0.065,1,0,Gfm1
Gm40466,0.052876965,-0.007418681,0.005,0.007,1,0,Gm40466
Fbrsl1,0.052899884,-0.021132314,0.034,0.04,1,0,Fbrsl1
Hmga1,0.052905572,0.001213994,0.005,0.008,1,0,Hmga1
Fut10,0.052964356,-0.011318666,0.022,0.027,1,0,Fut10
Tspyl2,0.052988564,0.016021546,0.086,0.078,1,0,Tspyl2
D5Ertd579e,0.052993468,0.028400329,0.073,0.066,1,0,D5Ertd579e
Gm17354,0.052999963,0.007028162,0.011,0.008,1,0,Gm17354
Pik3r5,0.053046041,-0.004459311,0.003,0.005,1,0,Pik3r5
A230072C01Rik,0.053054148,-0.003224439,0.002,0.004,1,0,A230072C01Rik
Abt1,0.053087657,-0.012260311,0.029,0.035,1,0,Abt1
Zfp958,0.053230753,-0.014159095,0.011,0.015,1,0,Zfp958
Chd9,0.053302173,-0.059036773,0.252,0.268,1,0,Chd9
Specc1l,0.053355901,-0.027775347,0.109,0.121,1,0,Specc1l
Grcc10,0.053449279,-0.030885173,0.211,0.227,1,0,Grcc10
Pkd1,0.053551862,-0.020393336,0.016,0.02,1,0,Pkd1
AA474408,0.053660102,0.005893723,0.014,0.011,1,0,AA474408
Nemf,0.05388196,-0.062780643,0.222,0.237,1,0,Nemf
4931414P19Rik,0.053959788,-0.006041161,0.005,0.007,1,0,4931414P19Rik
Gm17529,0.05398514,-0.009921378,0.011,0.015,1,0,Gm17529
Rad9a,0.054102969,-0.016072725,0.027,0.033,1,0,Rad9a
Ndst3,0.054147752,-0.014918546,0.001,0.002,1,0,Ndst3
Ino80e,0.054193084,-0.01444106,0.039,0.046,1,0,Ino80e
Alg6,0.054243432,-0.016160938,0.025,0.03,1,0,Alg6
Gm48838,0.054243822,0.012002089,0.011,0.008,1,0,Gm48838
Tmem50b,0.054291928,0.045377072,0.06,0.053,1,0,Tmem50b
Atg16l2,0.05429598,-0.025337784,0.023,0.029,1,0,Atg16l2
Slc25a1,0.054324685,-0.006613442,0.065,0.074,1,0,Slc25a1
Rab11fip1,0.054335282,-0.00535019,0.001,0.002,1,0,Rab11fip1
Med19,0.054342852,-0.050626621,0.117,0.128,1,0,Med19
Pus3,0.054360665,-0.007137176,0.001,0.002,1,0,Pus3
Gm44559,0.054394189,0.005932648,0.002,0.001,1,0,Gm44559
Ssh2,0.054396487,0.006892826,0.149,0.137,1,0,Ssh2
Prrt3,0.054415451,0.004636397,0.002,0.001,1,0,Prrt3
Kcnab2,0.054416543,-0.005376504,0.001,0.002,1,0,Kcnab2
Tex26,0.054418995,0.004013988,0.002,0.001,1,0,Tex26
Gm2027,0.054421625,-0.005429423,0.001,0.002,1,0,Gm2027
Nit2,0.054423314,-0.020596994,0.056,0.064,1,0,Nit2
Gm37510,0.054467111,-0.006987155,0.001,0.002,1,0,Gm37510
Serpina3h,0.054467383,-0.002923757,0.001,0.002,1,0,Serpina3h
Gm44798,0.054479276,0.004280079,0.002,0.001,1,0,Gm44798
Gm43621,0.054500565,0.002596643,0.002,0.001,1,0,Gm43621
Dok7,0.054514746,-0.004057612,0.001,0.002,1,0,Dok7
Gm10037,0.054532618,-0.00437133,0.001,0.002,1,0,Gm10037
Mycn,0.054532618,-0.004499209,0.001,0.002,1,0,Mycn
Gm13880,0.054544535,-0.003906249,0.001,0.002,1,0,Gm13880
Pnldc1,0.054585364,0.003888577,0.003,0.001,1,0,Pnldc1
Fam83a,0.054592226,-0.003023037,0.001,0.002,1,0,Fam83a
Gm11633,0.054604154,-0.002004667,0.001,0.002,1,0,Gm11633
Tmem121b,0.054628445,0.002201951,0.002,0.001,1,0,Tmem121b
Hdc,0.05464592,-0.001717359,0.001,0.002,1,0,Hdc
Gm26707,0.054713837,0.000380358,0.002,0.001,1,0,Gm26707
Tfcp2,0.054725634,-0.027623904,0.054,0.062,1,0,Tfcp2
Dctn3,0.054737123,-0.02608502,0.215,0.233,1,0,Dctn3
Dap,0.054864079,-0.035760558,0.337,0.351,1,0,Dap
Tbc1d16,0.05486794,-0.025272803,0.022,0.026,1,0,Tbc1d16
Myocos,0.054987597,-0.008137049,0.001,0.002,1,0,Myocos
Fam169a,0.054990597,0.009773216,0.007,0.004,1,0,Fam169a
Pex6,0.054991462,0.035474127,0.048,0.042,1,0,Pex6
Spint2,0.055004134,-0.010340546,0.001,0.002,1,0,Spint2
Pgf,0.055013975,-0.024558961,0.049,0.042,1,0,Pgf
Abcb4,0.055031705,-0.01452695,0.001,0.002,1,0,Abcb4
Rnf8,0.055057203,0.020970642,0.048,0.041,1,0,Rnf8
Gm16286,0.055059809,-0.020335165,0.125,0.137,1,0,Gm16286
Gm12307,0.055131057,-0.005225671,0.001,0.002,1,0,Gm12307
Frmd7,0.055208433,-0.004743031,0.001,0.002,1,0,Frmd7
Gm4799,0.055269293,-0.002639594,0.001,0.002,1,0,Gm4799
Gm10501,0.055280364,-0.003972257,0.001,0.002,1,0,Gm10501
Pdk2,0.055280437,-0.017708236,0.024,0.029,1,0,Pdk2
Pdik1l,0.055327652,-0.018642739,0.019,0.023,1,0,Pdik1l
Ndufa5,0.055375864,-0.06320836,0.299,0.315,1,0,Ndufa5
Rffl,0.055411418,0.006682517,0.008,0.005,1,0,Rffl
Gm5580,0.05542446,0.000343187,0.001,0.002,1,0,Gm5580
Brk1,0.055527632,0.029669425,0.328,0.318,1,0,Brk1
Rbm47,0.055542934,-0.005475081,0.002,0.003,1,0,Rbm47
Poglut1,0.055554132,-0.019190335,0.081,0.091,1,0,Poglut1
Gm49785,0.05555615,-0.007765893,0.002,0.003,1,0,Gm49785
Rpsa-ps11,0.05557827,-0.006798519,0.003,0.006,1,0,Rpsa-ps11
Fam149b,0.055580048,-0.00793426,0.042,0.049,1,0,Fam149b
Gm43800,0.055586616,-0.003608385,0,0.001,1,0,Gm43800
Gm2199,0.055614613,-0.003092087,0.003,0.006,1,0,Gm2199
Dctn5,0.05562494,-0.012093093,0.102,0.113,1,0,Dctn5
D17H6S53E,0.055628207,-0.01395297,0.015,0.019,1,0,D17H6S53E
Map2k7,0.055632821,-0.021208794,0.079,0.088,1,0,Map2k7
Zfp947,0.055654022,-0.005382669,0.005,0.008,1,0,Zfp947
Eif4e2,0.055790851,0.0407129,0.269,0.26,1,0,Eif4e2
E030026E10Rik,0.055791537,-0.011726866,0.004,0.007,1,0,E030026E10Rik
Gm20470,0.055825445,-0.005066744,0.002,0.003,1,0,Gm20470
Usp54,0.055879688,-0.025400911,0.012,0.015,1,0,Usp54
Lrrc36,0.055887404,-0.007473101,0.002,0.003,1,0,Lrrc36
Ccdc9b,0.055899404,-0.006697568,0.016,0.02,1,0,Ccdc9b
Hprt,0.05593288,0.037862015,0.147,0.139,1,0,Hprt
Gm37366,0.055973799,-0.00595632,0.002,0.003,1,0,Gm37366
Ppp1r3e,0.056028062,0.011629749,0.009,0.006,1,0,Ppp1r3e
Optc,0.056048697,-0.006298222,0.002,0.004,1,0,Optc
Znf41-ps,0.056106155,0.015285447,0.018,0.014,1,0,Znf41-ps
Zfp354a,0.056126863,-0.025590129,0.01,0.014,1,0,Zfp354a
Prkx,0.05627115,0.01805515,0.083,0.075,1,0,Prkx
Guf1,0.056277063,0.002611457,0.058,0.066,1,0,Guf1
A530041M06Rik,0.05630137,0.009999918,0.008,0.005,1,0,A530041M06Rik
Wasf2,0.056328645,0.006594994,0.335,0.322,1,0,Wasf2
Fdx1,0.056403471,-0.025942016,0.118,0.13,1,0,Fdx1
Dusp28,0.056496026,-0.016898232,0.007,0.01,1,0,Dusp28
2310057M21Rik,0.056549811,-0.016824281,0.024,0.029,1,0,2310057M21Rik
Tbccd1,0.056589584,0.022356355,0.025,0.021,1,0,Tbccd1
Zc3h12b,0.0566216,0.006324507,0.018,0.014,1,0,Zc3h12b
4930577N17Rik,0.056731674,-0.00169067,0.002,0.004,1,0,4930577N17Rik
Samd5,0.056764593,0.004656022,0.009,0.006,1,0,Samd5
Gm2415,0.056770694,-0.007487141,0.002,0.004,1,0,Gm2415
Fxr2,0.056838454,-0.023310589,0.075,0.084,1,0,Fxr2
Gm4948,0.056845197,-0.004846877,0.002,0.004,1,0,Gm4948
Zfp438,0.056859264,-0.010049441,0.015,0.019,1,0,Zfp438
Acat3,0.056977847,-0.004701687,0.002,0.004,1,0,Acat3
Tmx1,0.056996666,-0.013970347,0.122,0.134,1,0,Tmx1
Sfxn5,0.0570222,-0.011775655,0.013,0.017,1,0,Sfxn5
Fkbp4,0.057032614,-0.027989032,0.176,0.191,1,0,Fkbp4
Exosc2,0.057086731,-0.02164311,0.038,0.045,1,0,Exosc2
Atp6v0a1,0.057110119,0.024010911,0.068,0.061,1,0,Atp6v0a1
Nox1,0.057158927,-0.007055981,0.004,0.006,1,0,Nox1
Ankrd39,0.057231736,0.037472803,0.038,0.032,1,0,Ankrd39
Cog6,0.057280974,-0.004664131,0.046,0.053,1,0,Cog6
Urgcp,0.057281062,0.029639764,0.045,0.039,1,0,Urgcp
Wee1,0.057413789,-0.013466756,0.038,0.045,1,0,Wee1
Gm44264,0.057416462,0.00509055,0.003,0.001,1,0,Gm44264
Gm44153,0.057416462,0.004593112,0.003,0.001,1,0,Gm44153
Msrb1,0.057426072,-0.041512378,0.121,0.133,1,0,Msrb1
Rbm12b1,0.0574847,-0.003533962,0.009,0.013,1,0,Rbm12b1
Scn2a,0.05751845,0.005579759,0.034,0.029,1,0,Scn2a
Wdfy1,0.057662056,0.035683982,0.064,0.057,1,0,Wdfy1
Nab2,0.057664274,-0.005805222,0.049,0.056,1,0,Nab2
Gm5124,0.057774609,-0.044066318,0.008,0.011,1,0,Gm5124
Kat6b,0.057893896,-0.034933427,0.109,0.12,1,0,Kat6b
Ccdc124,0.058007812,-0.018034482,0.174,0.189,1,0,Ccdc124
Ccdc34,0.0581045,0.045840806,0.194,0.183,1,0,Ccdc34
Elk4,0.058151472,0.041566521,0.151,0.142,1,0,Elk4
Slc25a13,0.05815951,0.01859319,0.007,0.005,1,0,Slc25a13
Pip4k2a,0.058165977,0.048881534,0.095,0.087,1,0,Pip4k2a
Gm11675,0.058171395,-0.012783269,0.013,0.017,1,0,Gm11675
Dclre1a,0.058178049,-0.010541385,0.017,0.022,1,0,Dclre1a
Gm37420,0.05824987,0.015451985,0.021,0.017,1,0,Gm37420
Otub2,0.058259657,-0.012669662,0.013,0.017,1,0,Otub2
Ddhd2,0.05828209,0.031938964,0.106,0.098,1,0,Ddhd2
Gemin2,0.058341545,0.001737033,0.017,0.022,1,0,Gemin2
Ctsk,0.058353811,-0.1710001,0.494,0.491,1,0,Ctsk
8430429K09Rik,0.058361986,-0.00630055,0.01,0.014,1,0,8430429K09Rik
Fchsd1,0.058384058,0.01625815,0.012,0.009,1,0,Fchsd1
Ereg,0.058394832,0.001757858,0.005,0.008,1,0,Ereg
Mrm1,0.058505074,-0.007894383,0.011,0.014,1,0,Mrm1
Kdelr1,0.058545943,-0.023533112,0.352,0.368,1,0,Kdelr1
Pim2,0.058547127,-0.01319009,0.007,0.01,1,0,Pim2
Mast3,0.05867528,-0.009896453,0.011,0.015,1,0,Mast3
E130308A19Rik,0.0587738,-0.012142865,0.017,0.021,1,0,E130308A19Rik
Olfr920,0.05880507,0.024660134,0.027,0.023,1,0,Olfr920
Sbf2,0.058857136,0.030431203,0.121,0.112,1,0,Sbf2
Atl2,0.058861947,0.057045484,0.11,0.102,1,0,Atl2
Rps12-ps10,0.058878197,0.010330658,0.01,0.007,1,0,Rps12-ps10
Gm13135,0.058982971,-0.006666935,0.001,0.003,1,0,Gm13135
Sms,0.059038753,-0.021509844,0.031,0.037,1,0,Sms
Cdipt,0.059110216,0.005426419,0.087,0.097,1,0,Cdipt
Hes7,0.059129377,-0.006061929,0.001,0.003,1,0,Hes7
Rtbdn,0.059183134,-0.006114403,0.001,0.003,1,0,Rtbdn
Trpc4ap,0.059267315,0.027317564,0.134,0.125,1,0,Trpc4ap
Rbm4,0.059312052,-0.0079944,0.005,0.007,1,0,Rbm4
Zfp939,0.059393674,-0.007502621,0.004,0.006,1,0,Zfp939
Gm5738,0.05958032,-0.005883975,0.003,0.005,1,0,Gm5738
Ppfibp1,0.05962969,0.057773043,0.328,0.32,1,0,Ppfibp1
Babam1,0.059728163,-0.014797259,0.09,0.1,1,0,Babam1
Gm43154,0.059732321,0.004409107,0.003,0.002,1,0,Gm43154
Gm48796,0.059740619,-0.008155339,0.003,0.005,1,0,Gm48796
Gpn1,0.059790227,-0.01426754,0.045,0.052,1,0,Gpn1
Gm5391,0.059793106,-0.006355676,0.004,0.006,1,0,Gm5391
Gm44625,0.059793588,0.00723421,0.003,0.002,1,0,Gm44625
Gm47508,0.059798595,-0.003569862,0.006,0.009,1,0,Gm47508
Ewsr1,0.059815134,-0.067186661,0.221,0.235,1,0,Ewsr1
Lrrc75aos2,0.059933024,0.003215426,0.003,0.002,1,0,Lrrc75aos2
Ggh,0.060005685,-0.030032261,0.205,0.22,1,0,Ggh
2900060B14Rik,0.060110645,-0.011747731,0.003,0.005,1,0,2900060B14Rik
Cyp27a1,0.060116856,-0.046988933,0.036,0.042,1,0,Cyp27a1
Zfp866,0.060123595,-0.01066432,0.016,0.02,1,0,Zfp866
Rpf2,0.060194956,-0.019458196,0.091,0.101,1,0,Rpf2
Zfp938,0.060240138,-0.010067024,0.029,0.035,1,0,Zfp938
Tcp11l2,0.060249294,-0.046869803,0.128,0.139,1,0,Tcp11l2
Ptgr2,0.060273402,-0.010750051,0.02,0.025,1,0,Ptgr2
Wdr74,0.060278153,-0.018977077,0.048,0.055,1,0,Wdr74
Slc16a4,0.060299763,-0.00342171,0.004,0.006,1,0,Slc16a4
Togaram1,0.060340261,-0.03670335,0.056,0.064,1,0,Togaram1
Cgnl1,0.06034213,-0.080503008,0.097,0.106,1,0,Cgnl1
Hnrnpul2,0.060467535,0.02805625,0.277,0.268,1,0,Hnrnpul2
Gm42898,0.060574955,-0.006593149,0.005,0.007,1,0,Gm42898
Chtop,0.06063791,-0.030112878,0.143,0.155,1,0,Chtop
Shmt2,0.06065049,0.005651646,0.06,0.069,1,0,Shmt2
Sec23b,0.060652478,0.001049685,0.081,0.091,1,0,Sec23b
Vax2os,0.060760714,-0.012992973,0.002,0.004,1,0,Vax2os
Gm43010,0.060806657,0.00813707,0.005,0.003,1,0,Gm43010
Lyplal1,0.06081365,-0.012762025,0.017,0.022,1,0,Lyplal1
Tceal1,0.060892614,-0.021483965,0.039,0.046,1,0,Tceal1
Casp8,0.060906953,0.001332765,0.046,0.053,1,0,Casp8
Ercc2,0.06092036,0.010821998,0.021,0.016,1,0,Ercc2
Gm7623,0.060933903,0.008215062,0.003,0.002,1,0,Gm7623
Trim33,0.060934002,-0.014498627,0.071,0.08,1,0,Trim33
Xpnpep3,0.060937073,-0.020381834,0.033,0.039,1,0,Xpnpep3
Kbtbd11,0.060963538,-0.008792426,0.004,0.006,1,0,Kbtbd11
Carns1,0.060994191,-0.009241066,0.002,0.004,1,0,Carns1
Plcd4,0.06102169,-0.009747704,0.002,0.003,1,0,Plcd4
Zfp874b,0.061061602,-0.024878714,0.011,0.014,1,0,Zfp874b
Gm37756,0.061091787,0.005921383,0.003,0.002,1,0,Gm37756
Setd2,0.061198347,-0.043256413,0.201,0.216,1,0,Setd2
Hmbox1,0.061240415,0.01821443,0.063,0.055,1,0,Hmbox1
Card14,0.061255471,0.008090156,0.003,0.002,1,0,Card14
Rnf135,0.06129034,-0.012540003,0.014,0.017,1,0,Rnf135
Rspo1,0.061314838,-0.008611464,0.004,0.006,1,0,Rspo1
Gm5577,0.061320844,-0.003490075,0.005,0.007,1,0,Gm5577
Gm14167,0.061326514,0.00689876,0.003,0.002,1,0,Gm14167
Proser3,0.061329273,-0.011088151,0.005,0.008,1,0,Proser3
Cdkn2a,0.061383621,-0.006090873,0.023,0.028,1,0,Cdkn2a
Stap1,0.061407759,0.004635247,0.001,0.001,1,0,Stap1
Tmem150a,0.061425706,0.003836217,0.083,0.093,1,0,Tmem150a
Wdr70,0.061495461,-0.00758611,0.092,0.102,1,0,Wdr70
Gm43398,0.061499955,0.004725597,0.002,0.001,1,0,Gm43398
Gpkow,0.061502242,-0.01899012,0.033,0.039,1,0,Gpkow
Thoc2,0.061589204,-0.074282732,0.336,0.352,1,0,Thoc2
Metap2,0.061618838,-0.047100428,0.379,0.396,1,0,Metap2
Scn3b,0.061633323,0.007357073,0.003,0.002,1,0,Scn3b
Col6a6,0.061670534,-0.023967044,0.176,0.162,1,0,Col6a6
Dcp1b,0.061777474,0.010629043,0.027,0.022,1,0,Dcp1b
Gm42858,0.061792255,0.005913272,0.002,0.001,1,0,Gm42858
Zfyve19,0.06182809,-0.014394429,0.031,0.037,1,0,Zfyve19
Strn4,0.061869767,0.01393476,0.08,0.073,1,0,Strn4
Supv3l1,0.061953833,-0.011138509,0.022,0.027,1,0,Supv3l1
Isoc2b,0.061969499,0.000891601,0.039,0.046,1,0,Isoc2b
Dffa,0.061972076,-0.007458785,0.021,0.026,1,0,Dffa
Plpbp,0.061989574,0.02016998,0.109,0.1,1,0,Plpbp
Gm15710,0.061990583,0.004930842,0.005,0.003,1,0,Gm15710
Gm38126,0.062025493,-0.018341707,0.007,0.01,1,0,Gm38126
Lurap1,0.062136784,-0.00673748,0.001,0.003,1,0,Lurap1
Ly6i,0.062159307,-0.00475437,0.009,0.012,1,0,Ly6i
Gm6263,0.062250079,-0.003567596,0.001,0.003,1,0,Gm6263
Mesd,0.0623055,-0.043497856,0.257,0.273,1,0,Mesd
Entpd5,0.062405589,0.000669189,0.042,0.049,1,0,Entpd5
Spen,0.062408551,-0.041866201,0.126,0.138,1,0,Spen
Gart,0.062423639,-0.009102118,0.051,0.058,1,0,Gart
Rsu1,0.062495671,-0.05402065,0.278,0.295,1,0,Rsu1
Grin2d,0.062534168,-0.015116957,0.012,0.016,1,0,Grin2d
Ptbp2,0.062574123,-0.020232166,0.059,0.067,1,0,Ptbp2
AW209491,0.062594531,-0.007397362,0.014,0.018,1,0,AW209491
Efr3b,0.062677828,-0.008828448,0.003,0.006,1,0,Efr3b
Whamm,0.062698023,-0.023259005,0.035,0.041,1,0,Whamm
Zfand6,0.062709959,0.015695465,0.295,0.286,1,0,Zfand6
Caap1,0.062730644,-0.025787324,0.033,0.039,1,0,Caap1
0610030E20Rik,0.062766336,-0.007738769,0.061,0.069,1,0,0610030E20Rik
B230307C23Rik,0.062769477,-0.007360443,0.025,0.03,1,0,B230307C23Rik
Slc35c1,0.062770704,-0.005317908,0.015,0.019,1,0,Slc35c1
1700088E04Rik,0.062857691,0.001337265,0.003,0.002,1,0,1700088E04Rik
Emc7,0.062867566,-0.044054492,0.265,0.281,1,0,Emc7
Tmem250-ps,0.062889954,0.029609073,0.079,0.072,1,0,Tmem250-ps
Slfn10-ps,0.062908362,0.037793318,0.033,0.028,1,0,Slfn10-ps
Gm45570,0.062976268,0.005798617,0.008,0.006,1,0,Gm45570
Yipf4,0.062986557,-0.017268169,0.181,0.196,1,0,Yipf4
Gdpgp1,0.063013011,-0.002788472,0.003,0.005,1,0,Gdpgp1
Rasl10b,0.06306275,0.007517012,0.004,0.002,1,0,Rasl10b
Dner,0.063074183,-0.004856703,0,0.001,1,0,Dner
Mypn,0.063081806,-0.007950685,0,0.001,1,0,Mypn
Adipoq,0.063081806,-0.014382692,0,0.001,1,0,Adipoq
Trpv1,0.063097054,-0.008154641,0,0.001,1,0,Trpv1
Mynn,0.063102702,-0.003809889,0.028,0.034,1,0,Mynn
Rax,0.063104679,-0.004625195,0,0.001,1,0,Rax
Sox2ot,0.063104679,-0.009634147,0,0.001,1,0,Sox2ot
Gm22716,0.063142815,-0.004194369,0,0.001,1,0,Gm22716
Wdr7,0.063147891,0.054808526,0.057,0.05,1,0,Wdr7
Gm43545,0.063158075,-0.000902456,0,0.001,1,0,Gm43545
Gchfr,0.063165706,-0.001969203,0,0.001,1,0,Gchfr
Pcsk4,0.063165706,-0.006608201,0,0.001,1,0,Pcsk4
Rps2-ps4,0.063196238,-0.002216133,0,0.001,1,0,Rps2-ps4
E130311K13Rik,0.063197318,0.047023078,0.073,0.066,1,0,E130311K13Rik
Gm12500,0.063203873,-0.004260215,0,0.001,1,0,Gm12500
Gm3745,0.063219145,-0.002523153,0,0.001,1,0,Gm3745
Gm43466,0.063219145,-0.002531096,0,0.001,1,0,Gm43466
Ttc39a,0.063226782,-0.001755656,0,0.001,1,0,Ttc39a
Gm49376,0.0632368,0.008537401,0.007,0.005,1,0,Gm49376
Elmo1,0.063250426,0.020745925,0.05,0.043,1,0,Elmo1
Phf13,0.063351082,-0.030004737,0.034,0.04,1,0,Phf13
Lysmd3,0.063367677,0.069316503,0.227,0.219,1,0,Lysmd3
Crbn,0.063398149,-0.035444527,0.049,0.056,1,0,Crbn
4933439C10Rik,0.063468015,-0.002507666,0.031,0.037,1,0,4933439C10Rik
Hmgn1,0.063490583,0.006585602,0.521,0.499,1,0,Hmgn1
Zc4h2,0.063603642,-0.014406738,0.015,0.019,1,0,Zc4h2
Tapbpl,0.063622281,0.027267981,0.052,0.045,1,0,Tapbpl
Cpt1a,0.063658534,0.030418334,0.127,0.118,1,0,Cpt1a
Bms1,0.063715521,-0.041335684,0.142,0.154,1,0,Bms1
Lcor,0.06377669,-0.031663051,0.041,0.047,1,0,Lcor
Mmadhc,0.063870341,0.00034509,0.143,0.156,1,0,Mmadhc
Smim1,0.063892472,0.035525428,0.069,0.062,1,0,Smim1
Gm36495,0.063908768,0.002475942,0.004,0.002,1,0,Gm36495
Ikbke,0.063960934,0.041814419,0.031,0.026,1,0,Ikbke
Gm43511,0.06397628,0.011601136,0.004,0.003,1,0,Gm43511
Gm37037,0.063983094,0.003428864,0.008,0.006,1,0,Gm37037
Etnk1,0.064059573,0.025121583,0.13,0.121,1,0,Etnk1
Ndufs6,0.064072666,-0.022804095,0.284,0.303,1,0,Ndufs6
Guca1a,0.064105317,-0.006549004,0.011,0.015,1,0,Guca1a
5-Mar,0.064106338,-0.02146049,0.135,0.148,1,0,5-Mar
Pisd,0.064273248,-0.022339624,0.069,0.078,1,0,Pisd
Gm17922,0.06430019,0.004490971,0.004,0.003,1,0,Gm17922
Sema5b,0.064320058,-0.007831984,0.001,0.002,1,0,Sema5b
Zfp281,0.064561811,-0.004739771,0.071,0.08,1,0,Zfp281
Adcy3,0.064592804,-0.007704529,0.001,0.002,1,0,Adcy3
Hars,0.064620508,-0.001527275,0.117,0.129,1,0,Hars
Gm50240,0.064689285,-0.023228891,0.012,0.016,1,0,Gm50240
Sesn1,0.064694756,0.031307156,0.063,0.056,1,0,Sesn1
Gm7222,0.064729535,-0.001746001,0.001,0.002,1,0,Gm7222
Gm36940,0.064760053,0.000655081,0.004,0.003,1,0,Gm36940
Mcrip2,0.064818616,-0.013379849,0.018,0.023,1,0,Mcrip2
Ubr7,0.064909561,-0.007316632,0.037,0.043,1,0,Ubr7
Zswim3,0.064940217,-0.004576545,0.002,0.004,1,0,Zswim3
Pex11g,0.064954042,0.015693829,0.007,0.004,1,0,Pex11g
Dalrd3,0.06496187,-0.021237346,0.014,0.018,1,0,Dalrd3
Zfp68,0.064998391,-0.013820287,0.056,0.064,1,0,Zfp68
Cby1,0.065001028,-0.021648303,0.055,0.063,1,0,Cby1
Ube2v1,0.065065851,-0.007960977,0.002,0.003,1,0,Ube2v1
Frmd8,0.065076264,0.010391305,0.029,0.025,1,0,Frmd8
Ppil1,0.065083994,0.003350947,0.039,0.046,1,0,Ppil1
Ccdc90b,0.065221037,0.063895804,0.159,0.151,1,0,Ccdc90b
Tomm5,0.065232225,-0.021912657,0.128,0.14,1,0,Tomm5
9830144P21Rik,0.065299523,-0.005393812,0.002,0.003,1,0,9830144P21Rik
Gm43327,0.065372631,-0.007308605,0.002,0.004,1,0,Gm43327
Dido1,0.065432115,-0.012246547,0.061,0.069,1,0,Dido1
Map3k3,0.065466662,-0.011004365,0.095,0.106,1,0,Map3k3
Zfp248,0.065520744,-0.017142899,0.013,0.016,1,0,Zfp248
Olfr592,0.065577269,-0.002288797,0.002,0.003,1,0,Olfr592
Gm49167,0.065640341,-0.008171506,0.002,0.004,1,0,Gm49167
Gm13864,0.065707198,-0.006117594,0.003,0.005,1,0,Gm13864
BC037039,0.065743396,-0.006566211,0.003,0.005,1,0,BC037039
Sec1,0.065848962,-0.011626155,0.001,0.002,1,0,Sec1
Sdsl,0.065874244,-0.005964548,0.003,0.005,1,0,Sdsl
Rdh12,0.065905775,-0.005554811,0.001,0.002,1,0,Rdh12
Rny1,0.06601338,-0.001249142,0.003,0.005,1,0,Rny1
Gm14373,0.066019522,-0.004686928,0.001,0.002,1,0,Gm14373
1700056E22Rik,0.066022326,-0.002639683,0.002,0.004,1,0,1700056E22Rik
Gm6556,0.066055101,-0.004841959,0.001,0.002,1,0,Gm6556
Fra10ac1,0.066068973,-0.035444126,0.073,0.081,1,0,Fra10ac1
Grhl2,0.066069337,-0.004571655,0.001,0.002,1,0,Grhl2
Gm6136,0.066084386,-0.006592643,0.055,0.063,1,0,Gm6136
Gm15873,0.066090696,-0.00364485,0.001,0.002,1,0,Gm15873
5830454E08Rik,0.066097817,-0.003922145,0.001,0.002,1,0,5830454E08Rik
Gm15866,0.066119183,-0.00428596,0.001,0.002,1,0,Gm15866
Fgf12,0.066119183,-0.005155523,0.001,0.002,1,0,Fgf12
Fgf21,0.066126306,-0.001211567,0.001,0.002,1,0,Fgf21
Gm15718,0.066131427,-0.004402768,0.001,0.002,1,0,Gm15718
Nrgn,0.066131427,-0.006146258,0.001,0.002,1,0,Nrgn
Gm41307,0.066176188,-0.001509224,0.001,0.002,1,0,Gm41307
Gm23924,0.066176188,-0.00275864,0.001,0.002,1,0,Gm23924
Gm4691,0.066190176,-0.003442304,0.001,0.002,1,0,Gm4691
Ndufab1-ps,0.066203237,-0.004343487,0.001,0.002,1,0,Ndufab1-ps
Gm16374,0.066203237,-0.004931459,0.001,0.002,1,0,Gm16374
Gm12712,0.066204705,0.000492098,0.001,0.002,1,0,Gm12712
Shf,0.06621333,0.010696074,0.009,0.006,1,0,Shf
Cd2,0.066233233,-0.001225665,0.001,0.002,1,0,Cd2
Gm47603,0.066268907,-5.71E-05,0.001,0.002,1,0,Gm47603
Gm12186,0.066288186,-0.004664605,0.001,0.002,1,0,Gm12186
Ppp5c,0.066312224,-0.029477144,0.099,0.109,1,0,Ppp5c
Gm3695,0.066327424,-0.002894777,0.001,0.002,1,0,Gm3695
Tmem104,0.066329683,0.022179694,0.016,0.012,1,0,Tmem104
Gm40841,0.066419053,0.000740705,0.001,0.002,1,0,Gm40841
Cep83os,0.066548606,-0.015345918,0.008,0.011,1,0,Cep83os
Bcas2,0.066579238,0.001723744,0.194,0.21,1,0,Bcas2
Ccl25,0.066658288,-0.004581313,0.019,0.023,1,0,Ccl25
Gm5121,0.0667214,0.016111938,0.008,0.005,1,0,Gm5121
Jph1,0.066797312,-0.028670667,0.006,0.009,1,0,Jph1
Ahr,0.066836938,-0.012387036,0.008,0.011,1,0,Ahr
Satb1,0.066885333,-0.016913272,0.011,0.014,1,0,Satb1
Trmt2b,0.066904608,0.0131377,0.047,0.041,1,0,Trmt2b
Rn7sk,0.067021641,-0.025196506,0.059,0.067,1,0,Rn7sk
Zfp81,0.067109538,-0.029860883,0.021,0.026,1,0,Zfp81
Zdhhc5,0.067150197,0.004676613,0.061,0.069,1,0,Zdhhc5
Recql,0.067225158,-0.00801883,0.02,0.024,1,0,Recql
Rabgap1l,0.067275447,0.027650255,0.153,0.143,1,0,Rabgap1l
Xpc,0.067295486,-0.036081947,0.049,0.056,1,0,Xpc
Rel,0.067300018,0.030692333,0.079,0.072,1,0,Rel
Cx3cr1,0.067321459,0.019005217,0.002,0.001,1,0,Cx3cr1
Crhbp,0.067328832,0.001716527,0.002,0.001,1,0,Crhbp
Adig,0.06734358,0.004546071,0.002,0.001,1,0,Adig
Gm20008,0.06742188,-0.016416182,0.011,0.015,1,0,Gm20008
Gm48683,0.067454273,0.003062472,0.002,0.001,1,0,Gm48683
Gm6335,0.067567672,-0.017008653,0.007,0.009,1,0,Gm6335
Sardh,0.06757316,-0.001543693,0.017,0.021,1,0,Sardh
Tmem50a,0.067613441,-0.054773901,0.592,0.596,1,0,Tmem50a
Psma6,0.067805774,-0.024647831,0.235,0.253,1,0,Psma6
Gm37968,0.067838761,0.007255305,0.008,0.005,1,0,Gm37968
Prdx2-ps1,0.06788398,-0.004015393,0.01,0.013,1,0,Prdx2-ps1
Tfe3,0.067961609,0.037977135,0.084,0.077,1,0,Tfe3
Ube2d1,0.068002791,-0.018197389,0.097,0.107,1,0,Ube2d1
Zbtb5,0.068027444,-0.006017697,0.012,0.016,1,0,Zbtb5
Tomm7,0.068160955,0.006361441,0.403,0.393,1,0,Tomm7
Gm3365,0.068206073,-0.007042936,0.003,0.004,1,0,Gm3365
Grk2,0.068234106,0.017503181,0.068,0.061,1,0,Grk2
Smim11,0.068261955,0.056829872,0.295,0.288,1,0,Smim11
Ubxn11,0.068319628,-0.004616826,0.009,0.012,1,0,Ubxn11
Noc3l,0.068339478,0.028850356,0.106,0.098,1,0,Noc3l
Tnpo1,0.068559742,0.040897803,0.127,0.119,1,0,Tnpo1
Usp47,0.068618849,-0.008070548,0.145,0.158,1,0,Usp47
Rps6ka2,0.06864753,-0.011894615,0.005,0.007,1,0,Rps6ka2
Rgs17,0.068648843,-0.015485567,0.007,0.01,1,0,Rgs17
Elof1,0.068673421,0.027409029,0.137,0.129,1,0,Elof1
Ppp2r5d,0.068742972,-0.014279664,0.035,0.041,1,0,Ppp2r5d
Gstt3,0.068764876,0.013079443,0.058,0.052,1,0,Gstt3
Spata24,0.06887187,-0.007395413,0.009,0.012,1,0,Spata24
Mphosph8,0.068902827,-0.039900969,0.138,0.15,1,0,Mphosph8
Psmg4,0.069242816,-0.021252584,0.092,0.102,1,0,Psmg4
Scube3,0.069262565,-0.006575281,0.001,0.003,1,0,Scube3
Tiprl,0.069275752,-0.011654011,0.157,0.171,1,0,Tiprl
Osbpl9,0.069370906,-0.019636036,0.105,0.116,1,0,Osbpl9
Gm38077,0.069414664,-0.00459901,0.001,0.003,1,0,Gm38077
Sgms2,0.069428659,0.002917627,0.055,0.062,1,0,Sgms2
Erfe,0.06944286,-0.005917457,0.001,0.003,1,0,Erfe
Gm20498,0.069501689,0.020845611,0.034,0.029,1,0,Gm20498
Baz2a,0.06959596,-0.036226907,0.104,0.114,1,0,Baz2a
Ndufs3,0.069772127,-0.02734209,0.124,0.136,1,0,Ndufs3
Gm10275,0.069775497,-0.003463983,0.076,0.085,1,0,Gm10275
Rfk,0.069837224,-0.01397084,0.099,0.109,1,0,Rfk
Hsdl1,0.069856345,0.013572585,0.031,0.027,1,0,Hsdl1
Nup88,0.069914085,0.044826561,0.126,0.118,1,0,Nup88
Hadh,0.070027593,-0.020692216,0.087,0.096,1,0,Hadh
Ralgapa2,0.070041553,0.004398689,0.015,0.011,1,0,Ralgapa2
Zranb3,0.070107326,-0.008159908,0.005,0.008,1,0,Zranb3
Umad1,0.070112517,0.01954915,0.052,0.046,1,0,Umad1
Nicn1,0.070114032,-0.030978232,0.081,0.09,1,0,Nicn1
6720427I07Rik,0.070170074,-0.028418841,0.029,0.035,1,0,6720427I07Rik
5-Sep,0.070220947,-0.001373499,0.011,0.014,1,0,5-Sep
Slc4a11,0.070252407,-0.013731492,0.003,0.005,1,0,Slc4a11
Zfp148,0.070402557,-0.045536978,0.23,0.245,1,0,Zfp148
S100a3,0.070450133,-0.007283976,0.002,0.003,1,0,S100a3
Lemd3,0.070609203,-0.009309809,0.026,0.031,1,0,Lemd3
Xrcc1,0.070633752,-0.000308474,0.053,0.061,1,0,Xrcc1
Mmaa,0.070672499,0.000125444,0.024,0.029,1,0,Mmaa
Gm2237,0.070684962,-0.007962846,0.002,0.003,1,0,Gm2237
Atp11a,0.07068724,0.047144143,0.107,0.1,1,0,Atp11a
Ypel3,0.070735824,-0.080375939,0.332,0.344,1,0,Ypel3
Mtch2,0.070742876,0.024502865,0.249,0.241,1,0,Mtch2
Itpkc,0.070836636,-0.005357647,0.002,0.003,1,0,Itpkc
Fam20c,0.070918658,-0.01884485,0.033,0.039,1,0,Fam20c
Mfsd2a,0.070941395,-0.005776579,0.002,0.003,1,0,Mfsd2a
Trmt112-ps2,0.070991579,-0.01343742,0.008,0.011,1,0,Trmt112-ps2
Stk11ip,0.071201296,0.016399879,0.026,0.022,1,0,Stk11ip
Fbf1,0.071236897,-0.017671843,0.02,0.025,1,0,Fbf1
Zc3h10,0.071247775,-0.014779204,0.018,0.022,1,0,Zc3h10
Fermt3,0.071285083,0.004049327,0.006,0.004,1,0,Fermt3
Tspyl4,0.071317643,0.009809637,0.022,0.018,1,0,Tspyl4
Gmps,0.071356462,-0.011292724,0.111,0.122,1,0,Gmps
Gm37780,0.071382696,0.004915671,0.01,0.007,1,0,Gm37780
Nuak2,0.07140588,0.018101937,0.012,0.009,1,0,Nuak2
Prdm10,0.071434231,-0.02352033,0.016,0.02,1,0,Prdm10
Gm50232,0.071493364,0.010112553,0.011,0.008,1,0,Gm50232
Gm44027,0.071543824,0.00530361,0.002,0.001,1,0,Gm44027
Tsfm,0.071580846,-0.002531377,0.057,0.065,1,0,Tsfm
Safb,0.071651732,-0.046267808,0.259,0.274,1,0,Safb
Rida,0.071670291,-0.014746672,0.018,0.023,1,0,Rida
Gm44005,0.071712435,0.004842727,0.002,0.001,1,0,Gm44005
Tceal5,0.07175238,-0.018868585,0.012,0.016,1,0,Tceal5
Olfr1152,0.071771159,0.003907589,0.002,0.001,1,0,Olfr1152
Gm15832,0.071911026,-0.007607187,0.004,0.007,1,0,Gm15832
Ubiad1,0.071916454,-0.016318642,0.012,0.016,1,0,Ubiad1
Gm13840,0.07193653,0.002114914,0.002,0.001,1,0,Gm13840
Atxn10,0.072010466,0.042109374,0.284,0.278,1,0,Atxn10
Usp36,0.072040341,0.023662427,0.08,0.073,1,0,Usp36
Gm16006,0.072053273,0.007407116,0.006,0.004,1,0,Gm16006
Mon1b,0.072073186,0.016018249,0.02,0.016,1,0,Mon1b
Cttn,0.072123257,-0.004192785,0.17,0.185,1,0,Cttn
Gm43111,0.07239911,0.018149297,0.015,0.012,1,0,Gm43111
Ints7,0.07243362,0.028472332,0.037,0.032,1,0,Ints7
Gm16536,0.072440101,0.02444792,0.021,0.017,1,0,Gm16536
Khnyn,0.072451468,-0.020012217,0.029,0.035,1,0,Khnyn
Ing4,0.072571291,-0.01176105,0.009,0.012,1,0,Ing4
Mre11a,0.072819351,-0.013502183,0.039,0.045,1,0,Mre11a
Hspe1,0.0728905,-0.071424215,0.368,0.374,1,0,Hspe1
A130012E19Rik,0.07289849,0.024631965,0.021,0.017,1,0,A130012E19Rik
Akna,0.073014367,0.006775067,0.014,0.011,1,0,Akna
E130006D01Rik,0.073184024,-0.006338071,0.001,0.003,1,0,E130006D01Rik
Ctnnbl1,0.073221767,-0.026373572,0.064,0.072,1,0,Ctnnbl1
Zc3h14,0.073280321,-0.018734785,0.094,0.104,1,0,Zc3h14
Nt5dc3,0.073295064,-0.017803788,0.032,0.038,1,0,Nt5dc3
Gm19688,0.073334016,-0.005381011,0.001,0.003,1,0,Gm19688
Tmc3,0.073359039,-0.006882372,0.001,0.003,1,0,Tmc3
Naip2,0.073367773,0.001661468,0.002,0.001,1,0,Naip2
Calca,0.073406149,0.003828241,0.002,0.001,1,0,Calca
4833445I07Rik,0.07343415,-0.004643758,0.001,0.003,1,0,4833445I07Rik
Gm44432,0.073490524,-0.004956376,0.001,0.003,1,0,Gm44432
Gm45203,0.073550208,0.002251803,0.002,0.001,1,0,Gm45203
Gm5881,0.073641029,-0.00219945,0.001,0.003,1,0,Gm5881
Zfp105,0.073650919,-0.010906748,0.009,0.012,1,0,Zfp105
Rab13,0.073736653,0.039019941,0.146,0.138,1,0,Rab13
Ssr3,0.073783156,0.017103479,0.509,0.485,1,0,Ssr3
Cipc,0.073836328,-0.016326297,0.021,0.026,1,0,Cipc
Osbpl7,0.073898268,-0.002208979,0.008,0.011,1,0,Osbpl7
Plcb3,0.073903435,0.026564058,0.085,0.078,1,0,Plcb3
Ro60,0.073940044,0.009189469,0.142,0.133,1,0,Ro60
Prrg3,0.074021535,0.020584953,0.074,0.067,1,0,Prrg3
Jak3,0.0740973,-0.003492943,0.005,0.007,1,0,Jak3
Rab7,0.074104593,0.013382175,0.441,0.431,1,0,Rab7
Med27,0.074122483,-0.005389625,0.049,0.056,1,0,Med27
Anxa9,0.074141564,0.001830474,0.007,0.005,1,0,Anxa9
Zyg11b,0.074146051,0.030578355,0.087,0.08,1,0,Zyg11b
Tmem19,0.07441665,-0.009603401,0.074,0.083,1,0,Tmem19
Xab2,0.07442842,-0.025161238,0.043,0.049,1,0,Xab2
A030001D20Rik,0.074480537,-0.004645323,0.002,0.004,1,0,A030001D20Rik
Raver2,0.074481317,0.021996216,0.03,0.026,1,0,Raver2
Gripap1,0.074593848,-0.033085473,0.101,0.111,1,0,Gripap1
Galnt4,0.074623005,-0.014531901,0.022,0.026,1,0,Galnt4
Aen,0.074700549,-0.005015617,0.012,0.016,1,0,Aen
Cdadc1,0.074710754,-0.018037596,0.096,0.105,1,0,Cdadc1
Rchy1,0.074749994,-0.031270945,0.085,0.094,1,0,Rchy1
Eif4enif1,0.074846849,0.050123829,0.063,0.057,1,0,Eif4enif1
Gm43834,0.074852611,-0.006705816,0.003,0.005,1,0,Gm43834
B3gat2,0.074893143,-0.003024169,0.003,0.005,1,0,B3gat2
L2hgdh,0.075053813,-0.006113105,0.016,0.02,1,0,L2hgdh
Arhgap6,0.075088693,-0.038531882,0.15,0.138,1,0,Arhgap6
2810006K23Rik,0.075184277,-0.00573263,0.047,0.054,1,0,2810006K23Rik
Rai2,0.075324459,0.009945284,0.03,0.025,1,0,Rai2
Spryd7,0.075358189,-0.008820027,0.068,0.077,1,0,Spryd7
Fam117a,0.075364874,0.004186429,0.026,0.021,1,0,Fam117a
Ly6e,0.075421207,-0.033436777,0.671,0.618,1,0,Ly6e
Ap3d1,0.075524604,0.046574971,0.252,0.245,1,0,Ap3d1
Acsl1,0.07555721,-0.010314619,0.014,0.018,1,0,Acsl1
Rtl5,0.075642866,-0.015187772,0.005,0.007,1,0,Rtl5
Tfam,0.075665066,-0.013314108,0.071,0.079,1,0,Tfam
Gm48898,0.075668215,-0.008873365,0.002,0.003,1,0,Gm48898
2810402E24Rik,0.075688714,-0.008966697,0.017,0.021,1,0,2810402E24Rik
Mapk3,0.075727163,-0.014217214,0.075,0.084,1,0,Mapk3
Csnk1g1,0.075740769,-0.001477785,0.073,0.082,1,0,Csnk1g1
Gm16437,0.075772661,-0.005857543,0.002,0.003,1,0,Gm16437
Ccdc66,0.075782848,0.030457211,0.159,0.15,1,0,Ccdc66
Galt,0.075784208,0.030180664,0.057,0.051,1,0,Galt
Enoph1,0.075861152,-0.0139302,0.031,0.037,1,0,Enoph1
Tmem175,0.075924823,-0.009349065,0.023,0.028,1,0,Tmem175
Tmem192,0.07604524,-0.009167535,0.026,0.031,1,0,Tmem192
Zfp512b,0.076099758,0.018775064,0.052,0.046,1,0,Zfp512b
Cux2,0.076167218,-0.02009346,0.007,0.01,1,0,Cux2
Gm37788,0.076192374,-0.005279935,0.002,0.004,1,0,Gm37788
Ogg1,0.076333773,-0.009455539,0.015,0.019,1,0,Ogg1
Uchl4,0.076385851,-0.008397208,0.005,0.007,1,0,Uchl4
Adcy9,0.076446632,0.003410999,0.016,0.013,1,0,Adcy9
Atp5k-ps2,0.076466229,-0.003410296,0.002,0.004,1,0,Atp5k-ps2
Gm42885,0.076582897,0.009026458,0.009,0.006,1,0,Gm42885
BC001981,0.076589995,-0.001990555,0.002,0.004,1,0,BC001981
Rps10-ps1,0.076595724,0.03028412,0.051,0.045,1,0,Rps10-ps1
Gm5576,0.076631187,-0.00506803,0.001,0.002,1,0,Gm5576
Gm15816,0.076645048,-0.009770719,0.001,0.002,1,0,Gm15816
Gm42803,0.076707451,-0.006035965,0.001,0.002,1,0,Gm42803
Tagap1,0.076762457,0.014751869,0.013,0.01,1,0,Tagap1
Gm10046,0.076783777,-0.004894113,0.001,0.002,1,0,Gm10046
Lsg1,0.076890355,-0.018823909,0.067,0.075,1,0,Lsg1
Zfp143,0.076972965,-0.011521932,0.016,0.02,1,0,Zfp143
Wt1,0.076992255,-0.002444079,0.001,0.002,1,0,Wt1
Dnajb12,0.077067187,-0.010862445,0.089,0.099,1,0,Dnajb12
Zfp984,0.077207777,0.0199902,0.038,0.033,1,0,Zfp984
Abcf3,0.077224075,0.006314012,0.043,0.049,1,0,Abcf3
Gm4887,0.07722541,-0.000449728,0.005,0.007,1,0,Gm4887
Pmpca,0.077295398,-0.009472837,0.03,0.036,1,0,Pmpca
Ppp1r3a,0.077313916,-0.00966551,0,0.001,1,0,Ppp1r3a
Pitpnm3,0.077369316,-0.006903952,0,0.001,1,0,Pitpnm3
Gm4759,0.077369316,-0.009276941,0,0.001,1,0,Gm4759
Gm38331,0.077378553,-0.00375882,0,0.001,1,0,Gm38331
Phox2a,0.077415508,-0.005005233,0,0.001,1,0,Phox2a
Slc8a3,0.077433991,-0.007455409,0,0.001,1,0,Slc8a3
Nyx,0.077443233,-0.002776741,0,0.001,1,0,Nyx
Kcnb2,0.077443233,-0.003341124,0,0.001,1,0,Kcnb2
Gm10814,0.077470967,-0.003013199,0,0.001,1,0,Gm10814
Poln,0.077470967,-0.004106726,0,0.001,1,0,Poln
Gm7497,0.077489461,-0.003435735,0,0.001,1,0,Gm7497
Gm44878,0.077498709,-0.003707202,0,0.001,1,0,Gm44878
Gm5256,0.077507958,-0.00113454,0,0.001,1,0,Gm5256
9130604C24Rik,0.077526459,-0.0030632,0,0.001,1,0,9130604C24Rik
Gm14963,0.077544963,-0.001392047,0,0.001,1,0,Gm14963
Gm2991,0.077544963,-0.002725289,0,0.001,1,0,Gm2991
Plekhh3,0.077552299,-0.026245057,0.025,0.03,1,0,Plekhh3
B930094E09Rik,0.077554217,-0.002113729,0,0.001,1,0,B930094E09Rik
Twf1,0.07755574,0.004461853,0.231,0.247,1,0,Twf1
Gm37583,0.077572727,-0.001974162,0,0.001,1,0,Gm37583
Adgrb2,0.077609757,0.000539057,0,0.001,1,0,Adgrb2
Spata1,0.077627962,-0.018997899,0.013,0.017,1,0,Spata1
Gm26910,0.077653171,-0.007740523,0.003,0.005,1,0,Gm26910
Ttll12,0.077712771,0.051153376,0.039,0.034,1,0,Ttll12
Zfp605,0.077720605,-0.008154701,0.005,0.008,1,0,Zfp605
Immt,0.077725008,-0.021037224,0.192,0.206,1,0,Immt
Gm38079,0.077744263,0.001967729,0.003,0.002,1,0,Gm38079
Hmga1b,0.077796465,0.008669151,0.005,0.003,1,0,Hmga1b
Gm2000,0.077808309,0.029993923,0.029,0.024,1,0,Gm2000
Cabyr,0.077890829,0.000698035,0.007,0.004,1,0,Cabyr
Fndc10,0.077912003,0.010873529,0.012,0.009,1,0,Fndc10
Gramd1b,0.077929355,-0.022878644,0.01,0.013,1,0,Gramd1b
2010204K13Rik,0.077961286,-0.014887985,0.008,0.011,1,0,2010204K13Rik
Dnal4,0.077974707,-0.017882549,0.056,0.063,1,0,Dnal4
Borcs7,0.077978494,-0.000842362,0.094,0.104,1,0,Borcs7
Fut8,0.078017438,-0.042708954,0.081,0.09,1,0,Fut8
Rps2-ps11,0.078043664,-0.00627104,0.003,0.004,1,0,Rps2-ps11
Gm42478,0.078178414,0.009431121,0.011,0.008,1,0,Gm42478
Patz1,0.078194281,0.015235449,0.014,0.011,1,0,Patz1
Atxn7l1,0.078311966,-0.014150297,0.031,0.037,1,0,Atxn7l1
Actr10,0.078360313,-0.028768047,0.175,0.189,1,0,Actr10
Gm5064,0.078415159,-0.00238231,0.003,0.004,1,0,Gm5064
Gm37183,0.078479082,0.006583811,0.006,0.004,1,0,Gm37183
Apoo,0.078571375,-0.008896434,0.007,0.01,1,0,Apoo
Rbpj-ps3,0.078592162,0.007421121,0.019,0.016,1,0,Rbpj-ps3
Tmcc2,0.078593027,-0.008097499,0.024,0.029,1,0,Tmcc2
Tm7sf2,0.078605612,-0.010114437,0.008,0.011,1,0,Tm7sf2
Sema6c,0.078620018,0.032178281,0.033,0.028,1,0,Sema6c
Ero1l,0.07865391,0.003902354,0.066,0.075,1,0,Ero1l
Aars2,0.078670019,0.01080881,0.018,0.015,1,0,Aars2
Phf11c,0.078737206,-0.002601434,0.005,0.008,1,0,Phf11c
Mapk4,0.078768125,0.007269746,0.003,0.002,1,0,Mapk4
Gm45084,0.078774687,0.003054416,0.005,0.003,1,0,Gm45084
Rusc1,0.078775251,-0.006426345,0.034,0.04,1,0,Rusc1
Gm17638,0.078828429,0.006522356,0.005,0.003,1,0,Gm17638
Tmem151a,0.078914729,-0.009616715,0.004,0.006,1,0,Tmem151a
Zfp963,0.078959966,-0.010897741,0.005,0.008,1,0,Zfp963
Gm12726,0.079006243,0.003901485,0.003,0.002,1,0,Gm12726
Ybx2,0.079022791,-0.014511826,0.001,0.002,1,0,Ybx2
Gpatch2l,0.079115254,-0.006006381,0.005,0.008,1,0,Gpatch2l
Gm18722,0.079149259,-0.011468128,0.006,0.008,1,0,Gm18722
Sema3g,0.079176398,-0.010219287,0.001,0.002,1,0,Sema3g
Rasgrp3,0.079191772,-0.006490575,0.001,0.002,1,0,Rasgrp3
D130017N08Rik,0.079219187,0.022934207,0.017,0.014,1,0,D130017N08Rik
Ano8,0.079251752,0.024966331,0.035,0.031,1,0,Ano8
Psmd11,0.079255956,-0.021559908,0.231,0.248,1,0,Psmd11
Gm5548,0.079268678,-0.003727261,0.001,0.002,1,0,Gm5548
Gm44901,0.079268678,-0.006620186,0.001,0.002,1,0,Gm44901
Epb41l4b,0.079297047,-0.01353036,0.006,0.008,1,0,Epb41l4b
Gm49077,0.079314851,-0.004684958,0.001,0.002,1,0,Gm49077
2610507I01Rik,0.079327558,-0.013613874,0.009,0.012,1,0,2610507I01Rik
Gm42788,0.079391855,-0.003359236,0.001,0.002,1,0,Gm42788
Rhpn2,0.079398757,0.009815646,0.004,0.003,1,0,Rhpn2
Rps18-ps3,0.079407263,-0.003708001,0.001,0.002,1,0,Rps18-ps3
Sptssa,0.079407887,0.05298686,0.234,0.227,1,0,Sptssa
Gm4596,0.079445793,-0.003558893,0.001,0.002,1,0,Gm4596
Pcgf1,0.079454304,-0.010997212,0.012,0.016,1,0,Pcgf1
Chchd3,0.079456966,-0.034294486,0.131,0.142,1,0,Chchd3
Haus2,0.079457498,-0.009531552,0.043,0.049,1,0,Haus2
Gm5841,0.079507474,-0.002348939,0.001,0.002,1,0,Gm5841
Psmd13,0.079512602,0.005559465,0.144,0.158,1,0,Psmd13
Gm43164,0.07951549,0.00241002,0.003,0.002,1,0,Gm43164
Gm12795,0.079546044,-0.002336195,0.001,0.002,1,0,Gm12795
Cdk12,0.079576844,-0.028251403,0.164,0.177,1,0,Cdk12
Cbwd1,0.079667893,-0.015186482,0.034,0.039,1,0,Cbwd1
Zfp445,0.079705592,-0.035495353,0.121,0.132,1,0,Zfp445
4930570G19Rik,0.079724112,-0.000708461,0.003,0.002,1,0,4930570G19Rik
Vps33b,0.079766259,0.01974252,0.034,0.029,1,0,Vps33b
Rfx2,0.079774952,0.019027878,0.028,0.023,1,0,Rfx2
Pcdhga4,0.079827156,-0.006055595,0.001,0.002,1,0,Pcdhga4
Sin3a,0.079828528,-0.027239815,0.071,0.079,1,0,Sin3a
Eogt,0.079841449,0.047697895,0.043,0.038,1,0,Eogt
Gm48478,0.079852585,-0.005287519,0.001,0.002,1,0,Gm48478
Itgal,0.079852585,-0.006839868,0.001,0.002,1,0,Itgal
Igsf9,0.07989498,-0.005393677,0.001,0.002,1,0,Igsf9
Gm47155,0.079903461,-0.005873488,0.001,0.002,1,0,Gm47155
Gm3756,0.07992891,-0.004647662,0.001,0.002,1,0,Gm3756
Peak1,0.079940214,0.006969281,0.144,0.135,1,0,Peak1
A330009N23Rik,0.079971328,-0.005431886,0.003,0.005,1,0,A330009N23Rik
Gm5511,0.079979826,-0.004859459,0.001,0.002,1,0,Gm5511
Jaml,0.079979826,-0.005618823,0.001,0.002,1,0,Jaml
4930539J05Rik,0.080005294,-0.004495407,0.001,0.002,1,0,4930539J05Rik
Gm5809,0.080022276,-0.002260923,0.001,0.002,1,0,Gm5809
6530437J22Rik,0.080064745,-0.006411685,0.001,0.002,1,0,6530437J22Rik
Creld2,0.080072637,-0.017759415,0.253,0.27,1,0,Creld2
Gm13750,0.080081737,-0.002608563,0.001,0.002,1,0,Gm13750
Olfr90,0.080090235,-0.003642127,0.001,0.002,1,0,Olfr90
Yipf1,0.080119468,0.057586064,0.129,0.122,1,0,Yipf1
Gm7993,0.080124232,-0.001830407,0.001,0.002,1,0,Gm7993
1700084E18Rik,0.080149737,-0.00092162,0.001,0.002,1,0,1700084E18Rik
Brd1,0.080212432,0.034398877,0.129,0.121,1,0,Brd1
Dnm1l,0.080256633,-0.038884553,0.222,0.238,1,0,Dnm1l
Mks1,0.080458044,-0.0061315,0.009,0.012,1,0,Mks1
Stk19,0.080538493,-0.010349336,0.082,0.091,1,0,Stk19
Gm48529,0.080538748,-0.010899655,0.002,0.004,1,0,Gm48529
Gm38309,0.08057757,0.002705154,0.003,0.002,1,0,Gm38309
Gm50196,0.080600668,0.005837536,0.004,0.002,1,0,Gm50196
Tipin,0.080673794,0.003564393,0.074,0.082,1,0,Tipin
Gm37529,0.08072303,0.0044303,0.009,0.007,1,0,Gm37529
Vmn1r90,0.080757599,0.005740379,0.003,0.002,1,0,Vmn1r90
Coro6,0.080762162,-0.011504442,0.004,0.007,1,0,Coro6
Ndufb11,0.080829064,-0.048485542,0.3,0.316,1,0,Ndufb11
Zfp612,0.080886355,-0.018238072,0.001,0.003,1,0,Zfp612
Gm43923,0.080925126,-0.011413604,0.001,0.003,1,0,Gm43923
Gm44144,0.080935264,0.006784545,0.004,0.002,1,0,Gm44144
Eif3h,0.081058893,0.040840752,0.379,0.374,1,0,Eif3h
Ddx17,0.081059276,-0.035173426,0.274,0.289,1,0,Ddx17
Eif3j1,0.081071739,-0.047756999,0.278,0.293,1,0,Eif3j1
Gm17034,0.081179595,0.003701178,0.004,0.002,1,0,Gm17034
Stxbp3-ps,0.081202951,-0.00197426,0.002,0.004,1,0,Stxbp3-ps
Cbx4,0.0812126,-0.019055522,0.038,0.044,1,0,Cbx4
Frg1,0.081223563,0.021756547,0.204,0.196,1,0,Frg1
4833408A19Rik,0.081242316,-0.007240965,0.001,0.003,1,0,4833408A19Rik
Ppih,0.081281359,-0.004000205,0.052,0.06,1,0,Ppih
Tdrd7,0.081435384,0.032123404,0.05,0.044,1,0,Tdrd7
Gm26674,0.081441928,0.000380728,0.004,0.002,1,0,Gm26674
Gm6402,0.081457322,0.000878614,0.004,0.002,1,0,Gm6402
Nudt11,0.081469497,-0.004170441,0.001,0.003,1,0,Nudt11
Gabrb2,0.081477897,0.005073134,0.004,0.002,1,0,Gabrb2
Yeats2,0.081495617,0.020909762,0.072,0.065,1,0,Yeats2
Gm41041,0.081567019,-0.002775781,0.001,0.003,1,0,Gm41041
Dck,0.08161309,-0.003783737,0.01,0.013,1,0,Dck
Nr6a1os,0.081624199,0.001526782,0.004,0.002,1,0,Nr6a1os
Gm9825,0.081657317,-0.003438609,0.003,0.005,1,0,Gm9825
Gm13556,0.081728228,0.001882848,0.003,0.002,1,0,Gm13556
Rasgef1b,0.081824253,-0.007987644,0.006,0.009,1,0,Rasgef1b
Arl6ip5,0.081876437,0.046661721,0.222,0.214,1,0,Arl6ip5
Cldn34c1,0.081938973,-0.005333149,0.006,0.009,1,0,Cldn34c1
Tent4b,0.082092876,5.34E-05,0.053,0.06,1,0,Tent4b
Dhrs7b,0.08211571,-0.010618552,0.049,0.056,1,0,Dhrs7b
Gabarapl2,0.082156989,-0.06412111,0.181,0.192,1,0,Gabarapl2
Rxra,0.082205592,-0.012325268,0.054,0.061,1,0,Rxra
Mrpl28,0.082221434,-0.009538329,0.132,0.143,1,0,Mrpl28
Ncbp3,0.082241997,-0.020005738,0.085,0.094,1,0,Ncbp3
Lrrtm2,0.082339745,0.004731055,0.009,0.007,1,0,Lrrtm2
Gm49172,0.082441772,0.006544694,0.029,0.024,1,0,Gm49172
Rxrb,0.082459909,-0.010164621,0.045,0.051,1,0,Rxrb
Zhx1,0.082464251,0.027532332,0.124,0.115,1,0,Zhx1
Gm37612,0.082469854,0.006624273,0.002,0.001,1,0,Gm37612
Vsig8,0.082479582,0.003964147,0.002,0.001,1,0,Vsig8
Mdc1,0.082487009,-0.016514881,0.036,0.042,1,0,Mdc1
Aph1c,0.082490027,-0.004292563,0.004,0.006,1,0,Aph1c
Zbtb42,0.082549512,-0.002730958,0.002,0.003,1,0,Zbtb42
Serpinb7,0.082576917,0.002603134,0.002,0.001,1,0,Serpinb7
Rhof,0.082594272,-0.005234907,0.005,0.007,1,0,Rhof
Orc2,0.082618588,-0.016239697,0.063,0.071,1,0,Orc2
Gm7618,0.082654852,0.001832446,0.002,0.001,1,0,Gm7618
Man1a2,0.08266494,-0.021013114,0.194,0.209,1,0,Man1a2
Ppm1b,0.082680582,0.024766557,0.072,0.065,1,0,Ppm1b
Gm37651,0.082713343,0.001809684,0.002,0.001,1,0,Gm37651
4930412C18Rik,0.082724965,0.01155471,0.006,0.004,1,0,4930412C18Rik
Gm46209,0.082771867,0.000112751,0.002,0.001,1,0,Gm46209
Gm48798,0.082781624,-0.000657168,0.002,0.001,1,0,Gm48798
Sdhaf3,0.082865454,-0.018852936,0.026,0.031,1,0,Sdhaf3
Tmem68,0.082904593,-0.005200337,0.041,0.047,1,0,Tmem68
Hnrnpr,0.082951484,-0.026031918,0.287,0.304,1,0,Hnrnpr
Zfp46,0.083034066,-0.012404399,0.023,0.028,1,0,Zfp46
Chst11,0.083118361,0.012763907,0.029,0.035,1,0,Chst11
Erp29,0.083260294,-0.008561787,0.314,0.33,1,0,Erp29
Tuba1c,0.083345403,-0.027087871,0.218,0.232,1,0,Tuba1c
Cacna1a,0.083405019,0.00821321,0.047,0.041,1,0,Cacna1a
Gm43359,0.083500278,-0.006028582,0.016,0.02,1,0,Gm43359
Pmm1,0.083578949,0.082673609,0.143,0.136,1,0,Pmm1
Lypla1,0.083691057,0.036224892,0.095,0.088,1,0,Lypla1
Tmem140,0.083727502,-0.014000187,0.007,0.009,1,0,Tmem140
Zswim9,0.083779189,-0.017340823,0.023,0.028,1,0,Zswim9
Cdk14,0.083791817,-0.020171589,0.173,0.186,1,0,Cdk14
Nudcd3,0.083872007,0.038087487,0.171,0.163,1,0,Nudcd3
Gm2810,0.084090398,-0.007142182,0.007,0.009,1,0,Gm2810
Fbxl5,0.084122363,0.024979519,0.121,0.113,1,0,Fbxl5
Foxp1,0.08419807,0.014043143,0.328,0.317,1,0,Foxp1
Vkorc1l1,0.084301028,-0.00263053,0.042,0.048,1,0,Vkorc1l1
Saxo2,0.084383706,-0.002674412,0.005,0.007,1,0,Saxo2
Gm4833,0.084545021,0.00509017,0.011,0.009,1,0,Gm4833
Gm45847,0.084676887,-0.009259374,0.002,0.004,1,0,Gm45847
Gm4673,0.084751456,0.004748491,0.034,0.029,1,0,Gm4673
Itpr2,0.084806812,-0.034785245,0.104,0.113,1,0,Itpr2
Bicra,0.084808836,-0.036877453,0.027,0.032,1,0,Bicra
Gm4459,0.084997826,-0.006216092,0.002,0.004,1,0,Gm4459
Man2a2,0.085003739,-0.030429408,0.07,0.078,1,0,Man2a2
Kiz,0.085229819,-0.03709666,0.048,0.054,1,0,Kiz
Sh3bp5l,0.085273905,0.013759499,0.023,0.019,1,0,Sh3bp5l
Nmnat2,0.08535338,0.01505072,0.012,0.009,1,0,Nmnat2
Spx,0.085396935,-0.003553323,0.002,0.004,1,0,Spx
3110080O07Rik,0.085422603,0.011160104,0.007,0.005,1,0,3110080O07Rik
Arhgef7,0.085432981,-0.032198997,0.075,0.083,1,0,Arhgef7
Zfp2,0.085529556,0.008457654,0.01,0.007,1,0,Zfp2
Lin52,0.085538347,-0.013356176,0.014,0.018,1,0,Lin52
Pigg,0.085632738,0.019610481,0.023,0.019,1,0,Pigg
Smarcad1,0.085649546,-0.016447189,0.082,0.091,1,0,Smarcad1
Mrm2,0.085892695,-0.007519695,0.007,0.01,1,0,Mrm2
Dscc1,0.086046966,-0.005423273,0.007,0.01,1,0,Dscc1
Mtmr14,0.086047893,0.019584394,0.028,0.024,1,0,Mtmr14
Polr3g,0.086056987,-0.003024842,0.007,0.009,1,0,Polr3g
4933431K23Rik,0.08608399,-0.005071991,0,0.001,1,0,4933431K23Rik
Zfpm1,0.086091332,-0.009760375,0.008,0.011,1,0,Zfpm1
Ift52,0.086097336,-0.011656303,0.063,0.071,1,0,Ift52
Wdr83os,0.086136238,-0.00601284,0.164,0.179,1,0,Wdr83os
Gm37082,0.08615623,-0.004886284,0,0.001,1,0,Gm37082
F7,0.086204416,-0.001168701,0,0.001,1,0,F7
Ralgapa1,0.086323313,0.031305182,0.102,0.094,1,0,Ralgapa1
Fam210a,0.086327517,-0.029513166,0.091,0.1,1,0,Fam210a
Pafah1b1,0.086328683,-0.047416906,0.446,0.462,1,0,Pafah1b1
1300002E11Rik,0.086368431,-0.021796372,0.065,0.073,1,0,1300002E11Rik
Map3k7,0.086421016,0.037116901,0.084,0.077,1,0,Map3k7
Gm16372,0.086430441,-0.005483097,0.001,0.003,1,0,Gm16372
Eed,0.086443033,-0.027464272,0.085,0.093,1,0,Eed
Gm15690,0.086444921,-0.006154995,0.001,0.003,1,0,Gm15690
Zfp764,0.086483313,-0.00896996,0.008,0.011,1,0,Zfp764
Gm3788,0.086524597,-0.005169636,0.001,0.003,1,0,Gm3788
Bysl,0.086580398,-0.005717123,0.027,0.032,1,0,Bysl
Gm14388,0.086582581,-0.002327619,0.001,0.003,1,0,Gm14388
Atp1b3,0.086594423,0.036284252,0.247,0.24,1,0,Atp1b3
Notch4,0.086647849,-0.006005127,0.001,0.003,1,0,Notch4
Hadhb,0.086652909,-0.024045384,0.096,0.105,1,0,Hadhb
Gm5626,0.086655104,-0.004547262,0.001,0.003,1,0,Gm5626
Rnh1,0.086844556,0.052891338,0.279,0.274,1,0,Rnh1
Ttc7b,0.08685119,0.025080226,0.023,0.02,1,0,Ttc7b
Gm8355,0.086903248,-0.011340863,0.003,0.005,1,0,Gm8355
Ube2f,0.087178943,-0.009046632,0.084,0.093,1,0,Ube2f
Rwdd2b,0.087266642,-0.007600762,0.008,0.01,1,0,Rwdd2b
Ppp1r2-ps4,0.087273974,-0.003331254,0.005,0.008,1,0,Ppp1r2-ps4
Gm8258,0.087398445,-0.008760056,0.003,0.005,1,0,Gm8258
Rbm19,0.087429117,-0.016646795,0.036,0.042,1,0,Rbm19
Pcdhb14,0.0875057,-0.008935,0.014,0.018,1,0,Pcdhb14
Slc25a29,0.087514466,-0.007547533,0.008,0.011,1,0,Slc25a29
Fcer1g,0.087674537,-0.008202107,0.003,0.005,1,0,Fcer1g
Mettl4,0.087707916,-0.006376702,0.029,0.035,1,0,Mettl4
Nudt12,0.0877269,0.011010587,0.005,0.004,1,0,Nudt12
Malsu1,0.087843608,0.007694102,0.121,0.132,1,0,Malsu1
Zc3h6,0.087870812,0.03343006,0.065,0.059,1,0,Zc3h6
Lamtor4,0.087955866,0.047689606,0.184,0.177,1,0,Lamtor4
Sema4g,0.087978235,-0.002900972,0.002,0.004,1,0,Sema4g
1110059G10Rik,0.088021112,-0.037213525,0.084,0.093,1,0,1110059G10Rik
Gm15772,0.088029826,0.025463409,0.031,0.027,1,0,Gm15772
Cdc27,0.088091296,-0.011830144,0.081,0.09,1,0,Cdc27
Nemp2,0.088096636,-0.016057374,0.006,0.008,1,0,Nemp2
Tmem63b,0.0881075,0.028848046,0.078,0.071,1,0,Tmem63b
Tmem35b,0.088112352,-0.019167349,0.018,0.022,1,0,Tmem35b
Dst,0.088131413,0.005425898,0.372,0.361,1,0,Dst
Itprip,0.088138054,0.001741106,0.011,0.014,1,0,Itprip
Gtf2a1,0.088172235,-0.016532052,0.061,0.069,1,0,Gtf2a1
1110012L19Rik,0.088265701,-0.016352154,0.043,0.049,1,0,1110012L19Rik
Ccpg1os,0.08845018,-0.015108936,0.013,0.017,1,0,Ccpg1os
Gm17055,0.088543271,-0.00525685,0.002,0.003,1,0,Gm17055
Kars,0.088686713,-0.003029726,0.097,0.108,1,0,Kars
Ube4b,0.088759754,0.051880169,0.121,0.114,1,0,Ube4b
Klhl40,0.088884791,-0.011447849,0.003,0.004,1,0,Klhl40
Gm7251,0.089110466,-0.000456943,0.002,0.003,1,0,Gm7251
Hpse2,0.089177639,0.005208859,0.002,0.001,1,0,Hpse2
Gm37009,0.089228305,-0.005143641,0.003,0.004,1,0,Gm37009
Gm44194,0.089264648,0.006400482,0.002,0.001,1,0,Gm44194
Gm43584,0.089271144,0.00319464,0.002,0.003,1,0,Gm43584
Rmdn3,0.089353069,-0.021873632,0.033,0.038,1,0,Rmdn3
Gm19692,0.089429185,0.002562466,0.002,0.001,1,0,Gm19692
Rad51d,0.089522436,-0.022604076,0.024,0.029,1,0,Rad51d
Slc39a11,0.089544754,0.009776701,0.027,0.033,1,0,Slc39a11
Tmem18,0.089686111,0.021490727,0.056,0.05,1,0,Tmem18
Gstm2-ps1,0.089712042,-5.60E-05,0.012,0.009,1,0,Gstm2-ps1
Rgs9,0.089729852,0.000208373,0.002,0.001,1,0,Rgs9
Zfp629,0.089746381,-0.009372001,0.016,0.02,1,0,Zfp629
Nudc-ps1,0.08975047,0.000347435,0.004,0.006,1,0,Nudc-ps1
Evi5,0.089872051,0.032046152,0.155,0.148,1,0,Evi5
Nipsnap1,0.089916708,0.011455281,0.017,0.014,1,0,Nipsnap1
Mapk8,0.089955645,-0.006669367,0.074,0.083,1,0,Mapk8
Apbb3,0.090025057,-0.01086109,0.012,0.016,1,0,Apbb3
Lman2,0.090088864,0.050586965,0.267,0.26,1,0,Lman2
Ranbp9,0.090112231,-0.022701804,0.049,0.055,1,0,Ranbp9
Aldh16a1,0.090169099,-0.016741427,0.025,0.03,1,0,Aldh16a1
Smpd2,0.090181361,-0.024186796,0.051,0.057,1,0,Smpd2
Akap10,0.090218579,-0.016369868,0.021,0.026,1,0,Akap10
Msantd1,0.090331804,0.009097304,0.005,0.003,1,0,Msantd1
Chst7,0.090508655,0.002981546,0.016,0.013,1,0,Chst7
Mb21d2,0.090606005,-0.003702888,0.013,0.017,1,0,Mb21d2
Bvht,0.090665187,-0.008234488,0.034,0.04,1,0,Bvht
Irak1,0.090792356,0.0075266,0.241,0.231,1,0,Irak1
Sptlc1,0.090799303,0.028320091,0.08,0.073,1,0,Sptlc1
Arih1,0.090920268,-0.012462314,0.128,0.139,1,0,Arih1
Phc1,0.090945111,-0.016780093,0.021,0.025,1,0,Phc1
Rnpepl1,0.09096272,0.027543896,0.064,0.058,1,0,Rnpepl1
Gm31683,0.091006131,-0.003875791,0.001,0.002,1,0,Gm31683
L3mbtl2,0.091033267,-0.010095669,0.021,0.025,1,0,L3mbtl2
Gm43018,0.091127422,-0.006924413,0.001,0.002,1,0,Gm43018
Cd320,0.09113733,0.004483345,0.063,0.07,1,0,Cd320
Gm4986,0.091147222,0.001279219,0.005,0.003,1,0,Gm4986
2500002B13Rik,0.091281242,-0.004495054,0.001,0.002,1,0,2500002B13Rik
Kifc5b,0.091305549,-0.004140418,0.001,0.002,1,0,Kifc5b
Tlr6,0.091370392,-0.003449992,0.001,0.002,1,0,Tlr6
Zmym2,0.091387534,-0.014008246,0.08,0.088,1,0,Zmym2
Itpa-ps1,0.091402827,-0.003303657,0.001,0.002,1,0,Itpa-ps1
Gm12415,0.091419048,-0.001106105,0.001,0.002,1,0,Gm12415
Gm42517,0.091419048,-0.001154712,0.001,0.002,1,0,Gm42517
Gm29157,0.09142716,-0.002539264,0.001,0.002,1,0,Gm29157
Papolg,0.091450774,-0.020878415,0.02,0.024,1,0,Papolg
Gm38398,0.091467726,-0.002578411,0.001,0.002,1,0,Gm38398
Aldoart1,0.091475841,-0.00157401,0.001,0.002,1,0,Aldoart1
Rpl22l1,0.091568222,-0.070912042,0.56,0.551,1,0,Rpl22l1
Gm37084,0.091609093,0.017495929,0.014,0.011,1,0,Gm37084
Gm10735,0.091613883,-0.000965932,0.001,0.002,1,0,Gm10735
Bax,0.091648241,0.045219023,0.21,0.202,1,0,Bax
Aqr,0.091709749,-0.01412698,0.073,0.081,1,0,Aqr
Cfap69,0.091783313,0.026281002,0.016,0.013,1,0,Cfap69
Herc2,0.091911086,0.027652621,0.157,0.149,1,0,Herc2
Gdf6,0.091930963,-0.011039901,0.002,0.004,1,0,Gdf6
Mterf2,0.092151765,-0.010143936,0.007,0.009,1,0,Mterf2
Tspan12,0.092319287,-0.046856765,0.026,0.031,1,0,Tspan12
Swt1,0.092441927,-0.037424231,0.084,0.092,1,0,Swt1
Gm43707,0.09246179,-0.007080422,0.002,0.004,1,0,Gm43707
Kif5b,0.092500737,0.002069708,0.457,0.444,1,0,Kif5b
Dagla,0.092506515,0.011471154,0.016,0.013,1,0,Dagla
Gm7299,0.092518476,0.016962176,0.012,0.009,1,0,Gm7299
Gm25630,0.0925505,-0.004673708,0.002,0.004,1,0,Gm25630
Wtap,0.092592977,-0.007900194,0.056,0.063,1,0,Wtap
Gm5780,0.092602535,-0.007882446,0.002,0.004,1,0,Gm5780
Arhgap20os,0.092640259,0.001452519,0.008,0.005,1,0,Arhgap20os
Chst10,0.092695231,0.008343194,0.007,0.005,1,0,Chst10
Etfdh,0.092726863,-0.013942227,0.055,0.062,1,0,Etfdh
Gm38380,0.09275958,0.004293929,0.005,0.003,1,0,Gm38380
Commd8,0.092929899,0.026945619,0.142,0.135,1,0,Commd8
Trim34a,0.092939283,0.009494103,0.016,0.013,1,0,Trim34a
Rcn1,0.093018817,0.017206588,0.384,0.369,1,0,Rcn1
Gm6776,0.09301923,-0.00499218,0.007,0.009,1,0,Gm6776
Slc6a7,0.09308532,-0.015332397,0.005,0.007,1,0,Slc6a7
Arrdc1,0.093197233,0.039848656,0.042,0.037,1,0,Arrdc1
Pdpr,0.093197389,-0.012819569,0.011,0.014,1,0,Pdpr
Smtnl2,0.093201739,-0.021227147,0.005,0.007,1,0,Smtnl2
Commd1,0.093207577,-0.010528738,0.252,0.269,1,0,Commd1
Zcchc17,0.093262466,-0.020590327,0.194,0.209,1,0,Zcchc17
Snhg9,0.093297459,0.026885405,0.138,0.13,1,0,Snhg9
6430710M23Rik,0.09335845,0.009689299,0.005,0.003,1,0,6430710M23Rik
Phf7,0.093384247,-0.012951906,0.011,0.014,1,0,Phf7
Fiz1,0.09346372,-0.009759579,0.021,0.025,1,0,Fiz1
Ivd,0.093555247,-0.050883093,0.049,0.055,1,0,Ivd
Dnm2,0.093585443,0.022214743,0.104,0.096,1,0,Dnm2
Car13,0.093695696,0.007870125,0.034,0.04,1,0,Car13
Zdhhc8,0.093878585,0.035518543,0.073,0.067,1,0,Zdhhc8
Map2k1,0.093937425,-0.008287011,0.093,0.102,1,0,Map2k1
Gm15851,0.09396267,-0.010651038,0.004,0.006,1,0,Gm15851
Hoxa11,0.094082357,0.006046598,0.002,0.001,1,0,Hoxa11
Gm37297,0.094205787,0.00415446,0.002,0.001,1,0,Gm37297
Stac3,0.094274401,-0.010638414,0.008,0.011,1,0,Stac3
Zfand1,0.094297925,-0.007136784,0.011,0.014,1,0,Zfand1
Wdr31,0.094367393,0.003580206,0.002,0.001,1,0,Wdr31
Tc2n,0.094548273,0.001944003,0.002,0.001,1,0,Tc2n
Tpt1-ps5,0.094576859,0.002435733,0.002,0.001,1,0,Tpt1-ps5
Cavin4,0.094595721,-0.009441592,0.007,0.005,1,0,Cavin4
Zfp964,0.094609643,-0.010784209,0.002,0.003,1,0,Zfp964
Ift22,0.094666332,-0.028195627,0.05,0.057,1,0,Ift22
Gm13179,0.094708452,-0.007536981,0.001,0.002,1,0,Gm13179
Gnasas1,0.09471989,0.00270413,0.002,0.001,1,0,Gnasas1
Calcr,0.094762669,-0.012131567,0.001,0.002,1,0,Calcr
Mfsd14a,0.094834794,-0.023145453,0.073,0.081,1,0,Mfsd14a
Gm42588,0.094834997,-0.007506852,0.001,0.002,1,0,Gm42588
3010001F23Rik,0.094840992,-0.005861099,0.001,0.003,1,0,3010001F23Rik
Lrtm1,0.094877484,-0.009597739,0,0.001,1,0,Lrtm1
Tceal7,0.094877484,-0.016069132,0,0.001,1,0,Tceal7
Phyhd1,0.094878149,-0.006448125,0.001,0.003,1,0,Phyhd1
Gm47003,0.094880225,-0.00511077,0.001,0.002,1,0,Gm47003
Gemin7,0.094931521,-0.006743573,0.108,0.118,1,0,Gemin7
Gm48717,0.094955727,-0.004035931,0,0.001,1,0,Gm48717
Zfp418,0.094978092,-0.005728351,0,0.001,1,0,Zfp418
Egln1,0.094988461,0.041158828,0.096,0.089,1,0,Egln1
Gpr141,0.095000461,-0.003854251,0,0.001,1,0,Gpr141
Gm13822,0.095034127,-0.004707105,0.001,0.002,1,0,Gm13822
2510016D11Rik,0.095056402,-0.001480148,0,0.001,1,0,2510016D11Rik
Hist1h2ab,0.095056402,-0.002043537,0,0.001,1,0,Hist1h2ab
Hm629797,0.095056402,-0.003266037,0,0.001,1,0,Hm629797
Gm20274,0.095060667,0.007111074,0.019,0.015,1,0,Gm20274
Gm37121,0.095067593,-0.002758858,0,0.001,1,0,Gm37121
1-Mar,0.095070369,-0.004862606,0.001,0.002,1,0,1-Mar
Adprm,0.095094128,-0.037024341,0.04,0.046,1,0,Adprm
Alox5ap,0.095096295,-0.005240383,0.002,0.003,1,0,Alox5ap
Gga2,0.095122179,0.040404742,0.061,0.055,1,0,Gga2
Purg,0.095163277,-0.003681033,0.008,0.011,1,0,Purg
Gm2788,0.095168363,-0.000574111,0,0.001,1,0,Gm2788
Gabpa,0.095170668,-0.023724908,0.078,0.087,1,0,Gabpa
Bbs2,0.095345472,0.003525661,0.027,0.023,1,0,Bbs2
B4galt5,0.095360111,0.050468803,0.122,0.115,1,0,B4galt5
Qtrt1,0.0953681,-0.008190112,0.036,0.042,1,0,Qtrt1
Ube2l3,0.095372258,-0.010877833,0.255,0.272,1,0,Ube2l3
Gm8702,0.095399573,-0.002320862,0.001,0.003,1,0,Gm8702
Gm3571,0.095415215,0.000651562,0.001,0.002,1,0,Gm3571
Cep76,0.095492682,-0.005512202,0.008,0.011,1,0,Cep76
Fanci,0.095601307,-0.000890698,0.001,0.003,1,0,Fanci
Cyp4f17,0.095693811,-0.006730224,0.009,0.012,1,0,Cyp4f17
Gm8292,0.095760379,0.010105135,0.007,0.005,1,0,Gm8292
Rab22a,0.095779212,0.038083438,0.172,0.164,1,0,Rab22a
Zfp101,0.095783476,-0.010891374,0.016,0.02,1,0,Zfp101
Tarbp1,0.095936421,-0.008524232,0.014,0.017,1,0,Tarbp1
Rpl19-ps6,0.095960972,-0.003114781,0.008,0.011,1,0,Rpl19-ps6
Gm10605,0.095994559,-0.01313202,0.004,0.006,1,0,Gm10605
Klhl9,0.096040738,0.041066959,0.124,0.117,1,0,Klhl9
Ralb,0.096107814,-0.016608083,0.15,0.162,1,0,Ralb
Mysm1,0.09620967,-0.054460288,0.127,0.137,1,0,Mysm1
Mccc1,0.096280793,-0.021799508,0.032,0.037,1,0,Mccc1
Arpp19,0.096306164,-0.018690789,0.278,0.295,1,0,Arpp19
Slc35c2,0.096649228,-0.013799147,0.045,0.051,1,0,Slc35c2
Gm5452,0.096740148,-0.003093219,0.001,0.002,1,0,Gm5452
Ctxn3,0.096740148,-0.010755433,0.001,0.002,1,0,Ctxn3
Rab18,0.096746174,-0.052849178,0.285,0.3,1,0,Rab18
Phldb3,0.096780553,-0.008573037,0.001,0.002,1,0,Phldb3
Gm15337,0.096790656,-0.002588161,0.001,0.002,1,0,Gm15337
Ttc26,0.096807053,-0.001944184,0.01,0.013,1,0,Ttc26
BC025920,0.096810865,-0.004162383,0.001,0.002,1,0,BC025920
Gm42441,0.096841185,-0.003958649,0.001,0.002,1,0,Gm42441
Oma1,0.096849624,-0.008332226,0.024,0.029,1,0,Oma1
Rab3b,0.096861402,-0.001959361,0.001,0.002,1,0,Rab3b
Gm16984,0.096871512,-0.002182313,0.001,0.002,1,0,Gm16984
Gm44760,0.096881623,-0.003972005,0.001,0.002,1,0,Gm44760
4933406P04Rik,0.096881623,-0.003816938,0.001,0.002,1,0,4933406P04Rik
Rph3a,0.096891735,-0.00160599,0.001,0.002,1,0,Rph3a
Gm6457,0.096891735,-0.003444001,0.001,0.002,1,0,Gm6457
Gm44552,0.096922075,-0.002283618,0.001,0.002,1,0,Gm44552
Extl1,0.09696254,-0.002577606,0.001,0.002,1,0,Extl1
Awat2,0.096982778,-0.001388739,0.001,0.002,1,0,Awat2
Gm42939,0.097053637,-0.001763839,0.001,0.002,1,0,Gm42939
Gm26236,0.097094146,-0.001134273,0.001,0.002,1,0,Gm26236
Sco1,0.097094723,-0.010955508,0.036,0.041,1,0,Sco1
Prkra,0.097225806,-0.002951828,0.06,0.067,1,0,Prkra
Cnot10,0.097296782,-0.036902448,0.076,0.084,1,0,Cnot10
Gm14403,0.097606761,-0.005741194,0.014,0.017,1,0,Gm14403
Gm44763,0.097662676,0.008761957,0.002,0.001,1,0,Gm44763
Capzb,0.097778679,0.031146874,0.455,0.447,1,0,Capzb
Gm44673,0.097866542,0.005032293,0.002,0.001,1,0,Gm44673
Jmjd7,0.097891747,-0.011677354,0.012,0.015,1,0,Jmjd7
Ppp2r1b,0.097898635,-0.013088857,0.029,0.034,1,0,Ppp2r1b
Dnajb3,0.09790474,-0.005900475,0.006,0.008,1,0,Dnajb3
Gm43557,0.097950039,0.004157419,0.002,0.001,1,0,Gm43557
Nanos1,0.097982656,-4.74E-05,0.002,0.004,1,0,Nanos1
Ndufv3,0.098064345,0.026926416,0.366,0.358,1,0,Ndufv3
Supt5,0.098072216,-0.033363211,0.177,0.189,1,0,Supt5
Slc18a2,0.098138074,0.005511246,0.013,0.01,1,0,Slc18a2
Rabif,0.098164923,-0.018455495,0.053,0.059,1,0,Rabif
Gm18422,0.098193423,0.012811983,0.007,0.005,1,0,Gm18422
Zkscan8,0.098253469,-0.017113416,0.015,0.019,1,0,Zkscan8
Mtmr4,0.098437081,0.016686746,0.031,0.027,1,0,Mtmr4
Tle1,0.098664149,-0.026088127,0.043,0.049,1,0,Tle1
Ifi203-ps,0.098987122,-0.035515384,0.037,0.032,1,0,Ifi203-ps
Cherp,0.099247619,-0.006219839,0.015,0.018,1,0,Cherp
Itgam,0.099384582,0.003621821,0.001,0.001,1,0,Itgam
Ly86,0.099449849,0.002627178,0.001,0.001,1,0,Ly86
Adam9,0.099465597,0.050657667,0.254,0.249,1,0,Adam9
Drg2,0.099580562,1.19E-05,0.053,0.06,1,0,Drg2
Gpatch1,0.099638543,-0.01944765,0.078,0.086,1,0,Gpatch1
Mypop,0.099662966,-0.019498993,0.033,0.038,1,0,Mypop
C130013H08Rik,0.099751679,-0.002885402,0.003,0.005,1,0,C130013H08Rik
Wdr20,0.099774253,0.007679299,0.028,0.024,1,0,Wdr20
Socs6,0.099894666,-0.007298115,0.042,0.048,1,0,Socs6
Arhgap33,0.099915052,-0.003566251,0.006,0.008,1,0,Arhgap33
Dgcr2,0.099953241,0.047326319,0.076,0.069,1,0,Dgcr2
Rtf1,0.100128119,-0.035621857,0.297,0.313,1,0,Rtf1
Gm11560,0.10019448,-0.004613812,0.025,0.03,1,0,Gm11560
Pcdhb20,0.100207512,-0.013675587,0.007,0.009,1,0,Pcdhb20
Insm2,0.100310279,0.005193113,0.003,0.001,1,0,Insm2
Gm7832,0.100370816,-0.005941519,0.002,0.003,1,0,Gm7832
Gm38082,0.100445429,0.002147073,0.003,0.001,1,0,Gm38082
Clic1,0.100525537,-0.003997611,0.4,0.383,1,0,Clic1
Gm45413,0.100527362,0.012124557,0.014,0.011,1,0,Gm45413
Stambp,0.100636281,0.031938647,0.097,0.09,1,0,Stambp
Fancf,0.100679045,-0.009342341,0.006,0.009,1,0,Fancf
Sgk3,0.100710997,0.002461483,0.02,0.024,1,0,Sgk3
Gm20731,0.101000466,0.006792356,0.004,0.002,1,0,Gm20731
Polm,0.101001697,-0.00381813,0.012,0.015,1,0,Polm
A930004J17Rik,0.101161339,0.019657137,0.03,0.026,1,0,A930004J17Rik
Gm15975,0.101390359,-0.003362582,0.002,0.003,1,0,Gm15975
Tmx2,0.101464276,-0.010790823,0.053,0.059,1,0,Tmx2
Serac1,0.101474105,-0.00686282,0.003,0.005,1,0,Serac1
Ift80,0.101496169,-0.00586767,0.033,0.038,1,0,Ift80
Hexdc,0.101532195,-0.006924182,0.007,0.01,1,0,Hexdc
Gm8436,0.101595309,0.006976927,0.003,0.002,1,0,Gm8436
Adh5,0.101604189,-0.009852327,0.152,0.164,1,0,Adh5
Kiss1r,0.10164812,-0.007191276,0.001,0.002,1,0,Kiss1r
1700023F06Rik,0.101653028,0.006691538,0.007,0.005,1,0,1700023F06Rik
Proz,0.101673625,0.005417495,0.003,0.002,1,0,Proz
Phc3,0.10167977,0.016766399,0.1,0.092,1,0,Phc3
Rnf111,0.101712737,-0.022682845,0.079,0.087,1,0,Rnf111
Stx3,0.10175588,-0.027562301,0.028,0.033,1,0,Stx3
Gm37123,0.101815285,-0.005524285,0.001,0.002,1,0,Gm37123
Gm9001,0.101865477,-0.002784272,0.001,0.002,1,0,Gm9001
Ncf4,0.101884606,-0.001392899,0,0.001,1,0,Ncf4
Clec4a3,0.101884606,-0.001401154,0,0.001,1,0,Clec4a3
Ms4a4c,0.101884606,-0.001822193,0,0.001,1,0,Ms4a4c
Hcls1,0.101884606,-0.002059582,0,0.001,1,0,Hcls1
Tmem169,0.101924059,-0.00429434,0.001,0.002,1,0,Tmem169
Gm10247,0.101926302,0.004037195,0.003,0.002,1,0,Gm10247
Mrps18c,0.101933245,-0.024053116,0.127,0.138,1,0,Mrps18c
Rras,0.101948523,0.025238745,0.186,0.177,1,0,Rras
Baalc,0.101974294,-0.002730578,0.001,0.002,1,0,Baalc
Acot4,0.102088294,0.000720864,0.004,0.002,1,0,Acot4
Gm9493,0.102104508,-0.01380321,0.051,0.058,1,0,Gm9493
Sfswap,0.102105606,0.008674659,0.205,0.196,1,0,Sfswap
Pomk,0.102106076,0.023345383,0.037,0.032,1,0,Pomk
Lif,0.102159279,-0.003985426,0.011,0.014,1,0,Lif
Col9a3,0.102201419,0.003544969,0.004,0.002,1,0,Col9a3
Ttll13,0.102266898,0.001306391,0.003,0.002,1,0,Ttll13
Zfp592,0.102272258,-0.030051894,0.059,0.066,1,0,Zfp592
Gm12020,0.102300559,-0.009443576,0.01,0.013,1,0,Gm12020
Gm15963,0.102303316,0.006261379,0.004,0.002,1,0,Gm15963
Gm37423,0.102314643,0.004457052,0.004,0.002,1,0,Gm37423
Tia1,0.102410389,-0.016481331,0.111,0.121,1,0,Tia1
Pcdhga8,0.102545,0.004455081,0.003,0.002,1,0,Pcdhga8
Klf16,0.102554192,-0.008323552,0.021,0.026,1,0,Klf16
Gm13408,0.102591419,0.005452871,0.003,0.002,1,0,Gm13408
Spin1,0.102695241,-0.007061517,0.069,0.077,1,0,Spin1
Rassf2,0.102721499,0.034216668,0.094,0.087,1,0,Rassf2
Gm43846,0.102729216,0.004757412,0.003,0.002,1,0,Gm43846
A730035I17Rik,0.102738607,0.003675819,0.003,0.002,1,0,A730035I17Rik
9530086O07Rik,0.102742213,-0.015297124,0.005,0.007,1,0,9530086O07Rik
Ubtd2,0.102746153,0.035363325,0.148,0.14,1,0,Ubtd2
Cdc42se2,0.102992126,-0.015035217,0.068,0.075,1,0,Cdc42se2
Gm48727,0.103059116,0.002288486,0.003,0.002,1,0,Gm48727
Pln,0.103094817,-0.00469569,0.004,0.002,1,0,Pln
Katna1,0.103121513,-0.012086325,0.108,0.118,1,0,Katna1
Ap5z1,0.103122394,-0.005105005,0.01,0.013,1,0,Ap5z1
Pcdhb3,0.10312521,-0.00467623,0.002,0.003,1,0,Pcdhb3
Gm37452,0.10313434,0.005170388,0.012,0.009,1,0,Gm37452
Chd2,0.103185479,-0.039041786,0.181,0.193,1,0,Chd2
Galnt2,0.103246854,-0.004669377,0.002,0.003,1,0,Galnt2
Zfp709,0.103344772,-0.010762889,0.005,0.007,1,0,Zfp709
Trmt1l,0.103408852,-0.038656185,0.053,0.059,1,0,Trmt1l
Rps26-ps1,0.103419651,-0.006594381,0.046,0.052,1,0,Rps26-ps1
Ccdc157,0.103495722,-0.022723136,0.03,0.035,1,0,Ccdc157
Fam214b,0.103507255,0.021784453,0.038,0.033,1,0,Fam214b
Gm11599,0.10360341,-0.001895028,0.007,0.01,1,0,Gm11599
Tes,0.10384078,0.063616602,0.059,0.054,1,0,Tes
Itgb3bp,0.103843329,0.000831775,0.053,0.047,1,0,Itgb3bp
Nom1,0.103935239,-0.009636852,0.09,0.099,1,0,Nom1
Lactb2,0.104014312,0.026585726,0.059,0.053,1,0,Lactb2
Cybc1,0.104082613,-0.006039582,0.047,0.053,1,0,Cybc1
Fam120b,0.104134031,0.031846567,0.109,0.102,1,0,Fam120b
Adam5,0.104286732,0.010457332,0.011,0.009,1,0,Adam5
Ap4e1,0.104335157,0.014940523,0.026,0.022,1,0,Ap4e1
Tes3-ps,0.104582969,-0.004878273,0.004,0.005,1,0,Tes3-ps
Atp8b2,0.104619926,0.043267187,0.103,0.097,1,0,Atp8b2
Gadl1,0.10478961,-0.017297951,0.059,0.066,1,0,Gadl1
2610306M01Rik,0.104824677,-0.000330106,0.005,0.007,1,0,2610306M01Rik
Alkbh3,0.104894229,0.000586171,0.061,0.069,1,0,Alkbh3
5330431K02Rik,0.105348716,0.009429962,0.008,0.006,1,0,5330431K02Rik
Ppp1r16a,0.10554139,0.040581802,0.04,0.035,1,0,Ppp1r16a
Foxj2,0.105557642,0.022542127,0.085,0.078,1,0,Foxj2
Capza1,0.105560627,-0.00530267,0.083,0.092,1,0,Capza1
Serinc1,0.10573811,-0.030823211,0.453,0.467,1,0,Serinc1
Crot,0.105749726,-0.039234248,0.123,0.133,1,0,Crot
Nipsnap3b,0.105880935,0.041304197,0.09,0.083,1,0,Nipsnap3b
Gm6192,0.105948425,-0.00584956,0.002,0.004,1,0,Gm6192
Gtf2h1,0.106021338,-0.00823761,0.113,0.123,1,0,Gtf2h1
Gm19221,0.106030938,-0.004208803,0.002,0.004,1,0,Gm19221
Ccnyl1,0.106049842,-0.006490547,0.055,0.062,1,0,Ccnyl1
Gm6222,0.106051575,-0.00773797,0.002,0.004,1,0,Gm6222
F830016B08Rik,0.106139826,-0.105102571,0.096,0.087,1,0,F830016B08Rik
Ces1d,0.106212712,-0.060565305,0.079,0.071,1,0,Ces1d
C030037D09Rik,0.106230557,-0.003311397,0.002,0.004,1,0,C030037D09Rik
Smarce1-ps1,0.106299459,-0.001678184,0.002,0.004,1,0,Smarce1-ps1
Ube2w,0.106336199,-0.0068017,0.137,0.149,1,0,Ube2w
Gm14165,0.106350722,-0.004559364,0.005,0.007,1,0,Gm14165
Gm7407,0.106354607,-0.006101926,0.002,0.004,1,0,Gm7407
1110020A21Rik,0.10636495,-0.003390937,0.002,0.004,1,0,1110020A21Rik
Chrac1,0.106368906,-0.049186868,0.108,0.117,1,0,Chrac1
D330023K18Rik,0.106416488,-0.009489284,0.015,0.018,1,0,D330023K18Rik
Nudt17,0.106601004,-0.00368349,0.004,0.006,1,0,Nudt17
Wrnip1,0.10669553,-0.025496333,0.061,0.067,1,0,Wrnip1
Particl,0.106747987,-0.008541545,0.005,0.008,1,0,Particl
Cyb5r4,0.106941174,0.028516125,0.078,0.072,1,0,Cyb5r4
Ube2n,0.107033044,-0.010042123,0.061,0.068,1,0,Ube2n
Cyb5b,0.10711727,-0.023364232,0.085,0.093,1,0,Cyb5b
Tmem222,0.107135425,-0.006624232,0.082,0.091,1,0,Tmem222
Lmo2,0.107217017,-0.002460777,0.083,0.075,1,0,Lmo2
Acad12,0.107338219,0.011066088,0.012,0.009,1,0,Acad12
Znfx1,0.107456485,-0.026013442,0.046,0.052,1,0,Znfx1
Nsmce1,0.107457392,0.043099142,0.131,0.124,1,0,Nsmce1
Pnkp,0.107458375,-0.015888668,0.034,0.039,1,0,Pnkp
Dsg2,0.107509185,-0.001908936,0,0.001,1,0,Dsg2
Myo1f,0.107553954,-0.003340153,0,0.001,1,0,Myo1f
Olfr267,0.107563125,0.005895912,0.006,0.004,1,0,Olfr267
Ccdc85a,0.107626808,-0.016188419,0.007,0.005,1,0,Ccdc85a
4732440D04Rik,0.107776802,-0.001934798,0.011,0.008,1,0,4732440D04Rik
Nt5c3,0.107809742,0.00172881,0.074,0.082,1,0,Nt5c3
Tmem8b,0.107868736,0.009078332,0.013,0.01,1,0,Tmem8b
Gm20712,0.107879625,0.016985291,0.012,0.009,1,0,Gm20712
Tbc1d19,0.107964039,0.035383618,0.064,0.058,1,0,Tbc1d19
Wdr76,0.107998191,-0.004600672,0.012,0.015,1,0,Wdr76
Prrt4,0.108055899,0.00246946,0.006,0.004,1,0,Prrt4
Ccdc136,0.108060676,-0.006884986,0.014,0.017,1,0,Ccdc136
Gm28156,0.108142739,-0.003918954,0.001,0.002,1,0,Gm28156
Top3a,0.108162977,-0.001489789,0.012,0.009,1,0,Top3a
Cbs,0.108185881,-0.007578385,0.004,0.006,1,0,Cbs
BC026513,0.108227489,-0.005532408,0.001,0.002,1,0,BC026513
Gm14052,0.108246329,-0.003294988,0.001,0.002,1,0,Gm14052
E2f1,0.108273705,0.030287249,0.035,0.031,1,0,E2f1
Srpk3,0.108284018,-0.006439386,0.001,0.002,1,0,Srpk3
Malat1,0.10829166,-0.074867048,0.993,0.996,1,0,Malat1
Gstm4,0.108325111,0.013741524,0.027,0.023,1,0,Gstm4
Cstb,0.108609826,-0.050713601,0.42,0.435,1,0,Cstb
Utp14a,0.108777064,-0.017167609,0.138,0.15,1,0,Utp14a
1700086O06Rik,0.10882333,0.000823648,0.006,0.008,1,0,1700086O06Rik
Bad,0.108828216,0.060379077,0.174,0.169,1,0,Bad
Borcs5,0.108952636,0.030346528,0.043,0.038,1,0,Borcs5
Fgfbp3,0.109149505,0.021561749,0.015,0.012,1,0,Fgfbp3
Rapgef2,0.109168894,-0.058953439,0.057,0.064,1,0,Rapgef2
Tmppe,0.109171378,-0.001973621,0.003,0.005,1,0,Tmppe
Pax9,0.109264141,-0.010284514,0.002,0.003,1,0,Pax9
Gm36963,0.109339674,0.006637407,0.031,0.027,1,0,Gm36963
Catsperg1,0.109455228,-0.00796179,0.002,0.003,1,0,Catsperg1
Cdca4,0.109486371,0.007708001,0.036,0.041,1,0,Cdca4
6330537M06Rik,0.109493477,-0.003844481,0.002,0.003,1,0,6330537M06Rik
Pex13,0.109518284,-0.024969061,0.057,0.064,1,0,Pex13
Sim2,0.109585318,-0.009639109,0.002,0.003,1,0,Sim2
Ctss,0.109610492,-0.010009662,0.004,0.006,1,0,Ctss
Cirbp,0.109641082,-0.010171102,0.091,0.083,1,0,Cirbp
Gm43113,0.109814349,0.015681005,0.01,0.007,1,0,Gm43113
Gm45251,0.109838195,-0.006214293,0.002,0.003,1,0,Gm45251
Tceanc,0.109880731,-0.011893932,0.01,0.013,1,0,Tceanc
Gm9816,0.109960968,-0.00294219,0.002,0.003,1,0,Gm9816
Zscan12,0.110037938,-0.012508932,0.01,0.012,1,0,Zscan12
Runx1t1,0.110093439,-0.02407673,0.155,0.166,1,0,Runx1t1
Lax1,0.110206838,-0.002620185,0.002,0.003,1,0,Lax1
Tbx6,0.110257588,-0.012682061,0.007,0.009,1,0,Tbx6
Hcfc2,0.110269716,-0.019385041,0.081,0.089,1,0,Hcfc2
Hgh1,0.110320698,-0.007892871,0.011,0.014,1,0,Hgh1
Pomt2,0.110410024,-0.01595923,0.028,0.032,1,0,Pomt2
Ric8a,0.110413209,-0.009015409,0.091,0.1,1,0,Ric8a
Chchd2-ps,0.110565945,-0.006595944,0.002,0.004,1,0,Chchd2-ps
Slc12a1,0.110673506,0.008382911,0.002,0.001,1,0,Slc12a1
Vipas39,0.110717035,-0.009343553,0.031,0.036,1,0,Vipas39
Rac2,0.110829306,0.002362027,0.002,0.001,1,0,Rac2
Frat1,0.110842297,0.005153767,0.002,0.001,1,0,Frat1
Emg1,0.110842804,-0.026750721,0.171,0.184,1,0,Emg1
Olfr1372-ps1,0.110894273,0.006039848,0.002,0.001,1,0,Olfr1372-ps1
Gm42728,0.110920269,0.003526226,0.002,0.001,1,0,Gm42728
Rbbp4,0.111042838,-0.036236155,0.228,0.242,1,0,Rbbp4
Ttc21a,0.111124555,-0.003589126,0.001,0.003,1,0,Ttc21a
Ids,0.111181976,0.044590671,0.083,0.076,1,0,Ids
Ccdc51,0.111246497,-0.011074864,0.009,0.011,1,0,Ccdc51
Vsir,0.111266422,-0.012608792,0.061,0.068,1,0,Vsir
Gm26559,0.111306667,-0.008489294,0.003,0.005,1,0,Gm26559
Gm18541,0.111354994,-0.002549752,0.001,0.003,1,0,Gm18541
Rfc1,0.111386399,0.028873804,0.237,0.229,1,0,Rfc1
Gm46218,0.111483178,-0.003619709,0.001,0.003,1,0,Gm46218
1500015A07Rik,0.111484477,-0.012291927,0.004,0.006,1,0,1500015A07Rik
Myl4,0.111520156,-0.055336881,0.018,0.022,1,0,Myl4
Gpr85,0.111525932,-0.00406664,0.001,0.003,1,0,Gpr85
Gm5970,0.111570403,-0.026277109,0.03,0.035,1,0,Gm5970
Hoxb8,0.111611479,-0.002486808,0.001,0.003,1,0,Hoxb8
Gm28041,0.111633203,0.008953264,0.005,0.003,1,0,Gm28041
Abhd6,0.111638631,0.022764459,0.023,0.02,1,0,Abhd6
Ahi1,0.111776339,-0.025457077,0.099,0.108,1,0,Ahi1
Nup85,0.111784539,-0.010994094,0.086,0.095,1,0,Nup85
A130051J06Rik,0.111846914,0.001211604,0.006,0.009,1,0,A130051J06Rik
Trp53rkb,0.111938062,-0.006809214,0.004,0.006,1,0,Trp53rkb
Xpo7,0.111957545,0.005247553,0.081,0.09,1,0,Xpo7
Nipsnap2,0.111961897,-0.043854848,0.105,0.114,1,0,Nipsnap2
Rbm45,0.11201821,-0.005835484,0.032,0.038,1,0,Rbm45
Gm47111,0.112037705,0.010300002,0.008,0.006,1,0,Gm47111
Htra4,0.112041131,-0.012975658,0.012,0.015,1,0,Htra4
Prpf40b,0.112041986,-0.046666232,0.064,0.071,1,0,Prpf40b
1700056N10Rik,0.112049177,0.017542537,0.009,0.007,1,0,1700056N10Rik
Rpl10a-ps1,0.112146328,-0.00970652,0.093,0.102,1,0,Rpl10a-ps1
Senp6,0.112216346,-0.040044907,0.345,0.36,1,0,Senp6
Creb1,0.112345163,0.006347313,0.113,0.106,1,0,Creb1
Txnl1,0.11235113,-0.023083206,0.216,0.231,1,0,Txnl1
Hp1bp3,0.112355649,-0.035816236,0.446,0.462,1,0,Hp1bp3
1810044D09Rik,0.112476026,0.00840738,0.005,0.003,1,0,1810044D09Rik
Ext2,0.112479438,0.061352371,0.165,0.159,1,0,Ext2
Fam161b,0.11247994,-0.005995125,0.004,0.006,1,0,Fam161b
Gm5786,0.112485143,0.00015901,0.006,0.009,1,0,Gm5786
Tmem184b,0.11270507,0.053441272,0.122,0.116,1,0,Tmem184b
Kif16b,0.112752176,-0.029754185,0.038,0.043,1,0,Kif16b
Atp23,0.112872792,-0.007084451,0.017,0.02,1,0,Atp23
Ikbkg,0.112911916,0.022191903,0.033,0.029,1,0,Ikbkg
Adam8,0.113192927,-0.004055413,0.004,0.006,1,0,Adam8
Prkcg,0.113248327,-0.026219903,0.033,0.038,1,0,Prkcg
Hapln3,0.113339366,-0.007807418,0.001,0.002,1,0,Hapln3
Gm11945,0.113360576,-0.005016897,0.001,0.002,1,0,Gm11945
A230083G16Rik,0.113365879,-0.006168879,0.001,0.002,1,0,A230083G16Rik
Sec62,0.113376567,-0.031804845,0.613,0.617,1,0,Sec62
Gm28874,0.113392397,-0.006553081,0.001,0.002,1,0,Gm28874
Gm49588,0.113424224,-0.004422041,0.001,0.002,1,0,Gm49588
Tssk4,0.113445446,-0.006851357,0.001,0.002,1,0,Tssk4
Gm5129,0.113466672,-0.004889002,0.001,0.002,1,0,Gm5129
Mypopos,0.113530367,-0.006191187,0.001,0.002,1,0,Mypopos
AY074887,0.113732253,-0.005641833,0.001,0.002,1,0,AY074887
Slitrk1,0.113742887,-0.003502989,0.001,0.002,1,0,Slitrk1
Gm12630,0.113753521,-0.002346366,0.001,0.002,1,0,Gm12630
Ccl6,0.113800297,0.01028568,0.007,0.005,1,0,Ccl6
Eml4,0.11380177,-0.024104271,0.105,0.114,1,0,Eml4
Gm8806,0.113806704,-0.00190918,0.001,0.002,1,0,Gm8806
Mecomos,0.113817343,-0.001088568,0.001,0.002,1,0,Mecomos
Foxred1,0.113817621,0.007729228,0.021,0.025,1,0,Foxred1
Gm14760,0.113859906,-0.001202015,0.001,0.002,1,0,Gm14760
4930509G22Rik,0.113913128,-0.001983734,0.001,0.002,1,0,4930509G22Rik
Acpp,0.113923775,-0.000783571,0.001,0.002,1,0,Acpp
Adsl,0.113938261,-0.006225347,0.05,0.057,1,0,Adsl
Med13,0.114133216,-0.016153637,0.134,0.145,1,0,Med13
Nme3,0.114145803,0.021218183,0.034,0.029,1,0,Nme3
Tent5b,0.114204537,-0.001149441,0.005,0.003,1,0,Tent5b
Gm38220,0.114216217,0.007662471,0.007,0.005,1,0,Gm38220
Zfp738,0.114271777,-0.007254936,0.027,0.032,1,0,Zfp738
Gm7488,0.114387706,-0.007205223,0.003,0.004,1,0,Gm7488
Stmn3,0.11440143,-0.012312964,0.003,0.004,1,0,Stmn3
Gm20342,0.114504593,-0.016876546,0.013,0.017,1,0,Gm20342
Cd14,0.114510967,0.005356443,0.013,0.016,1,0,Cd14
Trp53inp1,0.114569609,-0.026940051,0.054,0.06,1,0,Trp53inp1
Wdr27,0.114634348,-0.005504346,0.005,0.007,1,0,Wdr27
Sfxn4,0.114665696,0.004003686,0.019,0.015,1,0,Sfxn4
Fryl,0.114760103,-0.002625471,0.04,0.035,1,0,Fryl
Thap7,0.114810758,-0.001332927,0.045,0.051,1,0,Thap7
Tfg,0.114850554,-0.009573257,0.176,0.19,1,0,Tfg
Oas1g,0.115003481,0.008070662,0.009,0.006,1,0,Oas1g
Vps37a,0.11505651,-0.036141993,0.079,0.087,1,0,Vps37a
Leng1,0.115091397,-0.036941784,0.075,0.082,1,0,Leng1
Ppp1r27,0.115118212,-0.032215109,0.002,0.003,1,0,Ppp1r27
Zfp687,0.11512436,0.018135274,0.023,0.019,1,0,Zfp687
Rpl31-ps8,0.115344236,0.010087223,0.01,0.008,1,0,Rpl31-ps8
Golph3,0.115355965,-0.024217415,0.175,0.188,1,0,Golph3
Cd83,0.115402096,-0.010489628,0.002,0.003,1,0,Cd83
Fam222b,0.115460743,-0.01655146,0.021,0.025,1,0,Fam222b
Hhat,0.115550259,-0.007111504,0.019,0.023,1,0,Hhat
Gm50094,0.115571153,-0.008796881,0.002,0.003,1,0,Gm50094
Mkks,0.115583784,-0.007506877,0.022,0.027,1,0,Mkks
Gm43627,0.115688491,0.011651943,0.016,0.013,1,0,Gm43627
Zfp703,0.115705584,0.005259547,0.128,0.138,1,0,Zfp703
9330104G04Rik,0.115825103,-0.006631774,0.002,0.003,1,0,9330104G04Rik
Rab27b,0.115833736,0.021628605,0.023,0.02,1,0,Rab27b
B4galt2,0.115860131,-0.002185399,0.042,0.048,1,0,B4galt2
Gm47469,0.115950186,-0.001080302,0.003,0.004,1,0,Gm47469
Lrig2,0.116119465,-0.028486493,0.033,0.038,1,0,Lrig2
Gm16580,0.116147657,-0.000829874,0.046,0.052,1,0,Gm16580
Cox5b,0.116168178,-0.05736522,0.416,0.428,1,0,Cox5b
Nipbl,0.116306393,-0.087688173,0.393,0.405,1,0,Nipbl
Telo2,0.116323876,-0.017049051,0.025,0.03,1,0,Telo2
Gsta3,0.11635108,-0.005396492,0.004,0.005,1,0,Gsta3
Gm42715,0.116398055,0.00720149,0.013,0.01,1,0,Gm42715
Elmo3,0.116403893,-0.000427703,0.002,0.003,1,0,Elmo3
Isoc2a,0.116421798,-0.01020737,0.025,0.029,1,0,Isoc2a
Ccdc189,0.116470325,0.013672304,0.009,0.006,1,0,Ccdc189
Cdh1,0.116473219,-0.005012156,0,0.001,1,0,Cdh1
Nostrin,0.116483025,0.005974481,0.057,0.051,1,0,Nostrin
G930009F23Rik,0.116486728,-0.00201225,0,0.001,1,0,G930009F23Rik
Gm37309,0.116513751,-0.00432262,0,0.001,1,0,Gm37309
Sgo2b,0.116527662,-0.001450587,0.002,0.003,1,0,Sgo2b
Aspg,0.116581328,-0.002632625,0,0.001,1,0,Aspg
Dennd1c,0.116594848,-0.004306124,0,0.001,1,0,Dennd1c
Col5a1,0.116637673,-0.082441742,0.654,0.619,1,0,Col5a1
Gm5605,0.116650338,0.010844042,0.006,0.004,1,0,Gm5605
Gm43172,0.116675989,-0.002237343,0,0.001,1,0,Gm43172
Ppp1r37,0.116758758,0.005681882,0.034,0.03,1,0,Ppp1r37
Nsg2,0.116833165,-0.005735132,0.001,0.002,1,0,Nsg2
Mmp3,0.116913531,-0.469918093,0.318,0.312,1,0,Mmp3
Gm5981,0.116977009,-0.002634719,0.001,0.002,1,0,Gm5981
Pld4,0.117000997,-0.002538301,0.001,0.002,1,0,Pld4
Dcun1d4,0.117015937,-0.018072467,0.021,0.025,1,0,Dcun1d4
Wdr12,0.117023667,-0.002398273,0.062,0.069,1,0,Wdr12
Kcnmb3,0.117024988,-0.004209984,0.001,0.002,1,0,Kcnmb3
Gm20621,0.117036985,-0.001673836,0.001,0.002,1,0,Gm20621
Rtn4r,0.117048983,-0.004642005,0.001,0.002,1,0,Rtn4r
Gm43890,0.117060982,-0.003779352,0.001,0.002,1,0,Gm43890
Ms4a8a,0.117060982,-0.006802279,0.001,0.002,1,0,Ms4a8a
Ppm1n,0.11709655,-0.013675746,0.011,0.014,1,0,Ppm1n
4930549C15Rik,0.117108988,-0.005548964,0.001,0.002,1,0,4930549C15Rik
Gm7859,0.117132997,-0.002495762,0.001,0.002,1,0,Gm7859
Gm4828,0.117169017,-0.003369405,0.001,0.002,1,0,Gm4828
Gm15466,0.117181026,-0.001715233,0.001,0.002,1,0,Gm15466
Gm14730,0.117193036,-0.001462716,0.001,0.002,1,0,Gm14730
Gm43655,0.117193036,-0.00224372,0.001,0.002,1,0,Gm43655
A930024E05Rik,0.117193036,-0.002934588,0.001,0.002,1,0,A930024E05Rik
Gm48427,0.117193036,-0.003111453,0.001,0.002,1,0,Gm48427
Gm7099,0.117325206,-0.001359209,0.001,0.002,1,0,Gm7099
Gm17399,0.117349249,-0.001187692,0.001,0.002,1,0,Gm17399
Wrb,0.117417705,0.034488719,0.052,0.047,1,0,Wrb
Gm44704,0.11742042,0.003602949,0.006,0.004,1,0,Gm44704
Gpank1,0.117422259,-0.008949923,0.012,0.015,1,0,Gpank1
Gm43328,0.117507043,0.014744961,0.009,0.007,1,0,Gm43328
Ccdc39,0.117699497,-0.036157183,0.018,0.022,1,0,Ccdc39
Sympk,0.117716682,0.020855613,0.038,0.034,1,0,Sympk
Arhgap39,0.117804877,-0.014209544,0.01,0.013,1,0,Arhgap39
Zfp408,0.117971937,-0.009588563,0.013,0.017,1,0,Zfp408
Flywch1,0.118096245,0.022370692,0.078,0.072,1,0,Flywch1
Fgf11,0.118186428,-0.012911714,0.01,0.013,1,0,Fgf11
Rapgef4,0.118373263,-0.011098303,0.003,0.004,1,0,Rapgef4
Zranb2,0.118411721,-0.038578529,0.212,0.225,1,0,Zranb2
Myl6,0.118536408,-0.063976194,0.65,0.637,1,0,Myl6
Naa60,0.118576725,-0.006092901,0.01,0.013,1,0,Naa60
Inpp5a,0.118612032,0.033085151,0.055,0.05,1,0,Inpp5a
Pdgfra,0.118620076,-0.099449776,0.436,0.44,1,0,Pdgfra
Btf3l4,0.118656834,0.004018806,0.038,0.043,1,0,Btf3l4
Gm6286,0.118736798,-0.005259089,0.003,0.004,1,0,Gm6286
Slc10a7,0.11887931,0.001192393,0.032,0.037,1,0,Slc10a7
Tspyl3,0.118894207,0.010903004,0.014,0.011,1,0,Tspyl3
Bcl2l12,0.118917007,-0.009657402,0.034,0.039,1,0,Bcl2l12
Gm37008,0.118925816,0.003967597,0.002,0.001,1,0,Gm37008
Gm3940,0.11897668,0.002303248,0.002,0.001,1,0,Gm3940
Slc46a3,0.119004863,-0.005962045,0.003,0.004,1,0,Slc46a3
Bahd1,0.119018014,-0.00382793,0.017,0.021,1,0,Bahd1
Rpl17-ps7,0.119091187,0.004140326,0.002,0.001,1,0,Rpl17-ps7
Gm15721,0.119103915,0.00173709,0.002,0.001,1,0,Gm15721
Ppp2r3c,0.119105264,0.018952587,0.058,0.052,1,0,Ppp2r3c
Gm5424,0.119116644,0.000664068,0.002,0.001,1,0,Gm5424
2410021H03Rik,0.119116644,0.000634929,0.002,0.001,1,0,2410021H03Rik
Gm43728,0.119140059,0.010092689,0.006,0.004,1,0,Gm43728
Gm29776,0.119154839,0.000645108,0.002,0.001,1,0,Gm29776
Akt2-ps,0.119211067,-0.005634704,0.002,0.003,1,0,Akt2-ps
Caprin1,0.119235559,0.020109339,0.26,0.252,1,0,Caprin1
Zfp790,0.119252034,-0.009934431,0.01,0.013,1,0,Zfp790
Vmac,0.119260025,0.002978204,0.024,0.028,1,0,Vmac
Rpl3l,0.119433989,-0.010445585,0.001,0.002,1,0,Rpl3l
Oxt,0.119478286,-0.002644212,0.002,0.003,1,0,Oxt
Gm21811,0.119486914,-0.00137661,0.002,0.003,1,0,Gm21811
Eif2b2,0.119581165,-0.024204807,0.058,0.064,1,0,Eif2b2
Fam71e1,0.11960715,-0.004693204,0.001,0.002,1,0,Fam71e1
Foxp3,0.119644175,0.008123671,0.004,0.003,1,0,Foxp3
Otud5,0.119691096,-0.019130301,0.076,0.084,1,0,Otud5
3110070M22Rik,0.119694127,-0.002929698,0.002,0.003,1,0,3110070M22Rik
BC002163,0.119697694,-0.009243659,0.009,0.012,1,0,BC002163
Gm9791,0.119703435,-0.001874806,0.001,0.002,1,0,Gm9791
Ercc3,0.119734253,-0.009453282,0.034,0.039,1,0,Ercc3
Gm37474,0.119809419,-0.003956805,0.001,0.002,1,0,Gm37474
Gm36371,0.119847977,-0.001796957,0.001,0.002,1,0,Gm36371
Gm42717,0.119881723,-0.00508119,0.001,0.002,1,0,Gm42717
Gm13094,0.120021608,-0.001535237,0.001,0.002,1,0,Gm13094
Gm16399,0.12005416,-0.000742981,0.003,0.004,1,0,Gm16399
Fchsd2,0.120152136,-0.018934765,0.029,0.034,1,0,Fchsd2
Map11,0.120217529,0.023017285,0.016,0.013,1,0,Map11
Gpr146,0.120291355,-0.003354647,0.01,0.012,1,0,Gpr146
Hoxb7,0.120613916,0.014912342,0.024,0.021,1,0,Hoxb7
Cds2,0.120669798,-0.039962072,0.058,0.065,1,0,Cds2
2010109A12Rik,0.120693312,-0.007835639,0.004,0.006,1,0,2010109A12Rik
Sars,0.120843207,-0.009577698,0.209,0.222,1,0,Sars
Isg20l2,0.120887218,-0.001310375,0.068,0.075,1,0,Isg20l2
Kbtbd2,0.121009302,-0.00273488,0.048,0.055,1,0,Kbtbd2
Arpin,0.121099672,0.000381323,0.06,0.066,1,0,Arpin
Thap1,0.121121298,-0.023895684,0.031,0.036,1,0,Thap1
Ythdc2,0.1212085,-0.016795562,0.031,0.035,1,0,Ythdc2
Zfp111,0.121344996,-0.010330819,0.009,0.011,1,0,Zfp111
Gm43489,0.121450783,-0.006519478,0.004,0.006,1,0,Gm43489
Rab7-ps1,0.121571161,-0.00398474,0.006,0.008,1,0,Rab7-ps1
Rnf185,0.121741235,-0.01633559,0.041,0.046,1,0,Rnf185
Sp1,0.121767558,0.022187292,0.141,0.133,1,0,Sp1
Creb3l4,0.121797486,-0.002650358,0.002,0.004,1,0,Creb3l4
A730011C13Rik,0.121897263,-0.006376926,0.007,0.009,1,0,A730011C13Rik
Dlat,0.121914467,-0.041361058,0.127,0.137,1,0,Dlat
Trim44,0.121917414,-0.019760569,0.096,0.105,1,0,Trim44
Ndufaf3,0.121989846,-0.01846848,0.049,0.055,1,0,Ndufaf3
Gpx4,0.122016854,-0.037207903,0.196,0.208,1,0,Gpx4
Ctcf,0.122027439,-0.036673768,0.235,0.249,1,0,Ctcf
Eftud2,0.122036594,-0.025540617,0.08,0.087,1,0,Eftud2
Eloa,0.122177776,-0.019397085,0.164,0.176,1,0,Eloa
Fuz,0.122361033,-0.007241063,0.003,0.005,1,0,Fuz
Gm42973,0.122383855,-0.010082658,0.004,0.006,1,0,Gm42973
Trappc10,0.122416971,-0.008278111,0.062,0.068,1,0,Trappc10
Cdc6,0.122436358,-0.002989648,0.008,0.01,1,0,Cdc6
Vdr,0.122511677,0.011195082,0.005,0.004,1,0,Vdr
D130040H23Rik,0.122663963,0.007657016,0.018,0.014,1,0,D130040H23Rik
Nim1k,0.122679632,-0.018911726,0.013,0.017,1,0,Nim1k
Gm2614,0.122930048,0.000953916,0.019,0.023,1,0,Gm2614
9330151L19Rik,0.122950738,-0.003056732,0.003,0.005,1,0,9330151L19Rik
Rnf130,0.12314695,0.025179582,0.138,0.131,1,0,Rnf130
Prr36,0.123156971,0.004700778,0.005,0.004,1,0,Prr36
Gm5425,0.123398612,-0.000361823,0.007,0.009,1,0,Gm5425
Mosmo,0.123623093,-0.023469642,0.067,0.074,1,0,Mosmo
Amfr,0.123624516,0.040585059,0.125,0.119,1,0,Amfr
Rtraf,0.123752623,-0.052119371,0.32,0.331,1,0,Rtraf
Nfkb2,0.123763525,-0.00178051,0.092,0.101,1,0,Nfkb2
Cat,0.123765784,0.029303972,0.126,0.119,1,0,Cat
Pdcd6,0.123965988,-0.009313928,0.238,0.254,1,0,Pdcd6
Gm8883,0.123976239,0.004362902,0.002,0.001,1,0,Gm8883
Rp2,0.124005704,0.020622719,0.065,0.059,1,0,Rp2
Zfp772,0.124113589,-0.0020726,0.013,0.016,1,0,Zfp772
Zfp40,0.124178353,-0.022975342,0.022,0.025,1,0,Zfp40
Gm15133,0.124185255,0.006194675,0.002,0.001,1,0,Gm15133
Gm43811,0.124197559,0.006604974,0.002,0.001,1,0,Gm43811
Ptbp3,0.124249844,-0.023229851,0.236,0.251,1,0,Ptbp3
Tstd1,0.124271401,0.00425158,0.002,0.001,1,0,Tstd1
3222401L13Rik,0.124342979,-0.014663906,0.011,0.014,1,0,3222401L13Rik
Gm37018,0.124345277,0.005372167,0.002,0.001,1,0,Gm37018
Rcan3,0.124647842,-0.022296855,0.032,0.037,1,0,Rcan3
Prpsap2,0.124682741,-0.027106811,0.026,0.031,1,0,Prpsap2
Tex30,0.124915633,-0.004811282,0.03,0.035,1,0,Tex30
Gm5422,0.124954069,-0.002743154,0.004,0.006,1,0,Gm5422
Far2,0.124959986,-0.005366552,0.012,0.015,1,0,Far2
Tcn2,0.125123444,0.028942409,0.14,0.132,1,0,Tcn2
Lnx2,0.12522149,-0.023511976,0.019,0.022,1,0,Lnx2
Emc2,0.125383468,0.05470449,0.216,0.211,1,0,Emc2
Mok,0.125387957,-0.008201903,0.003,0.005,1,0,Mok
Zfp715,0.125435344,-0.014785479,0.017,0.02,1,0,Zfp715
Tubg2,0.125469578,-0.008803602,0.003,0.005,1,0,Tubg2
Slc5a5,0.125630617,0.005580446,0.004,0.002,1,0,Slc5a5
Scn2b,0.12563192,-0.003670904,0.005,0.004,1,0,Scn2b
Zfp800,0.125635803,0.013169268,0.076,0.07,1,0,Zfp800
Taf5l,0.125681623,0.025131561,0.045,0.04,1,0,Taf5l
Hoxb2,0.125903161,0.005308683,0.004,0.002,1,0,Hoxb2
Mcee,0.125923627,-0.017729543,0.09,0.098,1,0,Mcee
Snrpert,0.125943705,-0.00591729,0.021,0.025,1,0,Snrpert
Atp6v0a2,0.125983988,-0.01892826,0.072,0.08,1,0,Atp6v0a2
Gm10052,0.126048915,-0.003859743,0.003,0.005,1,0,Gm10052
Gstk1,0.12611476,0.008422597,0.052,0.046,1,0,Gstk1
Camsap3,0.126132101,0.002231413,0.004,0.002,1,0,Camsap3
Ccr9,0.126193794,0.005027941,0.004,0.002,1,0,Ccr9
Ankrd26,0.126245846,0.015253255,0.112,0.105,1,0,Ankrd26
Pxmp2,0.126280881,-0.006208767,0.002,0.004,1,0,Pxmp2
Zfp593,0.126282745,-0.006496616,0.014,0.017,1,0,Zfp593
Mmachc,0.126326446,0.016665076,0.029,0.025,1,0,Mmachc
Adipor2,0.12639171,-0.012777868,0.098,0.107,1,0,Adipor2
Abcf1,0.12643058,0.031120151,0.353,0.346,1,0,Abcf1
Tbc1d9,0.126435393,0.011713003,0.006,0.004,1,0,Tbc1d9
B130046B21Rik,0.126481247,-0.002308739,0.002,0.004,1,0,B130046B21Rik
Map2k2,0.126533713,0.032408062,0.241,0.236,1,0,Map2k2
Tor4a,0.126557467,-0.004718218,0.002,0.003,1,0,Tor4a
Smarcal1,0.126558907,0.024546993,0.035,0.03,1,0,Smarcal1
Gm35248,0.126584353,0.008375204,0.005,0.004,1,0,Gm35248
Tle6,0.126654284,0.028692344,0.03,0.026,1,0,Tle6
A330035P11Rik,0.126670043,-0.004145056,0.002,0.003,1,0,A330035P11Rik
Gm1673,0.126726762,0.00759584,0.072,0.08,1,0,Gm1673
Map3k11,0.126876241,-0.009388951,0.011,0.013,1,0,Map3k11
Supt4b,0.126956164,-0.001631939,0.002,0.003,1,0,Supt4b
Fancm,0.126979273,-0.004497478,0.019,0.022,1,0,Fancm
Gm42826,0.126989086,0.002708915,0.004,0.002,1,0,Gm42826
Sat2,0.12703519,-0.007772098,0.017,0.02,1,0,Sat2
Arhgap44,0.127097566,0.01399498,0.019,0.016,1,0,Arhgap44
Btbd19,0.127242022,-0.007376148,0.017,0.02,1,0,Btbd19
A930001M01Rik,0.1273022,0.008683369,0.003,0.002,1,0,A930001M01Rik
Gm48964,0.127308293,-0.000525447,0.004,0.002,1,0,Gm48964
Gm37052,0.127336926,0.007150799,0.01,0.008,1,0,Gm37052
Rpl10-ps2,0.12734714,-0.001617913,0.002,0.003,1,0,Rpl10-ps2
Bbof1,0.127412668,0.000537925,0.005,0.007,1,0,Bbof1
mt-Tl2,0.127606474,-0.011302329,0.003,0.005,1,0,mt-Tl2
Mpeg1,0.127613202,-0.005451059,0.003,0.005,1,0,Mpeg1
Alpk3,0.127632704,-0.00782469,0.001,0.002,1,0,Alpk3
Ccdc160,0.127654479,-0.013088461,0.001,0.002,1,0,Ccdc160
Rad51ap2,0.127719823,-0.007772894,0.001,0.002,1,0,Rad51ap2
4931428F04Rik,0.127752504,-0.004164241,0.001,0.002,1,0,4931428F04Rik
Nos1,0.127828787,-0.008539923,0.001,0.002,1,0,Nos1
Nsfl1c,0.127858562,-0.000585977,0.141,0.152,1,0,Nsfl1c
Gm27206,0.127926916,-0.004272225,0.001,0.002,1,0,Gm27206
Sycp2,0.127926916,-0.006271984,0.001,0.002,1,0,Sycp2
Pigu,0.127950176,0.003781166,0.043,0.049,1,0,Pigu
Tagln3,0.127981457,-0.006069632,0.001,0.002,1,0,Tagln3
Gm10451,0.127992368,-0.004671715,0.001,0.002,1,0,Gm10451
Gm13986,0.128014191,-0.007821139,0.001,0.002,1,0,Gm13986
Gm16618,0.128028059,0.002865161,0.002,0.001,1,0,Gm16618
Bbs10,0.128036017,-0.003708182,0.001,0.002,1,0,Bbs10
Gm49410,0.128046931,-0.00349332,0.001,0.002,1,0,Gm49410
Gm43166,0.128051819,0.003659459,0.002,0.001,1,0,Gm43166
Gm44956,0.128075582,0.002771629,0.002,0.001,1,0,Gm44956
Zfp623,0.128127239,-0.009258112,0.011,0.014,1,0,Zfp623
Gm43904,0.12827771,0.001032141,0.002,0.001,1,0,Gm43904
Zfp599,0.12835282,0.002130845,0.001,0.002,1,0,Zfp599
A230059L01Rik,0.12835282,-0.000873681,0.001,0.002,1,0,A230059L01Rik
Zfp282,0.128450765,0.002572081,0.019,0.023,1,0,Zfp282
Pradc1,0.128507648,0.000281227,0.036,0.041,1,0,Pradc1
Ccnj,0.128544355,-0.003668906,0.003,0.005,1,0,Ccnj
Gm10389,0.128618804,0.000152012,0.003,0.005,1,0,Gm10389
Mettl18,0.128653302,-0.00859647,0.005,0.007,1,0,Mettl18
Atic,0.128927868,0.061711093,0.137,0.131,1,0,Atic
Gm10136,0.128973328,0.005793327,0.006,0.004,1,0,Gm10136
Gm44283,0.12897992,0.004114915,0.006,0.004,1,0,Gm44283
Dock1,0.128994117,-0.002987582,0.114,0.124,1,0,Dock1
H2-Q5,0.129199971,0.003565889,0.003,0.002,1,0,H2-Q5
Gm15844,0.129308613,-0.005935964,0.001,0.003,1,0,Gm15844
Adck1,0.129392723,-0.010097993,0.016,0.02,1,0,Adck1
Dazap1,0.129502527,-0.012736193,0.154,0.166,1,0,Dazap1
Gm37606,0.129521137,0.003956995,0.076,0.07,1,0,Gm37606
Smim41,0.129528201,-0.014399512,0.004,0.005,1,0,Smim41
Osbpl10,0.129639372,-0.003037324,0.001,0.003,1,0,Osbpl10
Ttc30a1,0.129658849,-0.002799005,0.001,0.003,1,0,Ttc30a1
Gm8098,0.129678328,-0.00442442,0.001,0.003,1,0,Gm8098
Ttll11,0.129697809,-0.002951656,0.001,0.003,1,0,Ttll11
B230334C09Rik,0.129714494,0.006298652,0.002,0.001,1,0,B230334C09Rik
Gm48586,0.129728598,0.001910608,0.003,0.002,1,0,Gm48586
Gm13349,0.129756267,-0.003605571,0.001,0.003,1,0,Gm13349
Nrros,0.129803408,0.007574446,0.005,0.003,1,0,Nrros
Crnkl1,0.129894448,-0.006511409,0.094,0.103,1,0,Crnkl1
Adi1,0.129899328,-0.016555418,0.036,0.041,1,0,Adi1
Gm42790,0.129919562,0.003386117,0.002,0.001,1,0,Gm42790
Zbtb45,0.129958348,-0.015934982,0.017,0.02,1,0,Zbtb45
Gm26736,0.129965167,0.005143486,0.002,0.001,1,0,Gm26736
Hoxb3,0.129982684,0.004021377,0.005,0.003,1,0,Hoxb3
Rnf38,0.130124175,-0.00063168,0.03,0.035,1,0,Rnf38
Ppp1r18os,0.130185583,-0.000270208,0.001,0.003,1,0,Ppp1r18os
2900052L18Rik,0.130260235,-0.011506983,0.003,0.004,1,0,2900052L18Rik
Polq,0.130312637,0.002443488,0.001,0.003,1,0,Polq
Pbld2,0.130364739,0.001028243,0.002,0.001,1,0,Pbld2
Gm15809,0.130490515,-9.48E-05,0.002,0.001,1,0,Gm15809
Fam216a,0.130509438,-0.001630984,0.01,0.013,1,0,Fam216a
Gm6382,0.130650909,-0.0054434,0.003,0.004,1,0,Gm6382
Rnf5,0.13073058,-0.014096397,0.05,0.056,1,0,Rnf5
Prkg1,0.130859569,-0.034402093,0.026,0.03,1,0,Prkg1
Tspan14,0.13091502,0.010571585,0.034,0.03,1,0,Tspan14
Gm37809,0.13091801,0.00179475,0.003,0.002,1,0,Gm37809
Dynlt1c,0.131055604,0.00531733,0.003,0.002,1,0,Dynlt1c
Trappc1,0.131091088,0.076367853,0.128,0.123,1,0,Trappc1
Gm42774,0.131129407,0.003565934,0.003,0.002,1,0,Gm42774
Gm37163,0.131160423,0.002534809,0.003,0.002,1,0,Gm37163
Gm43924,0.131213702,0.002340297,0.003,0.002,1,0,Gm43924
Gm48887,0.131238988,0.003701852,0.009,0.006,1,0,Gm48887
Pcdhgc5,0.131254514,0.00523324,0.005,0.007,1,0,Pcdhgc5
Klc4,0.131275796,-0.017157946,0.026,0.03,1,0,Klc4
Gm2011,0.131290742,-0.006738383,0.007,0.009,1,0,Gm2011
Gm26596,0.131439426,-0.01161327,0.007,0.009,1,0,Gm26596
Ece1,0.131636738,-0.069011904,0.362,0.374,1,0,Ece1
4930431P19Rik,0.131961822,-0.011982992,0.004,0.006,1,0,4930431P19Rik
2510017J16Rik,0.132011303,0.010762627,0.012,0.009,1,0,2510017J16Rik
Castor2,0.132012547,-0.017813666,0.065,0.071,1,0,Castor2
Imp3,0.132360031,-9.14E-05,0.123,0.133,1,0,Imp3
Cdk11b,0.132386525,-0.002538612,0.406,0.398,1,0,Cdk11b
Adora2a,0.132403866,-0.008597194,0.002,0.003,1,0,Adora2a
Laptm4a,0.132423367,-0.019562563,0.875,0.855,1,0,Laptm4a
Snx15,0.132429738,-0.015200603,0.026,0.031,1,0,Snx15
Cd74,0.132573182,-0.017674218,0.006,0.009,1,0,Cd74
Zbtb46,0.132767127,-0.007110863,0.014,0.017,1,0,Zbtb46
G430095P16Rik,0.132900082,-0.004891975,0.007,0.009,1,0,G430095P16Rik
Gtf3c3,0.132934715,-0.022002739,0.058,0.064,1,0,Gtf3c3
Heatr5a,0.133011314,0.027022862,0.077,0.072,1,0,Heatr5a
Gm43946,0.133096199,-0.010180449,0.007,0.01,1,0,Gm43946
Armc7,0.133157617,-0.002450671,0.01,0.012,1,0,Armc7
Cep131,0.133195695,-0.00508567,0.012,0.014,1,0,Cep131
Gm33280,0.133235842,0.007034892,0.005,0.003,1,0,Gm33280
Slmap,0.133270233,-0.030685394,0.175,0.186,1,0,Slmap
Rfc3,0.133298258,-0.015635076,0.031,0.036,1,0,Rfc3
Tyr,0.133355606,0.006758567,0.002,0.003,1,0,Tyr
Brd7,0.133410873,-0.042099395,0.146,0.156,1,0,Brd7
Cmtm6,0.133415978,0.026505278,0.091,0.085,1,0,Cmtm6
Ippk,0.133417375,-0.001651053,0.016,0.02,1,0,Ippk
Gm15787,0.13350994,-0.003245983,0.004,0.006,1,0,Gm15787
Heatr5b,0.133564576,0.021890763,0.03,0.026,1,0,Heatr5b
Sap18,0.133700577,-0.02147009,0.213,0.227,1,0,Sap18
AV099323,0.133742708,0.005318735,0.005,0.003,1,0,AV099323
Ndufa2,0.133781947,-0.038752798,0.453,0.465,1,0,Ndufa2
Szrd1,0.133801275,-0.027037976,0.146,0.157,1,0,Szrd1
Rere,0.133930079,0.026822502,0.207,0.199,1,0,Rere
Cenpo,0.134035303,-0.004599703,0.007,0.009,1,0,Cenpo
Gm11652,0.134119823,0.001466194,0.006,0.008,1,0,Gm11652
Ccl8,0.13416257,-0.075678286,0.191,0.18,1,0,Ccl8
Snw1,0.13426258,-0.045404706,0.218,0.23,1,0,Snw1
C2cd2l,0.13439195,-0.007879675,0.02,0.024,1,0,C2cd2l
Ms4a6b,0.134436527,-0.005315241,0,0.001,1,0,Ms4a6b
Gm5837,0.134454584,-0.003470592,0.003,0.004,1,0,Gm5837
Gcg,0.13448506,-0.006485595,0.003,0.004,1,0,Gcg
Cd300ld,0.134566067,-0.004202365,0,0.001,1,0,Cd300ld
Nectin4,0.134584581,-0.002254964,0,0.001,1,0,Nectin4
Zfp74,0.134604423,-0.006849006,0.036,0.041,1,0,Zfp74
Vbp1,0.134729921,-0.006222088,0.107,0.116,1,0,Vbp1
C1qtnf4,0.13478153,-0.002325144,0.004,0.006,1,0,C1qtnf4
2-Mar,0.134936894,0.031574369,0.17,0.163,1,0,2-Mar
Piwil4,0.135195129,-0.002357953,0.003,0.004,1,0,Piwil4
Uqcrb,0.135301826,-0.044869543,0.43,0.44,1,0,Uqcrb
Sh2d3c,0.135379286,-0.008688683,0.001,0.002,1,0,Sh2d3c
Gm28551,0.135404097,-0.007304665,0.001,0.002,1,0,Gm28551
Gm10548,0.135416503,-0.004319963,0.001,0.002,1,0,Gm10548
Slc25a19,0.13549958,0.007394031,0.037,0.033,1,0,Slc25a19
Fam189b,0.135521157,-0.003055142,0.065,0.071,1,0,Fam189b
Gm32817,0.135565452,-0.002416715,0.001,0.002,1,0,Gm32817
Pcdhb8,0.13557787,-0.003963569,0.001,0.002,1,0,Pcdhb8
Rpl39l,0.135616212,0.024393231,0.059,0.066,1,0,Rpl39l
Hacd1,0.135698152,0.055858842,0.137,0.131,1,0,Hacd1
Gm13433,0.135813981,-0.002838263,0.001,0.002,1,0,Gm13433
Unc119b,0.135899801,0.025562736,0.076,0.07,1,0,Unc119b
Serpinb10,0.135925933,-0.000611692,0.001,0.002,1,0,Serpinb10
Gm11448,0.135950821,-0.001519484,0.001,0.002,1,0,Gm11448
Pak2,0.136104653,0.032590546,0.295,0.29,1,0,Pak2
Brix1,0.136105323,-0.026197062,0.111,0.12,1,0,Brix1
Aph1b,0.13633159,-0.027853911,0.035,0.04,1,0,Aph1b
Mrps30,0.136394174,-0.012730565,0.046,0.052,1,0,Mrps30
Mrps33,0.136500926,-0.008262864,0.108,0.117,1,0,Mrps33
Zfp869,0.13650644,-0.019665978,0.062,0.068,1,0,Zfp869
Sgce,0.136541319,0.012450964,0.262,0.253,1,0,Sgce
Pcdhgb4,0.136740957,0.003062986,0.006,0.004,1,0,Pcdhgb4
Kantr,0.136773104,-0.020649786,0.022,0.026,1,0,Kantr
Cry2,0.136853543,0.018998494,0.064,0.059,1,0,Cry2
Srpk1,0.136862744,-0.023195493,0.133,0.143,1,0,Srpk1
Cdkal1,0.136952991,-0.008487775,0.025,0.029,1,0,Cdkal1
Taf1b,0.136967068,0.02101263,0.041,0.036,1,0,Taf1b
Wdr3,0.136984266,0.006320443,0.058,0.064,1,0,Wdr3
Mdm2,0.136987073,0.03611625,0.136,0.13,1,0,Mdm2
Tmem138,0.137103959,0.006217159,0.042,0.047,1,0,Tmem138
Vps39,0.137272306,0.024201441,0.045,0.04,1,0,Vps39
Lonrf2,0.137306454,0.006637764,0.011,0.009,1,0,Lonrf2
Slc7a5,0.1374462,0.001288338,0.019,0.022,1,0,Slc7a5
Dcp1a,0.137580814,-0.016536929,0.021,0.025,1,0,Dcp1a
Gm36933,0.137685827,-0.011499768,0.004,0.006,1,0,Gm36933
Gna14,0.137688097,-0.004394317,0.01,0.008,1,0,Gna14
Pigw,0.137833477,-0.009542803,0.004,0.006,1,0,Pigw
Cdk5rap1,0.137850442,-0.00691588,0.01,0.013,1,0,Cdk5rap1
Endov,0.137920846,-0.007344001,0.014,0.017,1,0,Endov
Setd1a,0.138007134,0.020338282,0.04,0.035,1,0,Setd1a
Metap1,0.138161304,0.028456242,0.085,0.08,1,0,Metap1
Birc3,0.138222767,-0.006689841,0.154,0.146,1,0,Birc3
Ppp2cb,0.138485029,-0.016386407,0.035,0.04,1,0,Ppp2cb
Celf1,0.13853545,-0.036889917,0.201,0.215,1,0,Celf1
Ndufs6b,0.13859904,-0.003646709,0.003,0.005,1,0,Ndufs6b
Hexa,0.138604726,-0.01693041,0.346,0.36,1,0,Hexa
Gm45588,0.138660453,-0.002777706,0.002,0.003,1,0,Gm45588
Ccdc74a,0.138675276,-0.013719658,0.009,0.012,1,0,Ccdc74a
Gm6210,0.138707757,-0.006936212,0.002,0.004,1,0,Gm6210
Mrpl24,0.138863021,-0.016418091,0.049,0.055,1,0,Mrpl24
Gask1a,0.139069863,0.015843157,0.03,0.026,1,0,Gask1a
Neurl4,0.139284138,0.013524912,0.034,0.03,1,0,Neurl4
Anapc13,0.139576057,0.034179205,0.294,0.288,1,0,Anapc13
Zxdc,0.139690745,0.007095966,0.028,0.024,1,0,Zxdc
Zfp235,0.139891021,-0.019608513,0.011,0.014,1,0,Zfp235
1500026H17Rik,0.140033962,-0.005865441,0.001,0.002,1,0,1500026H17Rik
Hmgxb4,0.140048714,-0.027892054,0.081,0.088,1,0,Hmgxb4
Vta1,0.140182867,-0.021757523,0.079,0.086,1,0,Vta1
Jade3,0.140218828,-0.006016803,0.005,0.006,1,0,Jade3
Myo1e,0.140259656,-0.022550594,0.095,0.103,1,0,Myo1e
A830012C17Rik,0.140287806,-0.005776099,0.001,0.002,1,0,A830012C17Rik
Gm47583,0.140320942,-0.004968215,0.001,0.002,1,0,Gm47583
Srbd1,0.140330115,-0.004331549,0.036,0.041,1,0,Srbd1
Gm13785,0.140485165,0.001056991,0.007,0.005,1,0,Gm13785
Ccdc65,0.140497769,-0.001729625,0.001,0.002,1,0,Ccdc65
1190007I07Rik,0.140510109,0.019273041,0.031,0.027,1,0,1190007I07Rik
Fam184b,0.140530943,-0.002848844,0.001,0.002,1,0,Fam184b
Ppil6,0.140661688,-0.009030053,0.003,0.005,1,0,Ppil6
Golph3l,0.140756066,0.022561326,0.037,0.033,1,0,Golph3l
Fktn,0.140892761,-0.005614492,0.074,0.068,1,0,Fktn
Vstm2b,0.140985363,-0.017536428,0.011,0.014,1,0,Vstm2b
1-Sep,0.14110291,0.020398844,0.022,0.018,1,0,1-Sep
Mpp6,0.141126771,-0.010234322,0.096,0.105,1,0,Mpp6
C430014B12Rik,0.141142092,0.007557097,0.009,0.007,1,0,C430014B12Rik
Dhx33,0.141163186,-0.002281579,0.039,0.044,1,0,Dhx33
Plekha8,0.141192419,0.021023337,0.041,0.037,1,0,Plekha8
Zfp652os,0.141225114,-0.003089636,0.001,0.001,1,0,Zfp652os
Gm4804,0.141310304,-0.005035186,0.001,0.001,1,0,Gm4804
Gm49970,0.14133871,-0.006681316,0.001,0.001,1,0,Gm49970
Eapp,0.141387491,0.02501631,0.215,0.208,1,0,Eapp
Kif3c,0.141392409,-0.001470489,0.003,0.005,1,0,Kif3c
Gm15186,0.141423952,-0.002867857,0.001,0.001,1,0,Gm15186
Gm6472,0.141458261,-0.014181774,0.058,0.064,1,0,Gm6472
2700078F05Rik,0.141523452,-0.004121367,0.001,0.001,1,0,2700078F05Rik
Gm8420,0.14153767,-0.003991402,0.001,0.001,1,0,Gm8420
Plbd1,0.141566111,-0.001976273,0.001,0.001,1,0,Plbd1
Fam241b,0.141566111,-0.002667468,0.001,0.001,1,0,Fam241b
A530072M11Rik,0.141580333,-0.002207038,0.001,0.001,1,0,A530072M11Rik
Cd72,0.141580333,-0.00322567,0.001,0.001,1,0,Cd72
Gm17909,0.14160878,-0.002550342,0.001,0.001,1,0,Gm17909
Gm37334,0.141623005,-0.002244889,0.001,0.001,1,0,Gm37334
Rasgrf1,0.141637232,-0.001322225,0.001,0.001,1,0,Rasgrf1
Tesk2,0.141648911,-0.007634612,0.005,0.007,1,0,Tesk2
Scamp1,0.141657814,0.038373623,0.076,0.071,1,0,Scamp1
Bcl11b,0.141665687,-0.001580855,0.001,0.001,1,0,Bcl11b
Atpsckmt,0.141674204,0.022162282,0.064,0.059,1,0,Atpsckmt
Gm27046,0.141793793,-0.000359584,0.001,0.001,1,0,Gm27046
Zfp777,0.141838747,-0.008587583,0.014,0.017,1,0,Zfp777
Gm42969,0.141839767,0.001898108,0.003,0.005,1,0,Gm42969
Psmg2,0.142268972,0.011588609,0.095,0.104,1,0,Psmg2
Tcea2,0.142356012,0.006151999,0.015,0.013,1,0,Tcea2
Mef2a,0.142419385,-0.081663902,0.241,0.252,1,0,Mef2a
Arhgap15,0.142472496,-0.014470791,0.003,0.005,1,0,Arhgap15
Gm13340,0.14272381,-0.007973187,0.005,0.007,1,0,Gm13340
Jph4,0.142749752,-0.009864746,0.006,0.008,1,0,Jph4
Ttc23,0.142756285,-0.018702296,0.028,0.033,1,0,Ttc23
Dusp13,0.142780148,-0.006760173,0,0.001,1,0,Dusp13
Prkag1,0.142843909,-0.008903199,0.103,0.112,1,0,Prkag1
Stard7,0.142844953,0.002779487,0.064,0.071,1,0,Stard7
Arid5b,0.142863072,0.019400913,0.389,0.384,1,0,Arid5b
Tmem181a,0.142905819,-0.004757673,0.02,0.024,1,0,Tmem181a
Nfia,0.143031796,-0.089570239,0.486,0.487,1,0,Nfia
Mapk1,0.143051238,0.041288785,0.185,0.179,1,0,Mapk1
Gm37124,0.14308977,-0.003062975,0,0.001,1,0,Gm37124
Anp32a,0.143113851,-0.007648286,0.447,0.43,1,0,Anp32a
Tesk1,0.143243736,-0.00123357,0.019,0.015,1,0,Tesk1
Mpg,0.143249709,-0.010056367,0.006,0.008,1,0,Mpg
Appl1,0.143544758,0.027140889,0.239,0.233,1,0,Appl1
Emc1,0.143570144,0.049433658,0.074,0.069,1,0,Emc1
Dennd1b,0.143713971,0.027439087,0.06,0.055,1,0,Dennd1b
Gm42576,0.143754777,0.009558472,0.007,0.005,1,0,Gm42576
Rbm8a,0.143784529,-0.048475684,0.336,0.348,1,0,Rbm8a
9130221H12Rik,0.143808825,-0.012052268,0.01,0.013,1,0,9130221H12Rik
Cldn12,0.143830607,0.014497802,0.024,0.021,1,0,Cldn12
Iffo1,0.143833185,-0.03151807,0.031,0.035,1,0,Iffo1
2310040G07Rik,0.143875754,0.004945454,0.006,0.005,1,0,2310040G07Rik
Gm42467,0.14400749,0.008524752,0.008,0.006,1,0,Gm42467
Tom1l2,0.144328938,0.017356034,0.057,0.052,1,0,Tom1l2
Hacl1,0.144435406,0.014078886,0.017,0.014,1,0,Hacl1
Arel1,0.14447257,-0.002450719,0.007,0.009,1,0,Arel1
Rnf139,0.144505594,-0.010238757,0.013,0.016,1,0,Rnf139
Fras1,0.144672945,0.002783026,0.004,0.003,1,0,Fras1
Zfp946,0.144718689,-0.001966914,0.018,0.021,1,0,Zfp946
Rnf207,0.144812378,-0.002761534,0.006,0.008,1,0,Rnf207
Tmem185a,0.144859283,-0.002305175,0.041,0.047,1,0,Tmem185a
Sspn,0.145169659,-0.002042485,0.231,0.223,1,0,Sspn
Exosc3,0.145183851,-0.00453556,0.066,0.073,1,0,Exosc3
Ptpn3,0.145299617,-0.009535392,0.017,0.02,1,0,Ptpn3
Artn,0.145586472,-0.005582021,0.002,0.003,1,0,Artn
Wdr91,0.145612215,-0.01670519,0.025,0.029,1,0,Wdr91
Decr1,0.145666831,-0.009093521,0.123,0.133,1,0,Decr1
Abcc3,0.146025425,-0.003531292,0.002,0.003,1,0,Abcc3
5031425E22Rik,0.146035649,0.018296268,0.069,0.064,1,0,5031425E22Rik
Kcnmb4,0.146181741,0.000155472,0.002,0.003,1,0,Kcnmb4
Ablim2,0.14627667,-0.002251431,0.005,0.004,1,0,Ablim2
Bicdl2,0.146512477,-0.004738415,0.004,0.005,1,0,Bicdl2
Zswim6,0.146519138,0.037536588,0.049,0.044,1,0,Zswim6
Atg2b,0.146564717,0.025734388,0.036,0.032,1,0,Atg2b
Htatsf1,0.146606285,-0.040414341,0.235,0.248,1,0,Htatsf1
Gm7676,0.146805146,-0.002756322,0.01,0.013,1,0,Gm7676
Bag5,0.146819323,0.032696733,0.114,0.108,1,0,Bag5
Nthl1,0.146899362,-0.001503068,0.011,0.014,1,0,Nthl1
Prss57,0.147080226,0.007143574,0.004,0.003,1,0,Prss57
Brd4,0.147131313,0.044216995,0.267,0.262,1,0,Brd4
Sirt4,0.147230865,-0.01027319,0.015,0.018,1,0,Sirt4
Fbxo7,0.14723665,0.007178814,0.038,0.034,1,0,Fbxo7
Nagpa,0.147254229,-0.008366025,0.064,0.071,1,0,Nagpa
Ncoa3,0.147261124,-0.031034528,0.067,0.074,1,0,Ncoa3
Cse1l,0.147426103,0.049377001,0.086,0.08,1,0,Cse1l
Hist2h3c2,0.147471442,-0.004433184,0.004,0.005,1,0,Hist2h3c2
Macrod2,0.147493366,0.036414672,0.035,0.031,1,0,Macrod2
Rfx3,0.147518826,-0.010117342,0.01,0.013,1,0,Rfx3
Phf1,0.147650887,0.008003638,0.042,0.038,1,0,Phf1
Ppm1g,0.147884138,-0.016797398,0.106,0.115,1,0,Ppm1g
Uhrf1bp1l,0.147893658,0.047968299,0.102,0.096,1,0,Uhrf1bp1l
Gm47484,0.147916349,0.006655419,0.004,0.003,1,0,Gm47484
Gsdme,0.14798161,0.010942586,0.028,0.024,1,0,Gsdme
Gm12174,0.148046811,-0.001177629,0.015,0.018,1,0,Gm12174
Snapc3,0.148077012,-0.023224472,0.05,0.056,1,0,Snapc3
Sap130,0.148295801,0.027375046,0.036,0.032,1,0,Sap130
Gm10053,0.148298205,-0.004644026,0.003,0.004,1,0,Gm10053
Gm15764,0.14842443,-0.00046531,0.004,0.003,1,0,Gm15764
Rnft1,0.148493148,-0.016399742,0.106,0.115,1,0,Rnft1
Zfp54,0.148493382,-0.000871451,0.004,0.005,1,0,Zfp54
4933413J09Rik,0.148570632,0.009109819,0.007,0.005,1,0,4933413J09Rik
Mettl26,0.148584799,-0.042859287,0.06,0.066,1,0,Mettl26
Ube2o,0.148718393,-0.010069465,0.038,0.043,1,0,Ube2o
Ubn2,0.148808234,-0.030395266,0.157,0.168,1,0,Ubn2
Amigo3,0.149057864,0.003271027,0.011,0.014,1,0,Amigo3
Tnfrsf14,0.14911719,-0.004429151,0.01,0.013,1,0,Tnfrsf14
Gm6552,0.149228486,0.002966725,0.011,0.013,1,0,Gm6552
Gm5864,0.149374508,0.001138859,0.003,0.004,1,0,Gm5864
Qdpr,0.149831738,-0.016320353,0.09,0.098,1,0,Qdpr
Pink1,0.150015881,-0.070267973,0.16,0.169,1,0,Pink1
Mocs3,0.150036695,0.018247765,0.017,0.014,1,0,Mocs3
Glmp,0.150196881,-0.011644498,0.162,0.174,1,0,Glmp
Gnaz,0.150202107,0.002707952,0.012,0.009,1,0,Gnaz
Tom1,0.150305658,0.010739364,0.012,0.01,1,0,Tom1
Ipmk,0.150385259,0.033422136,0.068,0.062,1,0,Ipmk
Abhd13,0.150385747,-0.018812044,0.036,0.041,1,0,Abhd13
Vps4b,0.15054461,0.045739594,0.203,0.198,1,0,Vps4b
Igsf8,0.150590267,-0.023514844,0.143,0.153,1,0,Igsf8
Eif2ak1,0.150671124,0.030110075,0.113,0.107,1,0,Eif2ak1
Smkr-ps,0.150714275,0.005078367,0.004,0.003,1,0,Smkr-ps
Gm19620,0.150754142,-0.005452306,0.001,0.002,1,0,Gm19620
Gm12258,0.150811422,0.003486241,0.004,0.003,1,0,Gm12258
Lman2l,0.150825437,0.018223033,0.037,0.033,1,0,Lman2l
Zfp455,0.150898895,0.007097318,0.004,0.003,1,0,Zfp455
Gtf2i,0.150923407,-0.028388126,0.196,0.208,1,0,Gtf2i
Nif3l1,0.150933181,-0.00188506,0.04,0.045,1,0,Nif3l1
Ccar2,0.15098241,0.021822364,0.036,0.032,1,0,Ccar2
9530085L11Rik,0.1509984,-0.003504431,0.001,0.003,1,0,9530085L11Rik
Cd52,0.151081341,-0.005013742,0.001,0.002,1,0,Cd52
Gm20568,0.151106533,-0.00240103,0.001,0.002,1,0,Gm20568
C130012C08Rik,0.15111913,-0.004340788,0.001,0.002,1,0,C130012C08Rik
Gpr182,0.151194728,-0.004402004,0.001,0.002,1,0,Gpr182
Rbm7,0.151220278,0.027531734,0.129,0.123,1,0,Rbm7
Slc25a42,0.151221451,0.007720219,0.013,0.011,1,0,Slc25a42
Gm7265,0.151286845,-0.001190368,0.001,0.003,1,0,Gm7265
Gm9480,0.15130818,-0.001656844,0.001,0.002,1,0,Gm9480
Bcap29,0.151408751,-0.007476315,0.09,0.084,1,0,Bcap29
Bbs1,0.151428912,0.001762434,0.008,0.006,1,0,Bbs1
Cers2,0.151626068,-0.025569392,0.164,0.175,1,0,Cers2
Slc18b1,0.15165211,-0.009186087,0.018,0.021,1,0,Slc18b1
Zfp229,0.151666053,0.008992184,0.018,0.015,1,0,Zfp229
Ano4,0.151912501,-0.001569935,0.004,0.003,1,0,Ano4
Serf2,0.151922755,0.012503495,0.533,0.516,1,0,Serf2
A430027C01Rik,0.151923524,0.005837501,0.006,0.004,1,0,A430027C01Rik
Gm20735,0.151936373,-0.000863311,0.004,0.006,1,0,Gm20735
Hddc3,0.151984792,-0.006415544,0.002,0.003,1,0,Hddc3
C730045M19Rik,0.15208617,0.005504637,0.006,0.004,1,0,C730045M19Rik
Slx1b,0.152140781,-0.010946336,0.019,0.023,1,0,Slx1b
1110006O24Rik,0.152353056,-0.005995412,0.002,0.003,1,0,1110006O24Rik
Lpin3,0.152638108,0.013928698,0.033,0.029,1,0,Lpin3
Rpl19-ps11,0.152703843,-0.008795953,0.037,0.042,1,0,Rpl19-ps11
Gm9844,0.152829212,0.0041773,0.006,0.004,1,0,Gm9844
Gm15706,0.152897589,0.00196003,0.006,0.004,1,0,Gm15706
Ctif,0.153000458,0.025594876,0.033,0.029,1,0,Ctif
Tmem242,0.153137821,-0.00744044,0.156,0.168,1,0,Tmem242
Polr2k,0.153138583,-0.001623215,0.057,0.063,1,0,Polr2k
Cplane1,0.153246926,0.0010136,0.096,0.104,1,0,Cplane1
Zfp608,0.153259157,-0.046886431,0.123,0.131,1,0,Zfp608
R3hcc1,0.15332134,-0.002973634,0.061,0.067,1,0,R3hcc1
Cdkn2aipnl,0.153469474,-0.012208788,0.036,0.041,1,0,Cdkn2aipnl
Nat8f1,0.153473033,0.004675756,0.022,0.019,1,0,Nat8f1
Gm48604,0.153512761,-0.007350854,0.005,0.006,1,0,Gm48604
Glis1,0.153568177,0.000254703,0.003,0.004,1,0,Glis1
Gpr82,0.153800917,0.004770746,0.004,0.002,1,0,Gpr82
Ankrd1,0.153837576,0.002818358,0.012,0.01,1,0,Ankrd1
Polk,0.154019901,-0.022950571,0.036,0.041,1,0,Polk
Zbtb2,0.154088364,-0.013820333,0.027,0.031,1,0,Zbtb2
Phyh,0.154198622,-0.008576179,0.096,0.104,1,0,Phyh
Aff2,0.154285944,-0.006460437,0.018,0.021,1,0,Aff2
Adgra2,0.154325271,-0.007118098,0.093,0.101,1,0,Adgra2
Ifi206,0.15438436,-0.009269671,0.003,0.004,1,0,Ifi206
C130083A15Rik,0.154482781,0.004309977,0.004,0.002,1,0,C130083A15Rik
Kbtbd7,0.154491204,-0.006518003,0.009,0.011,1,0,Kbtbd7
Ythdc1,0.15456809,-0.071509761,0.346,0.357,1,0,Ythdc1
Ccdc15,0.154575529,-0.005978273,0.015,0.018,1,0,Ccdc15
Gm49883,0.154658347,-0.007285022,0.003,0.004,1,0,Gm49883
Acaa1a,0.154822755,-0.032176407,0.226,0.239,1,0,Acaa1a
Metap1d,0.154830528,-0.024334004,0.102,0.11,1,0,Metap1d
2900093K20Rik,0.15484124,-0.001702504,0.009,0.011,1,0,2900093K20Rik
Dmxl2,0.154856817,0.008952926,0.022,0.019,1,0,Dmxl2
Eif2s3x,0.154885384,0.040523888,0.079,0.074,1,0,Eif2s3x
Pdxdc1,0.154897928,-0.027616047,0.107,0.115,1,0,Pdxdc1
Olfr856-ps1,0.155013569,-0.000472184,0.004,0.002,1,0,Olfr856-ps1
Eif4a1,0.155130261,-0.061558669,0.43,0.441,1,0,Eif4a1
Zfr2,0.155178492,-0.00536206,0.008,0.01,1,0,Zfr2
Nampt,0.155246176,0.017415814,0.152,0.145,1,0,Nampt
Kctd20,0.155361946,0.058821708,0.132,0.127,1,0,Kctd20
Mamstr,0.155467887,-0.004906215,0.009,0.011,1,0,Mamstr
Zmat1,0.155849704,0.011454497,0.032,0.028,1,0,Zmat1
Zfp758,0.155865751,-0.014517554,0.028,0.032,1,0,Zfp758
Rpp40,0.155887033,-0.010454432,0.011,0.013,1,0,Rpp40
Ctu1,0.155947431,-0.004274053,0.009,0.011,1,0,Ctu1
Mtln,0.156032609,-0.042583526,0.116,0.124,1,0,Mtln
Alpk1,0.156074284,-0.017374597,0.007,0.009,1,0,Alpk1
Isy1,0.156139542,0.037058504,0.11,0.104,1,0,Isy1
Slc7a4,0.15624823,-0.006092843,0.005,0.007,1,0,Slc7a4
Zcchc9,0.15632043,-0.026932088,0.104,0.112,1,0,Zcchc9
Ddx23,0.156342042,-0.021914834,0.145,0.155,1,0,Ddx23
Ctsb,0.156649106,-0.079281494,0.799,0.761,1,0,Ctsb
Gm42482,0.156661827,-0.003313707,0.005,0.007,1,0,Gm42482
Nat8f3,0.156662905,0.012657556,0.009,0.007,1,0,Nat8f3
Rad52,0.15674453,-0.005230067,0.025,0.029,1,0,Rad52
Gfer,0.156874624,0.001220807,0.044,0.05,1,0,Gfer
Gm14418,0.156898046,0.003468861,0.003,0.002,1,0,Gm14418
Ino80dos,0.156943102,-0.011932153,0.007,0.009,1,0,Ino80dos
Ccdc8,0.157066448,-0.019429545,0.037,0.042,1,0,Ccdc8
Arcn1,0.15723241,-0.040979562,0.356,0.367,1,0,Arcn1
Ttc8,0.157233411,0.019750748,0.042,0.038,1,0,Ttc8
Trp53i11,0.157269817,-0.007752394,0.006,0.008,1,0,Trp53i11
Hdgfl3,0.157375595,0.040938961,0.149,0.142,1,0,Hdgfl3
1700029J07Rik,0.157392606,-0.018400028,0.014,0.017,1,0,1700029J07Rik
Gm42481,0.157415472,-0.006489864,0.003,0.005,1,0,Gm42481
Aox1,0.157523507,-0.037766111,0.047,0.052,1,0,Aox1
AC154607.1,0.157745231,-0.003819458,0.002,0.003,1,0,AC154607.1
Atp6v1g2,0.157783655,-0.005469277,0.002,0.003,1,0,Atp6v1g2
Scamp2,0.157803541,-0.021770992,0.195,0.208,1,0,Scamp2
Esd,0.157858235,0.02926596,0.264,0.259,1,0,Esd
Mc1r,0.157870908,0.003227113,0.005,0.003,1,0,Mc1r
Prelid3b,0.157917932,0.001515888,0.104,0.113,1,0,Prelid3b
Relt,0.157947033,-0.005182953,0.002,0.003,1,0,Relt
Rpp21,0.157989899,0.022348453,0.149,0.142,1,0,Rpp21
Rgs12,0.158014329,0.020032886,0.067,0.062,1,0,Rgs12
Gm11598,0.158070931,-0.001888273,0.005,0.007,1,0,Gm11598
Gm15751,0.15817361,0.00160224,0.006,0.004,1,0,Gm15751
Gm42670,0.158303063,-0.007140366,0.002,0.003,1,0,Gm42670
Vav2,0.1583038,0.004808182,0.027,0.024,1,0,Vav2
Pik3r4,0.158307209,0.013490046,0.05,0.046,1,0,Pik3r4
Arhgef33,0.158309817,0.004226418,0.002,0.001,1,0,Arhgef33
Fam25c,0.158376483,0.004135115,0.002,0.001,1,0,Fam25c
Gm13731,0.158376483,0.003020444,0.002,0.001,1,0,Gm13731
Dbp,0.158442754,-0.004098295,0.002,0.003,1,0,Dbp
Rpl15-ps2,0.158459846,0.00322243,0.002,0.001,1,0,Rpl15-ps2
Cfap100,0.158578584,-0.019115531,0.002,0.003,1,0,Cfap100
1700028K03Rik,0.158710133,0.001970298,0.002,0.001,1,0,1700028K03Rik
A830082K12Rik,0.158720022,-0.042148525,0.027,0.031,1,0,A830082K12Rik
Gm14984,0.158726829,0.001854605,0.002,0.001,1,0,Gm14984
Prl2c3,0.158743527,0.00113087,0.002,0.001,1,0,Prl2c3
Gm24145,0.158743527,0.000659779,0.002,0.001,1,0,Gm24145
Gm13423,0.158804349,-0.003781423,0.007,0.009,1,0,Gm13423
Tjap1,0.158940045,-0.020627957,0.039,0.044,1,0,Tjap1
Gm14055,0.158944003,0.000670737,0.002,0.001,1,0,Gm14055
Shld1,0.158950872,-0.017300628,0.012,0.014,1,0,Shld1
Scamp3,0.159117659,0.042611722,0.152,0.146,1,0,Scamp3
Gm12355,0.159145152,-0.0016105,0.003,0.005,1,0,Gm12355
Nr3c2,0.159261292,-0.018868934,0.009,0.012,1,0,Nr3c2
Hoxb9,0.1593748,-0.000356268,0.002,0.003,1,0,Hoxb9
Mien1,0.159415674,0.002688089,0.152,0.163,1,0,Mien1
Gm12844,0.159459673,0.000103087,0.003,0.005,1,0,Gm12844
Aldh3b1,0.159617747,-0.012138443,0.029,0.033,1,0,Aldh3b1
5830448L01Rik,0.15968926,0.005597353,0.003,0.002,1,0,5830448L01Rik
Usp34,0.159700147,-0.029678212,0.184,0.195,1,0,Usp34
Zfp654,0.159706773,-0.022974463,0.025,0.029,1,0,Zfp654
Pcdhb12,0.159855198,-0.004615346,0.002,0.003,1,0,Pcdhb12
Ict1os,0.159943526,-0.003978138,0.002,0.003,1,0,Ict1os
Gm43054,0.159976658,-0.004766564,0.002,0.003,1,0,Gm43054
Gm10138,0.159994869,-0.005440349,0.007,0.009,1,0,Gm10138
Haus6,0.160035294,-0.011831087,0.017,0.02,1,0,Haus6
Tmem241,0.160038197,-0.008508011,0.014,0.017,1,0,Tmem241
Ccdc166,0.160097179,-0.008696531,0.003,0.005,1,0,Ccdc166
5430430K15Rik,0.160098188,-0.00375839,0.002,0.003,1,0,5430430K15Rik
Cldn7,0.160131345,-0.002357354,0.002,0.003,1,0,Cldn7
Chtf8,0.160154789,-0.003349471,0.028,0.032,1,0,Chtf8
Smo,0.160176348,-0.003528144,0.065,0.072,1,0,Smo
Pilrb2,0.160234201,0.006264452,0.013,0.01,1,0,Pilrb2
Hist1h4d,0.160352523,-0.002725924,0.002,0.003,1,0,Hist1h4d
Gorasp1,0.160367294,0.004335948,0.027,0.031,1,0,Gorasp1
Cdk5rap3,0.160487342,0.011577835,0.115,0.124,1,0,Cdk5rap3
2510039O18Rik,0.16049684,0.034817758,0.057,0.053,1,0,2510039O18Rik
Gm50388,0.160697709,-0.005183717,0.003,0.005,1,0,Gm50388
Gm14277,0.160835908,-0.003723607,0.003,0.005,1,0,Gm14277
Gpd1l,0.160935205,0.02420461,0.032,0.028,1,0,Gpd1l
Gm26788,0.160992113,0.012229824,0.006,0.004,1,0,Gm26788
Dhx30,0.161046731,-0.010062951,0.077,0.084,1,0,Dhx30
Gm12966,0.161072148,-0.005837726,0.01,0.012,1,0,Gm12966
Trim28,0.161387136,0.030582108,0.162,0.156,1,0,Trim28
Svopl,0.161453792,-0.009179928,0.004,0.005,1,0,Svopl
Sh3gl2,0.161526986,-0.001598767,0.003,0.002,1,0,Sh3gl2
Atp8a2,0.161537751,-0.006287209,0.001,0.002,1,0,Atp8a2
Hey2,0.161581156,-0.005835343,0.001,0.002,1,0,Hey2
Derl3,0.161595627,-0.003875439,0.001,0.002,1,0,Derl3
C530043K16Rik,0.161639936,0.009524228,0.006,0.004,1,0,C530043K16Rik
Nlrc3,0.16168247,-0.000979546,0.001,0.002,1,0,Nlrc3
Pou2f3,0.16168247,-0.004840086,0.001,0.002,1,0,Pou2f3
Glt28d2,0.16168247,-0.004907977,0.001,0.002,1,0,Glt28d2
Shox2,0.161724013,-0.019103469,0.244,0.257,1,0,Shox2
Gm44510,0.161754866,-0.002703101,0.001,0.002,1,0,Gm44510
Stn1,0.161824393,0.027230361,0.061,0.055,1,0,Stn1
Gm16069,0.161827286,-0.00187965,0.001,0.002,1,0,Gm16069
Ppef1,0.161827286,-0.002327905,0.001,0.002,1,0,Ppef1
Gdpd3,0.161827286,-0.002774698,0.001,0.002,1,0,Gdpd3
Trem2,0.161827286,-0.003453006,0.001,0.002,1,0,Trem2
Phtf1os,0.16187075,-0.002147309,0.001,0.002,1,0,Phtf1os
Gm9958,0.161899731,-0.003046164,0.001,0.002,1,0,Gm9958
Rec8,0.162001195,-0.002250769,0.001,0.002,1,0,Rec8
Sinhcaf,0.162015694,-0.002045072,0.001,0.002,1,0,Sinhcaf
Gm42934,0.162015694,-0.002162816,0.001,0.002,1,0,Gm42934
Fastk,0.162025577,-0.005576888,0.081,0.089,1,0,Fastk
Gm3809,0.162073699,-0.00201163,0.001,0.002,1,0,Gm3809
B230118H07Rik,0.162111472,-0.025754297,0.048,0.054,1,0,B230118H07Rik
Kcnk6,0.16213652,-0.000247489,0.022,0.026,1,0,Kcnk6
Crebrf,0.162255521,-0.042131759,0.129,0.137,1,0,Crebrf
Zfp949,0.162298262,-0.012735824,0.019,0.022,1,0,Zfp949
C130075A20Rik,0.162343048,0.014296151,0.018,0.015,1,0,C130075A20Rik
Mcat,0.162400471,0.004888626,0.016,0.02,1,0,Mcat
Gm8991,0.162573229,0.00822561,0.003,0.002,1,0,Gm8991
Zfp672,0.162679168,-0.019778242,0.032,0.037,1,0,Zfp672
Lekr1,0.162870822,0.016514433,0.018,0.015,1,0,Lekr1
Szt2,0.162879714,0.016125508,0.014,0.012,1,0,Szt2
C2cd5,0.162880319,-0.011087171,0.044,0.049,1,0,C2cd5
Nxph4,0.162952203,-0.007930226,0.002,0.004,1,0,Nxph4
Pls3,0.162974145,-0.014582817,0.235,0.248,1,0,Pls3
Dync2h1,0.163032953,-0.016795632,0.054,0.059,1,0,Dync2h1
Eif5,0.16308028,0.012535277,0.48,0.47,1,0,Eif5
BC052040,0.163141512,0.018051563,0.01,0.008,1,0,BC052040
Cyb561d1,0.163221219,-0.005071384,0.004,0.005,1,0,Cyb561d1
Gm11263,0.163248446,0.001002322,0.003,0.002,1,0,Gm11263
Usp21,0.16331712,-0.027887629,0.04,0.045,1,0,Usp21
Gm43201,0.16334844,0.002699184,0.003,0.002,1,0,Gm43201
Gm15982,0.163383743,0.000956512,0.003,0.002,1,0,Gm15982
Smad2,0.163447471,-0.014411615,0.061,0.067,1,0,Smad2
Gm27219,0.163582883,-0.0028699,0.004,0.005,1,0,Gm27219
Tbc1d10b,0.16360208,0.031821983,0.043,0.039,1,0,Tbc1d10b
Gm15964,0.163744619,0.005467832,0.002,0.001,1,0,Gm15964
Mettl2,0.163802231,-0.009718657,0.029,0.033,1,0,Mettl2
Stra6l,0.163887652,0.002396488,0.002,0.001,1,0,Stra6l
Wfikkn2,0.163907542,-0.003995945,0.001,0.002,1,0,Wfikkn2
Gm29438,0.163951253,0.003749484,0.002,0.001,1,0,Gm29438
Prdx6b,0.163951253,0.003213002,0.002,0.001,1,0,Prdx6b
Gm42461,0.163967156,0.003033588,0.002,0.001,1,0,Gm42461
Gm43197,0.163996379,-0.009741675,0.004,0.005,1,0,Gm43197
Gm37402,0.164030779,0.003338971,0.002,0.001,1,0,Gm37402
Wfdc3,0.164046688,0.001920634,0.002,0.001,1,0,Wfdc3
Spns1,0.164048907,-0.001907638,0.05,0.056,1,0,Spns1
Teddm2,0.164109393,-0.006699907,0.001,0.002,1,0,Teddm2
Gm25132,0.16412625,0.002467336,0.002,0.001,1,0,Gm25132
Gm43465,0.164253609,0.00212379,0.002,0.001,1,0,Gm43465
Gm15991,0.164253609,0.000112235,0.002,0.001,1,0,Gm15991
9630028B13Rik,0.164365109,0.000828562,0.002,0.001,1,0,9630028B13Rik
Tex15,0.164374606,-0.004820551,0.001,0.002,1,0,Tex15
Rnf152,0.164397263,-0.010129503,0.012,0.014,1,0,Rnf152
Bcor,0.164424263,-0.020291167,0.044,0.049,1,0,Bcor
Gm37274,0.164426344,0.004162188,0.012,0.009,1,0,Gm37274
Gm13453,0.1644378,-0.001881464,0.001,0.002,1,0,Gm13453
Fbxo28,0.164683907,-0.001213284,0.049,0.055,1,0,Fbxo28
Gm43422,0.164717267,0.005518781,0.003,0.002,1,0,Gm43422
Ttc1,0.164814007,0.021402014,0.133,0.127,1,0,Ttc1
Gm43138,0.164817346,-0.001025776,0.001,0.002,1,0,Gm43138
Zbtb8a,0.164856793,-0.009505974,0.021,0.024,1,0,Zbtb8a
Acss1,0.164889564,-0.030211255,0.004,0.006,1,0,Acss1
Gm37106,0.164951293,0.005094985,0.003,0.002,1,0,Gm37106
Pcdhb21,0.165017519,-0.010162945,0.008,0.011,1,0,Pcdhb21
Matk,0.165123894,0.003622078,0.003,0.002,1,0,Matk
Smim8,0.165174477,-0.013228535,0.049,0.054,1,0,Smim8
Rpp30,0.165406098,-0.010676618,0.05,0.055,1,0,Rpp30
Acot6,0.166145326,0.008011542,0.012,0.009,1,0,Acot6
Exd2,0.166300381,0.015635888,0.034,0.03,1,0,Exd2
Gm43774,0.166409093,0.010898256,0.003,0.002,1,0,Gm43774
1010001B22Rik,0.166435564,0.006485803,0.004,0.003,1,0,1010001B22Rik
Mon2,0.16650054,-0.008119627,0.119,0.128,1,0,Mon2
Gm15247,0.166524311,0.008220987,0.005,0.004,1,0,Gm15247
Gm8618,0.166567539,0.006751929,0.002,0.001,1,0,Gm8618
Gm14173,0.166643042,0.007380034,0.002,0.001,1,0,Gm14173
Gm8894,0.166655783,0.002336151,0.004,0.005,1,0,Gm8894
Gm15952,0.166681005,0.004525307,0.003,0.002,1,0,Gm15952
Myl3,0.166706354,-0.05212625,0.002,0.003,1,0,Myl3
Tmem74b,0.166741233,0.006760861,0.002,0.001,1,0,Tmem74b
Nploc4,0.166807609,0.03850989,0.045,0.04,1,0,Nploc4
Gm43165,0.166894885,0.004079291,0.003,0.002,1,0,Gm43165
Gm47640,0.166982202,-0.008674286,0.003,0.004,1,0,Gm47640
Gm4832,0.167043633,0.003479872,0.002,0.001,1,0,Gm4832
1700008J07Rik,0.167076176,-0.005302523,0.004,0.006,1,0,1700008J07Rik
Gm37372,0.167194988,0.001546736,0.002,0.001,1,0,Gm37372
Scnn1a,0.167225271,0.002676618,0.002,0.001,1,0,Scnn1a
Gm44982,0.167225271,0.001227279,0.002,0.001,1,0,Gm44982
Hyal3,0.167316145,0.001246081,0.002,0.001,1,0,Hyal3
Plagl1,0.167480753,0.011008363,0.16,0.153,1,0,Plagl1
A130050O07Rik,0.167482295,-0.006434967,0.002,0.003,1,0,A130050O07Rik
Atp9a,0.167522354,0.020984802,0.043,0.039,1,0,Atp9a
E230013L22Rik,0.16753704,-0.006046347,0.002,0.003,1,0,E230013L22Rik
Polr3a,0.167577251,-0.01432423,0.018,0.022,1,0,Polr3a
Marveld1,0.167625023,0.029136774,0.085,0.079,1,0,Marveld1
Efhb,0.167628725,0.000387032,0.013,0.016,1,0,Efhb
Alkbh4,0.167663363,0.000229277,0.004,0.006,1,0,Alkbh4
1700007L15Rik,0.1676904,-0.004860924,0.002,0.003,1,0,1700007L15Rik
Gm15559,0.167865798,-0.005122805,0.002,0.003,1,0,Gm15559
6330549D23Rik,0.167905837,-0.005550404,0.004,0.006,1,0,6330549D23Rik
Gm3608,0.167984613,-0.003694505,0.003,0.004,1,0,Gm3608
Gm4962,0.168051514,0.003227407,0.002,0.001,1,0,Gm4962
Gm4972,0.168109627,0.005797625,0.002,0.001,1,0,Gm4972
Gm32569,0.168138362,0.003591791,0.002,0.001,1,0,Gm32569
Coa7,0.168275544,0.005421581,0.021,0.024,1,0,Coa7
Zfp827,0.168288353,0.019209677,0.029,0.025,1,0,Zfp827
Gm43075,0.168310848,0.003592607,0.002,0.001,1,0,Gm43075
Glns-ps1,0.168339608,0.002851235,0.002,0.001,1,0,Glns-ps1
Hspd1-ps4,0.16835399,0.00348488,0.002,0.001,1,0,Hspd1-ps4
Efl1,0.168406443,-0.01021247,0.043,0.049,1,0,Efl1
Gm12987,0.168469077,0.001033752,0.002,0.001,1,0,Gm12987
Ren1,0.168543497,-0.001268016,0.002,0.001,1,0,Ren1
Pvt1,0.168630047,-0.005810056,0.023,0.027,1,0,Pvt1
Dok2,0.168758871,-0.000746682,0,0.001,1,0,Dok2
Rab24,0.16894927,-0.011237097,0.134,0.145,1,0,Rab24
Atn1,0.169358211,0.021200444,0.075,0.069,1,0,Atn1
Acox1,0.169366093,0.029873994,0.105,0.099,1,0,Acox1
Tmem107,0.169383651,-0.027565475,0.113,0.122,1,0,Tmem107
Fbxl15,0.169479274,-0.006961857,0.007,0.009,1,0,Fbxl15
D11Wsu47e,0.169479868,0.002628185,0.011,0.014,1,0,D11Wsu47e
Gpr27,0.16961305,0.012855312,0.024,0.021,1,0,Gpr27
Scand1,0.170014441,0.036465135,0.243,0.239,1,0,Scand1
Usf1,0.170179434,-0.005389868,0.026,0.03,1,0,Usf1
Vps41,0.170241208,0.041092571,0.145,0.139,1,0,Vps41
Stag1,0.170350341,-0.044066753,0.192,0.204,1,0,Stag1
Lcp2,0.170446305,-0.004744292,0.001,0.001,1,0,Lcp2
Tmem40,0.170479824,-0.002734845,0.001,0.001,1,0,Tmem40
Cdk5rap2,0.170501319,0.032583622,0.113,0.107,1,0,Cdk5rap2
Gm15853,0.170513348,-0.003569811,0.001,0.001,1,0,Gm15853
Gm43339,0.170513348,-0.006712381,0.001,0.001,1,0,Gm43339
Necab2,0.170563643,-0.005189083,0.001,0.001,1,0,Necab2
Fam214a,0.170583231,-0.044023587,0.036,0.04,1,0,Fam214a
Farp2,0.170610353,-0.006925206,0.005,0.007,1,0,Farp2
Gm8616,0.170647494,-0.002492077,0.001,0.001,1,0,Gm8616
Gm15467,0.170647494,-0.003094705,0.001,0.001,1,0,Gm15467
AI662270,0.170647494,-0.004787824,0.001,0.001,1,0,AI662270
Gm9894,0.170664268,-0.002651875,0.001,0.001,1,0,Gm9894
Gm17826,0.170664268,-0.00288998,0.001,0.001,1,0,Gm17826
Pgam5,0.170677553,0.001567418,0.042,0.047,1,0,Pgam5
Gm50399,0.170681043,-0.001671888,0.001,0.001,1,0,Gm50399
Gm42676,0.170681043,-0.005300142,0.001,0.001,1,0,Gm42676
Gpr20,0.170697819,-0.005752844,0.001,0.001,1,0,Gpr20
Gm15535,0.170714596,-0.004610846,0.001,0.001,1,0,Gm15535
Gm10010,0.170731375,-0.002702989,0.001,0.001,1,0,Gm10010
5730455P16Rik,0.170758053,-0.006046953,0.068,0.075,1,0,5730455P16Rik
Thap8,0.170798502,-0.003070832,0.001,0.001,1,0,Thap8
Syt8,0.170798503,-0.001426428,0.001,0.001,1,0,Syt8
Gm45151,0.170798503,-0.001959209,0.001,0.001,1,0,Gm45151
4933412O06Rik,0.170815287,-0.003251887,0.001,0.001,1,0,4933412O06Rik
Clca3a1,0.170832074,-0.00411896,0.001,0.001,1,0,Clca3a1
Gm4815,0.17086565,-0.001360554,0.001,0.001,1,0,Gm4815
Nuggc,0.17086565,-0.001920182,0.001,0.001,1,0,Nuggc
Gm37200,0.17086565,-0.002840803,0.001,0.001,1,0,Gm37200
BC060293,0.170882439,-0.00144681,0.001,0.001,1,0,BC060293
Gm26670,0.170882439,-0.001979154,0.001,0.001,1,0,Gm26670
Gm48027,0.170885236,-0.006617579,0.003,0.004,1,0,Gm48027
Tprn,0.170905127,-0.00443152,0.005,0.007,1,0,Tprn
Gm15808,0.170932816,-0.002234444,0.001,0.001,1,0,Gm15808
Gm12207,0.170995829,0.009156718,0.004,0.003,1,0,Gm12207
Gm12758,0.171033604,-0.001470549,0.001,0.001,1,0,Gm12758
Rnf121,0.171329957,-0.006093865,0.068,0.075,1,0,Rnf121
Zfp607a,0.171425826,0.003463865,0.008,0.01,1,0,Zfp607a
Bid,0.171434634,-0.001425265,0.008,0.01,1,0,Bid
Rarb,0.171506933,0.006788696,0.008,0.006,1,0,Rarb
Nsf,0.171655522,0.04218048,0.078,0.073,1,0,Nsf
Myl2,0.171665216,-0.042476123,0.006,0.005,1,0,Myl2
Reep2,0.171745952,-0.006648515,0.006,0.007,1,0,Reep2
Gm26648,0.171841512,-0.006218636,0.007,0.009,1,0,Gm26648
Smad7,0.171937548,-0.003955957,0.088,0.096,1,0,Smad7
Gm37747,0.17206037,0.006492339,0.005,0.004,1,0,Gm37747
Tcaf1,0.172065267,-0.029453656,0.182,0.193,1,0,Tcaf1
Zbtb4,0.172083551,0.03978939,0.147,0.141,1,0,Zbtb4
Dcps,0.172196567,0.001271866,0.044,0.049,1,0,Dcps
Gm42651,0.172197884,0.001489441,0.004,0.003,1,0,Gm42651
Zzef1,0.17220976,0.038147777,0.096,0.09,1,0,Zzef1
Gm6851,0.172215462,-0.000978703,0.003,0.004,1,0,Gm6851
Trmt1,0.172306045,-0.019836395,0.066,0.073,1,0,Trmt1
Hdx,0.172363123,-0.000307385,0.008,0.01,1,0,Hdx
Fbxo11,0.172388845,0.000135945,0.124,0.133,1,0,Fbxo11
Rab43,0.172423238,0.016806912,0.014,0.011,1,0,Rab43
Ktn1,0.172427508,-0.048449696,0.319,0.333,1,0,Ktn1
Gm6467,0.172524132,-0.004539537,0.006,0.008,1,0,Gm6467
Nubpl,0.172540796,-0.009503337,0.01,0.012,1,0,Nubpl
Gm15760,0.172669017,0.002545908,0.005,0.007,1,0,Gm15760
Gm45733,0.17270074,0.004670895,0.005,0.004,1,0,Gm45733
Ddx55,0.173065082,-0.01120895,0.057,0.063,1,0,Ddx55
Zfp626,0.173091128,-0.011195394,0.015,0.017,1,0,Zfp626
Zmynd15,0.173251076,-0.002700276,0.007,0.009,1,0,Zmynd15
Ptdss1,0.17355684,-0.02257505,0.075,0.082,1,0,Ptdss1
Atad3a,0.173621916,0.000346681,0.067,0.074,1,0,Atad3a
Stimate,0.173701119,-0.014982822,0.069,0.075,1,0,Stimate
1810013L24Rik,0.173904308,0.027949089,0.088,0.082,1,0,1810013L24Rik
Acot11,0.173938574,-0.007263634,0.006,0.008,1,0,Acot11
Diaph2,0.174069004,-0.007589213,0.13,0.123,1,0,Diaph2
Vps45,0.174107923,0.019471933,0.041,0.037,1,0,Vps45
Ifi213,0.174113201,-0.005447175,0.003,0.004,1,0,Ifi213
Cab39,0.174162764,-0.021575393,0.116,0.124,1,0,Cab39
Taco1,0.174200714,-0.002646631,0.006,0.008,1,0,Taco1
Bnip3l-ps,0.174451837,-0.000703234,0.003,0.004,1,0,Bnip3l-ps
Siah1a,0.174457584,0.001890187,0.051,0.047,1,0,Siah1a
Gm48225,0.174574216,0.004881792,0.007,0.005,1,0,Gm48225
Mmp17,0.174642005,-0.002525016,0.002,0.003,1,0,Mmp17
Map3k13,0.17471935,0.002846622,0.006,0.004,1,0,Map3k13
Trim69,0.174735938,-0.005922255,0.003,0.004,1,0,Trim69
Gon4l,0.174786436,-0.021866444,0.038,0.042,1,0,Gon4l
Hip1r,0.174830404,0.005724163,0.008,0.006,1,0,Hip1r
9430091E24Rik,0.174890861,-0.00582515,0.001,0.002,1,0,9430091E24Rik
Zfp119b,0.174983663,-0.00347832,0.003,0.004,1,0,Zfp119b
Tuba1b,0.175033559,-0.080436282,0.495,0.492,1,0,Tuba1b
Gm42908,0.175049017,0.007866899,0.008,0.006,1,0,Gm42908
Snora78,0.175116735,-0.003852452,0.001,0.002,1,0,Snora78
Cd37,0.175246491,-0.003102118,0,0.001,1,0,Cd37
Serpinb5,0.175324902,-0.001674681,0,0.001,1,0,Serpinb5
Rps27a-ps2,0.175355394,-0.003580495,0.001,0.002,1,0,Rps27a-ps2
Gm15425,0.175364116,-0.002875284,0,0.001,1,0,Gm15425
Gm47237,0.175383726,-0.001946969,0,0.001,1,0,Gm47237
Vpreb1,0.175393099,-0.002632293,0.001,0.002,1,0,Vpreb1
Crygs,0.175449668,-0.002603227,0.001,0.002,1,0,Crygs
Rcan1,0.175513277,0.000906293,0.167,0.16,1,0,Rcan1
Tent4a,0.175629936,0.03444533,0.056,0.052,1,0,Tent4a
Pick1,0.175835804,-0.031856681,0.027,0.031,1,0,Pick1
Cybb,0.175896412,0.002451777,0.001,0.002,1,0,Cybb
Mapk1ip1l,0.175919486,0.058962153,0.113,0.108,1,0,Mapk1ip1l
9030407P20Rik,0.175934203,-8.79E-05,0.001,0.002,1,0,9030407P20Rik
Slc30a9,0.176110335,-0.020724511,0.101,0.109,1,0,Slc30a9
Usp19,0.176121569,-0.019253966,0.109,0.116,1,0,Usp19
1110038F14Rik,0.176160099,-0.01752477,0.14,0.149,1,0,1110038F14Rik
Scaf4,0.176301207,0.003886962,0.052,0.058,1,0,Scaf4
Gm44199,0.176461062,0.00917805,0.005,0.004,1,0,Gm44199
Rbm33,0.176706827,0.026578075,0.119,0.113,1,0,Rbm33
Gm5820,0.176717861,0.004466312,0.004,0.003,1,0,Gm5820
Ppp2r5c,0.176753118,-0.012728014,0.243,0.257,1,0,Ppp2r5c
Gm10463,0.176822182,-0.007705399,0.003,0.005,1,0,Gm10463
Glcci1,0.177263689,-0.001048133,0.012,0.01,1,0,Glcci1
4930403P22Rik,0.177363346,-0.001801187,0.003,0.005,1,0,4930403P22Rik
Scfd1,0.177474084,-0.0163226,0.19,0.201,1,0,Scfd1
Gm9403,0.177510687,0.001171177,0.004,0.003,1,0,Gm9403
Arl5b,0.177591275,0.041040855,0.138,0.132,1,0,Arl5b
Plpp6,0.177637235,0.021284371,0.016,0.013,1,0,Plpp6
Thap4,0.177654578,0.04139131,0.059,0.055,1,0,Thap4
Sem1,0.177879726,-0.034138357,0.629,0.618,1,0,Sem1
Gm16196,0.177965019,-0.019707946,0.003,0.005,1,0,Gm16196
Gm17025,0.178161397,-0.001914367,0.001,0.002,1,0,Gm17025
Ahdc1,0.178172743,0.00792893,0.07,0.064,1,0,Ahdc1
Gm8319,0.178175893,-0.003751015,0.001,0.002,1,0,Gm8319
Gm38317,0.178335411,-0.002299756,0.001,0.002,1,0,Gm38317
Zfp109,0.178393444,-0.00475887,0.001,0.002,1,0,Zfp109
Gm15956,0.178451491,-0.003871358,0.001,0.002,1,0,Gm15956
Cc2d1a,0.178470387,0.032648233,0.035,0.031,1,0,Cc2d1a
Gm10819,0.178495035,-0.002212117,0.001,0.002,1,0,Gm10819
4930503E24Rik,0.178495035,-0.002797257,0.001,0.002,1,0,4930503E24Rik
Agbl5,0.17859667,-0.001156915,0.001,0.002,1,0,Agbl5
Gm9803,0.178716352,-0.001655967,0.013,0.016,1,0,Gm9803
Emc9,0.178731425,0.025056454,0.061,0.057,1,0,Emc9
Gm7384,0.178916372,0.000474875,0.001,0.002,1,0,Gm7384
Nip7,0.179049855,-0.003900748,0.081,0.088,1,0,Nip7
Gm7818,0.179192881,-0.014102561,0.008,0.01,1,0,Gm7818
Lats1,0.179200582,-0.019787758,0.096,0.103,1,0,Lats1
Gm38384,0.179333793,0.004564763,0.005,0.004,1,0,Gm38384
Arf4,0.179450868,0.026413948,0.677,0.65,1,0,Arf4
Zik1,0.179541709,-0.008653114,0.002,0.003,1,0,Zik1
Stx8,0.179641325,-0.012346579,0.101,0.109,1,0,Stx8
Prex2,0.179745687,-0.055849595,0.042,0.046,1,0,Prex2
Gabpb1,0.179750322,-0.002100578,0.035,0.04,1,0,Gabpb1
Dnajb14,0.179751055,-0.027655736,0.1,0.107,1,0,Dnajb14
Gm14322,0.179808823,-0.005787293,0.002,0.003,1,0,Gm14322
Wnk3,0.179879282,-0.002389612,0.003,0.005,1,0,Wnk3
Gm18705,0.180079608,0.006521218,0.006,0.004,1,0,Gm18705
Tmem191c,0.180085178,-0.011115509,0.008,0.01,1,0,Tmem191c
Qsox2,0.180478688,-0.017731577,0.027,0.031,1,0,Qsox2
Pomc,0.180556446,0.000806535,0.003,0.005,1,0,Pomc
Med28,0.180722948,0.022884246,0.269,0.263,1,0,Med28
Anp32e,0.180746382,0.005939274,0.222,0.214,1,0,Anp32e
Prickle2,0.180856473,-0.020971693,0.039,0.044,1,0,Prickle2
4930503B20Rik,0.180901708,-0.001614936,0.002,0.003,1,0,4930503B20Rik
Spata2l,0.180963644,-0.00228902,0.004,0.005,1,0,Spata2l
Prdm15,0.180965391,-0.008636995,0.011,0.013,1,0,Prdm15
Gm43805,0.181116577,0.000652794,0.002,0.003,1,0,Gm43805
Gm29361,0.181190768,-0.001247153,0.003,0.005,1,0,Gm29361
Lrfn1,0.181203765,0.005992763,0.004,0.003,1,0,Lrfn1
Ptges3,0.181289821,-0.045145731,0.284,0.296,1,0,Ptges3
Cdr2,0.181295099,-0.006933584,0.06,0.066,1,0,Cdr2
Lipt1,0.181409054,-0.006351286,0.004,0.005,1,0,Lipt1
Ado,0.181506668,-0.006260212,0.032,0.036,1,0,Ado
Zfp521,0.181613466,0.036560208,0.081,0.076,1,0,Zfp521
Ccnd1,0.181738948,-0.032126816,0.077,0.071,1,0,Ccnd1
Mea1,0.181805844,0.000525242,0.098,0.106,1,0,Mea1
2700081O15Rik,0.18193277,-0.034145328,0.073,0.079,1,0,2700081O15Rik
Pdzd8,0.182010009,0.020224223,0.089,0.083,1,0,Pdzd8
Gm14270,0.182109375,-0.002157392,0.004,0.005,1,0,Gm14270
Rmnd1,0.18233808,-0.02937254,0.047,0.052,1,0,Rmnd1
Rpl13-ps3,0.182484253,0.009915414,0.01,0.008,1,0,Rpl13-ps3
Maea,0.182617685,0.008606938,0.137,0.147,1,0,Maea
Capn10,0.182727007,-4.22E-05,0.016,0.019,1,0,Capn10
Fance,0.182796723,-0.00985268,0.03,0.034,1,0,Fance
Cyp39a1,0.182863967,-0.028901401,0.018,0.021,1,0,Cyp39a1
Adcy7,0.1830022,-0.007493845,0.075,0.082,1,0,Adcy7
Arl6,0.183307148,0.007445145,0.045,0.041,1,0,Arl6
Aff1,0.183512768,0.021655604,0.114,0.108,1,0,Aff1
Ubap2l,0.183593031,-0.027235021,0.307,0.32,1,0,Ubap2l
Gm44148,0.183877416,-0.002397434,0.004,0.005,1,0,Gm44148
Eipr1,0.183931609,-0.00121367,0.034,0.039,1,0,Eipr1
Gm44022,0.183983067,-0.004701208,0.002,0.003,1,0,Gm44022
Zfp975,0.183998514,-0.007172538,0.012,0.015,1,0,Zfp975
H2-Ab1,0.184183642,-0.002739899,0.014,0.017,1,0,H2-Ab1
B130055M24Rik,0.18432811,-0.005555018,0.002,0.004,1,0,B130055M24Rik
Clock,0.184339476,0.016379157,0.162,0.155,1,0,Clock
Gm49041,0.18440741,0.012066353,0.004,0.002,1,0,Gm49041
Ndufaf4,0.184432814,-0.019021881,0.086,0.093,1,0,Ndufaf4
Ccdc88b,0.184442474,-0.003874609,0.002,0.003,1,0,Ccdc88b
1700072G22Rik,0.184529484,-0.003386908,0.002,0.003,1,0,1700072G22Rik
Sarm1,0.184591275,-0.00772741,0.002,0.004,1,0,Sarm1
Gm20681,0.184616525,-0.003289539,0.002,0.003,1,0,Gm20681
Avil,0.184630266,-0.007108297,0.004,0.006,1,0,Avil
Gm43609,0.184633407,-0.005854578,0.002,0.004,1,0,Gm43609
Msx1,0.184707693,-0.006398595,0.094,0.087,1,0,Msx1
AC099699.1,0.184827655,-0.010165773,0.007,0.009,1,0,AC099699.1
Gm16412,0.184840483,-0.00058859,0.002,0.003,1,0,Gm16412
Gm3604,0.184970721,-0.005794135,0.002,0.004,1,0,Gm3604
Ppp2r2a,0.185308557,-0.031582568,0.267,0.28,1,0,Ppp2r2a
Mpv17l,0.185406459,-0.004522903,0.008,0.01,1,0,Mpv17l
Tmem115,0.185499514,0.016181767,0.057,0.063,1,0,Tmem115
Lrp4,0.185626343,-0.007250843,0.004,0.006,1,0,Lrp4
4930589O11Rik,0.185851251,-0.004818789,0.004,0.006,1,0,4930589O11Rik
Upf3a,0.185932089,0.027385957,0.182,0.175,1,0,Upf3a
Spa17,0.185995353,-0.023514504,0.021,0.025,1,0,Spa17
Gimap6,0.186259653,-0.033928647,0.015,0.017,1,0,Gimap6
Zcchc3,0.186475291,-0.012881616,0.006,0.008,1,0,Zcchc3
A130010J15Rik,0.186575632,-0.013363421,0.01,0.012,1,0,A130010J15Rik
Gm42979,0.186963204,0.005730974,0.006,0.005,1,0,Gm42979
Senp8,0.186988808,-0.002459571,0.013,0.016,1,0,Senp8
Aars,0.187051559,0.017795444,0.082,0.089,1,0,Aars
Cdkl2,0.187335094,0.009062995,0.063,0.058,1,0,Cdkl2
Atad3aos,0.187433885,-0.010297952,0.006,0.007,1,0,Atad3aos
Gm15910,0.187584138,0.020533994,0.026,0.023,1,0,Gm15910
Cd46,0.187642071,-0.008056051,0.005,0.007,1,0,Cd46
Rpusd3,0.18779094,-0.004430571,0.007,0.009,1,0,Rpusd3
Tle2,0.187810821,-0.01199562,0.023,0.026,1,0,Tle2
Junos,0.188036034,0.010804291,0.01,0.008,1,0,Junos
Myom2,0.188040157,-0.024162395,0.009,0.011,1,0,Myom2
Lcorl,0.188155195,-0.020015459,0.053,0.058,1,0,Lcorl
Ptpa,0.188294581,-0.002463045,0.118,0.127,1,0,Ptpa
Zfp213,0.188352938,-0.008765833,0.006,0.008,1,0,Zfp213
Sfmbt1,0.188397817,0.015506458,0.033,0.038,1,0,Sfmbt1
Tradd,0.188403859,0.016053991,0.055,0.061,1,0,Tradd
C1qb,0.188598818,-0.001685563,0.005,0.006,1,0,C1qb
Coq2,0.188600967,-0.02487624,0.078,0.084,1,0,Coq2
Thpo,0.188676496,-0.004134308,0.003,0.004,1,0,Thpo
Nfkbib,0.188858202,0.007175875,0.099,0.108,1,0,Nfkbib
Cfap300,0.189077528,-0.002163804,0.005,0.007,1,0,Cfap300
Zbtb14,0.189145389,0.000601108,0.01,0.012,1,0,Zbtb14
Thap3,0.189233668,0.016642466,0.102,0.096,1,0,Thap3
Gm6252,0.189269722,-0.004233045,0.005,0.007,1,0,Gm6252
Zfp976,0.18930883,0.012142522,0.019,0.016,1,0,Zfp976
Maz,0.189369299,0.018515874,0.04,0.036,1,0,Maz
Clmp,0.189628779,-0.039886386,0.336,0.35,1,0,Clmp
Mpp7,0.189697462,-0.00939666,0.06,0.055,1,0,Mpp7
Tmem216,0.189739981,-0.006156006,0.04,0.045,1,0,Tmem216
Gm50069,0.189756741,-0.002651103,0.003,0.004,1,0,Gm50069
Gpr137b-ps,0.189812209,-0.01534595,0.014,0.017,1,0,Gpr137b-ps
Wdr82,0.189852413,0.022739379,0.107,0.102,1,0,Wdr82
Gm42640,0.189868929,0.008945396,0.013,0.011,1,0,Gm42640
Gm5451,0.189893973,-0.008112015,0.009,0.011,1,0,Gm5451
H2-T-ps,0.190160572,0.004660378,0.003,0.002,1,0,H2-T-ps
Gm37729,0.190197053,0.008843559,0.003,0.002,1,0,Gm37729
2600006K01Rik,0.190245856,-0.000303858,0.005,0.007,1,0,2600006K01Rik
1700001K23Rik,0.190294362,0.005345906,0.003,0.002,1,0,1700001K23Rik
Nsun3,0.190310221,4.11E-05,0.014,0.017,1,0,Nsun3
Tmem168,0.190368656,0.022296874,0.055,0.05,1,0,Tmem168
Zfp970,0.190428222,0.005076289,0.003,0.002,1,0,Zfp970
Fundc2,0.190491572,-0.007343698,0.26,0.274,1,0,Fundc2
Arpc4,0.190612164,0.044466282,0.244,0.241,1,0,Arpc4
Pot1b,0.19061276,-0.004777078,0.013,0.016,1,0,Pot1b
Nek9,0.190631144,0.025237814,0.109,0.103,1,0,Nek9
Fam229b,0.190665303,-0.00736194,0.021,0.025,1,0,Fam229b
Tbkbp1,0.190931269,0.003440691,0.013,0.011,1,0,Tbkbp1
Zbtb7b,0.191073532,-0.000385971,0.032,0.036,1,0,Zbtb7b
Tpcn1,0.19113316,-0.02992494,0.058,0.063,1,0,Tpcn1
Gm13689,0.191464932,7.97E-05,0.003,0.002,1,0,Gm13689
Hmgb1-ps5,0.191693624,-0.003005631,0.001,0.002,1,0,Hmgb1-ps5
C8g,0.191708,-0.004426721,0.001,0.002,1,0,C8g
Uqcrh-ps2,0.191758401,-0.005555201,0.002,0.003,1,0,Uqcrh-ps2
Gm26616,0.191966474,-0.004641552,0.002,0.003,1,0,Gm26616
Rpl19-ps7,0.192024484,-0.003178625,0.001,0.002,1,0,Rpl19-ps7
Gm43547,0.19203792,-0.005968935,0.001,0.002,1,0,Gm43547
Gm11517,0.192038878,-0.001425346,0.001,0.002,1,0,Gm11517
Gm42937,0.192096465,-0.002459243,0.001,0.002,1,0,Gm42937
A930006K02Rik,0.192125263,-0.004896088,0.001,0.002,1,0,A930006K02Rik
Gfra3,0.192189013,-0.016762155,0.001,0.002,1,0,Gfra3
Ttc16,0.192235992,-0.002493075,0.002,0.003,1,0,Ttc16
Trim36,0.192272992,-0.004876759,0.001,0.002,1,0,Trim36
Gm38197,0.19228979,-0.005183689,0.001,0.002,1,0,Gm38197
Gm13910,0.192309545,-0.002783538,0.002,0.003,1,0,Gm13910
Gm5871,0.192340477,-0.003545737,0.003,0.004,1,0,Gm5871
Clec7a,0.192390606,-0.005595092,0.001,0.002,1,0,Clec7a
Efna4,0.192408351,-0.003104849,0.011,0.013,1,0,Efna4
Gm17150,0.19242422,-0.003474004,0.001,0.002,1,0,Gm17150
Gm14269,0.192441029,-0.003790033,0.001,0.002,1,0,Gm14269
Lrp2bp,0.192441029,-0.004794673,0.001,0.002,1,0,Lrp2bp
Gm28809,0.192525088,-0.001729597,0.001,0.002,1,0,Gm28809
Gm13559,0.192541903,-0.002420788,0.001,0.002,1,0,Gm13559
Gm7860,0.1925426,-0.003175571,0.002,0.003,1,0,Gm7860
Sms-ps,0.192592355,-0.003933991,0.001,0.002,1,0,Sms-ps
Gm5586,0.192609174,-0.001797857,0.001,0.002,1,0,Gm5586
Gm6560,0.192609174,-0.002229547,0.001,0.002,1,0,Gm6560
AC142100.1,0.192609174,-0.003249781,0.001,0.002,1,0,AC142100.1
Rabgap1,0.192641522,-0.046912243,0.164,0.172,1,0,Rabgap1
Trhr2,0.192642816,-0.002327167,0.001,0.002,1,0,Trhr2
Car9,0.192693287,-0.003167557,0.001,0.002,1,0,Car9
AC115752.1,0.19272694,-0.001484875,0.001,0.002,1,0,AC115752.1
Gm9349,0.192794259,-0.002051033,0.001,0.002,1,0,Gm9349
Notum,0.192811091,-0.002205133,0.001,0.002,1,0,Notum
Gm43909,0.192811091,-0.002633583,0.001,0.002,1,0,Gm43909
Sprr1a,0.192827925,-0.002825355,0.001,0.002,1,0,Sprr1a
Gclc,0.192965955,-0.023336975,0.063,0.069,1,0,Gclc
Rps11-ps3,0.192979474,0.001233091,0.001,0.002,1,0,Rps11-ps3
Tmem132e,0.192979474,-0.000790687,0.001,0.002,1,0,Tmem132e
Gm3830,0.1930954,7.30E-05,0.002,0.003,1,0,Gm3830
Tmem189,0.193181732,-0.006446626,0.037,0.041,1,0,Tmem189
Yme1l1,0.193287506,-0.018734626,0.261,0.275,1,0,Yme1l1
Gphb5,0.193312008,0.005083089,0.006,0.005,1,0,Gphb5
Mtmr10,0.193376773,0.014280336,0.019,0.016,1,0,Mtmr10
Gtf3a,0.193803059,0.006275017,0.026,0.03,1,0,Gtf3a
Abcd3,0.193891535,-0.012025002,0.151,0.161,1,0,Abcd3
Pex5l,0.194010867,-0.020472288,0.003,0.004,1,0,Pex5l
Lrrfip2,0.194228445,-0.026484782,0.167,0.176,1,0,Lrrfip2
2610035D17Rik,0.19448601,-0.01327169,0.008,0.01,1,0,2610035D17Rik
Dguok,0.194862411,0.007869704,0.116,0.11,1,0,Dguok
Gm49741,0.195090726,0.005723505,0.003,0.002,1,0,Gm49741
Sntg2,0.195099056,-0.000476738,0.011,0.013,1,0,Sntg2
AC166172.1,0.195100606,-0.007041979,0.003,0.004,1,0,AC166172.1
Eya3,0.195161301,0.017608907,0.038,0.035,1,0,Eya3
Tead1,0.195248191,0.021486903,0.176,0.171,1,0,Tead1
Tbc1d5,0.195443831,0.02158184,0.054,0.05,1,0,Tbc1d5
Tcof1,0.195589676,-0.029762093,0.12,0.128,1,0,Tcof1
Brox,0.19592535,-0.016532988,0.055,0.06,1,0,Brox
Rbm41,0.195975647,-0.011171494,0.022,0.025,1,0,Rbm41
Tmem26,0.196426063,0.005778253,0.025,0.029,1,0,Tmem26
Nmnat3,0.196550486,-0.009639856,0.012,0.014,1,0,Nmnat3
AI837181,0.196677315,0.016431411,0.065,0.06,1,0,AI837181
Asb3,0.196796914,0.001132377,0.041,0.046,1,0,Asb3
Btbd8,0.197070959,-0.001801254,0.018,0.016,1,0,Btbd8
Fbxl13,0.197223324,0.009034925,0.009,0.007,1,0,Fbxl13
Gapvd1,0.197531355,0.028050985,0.16,0.154,1,0,Gapvd1
Ccnk,0.197632533,-0.002231621,0.073,0.08,1,0,Ccnk
Hgs,0.197653521,0.033999229,0.079,0.074,1,0,Hgs
Akr1e1,0.197829677,0.014499629,0.083,0.078,1,0,Akr1e1
Serpinb8,0.197854982,-0.002087696,0.011,0.013,1,0,Serpinb8
Nudt16,0.197859731,-0.016225458,0.034,0.038,1,0,Nudt16
Zfp3,0.198005732,-0.009984498,0.003,0.005,1,0,Zfp3
Arfgef1,0.198132493,0.044258912,0.131,0.126,1,0,Arfgef1
Rnf26,0.198472501,0.001913324,0.036,0.04,1,0,Rnf26
Gm4335,0.198594816,-0.005424017,0.003,0.005,1,0,Gm4335
Bmt2,0.198607952,-0.001889253,0.07,0.077,1,0,Bmt2
Gm49463,0.198769152,-0.004309708,0.002,0.003,1,0,Gm49463
Wdr46,0.199077418,-0.001554957,0.039,0.044,1,0,Wdr46
Gm45872,0.199131188,-0.002213259,0.002,0.003,1,0,Gm45872
Gm8185,0.199267522,-0.007024905,0.003,0.005,1,0,Gm8185
Gm11488,0.199324471,-0.001532765,0.002,0.003,1,0,Gm11488
Stag2,0.199470105,-0.025999735,0.196,0.206,1,0,Stag2
Gm11687,0.199644302,-0.005776909,0.003,0.005,1,0,Gm11687
Gm6627,0.199650946,-0.001739041,0.002,0.003,1,0,Gm6627
Slc35e2,0.199665082,0.010634747,0.032,0.028,1,0,Slc35e2
Sugp2,0.19975363,-0.004696653,0.031,0.035,1,0,Sugp2
Traf3ip1,0.199780098,-0.01861851,0.034,0.038,1,0,Traf3ip1
Tctex1d2,0.199796597,0.009971706,0.05,0.056,1,0,Tctex1d2
Nol8,0.200074509,-0.022614628,0.083,0.09,1,0,Nol8
Dvl3,0.200113295,0.000383512,0.063,0.058,1,0,Dvl3
Lmbrd2,0.200167672,-0.011233314,0.035,0.039,1,0,Lmbrd2
Gm44130,0.20028514,0.002843761,0.003,0.002,1,0,Gm44130
Gm43196,0.200433917,0.002983422,0.003,0.002,1,0,Gm43196
Zfp362,0.200459364,0.006951074,0.031,0.027,1,0,Zfp362
Zfp575,0.200476451,0.014957767,0.016,0.013,1,0,Zfp575
Dcaf1,0.200496841,-0.004889072,0.067,0.073,1,0,Dcaf1
Enpp5,0.200510817,-0.037517014,0.035,0.039,1,0,Enpp5
Gm6767,0.200569239,0.001511439,0.003,0.002,1,0,Gm6767
Mta2,0.200625982,0.044007075,0.095,0.09,1,0,Mta2
Snrpd2,0.201198814,-0.011226152,0.279,0.293,1,0,Snrpd2
Spred3,0.201235211,-0.0077402,0.01,0.012,1,0,Spred3
Cyb5d2,0.201249198,0.006569837,0.027,0.031,1,0,Cyb5d2
Ddx52,0.201524709,-0.018879162,0.119,0.127,1,0,Ddx52
Gm45501,0.201767073,0.010314598,0.01,0.008,1,0,Gm45501
Klhl36,0.201889149,-0.010543133,0.015,0.018,1,0,Klhl36
Gm45546,0.201922511,-0.008417928,0.004,0.005,1,0,Gm45546
Cadm2,0.201960637,-0.021064676,0.001,0.002,1,0,Cadm2
Gm28872,0.202031294,-0.010228848,0.001,0.002,1,0,Gm28872
Igf2r,0.202207198,-0.02418848,0.245,0.256,1,0,Igf2r
Zfp182,0.202346605,0.024356798,0.038,0.034,1,0,Zfp182
Zbtb22,0.202404826,0.011014914,0.023,0.02,1,0,Zbtb22
AW146154,0.202427301,-0.012424517,0.019,0.022,1,0,AW146154
Arfgap2,0.20252688,-0.012821904,0.009,0.011,1,0,Arfgap2
Lancl1,0.202570311,-0.003983773,0.065,0.06,1,0,Lancl1
Yod1,0.202589697,-0.013624878,0.025,0.029,1,0,Yod1
Gm5120,0.202603518,0.005509193,0.009,0.007,1,0,Gm5120
Urb1,0.202694226,-0.008062957,0.011,0.014,1,0,Urb1
Scaf11,0.202807746,-0.03829319,0.323,0.336,1,0,Scaf11
Bcl7c,0.202924348,-0.007906399,0.097,0.105,1,0,Bcl7c
4930453C13Rik,0.202965655,-0.002971632,0.001,0.002,1,0,4930453C13Rik
Klhl3,0.202994018,-0.008148762,0.001,0.002,1,0,Klhl3
Cbln2,0.20314507,0.001273708,0.004,0.003,1,0,Cbln2
Gm9828,0.203391403,-0.002272863,0.001,0.002,1,0,Gm9828
Dok3,0.203576096,-0.000599595,0.001,0.002,1,0,Dok3
Gm45205,0.203603269,-0.006653046,0.006,0.008,1,0,Gm45205
Trim8,0.203622487,-0.021084701,0.114,0.107,1,0,Trim8
Gm16853,0.20366138,-0.000979034,0.001,0.002,1,0,Gm16853
Pibf1,0.203678087,-0.026472849,0.056,0.061,1,0,Pibf1
C2cd3,0.203701476,0.009741786,0.028,0.025,1,0,C2cd3
Gm12606,0.20373247,0.007118868,0.003,0.002,1,0,Gm12606
Bivm,0.203779021,6.28E-06,0.025,0.028,1,0,Bivm
Ttc37,0.203809168,0.02977165,0.063,0.069,1,0,Ttc37
Tatdn3,0.203816388,0.008160519,0.031,0.028,1,0,Tatdn3
Ms4a4d,0.203863071,-0.107969195,0.284,0.285,1,0,Ms4a4d
Bnip1,0.203878221,0.017951418,0.043,0.048,1,0,Bnip1
Impad1,0.203975663,0.039432883,0.201,0.196,1,0,Impad1
Gm16675,0.20401701,0.003920197,0.003,0.002,1,0,Gm16675
Rpa1,0.204024083,-0.000788203,0.038,0.043,1,0,Rpa1
B930059L03Rik,0.204031714,-0.004965432,0.002,0.003,1,0,B930059L03Rik
Gm43859,0.204068057,-0.008580004,0.005,0.006,1,0,Gm43859
1190005I06Rik,0.204132009,-0.006342687,0.004,0.006,1,0,1190005I06Rik
C330013E15Rik,0.204340776,-0.002694287,0.004,0.005,1,0,C330013E15Rik
Gm12543,0.204588642,-0.001760783,0.002,0.003,1,0,Gm12543
Gm6395,0.20459902,-0.008672424,0.004,0.006,1,0,Gm6395
Gm44041,0.204615485,0.002445087,0.003,0.002,1,0,Gm44041
Ccdc120,0.204671683,-0.000123165,0.002,0.003,1,0,Ccdc120
Fbxo24,0.204755435,-0.00923731,0.005,0.006,1,0,Fbxo24
Pcdh10,0.205047827,0.007818568,0.007,0.005,1,0,Pcdh10
Gm20661,0.205284313,-0.005095356,0.001,0.001,1,0,Gm20661
Gm5620,0.205325003,0.0010458,0.002,0.003,1,0,Gm5620
Gm43566,0.20554052,-0.002016179,0.001,0.001,1,0,Gm43566
Gm15013,0.205560238,-0.002829578,0.001,0.001,1,0,Gm15013
Myrip,0.205560238,-0.004459979,0.001,0.001,1,0,Myrip
Lsr,0.205579957,-0.002485662,0.001,0.001,1,0,Lsr
Slc25a43,0.205579957,-0.004279126,0.001,0.001,1,0,Slc25a43
Rybp-ps,0.205579957,-0.00499415,0.001,0.001,1,0,Rybp-ps
4732416N19Rik,0.205589486,-0.004092724,0.004,0.006,1,0,4732416N19Rik
Gm17816,0.205599678,-0.001825688,0.001,0.001,1,0,Gm17816
Cyth4,0.205678574,-0.002959298,0.001,0.001,1,0,Cyth4
Nrip3,0.205678574,-0.004670286,0.001,0.001,1,0,Nrip3
Nfkbid,0.205698302,-0.002826825,0.001,0.001,1,0,Nfkbid
Nmral1,0.205738603,0.007483084,0.014,0.017,1,0,Nmral1
Gm30794,0.205757493,-0.004080452,0.001,0.001,1,0,Gm30794
Gm18726,0.205816696,-0.001366113,0.001,0.001,1,0,Gm18726
Slc25a45,0.205866535,0.019277266,0.02,0.017,1,0,Slc25a45
Gm43768,0.205875911,-0.002919446,0.001,0.001,1,0,Gm43768
A430057M04Rik,0.205895652,-0.0018482,0.001,0.001,1,0,A430057M04Rik
Sptb,0.205895652,-0.003297995,0.001,0.001,1,0,Sptb
Gm50322,0.205954884,-0.000256502,0.001,0.001,1,0,Gm50322
Hrh1,0.205954884,-0.002151301,0.001,0.001,1,0,Hrh1
Gm18821,0.206053632,-0.001489299,0.001,0.001,1,0,Gm18821
Mmp12,0.20640116,-0.010166382,0.005,0.006,1,0,Mmp12
Men1,0.206498039,-0.02272678,0.03,0.034,1,0,Men1
Dph7,0.206527683,0.000569867,0.011,0.013,1,0,Dph7
Gmcl1,0.206553624,-0.014555357,0.052,0.057,1,0,Gmcl1
Gm16023,0.206580685,-0.007168329,0.005,0.006,1,0,Gm16023
Ing5,0.206682945,0.014011966,0.081,0.076,1,0,Ing5
Washc1,0.206729838,0.009075643,0.084,0.091,1,0,Washc1
Capn5,0.206740023,0.003149532,0.033,0.029,1,0,Capn5
Ccdc6,0.206795013,0.026241288,0.117,0.112,1,0,Ccdc6
Hnrnpk,0.206802775,-0.014384525,0.51,0.497,1,0,Hnrnpk
Trappc8,0.206953323,0.011643419,0.043,0.039,1,0,Trappc8
Prune1,0.207006698,-0.011243195,0.016,0.019,1,0,Prune1
Lhfpl4,0.207170313,0.001179192,0.007,0.005,1,0,Lhfpl4
Rab42,0.20764697,-0.002855992,0.005,0.006,1,0,Rab42
Baz2b,0.207660148,0.000431486,0.258,0.252,1,0,Baz2b
Sumf2,0.207692086,-0.008178048,0.036,0.04,1,0,Sumf2
Dnajc16,0.207774696,0.00034203,0.015,0.018,1,0,Dnajc16
Fto,0.207872562,0.044928823,0.107,0.102,1,0,Fto
Gm14336,0.207904296,0.007173933,0.003,0.002,1,0,Gm14336
Tfdp1,0.207921438,0.024401417,0.087,0.095,1,0,Tfdp1
Zfp354b,0.208041333,-0.00835485,0.002,0.004,1,0,Zfp354b
Csnk2a1,0.208044663,-0.03817318,0.249,0.262,1,0,Csnk2a1
Rnf10,0.208068912,-0.030266584,0.282,0.295,1,0,Rnf10
Sbk1,0.208181951,0.007877779,0.01,0.008,1,0,Sbk1
Chmp4b,0.208229144,0.03428753,0.422,0.422,1,0,Chmp4b
Zfp90,0.20830467,-0.013441178,0.038,0.042,1,0,Zfp90
Gm38120,0.208472889,0.003831715,0.004,0.003,1,0,Gm38120
Atp1a3,0.208506336,0.00342841,0.003,0.002,1,0,Atp1a3
2610028D06Rik,0.20855154,0.003936808,0.003,0.002,1,0,2610028D06Rik
Gm43715,0.208563513,-0.005368512,0.002,0.004,1,0,Gm43715
Atrn,0.208774885,0.023787673,0.062,0.057,1,0,Atrn
4933429H19Rik,0.208807522,-0.004941418,0.002,0.004,1,0,4933429H19Rik
Gm30124,0.208822913,0.002489535,0.003,0.002,1,0,Gm30124
Gxylt1,0.208865323,0.027133439,0.11,0.105,1,0,Gxylt1
Gm12892,0.208883253,0.000971895,0.003,0.002,1,0,Gm12892
Skiv2l,0.208963788,0.025119693,0.116,0.111,1,0,Skiv2l
Gm12096,0.209034157,0.001605388,0.003,0.002,1,0,Gm12096
K230015D01Rik,0.209322836,0.002385561,0.004,0.006,1,0,K230015D01Rik
Scin,0.209442657,0.006965598,0.007,0.006,1,0,Scin
Gm47405,0.209506321,-0.004911664,0.001,0.002,1,0,Gm47405
Psen2,0.209533354,-0.030744932,0.079,0.085,1,0,Psen2
Gm46142,0.209655822,-0.00377865,0.001,0.002,1,0,Gm46142
Med9os,0.209655822,-0.005226663,0.001,0.002,1,0,Med9os
Gm44136,0.209705673,-0.004411805,0.001,0.002,1,0,Gm44136
Gm38302,0.2098054,-0.002498356,0.001,0.002,1,0,Gm38302
Gm45924,0.2098054,-0.00274413,0.001,0.002,1,0,Gm45924
Cpn1,0.209905162,-0.00015839,0.001,0.002,1,0,Cpn1
Gm13421,0.209921792,-0.003369265,0.001,0.002,1,0,Gm13421
Gm5276,0.209955056,-0.004448314,0.001,0.002,1,0,Gm5276
A330084C13Rik,0.209971689,0.004459685,0.001,0.002,1,0,A330084C13Rik
Irx3os,0.209988323,-0.003779409,0.001,0.002,1,0,Irx3os
Gm20522,0.210004958,-0.001761012,0.001,0.002,1,0,Gm20522
Gm45405,0.210038231,-0.003081321,0.001,0.002,1,0,Gm45405
Bpnt1,0.210063967,-0.017591731,0.049,0.053,1,0,Bpnt1
Dapp1,0.210093241,0.011113918,0.022,0.025,1,0,Dapp1
Mief1,0.210137459,-0.004419245,0.023,0.02,1,0,Mief1
Gm4973,0.210154716,-0.001852604,0.001,0.002,1,0,Gm4973
Rps13-ps4,0.210237949,-0.002591407,0.001,0.002,1,0,Rps13-ps4
Jmjd8,0.210278475,-0.004783554,0.054,0.059,1,0,Jmjd8
Qtrt2,0.210287907,-0.025915674,0.028,0.032,1,0,Qtrt2
Abhd18,0.210436065,-0.025789568,0.02,0.023,1,0,Abhd18
Phtf1,0.210447594,0.005543902,0.094,0.101,1,0,Phtf1
Smg5,0.210756244,-0.008425177,0.06,0.065,1,0,Smg5
Kmt2b,0.210904493,-0.010589808,0.05,0.054,1,0,Kmt2b
Gm42892,0.211051656,-0.013479492,0.003,0.004,1,0,Gm42892
Gm4070,0.211080982,0.004214264,0.006,0.005,1,0,Gm4070
Dicer1,0.211084648,-0.023816142,0.082,0.089,1,0,Dicer1
Gm11769,0.211285778,0.011358811,0.009,0.012,1,0,Gm11769
Taf10,0.211456965,0.050340134,0.097,0.093,1,0,Taf10
Ermard,0.211529867,-0.01142678,0.017,0.02,1,0,Ermard
Ipo8,0.211577347,-0.016816251,0.084,0.09,1,0,Ipo8
Gm12333,0.211823326,0.00688667,0.001,0.001,1,0,Gm12333
Utp15,0.211901015,0.006203726,0.027,0.03,1,0,Utp15
Gm42509,0.211932628,0.003111865,0.001,0.001,1,0,Gm42509
Hecw1,0.211965426,0.003757327,0.001,0.001,1,0,Hecw1
Cd53,0.211998228,0.003617331,0.001,0.001,1,0,Cd53
Vps53,0.212001625,-0.008022537,0.054,0.059,1,0,Vps53
Nlrp3,0.212005063,-0.00243652,0,0.001,1,0,Nlrp3
5430434F05Rik,0.212050235,0.009632003,0.005,0.003,1,0,5430434F05Rik
Gm45051,0.212092986,-0.004785428,0.002,0.003,1,0,Gm45051
Hsbp1l1,0.212120842,-0.006545982,0.002,0.003,1,0,Hsbp1l1
Hexim2,0.212148701,-0.004926034,0.002,0.003,1,0,Hexim2
Gm5555,0.212190495,-0.003383185,0.002,0.003,1,0,Gm5555
Gm13205,0.21220232,0.003662259,0.002,0.002,1,0,Gm13205
Gm9130,0.212232294,-0.002856408,0.002,0.003,1,0,Gm9130
Ilk,0.212246229,-0.004008903,0.002,0.003,1,0,Ilk
Ntpcr,0.212428169,-0.009792415,0.043,0.047,1,0,Ntpcr
Ip6k1,0.212449209,-0.051970063,0.15,0.157,1,0,Ip6k1
Foxo6,0.212497162,-0.004230272,0.002,0.003,1,0,Foxo6
Gm14412,0.212574899,-0.005185069,0.003,0.004,1,0,Gm14412
Cyyr1,0.212609092,-0.003205967,0.003,0.004,1,0,Cyyr1
Gm26672,0.212699797,0.008844257,0.011,0.009,1,0,Gm26672
Isg20,0.212776216,-0.000416832,0.067,0.073,1,0,Isg20
Hspa5,0.213132996,-0.0219221,0.942,0.92,1,0,Hspa5
1810034E14Rik,0.21313476,0.018979019,0.014,0.011,1,0,1810034E14Rik
Hyal1,0.2131484,-0.002035435,0.01,0.012,1,0,Hyal1
Lonrf3,0.213291539,-0.014641503,0.007,0.009,1,0,Lonrf3
1810055G02Rik,0.213360022,0.026346991,0.119,0.129,1,0,1810055G02Rik
Zfp110,0.213367358,0.01612176,0.063,0.058,1,0,Zfp110
Ybey,0.213501086,-0.006434103,0.008,0.01,1,0,Ybey
E330013P04Rik,0.213524061,-0.022484827,0.02,0.023,1,0,E330013P04Rik
B930086L07Rik,0.213529583,-0.008975617,0.007,0.009,1,0,B930086L07Rik
Azi2,0.213589473,-0.039670215,0.166,0.175,1,0,Azi2
Cmss1,0.2136341,-0.011796072,0.033,0.037,1,0,Cmss1
Tmem143,0.213685733,-0.011304432,0.013,0.015,1,0,Tmem143
Rpl7-ps7,0.213805813,-0.00952993,0.033,0.037,1,0,Rpl7-ps7
Gm48382,0.213863968,0.002875794,0.005,0.003,1,0,Gm48382
Srfbp1,0.213916601,-0.004734615,0.046,0.051,1,0,Srfbp1
Dnaja2,0.213926529,-0.010437215,0.267,0.282,1,0,Dnaja2
Casd1,0.214039844,0.023734593,0.091,0.085,1,0,Casd1
Pole2,0.214125296,0.001876973,0.012,0.014,1,0,Pole2
Gm43259,0.214169869,0.006773835,0.007,0.005,1,0,Gm43259
Cenpx,0.214314905,0.048912594,0.15,0.146,1,0,Cenpx
Rtl3,0.214342245,0.021817229,0.046,0.042,1,0,Rtl3
Ppp2r5b,0.214355949,0.009834886,0.043,0.039,1,0,Ppp2r5b
Chst15,0.214372876,0.026894266,0.045,0.041,1,0,Chst15
Apmap,0.214581433,-0.010459687,0.047,0.052,1,0,Apmap
Gm36339,0.214582347,0.00619666,0.004,0.003,1,0,Gm36339
Fastkd5,0.214611683,-0.009579064,0.008,0.01,1,0,Fastkd5
2310009B15Rik,0.214689038,-0.009151594,0.066,0.072,1,0,2310009B15Rik
Bap1,0.215114239,0.029536516,0.052,0.048,1,0,Bap1
5430402O13Rik,0.215292582,0.003267162,0.002,0.001,1,0,5430402O13Rik
Gm44053,0.215322043,-0.00172364,0.006,0.004,1,0,Gm44053
Ptk2,0.215357706,-0.022071598,0.092,0.098,1,0,Ptk2
Arhgap23,0.215396199,0.009671988,0.06,0.055,1,0,Arhgap23
Gm25930,0.215411164,0.001682687,0.002,0.001,1,0,Gm25930
Naga,0.215492477,0.017103438,0.126,0.12,1,0,Naga
Gm19807,0.21553216,-0.005387439,0.003,0.004,1,0,Gm19807
Alkbh8,0.21553523,-0.013771167,0.032,0.036,1,0,Alkbh8
Sele,0.215563696,0.002102495,0.002,0.001,1,0,Sele
Gm50273,0.215580649,0.001992396,0.002,0.001,1,0,Gm50273
Wdr35,0.215584143,-0.015525676,0.044,0.049,1,0,Wdr35
Aspscr1,0.215647372,-0.000455013,0.016,0.013,1,0,Aspscr1
4732414G09Rik,0.215734978,0.012668529,0.002,0.001,1,0,4732414G09Rik
Alms1-ps1,0.215767194,0.001381823,0.002,0.001,1,0,Alms1-ps1
Hk1,0.215767837,0.016534687,0.084,0.079,1,0,Hk1
Galnt17,0.215810978,-0.01844092,0.099,0.105,1,0,Galnt17
Afg3l1,0.215838488,-0.007824265,0.119,0.128,1,0,Afg3l1
Hsd17b13,0.216164104,0.003770883,0.002,0.001,1,0,Hsd17b13
Gm24062,0.216164104,0.003170496,0.002,0.001,1,0,Gm24062
Itsn2,0.216205478,-0.055931119,0.213,0.224,1,0,Itsn2
Wdr46-ps,0.216327742,0.004377887,0.002,0.001,1,0,Wdr46-ps
Zfp518a,0.216413184,-0.000741822,0.03,0.033,1,0,Zfp518a
Cbr3,0.216456568,0.013468146,0.079,0.073,1,0,Cbr3
Gm37154,0.216501705,0.00203416,0.002,0.001,1,0,Gm37154
Gm12511,0.216614323,0.002358741,0.002,0.001,1,0,Gm12511
Tox2,0.216696254,0.001814229,0.002,0.001,1,0,Tox2
Nsrp1,0.216732512,-0.046443894,0.18,0.189,1,0,Nsrp1
Vmn2r89,0.216737228,0.001819143,0.002,0.001,1,0,Vmn2r89
Gm14003,0.216739387,0.007090118,0.002,0.001,1,0,Gm14003
Lrrc4,0.216806568,0.010289345,0.006,0.005,1,0,Lrrc4
Zxdb,0.216843438,0.01278932,0.014,0.011,1,0,Zxdb
Utp23,0.216860618,0.004926886,0.047,0.043,1,0,Utp23
A030005L19Rik,0.216901178,0.002770313,0.002,0.001,1,0,A030005L19Rik
Gm36955,0.217027084,0.003195046,0.002,0.001,1,0,Gm36955
Zfp236,0.217202063,-0.021278686,0.048,0.053,1,0,Zfp236
Gm7476,0.217322792,0.003766337,0.002,0.001,1,0,Gm7476
Accs,0.21742549,0.004989407,0.014,0.012,1,0,Accs
Klb,0.217475984,0.006916212,0.002,0.001,1,0,Klb
Trafd1,0.217480504,0.012776576,0.117,0.112,1,0,Trafd1
Cnga1,0.217495176,0.000493001,0.002,0.001,1,0,Cnga1
Gm29675,0.217531213,0.000655246,0.002,0.001,1,0,Gm29675
B230206I08Rik,0.21753345,0.00531329,0.002,0.001,1,0,B230206I08Rik
Gm47257,0.21761009,0.003602206,0.002,0.001,1,0,Gm47257
Gm44907,0.217648417,0.002112139,0.002,0.001,1,0,Gm44907
Saysd1,0.217723741,0.003314442,0.065,0.072,1,0,Saysd1
Zfp950,0.217730379,-0.034598372,0.13,0.137,1,0,Zfp950
Gm10801,0.217782599,0.007372819,0.002,0.001,1,0,Gm10801
Nexmif,0.217839425,0.007750564,0.008,0.006,1,0,Nexmif
4933427G23Rik,0.21789766,0.001774317,0.002,0.001,1,0,4933427G23Rik
Gm46447,0.217974391,0.001969114,0.002,0.001,1,0,Gm46447
Fosl1,0.218178438,0.011507998,0.007,0.005,1,0,Fosl1
Gm27019,0.218185503,0.000780047,0.002,0.001,1,0,Gm27019
Cfap410,0.218465644,0.002083193,0.036,0.04,1,0,Cfap410
Gm47817,0.2189105,-0.011941012,0.007,0.008,1,0,Gm47817
Hspa9-ps1,0.219530688,-0.00246873,0.003,0.004,1,0,Hspa9-ps1
Gm47258,0.219561082,0.005030768,0.005,0.003,1,0,Gm47258
Pigs,0.219664944,0.02440599,0.081,0.088,1,0,Pigs
Agbl2,0.219961137,-0.003748525,0.002,0.003,1,0,Agbl2
Rmdn1,0.219965029,-0.020877188,0.046,0.051,1,0,Rmdn1
Smarce1,0.220100871,0.03538737,0.18,0.176,1,0,Smarce1
2410004I01Rik,0.220111471,-0.002477437,0.002,0.003,1,0,2410004I01Rik
Creld1,0.22024571,0.029043423,0.1,0.095,1,0,Creld1
Gm48532,0.220398677,-0.001967514,0.002,0.003,1,0,Gm48532
Sult1a1,0.22046086,-0.058640239,0.036,0.039,1,0,Sult1a1
Gm26873,0.220524969,-0.011152036,0.006,0.008,1,0,Gm26873
Gm15283,0.220630519,-0.005985446,0.007,0.008,1,0,Gm15283
Evi2a,0.220665027,0.028134301,0.041,0.037,1,0,Evi2a
Cep95,0.220675913,-0.024095611,0.042,0.047,1,0,Cep95
D930016D06Rik,0.220814781,0.01269949,0.034,0.031,1,0,D930016D06Rik
Gm12251,0.220841177,-0.010199122,0.009,0.011,1,0,Gm12251
Gm37494,0.220902012,-0.009792972,0.051,0.055,1,0,Gm37494
Brsk1,0.220970748,-0.008144357,0.006,0.008,1,0,Brsk1
Shank2,0.221058067,0.004533888,0.005,0.003,1,0,Shank2
Gm9169,0.221206024,-0.004080555,0.003,0.004,1,0,Gm9169
Galk2,0.221471117,0.032781076,0.064,0.059,1,0,Galk2
Adap1,0.221482496,0.001094199,0.004,0.003,1,0,Adap1
Gm15843,0.221547715,0.003318765,0.004,0.003,1,0,Gm15843
Zfp458,0.221559999,-0.006654884,0.006,0.008,1,0,Zfp458
Mfsd12,0.221586356,0.01394261,0.029,0.025,1,0,Mfsd12
Tnfrsf22,0.221601142,-0.001331898,0.007,0.009,1,0,Tnfrsf22
Jazf1,0.22182883,-0.001698585,0.012,0.015,1,0,Jazf1
Zfp523,0.222027449,0.003986069,0.02,0.023,1,0,Zfp523
Pin4,0.222036327,-0.010165495,0.062,0.068,1,0,Pin4
Pltp,0.222192214,-0.010440744,0.01,0.012,1,0,Pltp
Helq,0.222222281,-0.006556523,0.018,0.021,1,0,Helq
Tmem201,0.222347176,-0.006227823,0.017,0.02,1,0,Tmem201
Gm49405,0.222414893,-0.010210304,0.006,0.008,1,0,Gm49405
Snora31,0.222775516,0.012611401,0.008,0.006,1,0,Snora31
Dzip3,0.222861086,0.023185513,0.047,0.052,1,0,Dzip3
Mtg2,0.222886812,-0.004264751,0.03,0.033,1,0,Mtg2
Rhoj,0.22293156,-0.064251774,0.527,0.532,1,0,Rhoj
5430420F09Rik,0.223146105,-0.00495335,0.001,0.002,1,0,5430420F09Rik
C430039J01Rik,0.223162398,-0.005390258,0.001,0.002,1,0,C430039J01Rik
Rrp36,0.22321462,-0.021118286,0.048,0.052,1,0,Rrp36
Gm31166,0.223260176,-0.006413917,0.001,0.002,1,0,Gm31166
B430010I23Rik,0.223390594,-0.006183291,0.001,0.002,1,0,B430010I23Rik
Gm38047,0.223441596,-0.007732641,0.004,0.005,1,0,Gm38047
Rpl31-ps15,0.223472134,-0.004154219,0.001,0.002,1,0,Rpl31-ps15
E4f1,0.223553885,0.01463504,0.051,0.047,1,0,E4f1
Gm14719,0.223570008,-0.002521094,0.001,0.002,1,0,Gm14719
Ppfia2,0.223583433,-0.008640376,0.012,0.01,1,0,Ppfia2
Gm17690,0.223586324,-0.005189526,0.001,0.002,1,0,Gm17690
Nup188,0.223808913,0.031806749,0.033,0.03,1,0,Nup188
Hif1an,0.223813089,0.008945417,0.018,0.021,1,0,Hif1an
Jdp2,0.223899616,-0.026432748,0.107,0.114,1,0,Jdp2
Gabrb1,0.22394548,-0.002004383,0.001,0.002,1,0,Gabrb1
Gm15892,0.224098905,-0.008839918,0.005,0.007,1,0,Gm15892
Gm12988,0.224117041,-0.001031777,0.001,0.002,1,0,Gm12988
Matr3,0.22432888,-0.003643645,0.413,0.407,1,0,Matr3
Ppm1k,0.224375422,-0.019547011,0.024,0.028,1,0,Ppm1k
Gm16201,0.224454311,-0.001701979,0.011,0.009,1,0,Gm16201
1810014B01Rik,0.22453236,-0.006995873,0.029,0.032,1,0,1810014B01Rik
Tasor,0.224539607,0.012928276,0.127,0.121,1,0,Tasor
Snf8,0.22458307,-0.011245505,0.111,0.119,1,0,Snf8
Fadd,0.224608025,0.001285557,0.016,0.019,1,0,Fadd
Kidins220,0.224693042,0.027947711,0.152,0.147,1,0,Kidins220
Cep44,0.22478701,-0.019661005,0.037,0.041,1,0,Cep44
Fasn,0.224831319,0.004039962,0.095,0.102,1,0,Fasn
BC029722,0.224841229,0.010442153,0.012,0.015,1,0,BC029722
Pcdhgb5,0.225159071,-0.004093127,0.006,0.007,1,0,Pcdhgb5
Hoxd3os1,0.225209113,-0.008254112,0.005,0.006,1,0,Hoxd3os1
Zfyve16,0.225451137,0.029193483,0.085,0.08,1,0,Zfyve16
Slc45a3,0.22546552,-0.005944273,0.002,0.003,1,0,Slc45a3
Gm43372,0.22546552,-0.007238234,0.002,0.003,1,0,Gm43372
Kctd21,0.225489091,-0.002915581,0.004,0.006,1,0,Kctd21
Neurl1a,0.225551329,-0.011910528,0.005,0.007,1,0,Neurl1a
Llph-ps2,0.225724118,-0.009798279,0.008,0.01,1,0,Llph-ps2
Ccdc88a,0.225745219,0.026543861,0.298,0.294,1,0,Ccdc88a
Gm4890,0.225759156,-0.003615993,0.002,0.003,1,0,Gm4890
A730017L22Rik,0.225783239,-0.009482156,0.01,0.012,1,0,A730017L22Rik
Gm10478,0.225793241,-0.00284032,0.009,0.007,1,0,Gm10478
Mtus2,0.225795322,-0.005215859,0.005,0.007,1,0,Mtus2
Robo1,0.225817048,0.03799372,0.064,0.059,1,0,Robo1
Gm42658,0.225866,-0.002806107,0.002,0.003,1,0,Gm42658
Ttc21b,0.225905351,-0.015011375,0.033,0.037,1,0,Ttc21b
Slc22a23,0.225932796,-0.007081249,0.002,0.003,1,0,Slc22a23
Sorbs3,0.226010038,-0.028529802,0.076,0.082,1,0,Sorbs3
Exo5,0.226023806,0.00633181,0.019,0.022,1,0,Exo5
Epsti1,0.226079796,-0.002480844,0.002,0.003,1,0,Epsti1
Ntng2,0.226146638,-0.003474899,0.002,0.003,1,0,Ntng2
Slc4a3,0.226234427,0.004473581,0.067,0.062,1,0,Slc4a3
Csf3,0.226240239,-0.001157886,0.002,0.003,1,0,Csf3
Gm12396,0.226598358,0.001625361,0.006,0.008,1,0,Gm12396
Tecpr2,0.226610497,0.000744651,0.018,0.021,1,0,Tecpr2
Gm6576,0.226700794,-0.003124186,0.005,0.006,1,0,Gm6576
Kdsr,0.22681876,-0.024645928,0.089,0.095,1,0,Kdsr
Rpl5-ps2,0.226898275,0.004593157,0.004,0.003,1,0,Rpl5-ps2
Suv39h1,0.227017118,-0.008782589,0.015,0.018,1,0,Suv39h1
Prmt6,0.227227817,-0.001224184,0.009,0.011,1,0,Prmt6
2010315B03Rik,0.227337718,-0.012585313,0.027,0.03,1,0,2010315B03Rik
Tysnd1,0.227492365,-0.002866611,0.037,0.041,1,0,Tysnd1
6430562O15Rik,0.227706057,0.006020169,0.007,0.005,1,0,6430562O15Rik
Srrd,0.227818355,0.015338331,0.007,0.006,1,0,Srrd
Slc8a1,0.227888634,0.013700187,0.056,0.051,1,0,Slc8a1
9330162012Rik,0.228012089,0.001645046,0.003,0.002,1,0,9330162012Rik
Hic2,0.228012577,-0.007654743,0.008,0.01,1,0,Hic2
Pcgf2,0.22806281,-0.010124591,0.043,0.047,1,0,Pcgf2
Gm47372,0.228094448,0.003285744,0.003,0.002,1,0,Gm47372
Acad8,0.228168843,-0.010370096,0.053,0.058,1,0,Acad8
Gm43260,0.228284813,0.005219713,0.011,0.009,1,0,Gm43260
Etohd2,0.228390777,0.018610484,0.03,0.027,1,0,Etohd2
Gm23094,0.22842793,-0.003795621,0.001,0.002,1,0,Gm23094
Gm15063,0.228486201,-0.002926883,0.001,0.002,1,0,Gm15063
Gm49774,0.228496134,-0.002443581,0.005,0.007,1,0,Gm49774
AC109619.1,0.228505627,-0.002886012,0.001,0.002,1,0,AC109619.1
Gm7871,0.228525054,-0.002860388,0.001,0.002,1,0,Gm7871
Gm37383,0.228544483,-0.004591181,0.001,0.002,1,0,Gm37383
3-Sep,0.228563913,-0.006757348,0.001,0.002,1,0,3-Sep
4930579G18Rik,0.228602776,-0.002097378,0.001,0.002,1,0,4930579G18Rik
1500002F19Rik,0.228641643,-0.003310287,0.001,0.002,1,0,1500002F19Rik
Rnd2,0.22875465,-0.008920066,0.013,0.015,1,0,Rnd2
Cpa2,0.228777717,-0.002577469,0.001,0.002,1,0,Cpa2
Gm12089,0.228797161,-0.00328349,0.001,0.002,1,0,Gm12089
Prr15,0.228816606,-0.002739035,0.001,0.002,1,0,Prr15
Rpl27-ps1,0.228874948,-0.001848668,0.001,0.002,1,0,Rpl27-ps1
Gm28192,0.228874948,-0.002599567,0.001,0.002,1,0,Gm28192
Gm49539,0.228991664,-0.001807815,0.001,0.002,1,0,Gm49539
Fam98c,0.229053916,-0.01202363,0.008,0.01,1,0,Fam98c
Rab10os,0.229079869,-0.02161525,0.045,0.049,1,0,Rab10os
Gm47708,0.229127886,-0.001482256,0.001,0.002,1,0,Gm47708
Gm13422,0.229165546,0.001357191,0.005,0.004,1,0,Gm13422
Tsc22d2,0.229200538,-0.020544224,0.119,0.127,1,0,Tsc22d2
Gldc,0.229230401,0.001406766,0.005,0.007,1,0,Gldc
Gm33142,0.229381022,0.000204969,0.001,0.002,1,0,Gm33142
Zcchc2,0.229442272,-0.018107595,0.038,0.042,1,0,Zcchc2
Babam2,0.229482107,0.043575117,0.096,0.092,1,0,Babam2
Gm48204,0.229568503,0.001029805,0.005,0.004,1,0,Gm48204
Nfs1,0.229643452,-0.007362611,0.067,0.073,1,0,Nfs1
Ipo5,0.230135195,0.064328928,0.106,0.102,1,0,Ipo5
Kif3b,0.230223958,0.023000808,0.092,0.087,1,0,Kif3b
Gga1,0.230491986,0.029052069,0.071,0.066,1,0,Gga1
Sipa1l1,0.230586223,-0.01686055,0.025,0.028,1,0,Sipa1l1
Arsk,0.23074311,-0.014484858,0.077,0.083,1,0,Arsk
Gm7527,0.23077644,-0.005349925,0.002,0.003,1,0,Gm7527
Gm43682,0.230815258,-0.007470951,0.008,0.009,1,0,Gm43682
Prkch,0.230825897,0.005021813,0.008,0.006,1,0,Prkch
Urod,0.230926941,-0.01497894,0.087,0.094,1,0,Urod
Fam122a,0.231003832,-0.014351411,0.048,0.052,1,0,Fam122a
Slc7a10,0.231063741,-0.001689734,0.002,0.003,1,0,Slc7a10
Gm8242,0.231089872,-0.007137657,0.002,0.003,1,0,Gm8242
Rhbdd3,0.231385315,0.015186331,0.026,0.024,1,0,Rhbdd3
Gm20900,0.231684917,-0.003498752,0.002,0.003,1,0,Gm20900
mt-Tv,0.231716938,-0.013675207,0.009,0.011,1,0,mt-Tv
Akap5,0.231795257,0.0075899,0.009,0.007,1,0,Akap5
Hspbap1,0.232053728,-0.005518047,0.029,0.032,1,0,Hspbap1
Smarcc2,0.232188613,-0.035813047,0.258,0.269,1,0,Smarcc2
Mtch1,0.232417819,-0.020367638,0.29,0.301,1,0,Mtch1
Tspyl5,0.232606564,-0.008391893,0.007,0.009,1,0,Tspyl5
Zfp446,0.232646247,-0.013255024,0.009,0.011,1,0,Zfp446
Ctu2,0.232831259,0.016253784,0.037,0.034,1,0,Ctu2
Acaca,0.233234975,0.023752009,0.036,0.032,1,0,Acaca
Gm18194,0.233528795,0.007475254,0.004,0.003,1,0,Gm18194
Sae1,0.233596807,0.0005398,0.143,0.153,1,0,Sae1
2610012C04Rik,0.233605841,0.005873295,0.009,0.007,1,0,2610012C04Rik
Rexo5,0.233846738,0.02027745,0.019,0.017,1,0,Rexo5
Vps25,0.233964235,0.010408684,0.018,0.016,1,0,Vps25
Plin2,0.234129998,-0.03759488,0.13,0.138,1,0,Plin2
Gm34648,0.234177143,-0.004940177,0.001,0.002,1,0,Gm34648
Atp6v1c1,0.234270833,0.041493065,0.092,0.088,1,0,Atp6v1c1
Gbp10,0.234288648,-0.004587741,0.001,0.002,1,0,Gbp10
Chl1,0.234458692,-0.025106859,0.091,0.085,1,0,Chl1
Rnpc3,0.234503683,-0.030934203,0.077,0.083,1,0,Rnpc3
Csad,0.234540046,0.027438153,0.087,0.082,1,0,Csad
Gm33195,0.234655287,-0.005683448,0.001,0.002,1,0,Gm33195
8430422M14Rik,0.23470184,0.004597749,0.003,0.002,1,0,8430422M14Rik
Hspbp1,0.234741942,-0.014982086,0.05,0.055,1,0,Hspbp1
Srrm2,0.234789233,-0.081481205,0.622,0.629,1,0,Srrm2
Cfap43,0.234863797,0.01743136,0.013,0.011,1,0,Cfap43
Gm13570,0.23492537,0.003516361,0.004,0.003,1,0,Gm13570
Gm15921,0.234933406,0.002308283,0.003,0.002,1,0,Gm15921
Nsdhl,0.234950178,-0.0123894,0.029,0.032,1,0,Nsdhl
Polr3b,0.235059757,-0.016104447,0.026,0.03,1,0,Polr3b
Cenpl,0.23507118,-0.010911481,0.016,0.019,1,0,Cenpl
Crnde,0.235115778,0.009302913,0.009,0.008,1,0,Crnde
Ehhadh,0.235163226,0.007798049,0.005,0.004,1,0,Ehhadh
Slc7a3,0.235298787,0.004869741,0.004,0.003,1,0,Slc7a3
Gm6421,0.235357816,-0.001505389,0.001,0.002,1,0,Gm6421
Gm18284,0.235373799,-0.000508076,0.001,0.002,1,0,Gm18284
Ppp2r1a,0.235453387,-0.032367069,0.186,0.196,1,0,Ppp2r1a
Lsm10,0.235539391,-0.01461783,0.061,0.066,1,0,Lsm10
Elob,0.235647602,-0.029854643,0.58,0.579,1,0,Elob
Stab1,0.235652976,0.006763156,0.006,0.005,1,0,Stab1
Gm6052,0.235725638,0.000342521,0.001,0.002,1,0,Gm6052
Rdh14,0.235978464,0.027398077,0.057,0.053,1,0,Rdh14
B3gat3,0.236712547,0.007796842,0.059,0.064,1,0,B3gat3
Tmem131l,0.236873034,-0.005000412,0.012,0.014,1,0,Tmem131l
Lipe,0.236932369,-0.009986577,0.007,0.009,1,0,Lipe
Nup93,0.237205843,-0.000288197,0.056,0.061,1,0,Nup93
1500004A13Rik,0.237492333,-0.007956262,0.007,0.009,1,0,1500004A13Rik
Cep63,0.237598106,-0.033745959,0.054,0.058,1,0,Cep63
Npc1,0.237720153,-0.004338023,0.059,0.064,1,0,Npc1
Thnsl1,0.237755049,-0.000314846,0.007,0.009,1,0,Thnsl1
Elk3,0.237791518,0.002290446,0.119,0.127,1,0,Elk3
9530056E24Rik,0.237847578,0.008887128,0.009,0.008,1,0,9530056E24Rik
Dnah14,0.237951323,0.015795628,0.015,0.013,1,0,Dnah14
Fes,0.238099524,-0.012023704,0.03,0.033,1,0,Fes
Flot2,0.238152925,0.041412367,0.11,0.105,1,0,Flot2
BC005624,0.238610568,-0.027239685,0.18,0.19,1,0,BC005624
Miga2,0.238626446,-0.010724371,0.016,0.018,1,0,Miga2
Eef1a1-ps1,0.238713957,-0.001186672,0.009,0.011,1,0,Eef1a1-ps1
Prcc,0.238732017,-0.013551879,0.06,0.065,1,0,Prcc
Gm44044,0.238913885,0.011438062,0.008,0.006,1,0,Gm44044
Trdmt1,0.239021259,-0.013657323,0.012,0.014,1,0,Trdmt1
Zscan25,0.239173904,-0.004196611,0.003,0.004,1,0,Zscan25
Map2k4,0.239221762,-0.004316878,0.069,0.075,1,0,Map2k4
Gm15518,0.239411432,-0.004015694,0.003,0.004,1,0,Gm15518
Csnk1g2,0.239418064,0.04423529,0.131,0.126,1,0,Csnk1g2
Slc36a1,0.239453805,-0.01033047,0.029,0.033,1,0,Slc36a1
Anapc5,0.239606712,0.021314098,0.313,0.308,1,0,Anapc5
Klhl29,0.239619571,0.018127161,0.028,0.025,1,0,Klhl29
Syt2,0.239720109,0.007820566,0.009,0.007,1,0,Syt2
Wdr77,0.239764106,0.007807124,0.069,0.075,1,0,Wdr77
Ezh1,0.239862911,-0.008463629,0.101,0.095,1,0,Ezh1
Faap24,0.23993378,-0.003417958,0.015,0.017,1,0,Faap24
Rgmb,0.240439504,-0.013428685,0.152,0.145,1,0,Rgmb
Slc10a1,0.240500895,0.008247564,0.017,0.015,1,0,Slc10a1
Cox7b,0.240541886,-0.059781397,0.46,0.463,1,0,Cox7b
Calhm2,0.240602737,-0.000822363,0.06,0.065,1,0,Calhm2
Tmem179b,0.240716875,-0.006602322,0.101,0.109,1,0,Tmem179b
Gm10785,0.241024208,0.008622484,0.003,0.002,1,0,Gm10785
Gm43435,0.241201487,-0.001039181,0.01,0.012,1,0,Gm43435
Wfs1,0.241206439,-0.009406652,0.034,0.038,1,0,Wfs1
Cpped1,0.241282857,-0.008032017,0.071,0.077,1,0,Cpped1
4930473A02Rik,0.241375324,0.0020922,0.003,0.002,1,0,4930473A02Rik
Gm5112,0.24140251,-0.004577298,0.003,0.004,1,0,Gm5112
Ifnar1,0.241479217,-0.002143823,0.132,0.141,1,0,Ifnar1
Gm11942,0.241559604,-0.002653742,0.013,0.016,1,0,Gm11942
Fancg,0.24161657,-0.010239831,0.01,0.012,1,0,Fancg
Gm49727,0.241634261,-0.005790261,0.003,0.004,1,0,Gm49727
Fpgs,0.242161807,-0.002989486,0.039,0.044,1,0,Fpgs
Fbxo46,0.242227981,0.003606815,0.022,0.019,1,0,Fbxo46
Ap1b1,0.242299865,0.021435788,0.047,0.043,1,0,Ap1b1
Akt2,0.242340536,0.012704191,0.12,0.114,1,0,Akt2
Rars2,0.242378226,-0.001407516,0.043,0.047,1,0,Rars2
Eps15l1,0.242444359,0.025680107,0.066,0.062,1,0,Eps15l1
Xpo5,0.242464799,0.023437353,0.051,0.047,1,0,Xpo5
Taf6l,0.242509903,0.007552401,0.016,0.019,1,0,Taf6l
Ankrd40,0.242579696,-0.010400506,0.081,0.087,1,0,Ankrd40
Gm42507,0.242698564,0.001421309,0.006,0.004,1,0,Gm42507
Pcmtd2,0.242776995,-0.036288842,0.082,0.087,1,0,Pcmtd2
Gcn1,0.24282517,0.022298097,0.033,0.03,1,0,Gcn1
Skida1,0.242867601,-0.006363034,0.002,0.003,1,0,Skida1
Nudt6,0.242930751,0.007124682,0.004,0.003,1,0,Nudt6
Snx16,0.242949032,0.016940921,0.041,0.037,1,0,Snx16
Lsm14a,0.243023457,-0.03128191,0.144,0.151,1,0,Lsm14a
Tmem219,0.243094114,-0.001245988,0.134,0.142,1,0,Tmem219
Hcar2,0.243411426,-0.004147224,0.002,0.003,1,0,Hcar2
Gm6712,0.243434752,-0.005796819,0.002,0.003,1,0,Gm6712
Myl6b,0.243726816,-0.018940625,0.005,0.006,1,0,Myl6b
Gls2,0.243731294,-0.003941987,0.003,0.004,1,0,Gls2
Fgfr1op2,0.243815026,-0.020826325,0.293,0.305,1,0,Fgfr1op2
Tmem102,0.244189803,-0.00525163,0.002,0.003,1,0,Tmem102
Mcm9,0.244250739,-0.006978941,0.016,0.019,1,0,Mcm9
Ndst2,0.244371463,0.004837648,0.029,0.026,1,0,Ndst2
Pip4k2b,0.244373353,0.005687756,0.059,0.065,1,0,Pip4k2b
Kmt2a,0.244406891,-0.007155805,0.275,0.268,1,0,Kmt2a
Klhl25,0.244466085,0.015782865,0.016,0.014,1,0,Klhl25
Trappc11,0.244590926,0.028091917,0.042,0.039,1,0,Trappc11
Mpv17,0.244675891,0.029197221,0.18,0.174,1,0,Mpv17
Pdcd5-ps,0.24482238,-0.01753032,0.034,0.037,1,0,Pdcd5-ps
Nt5c,0.245018667,0.055187412,0.161,0.157,1,0,Nt5c
Mpp3,0.245029883,-0.008095949,0.003,0.004,1,0,Mpp3
Sgtb,0.245124336,-0.020718129,0.029,0.032,1,0,Sgtb
Prune2,0.245133332,0.002425641,0.02,0.017,1,0,Prune2
Btc,0.245196507,-0.009225274,0.005,0.007,1,0,Btc
Gon7,0.245247176,-0.008315918,0.017,0.02,1,0,Gon7
Slc30a1,0.245274458,0.009011857,0.026,0.023,1,0,Slc30a1
Gm12466,0.245559944,0.009249707,0.006,0.005,1,0,Gm12466
Med18,0.245577356,-0.002253035,0.003,0.004,1,0,Med18
Hsbp1,0.245768452,-0.021294828,0.429,0.441,1,0,Hsbp1
Lncpint,0.245848059,-0.01799203,0.015,0.018,1,0,Lncpint
4933404O12Rik,0.245915586,-0.005672528,0.003,0.004,1,0,4933404O12Rik
Entr1,0.245977599,-0.021437101,0.097,0.103,1,0,Entr1
Tgfb1i1,0.246094261,-0.023624451,0.163,0.171,1,0,Tgfb1i1
Sla2,0.24618984,-0.002303624,0.001,0.002,1,0,Sla2
Sytl1,0.24618984,-0.003540233,0.001,0.002,1,0,Sytl1
Ranbp3,0.246225594,-0.003276785,0.066,0.071,1,0,Ranbp3
Coro1a,0.246303622,-0.001832058,0.001,0.002,1,0,Coro1a
Adgrg7,0.246360526,-0.001548566,0.001,0.002,1,0,Adgrg7
6530409C15Rik,0.246388982,-0.003565923,0.001,0.002,1,0,6530409C15Rik
Gm6789,0.246436413,-0.002220637,0.001,0.002,1,0,Gm6789
4931406C07Rik,0.24645065,-0.014153669,0.072,0.078,1,0,4931406C07Rik
Gm43689,0.246493339,-0.000419579,0.001,0.002,1,0,Gm43689
Cdcp1,0.246512316,-0.000771069,0.001,0.002,1,0,Cdcp1
Mpst,0.246545446,-0.007865553,0.068,0.073,1,0,Mpst
Exoc3,0.246582263,0.022453461,0.201,0.196,1,0,Exoc3
Mfsd2b,0.246588236,-0.003579011,0.001,0.002,1,0,Mfsd2b
C1qc,0.246626202,-0.001487076,0.001,0.002,1,0,C1qc
Gm12922,0.246740125,-0.001284638,0.001,0.002,1,0,Gm12922
Gm10209,0.246759116,0.00074109,0.001,0.002,1,0,Gm10209
Apol10b,0.246816094,-0.000159361,0.001,0.002,1,0,Apol10b
AA986860,0.246873081,0.000350203,0.001,0.002,1,0,AA986860
Zdhhc13,0.246910548,-0.005743667,0.019,0.022,1,0,Zdhhc13
Aagab,0.247147918,0.028647635,0.045,0.042,1,0,Aagab
Fip1l1,0.2473054,-0.027728283,0.251,0.263,1,0,Fip1l1
Gm44974,0.247308718,-0.006222485,0.001,0.001,1,0,Gm44974
Tmprss6,0.247331803,-0.002917644,0.001,0.001,1,0,Tmprss6
Mnd1-ps,0.24735489,-0.004518338,0.001,0.001,1,0,Mnd1-ps
Cdk3,0.247401069,-0.001539837,0.001,0.001,1,0,Cdk3
1700128A07Rik,0.247401069,-0.004073474,0.001,0.001,1,0,1700128A07Rik
A330102I10Rik,0.24742416,-0.003502093,0.001,0.001,1,0,A330102I10Rik
Gm45606,0.247447253,-0.004281038,0.001,0.001,1,0,Gm45606
Mettl16,0.24749046,-0.009308695,0.092,0.098,1,0,Mettl16
Gm37370,0.247516541,-0.001141686,0.001,0.001,1,0,Gm37370
Gm9081,0.247516541,-0.001761865,0.001,0.001,1,0,Gm9081
Gm49486,0.247562741,-0.002097508,0.001,0.001,1,0,Gm49486
Snip1,0.247639042,-0.011386748,0.023,0.027,1,0,Snip1
Gm9027,0.247678266,-0.002645609,0.001,0.001,1,0,Gm9027
Gm43109,0.247747599,-0.002748563,0.001,0.001,1,0,Gm43109
Gm42536,0.247793829,-0.001423142,0.001,0.001,1,0,Gm42536
Dhrs11,0.247840065,-0.000720659,0.001,0.001,1,0,Dhrs11
Trappc12,0.247883459,0.016654308,0.042,0.038,1,0,Trappc12
4930456G14Rik,0.247886306,-0.001693704,0.001,0.001,1,0,4930456G14Rik
Pld6,0.248373979,0.003943706,0.003,0.002,1,0,Pld6
Gm27003,0.248648978,0.003664063,0.003,0.002,1,0,Gm27003
Tubd1,0.248715584,0.003626546,0.013,0.015,1,0,Tubd1
Exoc3l,0.2488918,0.005407543,0.003,0.002,1,0,Exoc3l
Actr3b,0.248905854,0.008943864,0.016,0.014,1,0,Actr3b
Rapgef3,0.248934373,-0.001656034,0.013,0.011,1,0,Rapgef3
Dtnb,0.248939109,0.00206469,0.014,0.016,1,0,Dtnb
Gm8228,0.249122444,-0.005874949,0.004,0.005,1,0,Gm8228
Ccnq,0.249139049,-0.000898522,0.043,0.048,1,0,Ccnq
Timm44,0.249225326,-0.012089077,0.106,0.113,1,0,Timm44
Gm15501,0.249361895,-0.002811069,0.004,0.005,1,0,Gm15501
Capn2,0.24957564,-0.01111209,0.27,0.283,1,0,Capn2
Fam124a,0.249667723,-0.02035646,0.087,0.092,1,0,Fam124a
Papolb,0.249686177,0.00104259,0.003,0.002,1,0,Papolb
Ccdc126,0.24974631,-0.009048347,0.022,0.025,1,0,Ccdc126
Gpr137c,0.249807172,-0.000640274,0.005,0.006,1,0,Gpr137c
Arfgap3,0.249827702,0.008350153,0.126,0.134,1,0,Arfgap3
Myo19,0.249892372,-0.003147455,0.004,0.005,1,0,Myo19
Cdv3-ps,0.250052795,-0.001482399,0.005,0.007,1,0,Cdv3-ps
Ifi208,0.25011407,-0.005896879,0.002,0.003,1,0,Ifi208
Tmtc2,0.250272145,0.019149604,0.033,0.03,1,0,Tmtc2
Gm45819,0.250283508,-0.014567435,0.007,0.009,1,0,Gm45819
Tank,0.250311215,0.001221094,0.063,0.068,1,0,Tank
Serpinb9,0.250312727,-0.00680451,0.096,0.102,1,0,Serpinb9
Fam160a2,0.250325644,0.009756283,0.037,0.033,1,0,Fam160a2
Cacnb1,0.250375848,-0.020184487,0.012,0.014,1,0,Cacnb1
Gtpbp2,0.250439075,0.02055547,0.065,0.061,1,0,Gtpbp2
Gm17971,0.250542724,-0.006629784,0.066,0.062,1,0,Gm17971
Tgfbrap1,0.250598178,0.022015591,0.052,0.048,1,0,Tgfbrap1
Gm49413,0.250674307,-0.002373986,0.002,0.003,1,0,Gm49413
Gtpbp6,0.250689461,-0.003093552,0.002,0.003,1,0,Gtpbp6
Nutf2-ps1,0.250780397,-0.003893738,0.002,0.003,1,0,Nutf2-ps1
Tepsin,0.250955292,-0.007742275,0.009,0.011,1,0,Tepsin
Gm3734,0.251007836,-0.001907544,0.002,0.003,1,0,Gm3734
Rnf227,0.251039349,-0.003625114,0.01,0.012,1,0,Rnf227
Rps12-ps9,0.251107902,0.005406484,0.004,0.003,1,0,Rps12-ps9
Gm43437,0.251311314,-0.004120786,0.002,0.003,1,0,Gm43437
Wdsub1,0.251393749,0.024158429,0.067,0.063,1,0,Wdsub1
Slc25a37,0.251426366,-0.002500274,0.039,0.043,1,0,Slc25a37
Cercam,0.251464891,0.024106835,0.119,0.114,1,0,Cercam
Rnf4,0.251507631,-0.006694454,0.1,0.107,1,0,Rnf4
Eif3b,0.251529191,0.001914629,0.154,0.163,1,0,Eif3b
Gm37969,0.251745091,0.004268633,0.01,0.008,1,0,Gm37969
Gna13,0.251852723,-0.019686036,0.111,0.117,1,0,Gna13
Swsap1,0.251921956,-0.010822933,0.009,0.011,1,0,Swsap1
Zfp651,0.251923513,0.038946087,0.103,0.099,1,0,Zfp651
Nudt13,0.25229166,-0.035673071,0.043,0.047,1,0,Nudt13
Samd10,0.252463127,0.007659574,0.005,0.003,1,0,Samd10
Gm36107,0.252551454,-0.007631245,0.007,0.009,1,0,Gm36107
Cep19,0.252841363,-0.01778634,0.051,0.056,1,0,Cep19
Gm10420,0.253013081,-0.002871352,0.035,0.039,1,0,Gm10420
Yae1d1,0.253014763,0.002276334,0.035,0.032,1,0,Yae1d1
Ptpn9,0.253125121,-0.015537017,0.119,0.127,1,0,Ptpn9
Gm43461,0.253276346,0.004060349,0.006,0.005,1,0,Gm43461
Bcl6,0.253434979,0.010430888,0.091,0.086,1,0,Bcl6
Lrif1,0.253769732,-0.026004535,0.079,0.085,1,0,Lrif1
Phb,0.253938578,0.000918918,0.109,0.116,1,0,Phb
Ddrgk1,0.2540203,-0.025971339,0.252,0.264,1,0,Ddrgk1
Lsm1,0.25435022,0.010555452,0.112,0.12,1,0,Lsm1
Pcdhgb1,0.254519765,0.004397952,0.003,0.002,1,0,Pcdhgb1
Gpatch8,0.254818402,-0.061679241,0.167,0.174,1,0,Gpatch8
Irgm2,0.254873447,0.012838843,0.089,0.084,1,0,Irgm2
Pum3,0.254900799,-0.012985256,0.179,0.19,1,0,Pum3
Gm37569,0.254965116,0.00450738,0.003,0.002,1,0,Gm37569
Gm6905,0.255187994,0.003014255,0.003,0.002,1,0,Gm6905
Gm47496,0.255256599,0.010783267,0.003,0.002,1,0,Gm47496
B230354K17Rik,0.255290215,-0.018265969,0.053,0.057,1,0,B230354K17Rik
Gm47076,0.255290907,0.002287172,0.003,0.002,1,0,Gm47076
Gm47322,0.255616987,0.002070048,0.003,0.002,1,0,Gm47322
Gm34678,0.255737195,0.001575801,0.003,0.002,1,0,Gm34678
Usp5,0.255938794,-0.003107374,0.087,0.094,1,0,Usp5
Gm38359,0.256098054,0.000249587,0.003,0.002,1,0,Gm38359
Gm49474,0.256218419,0.002586769,0.003,0.002,1,0,Gm49474
Rmnd5a,0.256328769,-0.013925679,0.067,0.073,1,0,Rmnd5a
Sec16a,0.256383429,0.053378832,0.1,0.096,1,0,Sec16a
Vps50,0.256469507,0.026485894,0.036,0.033,1,0,Vps50
Gm42480,0.25658847,0.005637328,0.007,0.005,1,0,Gm42480
Fyttd1,0.256756024,0.027805433,0.222,0.217,1,0,Fyttd1
Usp10,0.256885976,-0.011007067,0.077,0.083,1,0,Usp10
Hmgb1-ps4,0.256900347,-0.002176865,0.002,0.003,1,0,Hmgb1-ps4
Ankrd16,0.257086314,0.007612747,0.066,0.062,1,0,Ankrd16
Naprt,0.257287718,0.002886429,0.04,0.037,1,0,Naprt
0610009B22Rik,0.257367035,-0.005638108,0.058,0.062,1,0,0610009B22Rik
Tmlhe,0.257475004,0.005121139,0.007,0.005,1,0,Tmlhe
2410018L13Rik,0.257580552,-0.001570329,0.002,0.003,1,0,2410018L13Rik
Lins1,0.257715229,-0.003744726,0.014,0.017,1,0,Lins1
Ggnbp2,0.257826294,-0.009936394,0.298,0.311,1,0,Ggnbp2
Mtbp,0.258323551,-0.006653251,0.018,0.02,1,0,Mtbp
Zfp87,0.258555578,0.000975422,0.025,0.028,1,0,Zfp87
Fam91a1,0.258923692,0.023425937,0.119,0.115,1,0,Fam91a1
Slc39a9,0.258946741,0.028351532,0.051,0.048,1,0,Slc39a9
Akt1,0.259041052,0.048346841,0.135,0.131,1,0,Akt1
Ifitm5,0.259117686,0.006652539,0.005,0.004,1,0,Ifitm5
Fbxo21,0.259241912,-0.001219613,0.028,0.032,1,0,Fbxo21
Cyb5rl,0.259323625,0.007149895,0.009,0.008,1,0,Cyb5rl
Gm11425,0.259401857,0.007432407,0.004,0.003,1,0,Gm11425
Abcg4,0.259452955,-0.005866047,0.001,0.002,1,0,Abcg4
Gm45698,0.259452955,-0.005958303,0.001,0.002,1,0,Gm45698
Dpp8,0.259506614,-0.008951945,0.069,0.075,1,0,Dpp8
Ap3b2,0.259542425,-0.009907909,0.002,0.003,1,0,Ap3b2
Olfr173,0.259821103,-0.00476514,0.001,0.002,1,0,Olfr173
Noxo1,0.25984973,0.00588365,0.004,0.003,1,0,Noxo1
Ido1,0.259880733,0.000393459,0.001,0,1,0,Ido1
Rrm2b,0.259963107,-0.012275792,0.046,0.05,1,0,Rrm2b
Zfp37,0.260101277,-0.028267248,0.033,0.037,1,0,Zfp37
Ctf2,0.260189613,-0.006456268,0.001,0.002,1,0,Ctf2
Gm36989,0.260244921,0.000758215,0.001,0.002,1,0,Gm36989
Naa10,0.260273885,-0.00141149,0.093,0.1,1,0,Naa10
Pid1,0.260300688,-0.085340871,0.091,0.095,1,0,Pid1
B230377A18Rik,0.260355561,-0.000724564,0.001,0.002,1,0,B230377A18Rik
Gm17494,0.260369163,-0.016155582,0.01,0.011,1,0,Gm17494
Gm19412,0.260706183,0.010571656,0.008,0.007,1,0,Gm19412
Zfp14,0.260763389,-0.00972153,0.006,0.008,1,0,Zfp14
C330011M18Rik,0.26081798,-0.006226846,0.002,0.003,1,0,C330011M18Rik
Prdm16,0.261472693,-0.002965607,0.013,0.011,1,0,Prdm16
Psma4,0.261490799,0.00123797,0.326,0.34,1,0,Psma4
Tapt1,0.261704202,0.00483751,0.037,0.041,1,0,Tapt1
Bfar,0.261727878,-0.016632422,0.198,0.208,1,0,Bfar
Nabp2,0.261854348,-0.001229141,0.109,0.117,1,0,Nabp2
Slc27a3,0.261880437,-0.001955698,0.038,0.042,1,0,Slc27a3
Prrc2a,0.262070292,0.015543683,0.127,0.122,1,0,Prrc2a
Ecd,0.262101623,-0.012037273,0.052,0.056,1,0,Ecd
Gm34432,0.262227532,-0.002663216,0.002,0.003,1,0,Gm34432
A930007I19Rik,0.262240103,0.004448189,0.002,0.002,1,0,A930007I19Rik
Dnhd1,0.262328415,-3.52E-06,0.002,0.003,1,0,Dnhd1
Alms1-ps2,0.262373529,-0.002549276,0.004,0.003,1,0,Alms1-ps2
Rab21,0.26249968,0.041729564,0.139,0.134,1,0,Rab21
Mthfsl,0.262534634,-0.018678982,0.028,0.031,1,0,Mthfsl
Degs1,0.262552967,0.001719917,0.294,0.309,1,0,Degs1
Tmem200c,0.262669276,0.0030338,0.002,0.002,1,0,Tmem200c
Cdc7,0.262683101,0.003074855,0.025,0.028,1,0,Cdc7
Zbtb39,0.262766803,-0.009822988,0.006,0.008,1,0,Zbtb39
Mlst8,0.263057551,-0.000458625,0.009,0.01,1,0,Mlst8
Maml2,0.263067339,-0.010632418,0.053,0.057,1,0,Maml2
Mettl17,0.263259459,0.000854426,0.019,0.022,1,0,Mettl17
5031434O11Rik,0.263310597,0.00058937,0.011,0.009,1,0,5031434O11Rik
Gm6377,0.263382112,-0.003123691,0,0.001,1,0,Gm6377
Vti1a,0.263450926,0.002483423,0.036,0.039,1,0,Vti1a
Snhg16,0.264029198,-0.007136821,0.024,0.028,1,0,Snhg16
Atp5e,0.264228064,-0.007569797,0.568,0.549,1,0,Atp5e
Kansl3,0.26431463,0.019346042,0.086,0.082,1,0,Kansl3
Stx7,0.26432632,0.043365888,0.159,0.155,1,0,Stx7
Cnih2,0.264450783,-0.005252947,0.002,0.003,1,0,Cnih2
Pecr,0.264452153,0.000766441,0.024,0.028,1,0,Pecr
Gm9794,0.264555363,0.000106127,0.193,0.203,1,0,Gm9794
Chd6,0.264580813,-0.06256808,0.179,0.186,1,0,Chd6
Tmem165,0.264603299,0.014802575,0.157,0.167,1,0,Tmem165
Gm5805,0.264768042,0.007054331,0.068,0.064,1,0,Gm5805
Mink1,0.264909481,-0.002673775,0.017,0.015,1,0,Mink1
Dis3l2,0.265117917,0.016055181,0.029,0.027,1,0,Dis3l2
1600012H06Rik,0.265254309,0.032233985,0.091,0.087,1,0,1600012H06Rik
Gm46339,0.265421898,0.004916609,0.008,0.006,1,0,Gm46339
Gm37436,0.265427388,0.00127508,0.008,0.007,1,0,Gm37436
Morf4l1-ps1,0.265602567,-0.003822797,0.006,0.007,1,0,Morf4l1-ps1
Qpctl,0.26571381,-0.007733365,0.023,0.026,1,0,Qpctl
Rpgr,0.265873696,0.00354176,0.01,0.009,1,0,Rpgr
Cap1,0.265969774,-0.026380796,0.168,0.176,1,0,Cap1
Fam160b2,0.266028488,0.011343591,0.048,0.044,1,0,Fam160b2
Baiap2l1,0.26614464,0.012923039,0.016,0.014,1,0,Baiap2l1
Chd1l,0.266189413,-0.000428902,0.032,0.035,1,0,Chd1l
D730044K07Rik,0.266298854,-0.010325584,0.003,0.004,1,0,D730044K07Rik
Gzf1,0.266517436,-0.016023416,0.059,0.064,1,0,Gzf1
4933412E12Rik,0.266522641,0.009742122,0.02,0.018,1,0,4933412E12Rik
Gm35315,0.266624871,-0.006648948,0.003,0.004,1,0,Gm35315
Mterf4,0.266665282,-0.002498887,0.023,0.026,1,0,Mterf4
Zbtb6,0.266786488,0.004996609,0.025,0.028,1,0,Zbtb6
Nphp3,0.266892511,-0.001171736,0.017,0.019,1,0,Nphp3
Reep6,0.26692396,-0.00645963,0.003,0.004,1,0,Reep6
Mfn2,0.266953535,-0.005835463,0.053,0.058,1,0,Mfn2
G3bp2,0.267250016,-0.014440577,0.323,0.334,1,0,G3bp2
Naa15,0.267485826,0.005810709,0.256,0.251,1,0,Naa15
Dnajc4,0.267804412,0.020065796,0.066,0.062,1,0,Dnajc4
Ranbp10,0.267894624,-0.008518194,0.049,0.053,1,0,Ranbp10
St7,0.267909338,0.020839076,0.049,0.046,1,0,St7
Rbl2,0.268061244,-0.021194085,0.04,0.044,1,0,Rbl2
Cbfa2t2,0.26817109,-0.004062109,0.038,0.042,1,0,Cbfa2t2
Zcchc18,0.268300015,-0.002368341,0.003,0.004,1,0,Zcchc18
Gm47571,0.268453391,0.006308444,0.002,0.001,1,0,Gm47571
Pold3,0.268557864,0.003284005,0.056,0.061,1,0,Pold3
Tgfbr1,0.268686816,0.000273119,0.118,0.126,1,0,Tgfbr1
Gm38200,0.268706361,0.003971318,0.002,0.001,1,0,Gm38200
Cacul1,0.268742797,-0.006657806,0.056,0.061,1,0,Cacul1
Gm45162,0.268846332,-0.001150157,0.003,0.004,1,0,Gm45162
Sumf1,0.268858431,0.02797806,0.121,0.13,1,0,Sumf1
Gm44237,0.269095865,0.001092187,0.002,0.001,1,0,Gm44237
Bnip3l,0.269102054,-0.012987765,0.286,0.277,1,0,Bnip3l
Gm45731,0.269190447,0.002441741,0.003,0.002,1,0,Gm45731
Rbm8a2,0.269421762,-0.006246009,0.017,0.019,1,0,Rbm8a2
Bend7,0.269467458,-0.010807,0.001,0.002,1,0,Bend7
Hist2h4,0.269545108,-0.009582351,0.003,0.004,1,0,Hist2h4
1700029I15Rik,0.269563755,0.004131955,0.005,0.004,1,0,1700029I15Rik
Cd99l2,0.269631575,-0.017733306,0.103,0.109,1,0,Cd99l2
Tmem243,0.269803021,-0.01641389,0.014,0.016,1,0,Tmem243
Gm38192,0.269817469,0.001105879,0.002,0.001,1,0,Gm38192
Gm11266,0.269858756,-0.008260945,0.005,0.006,1,0,Gm11266
Tnni3,0.26991224,-0.007575816,0.007,0.009,1,0,Tnni3
Gm16751,0.269956548,-0.003086094,0.003,0.004,1,0,Gm16751
Gm38252,0.26996637,-0.003829269,0.001,0.002,1,0,Gm38252
Gm20186,0.27002078,-0.009016967,0.044,0.041,1,0,Gm20186
Gm5512,0.270073363,-0.005011329,0.001,0.002,1,0,Gm5512
Fmn1,0.270103229,0.01985499,0.052,0.057,1,0,Fmn1
D030028A08Rik,0.270196822,-0.01572031,0.018,0.021,1,0,D030028A08Rik
Zfp652,0.270359607,0.00976545,0.103,0.099,1,0,Zfp652
1110025M09Rik,0.270412363,-0.003654818,0.001,0.002,1,0,1110025M09Rik
Gm45718,0.270451368,-0.008301375,0.005,0.006,1,0,Gm45718
Gm42732,0.270635548,-0.00365315,0.001,0.002,1,0,Gm42732
Gm14221,0.270649837,-0.006925678,0.001,0.001,1,0,Gm14221
AC154328.1,0.270672174,-0.004313623,0.001,0.001,1,0,AC154328.1
Gm15361,0.270716854,-0.004293919,0.001,0.001,1,0,Gm15361
Adgrv1,0.27073379,-0.005343241,0.001,0.002,1,0,Adgrv1
Gm15659,0.270787387,-0.00237292,0.001,0.002,1,0,Gm15659
Rab3gap1,0.270796877,-0.016139504,0.084,0.09,1,0,Rab3gap1
A730020E08Rik,0.270912474,-0.003028748,0.001,0.002,1,0,A730020E08Rik
Gm47205,0.27102975,-0.002035063,0.001,0.001,1,0,Gm47205
Il1rn,0.271052109,-0.001700547,0.001,0.001,1,0,Il1rn
1700109K24Rik,0.271055479,-0.00097233,0.001,0.002,1,0,1700109K24Rik
Slc17a9,0.271091238,0.000423176,0.001,0.002,1,0,Slc17a9
Psmc5,0.271117678,-0.018010343,0.235,0.246,1,0,Psmc5
Gm3160,0.271119194,-0.001865606,0.001,0.001,1,0,Gm3160
Gm48194,0.271162767,6.91E-05,0.001,0.002,1,0,Gm48194
Gm47324,0.271163924,-0.002132798,0.001,0.001,1,0,Gm47324
Liph,0.271231028,0.000585977,0.001,0.001,1,0,Liph
Nipal4,0.271253398,-0.001832938,0.001,0.001,1,0,Nipal4
Fam168b,0.271265281,-0.016056671,0.145,0.153,1,0,Fam168b
Gm9644,0.27127577,-0.000275699,0.001,0.001,1,0,Gm9644
D230022J07Rik,0.27136527,-0.001881586,0.001,0.001,1,0,D230022J07Rik
S100a9,0.27136527,-0.002450711,0.001,0.001,1,0,S100a9
Gm38186,0.27137743,-0.000386119,0.001,0.002,1,0,Gm38186
Pfn4,0.271589109,-0.000720977,0.001,0.001,1,0,Pfn4
Gm14398,0.271693301,0.000758741,0.003,0.004,1,0,Gm14398
Zfp59,0.27174821,-0.003111916,0.003,0.004,1,0,Zfp59
Gp1ba,0.271813074,-0.000308207,0.001,0.001,1,0,Gp1ba
Phf8,0.271851221,0.003597031,0.058,0.054,1,0,Phf8
Tsr3,0.271906573,-0.008537863,0.025,0.028,1,0,Tsr3
Gm26930,0.272093813,0.005196074,0.001,0.002,1,0,Gm26930
Fam155a,0.272228703,0.001483852,0.005,0.004,1,0,Fam155a
Slc38a7,0.27231718,-0.002508017,0.023,0.026,1,0,Slc38a7
9530013L04Rik,0.272386666,0.006409845,0.004,0.003,1,0,9530013L04Rik
2700033N17Rik,0.272543796,-0.006395059,0.004,0.005,1,0,2700033N17Rik
Gm7887,0.272601412,-0.008272055,0.004,0.005,1,0,Gm7887
Cnot1,0.272775968,0.033397994,0.104,0.1,1,0,Cnot1
Xrcc2,0.272809537,-0.001325518,0.004,0.006,1,0,Xrcc2
Gtf3c1,0.273134391,0.013512314,0.066,0.062,1,0,Gtf3c1
Polr2h,0.273139867,0.012646451,0.095,0.102,1,0,Polr2h
Meis1,0.273177406,-0.002472158,0.053,0.058,1,0,Meis1
Cryzl1,0.273373554,-0.007302334,0.106,0.113,1,0,Cryzl1
Tars2,0.273421597,0.019383304,0.042,0.038,1,0,Tars2
Mrpl23,0.2734514,-0.010734333,0.047,0.051,1,0,Mrpl23
Gm6540,0.273783143,-0.004148117,0.004,0.005,1,0,Gm6540
Mrps21,0.273831957,-0.001504491,0.179,0.19,1,0,Mrps21
Adam4,0.273878564,0.005768058,0.006,0.004,1,0,Adam4
Gm14263,0.27395812,0.001734788,0.005,0.006,1,0,Gm14263
Ube2cbp,0.274049778,-0.005175279,0.004,0.006,1,0,Ube2cbp
Zfp808,0.274199766,-0.003536631,0.004,0.005,1,0,Zfp808
Asnsd1,0.274213595,0.025928175,0.044,0.041,1,0,Asnsd1
Rpgrip1,0.274332102,-0.003865043,0.004,0.005,1,0,Rpgrip1
Dnajb6,0.274406419,-0.023274685,0.191,0.2,1,0,Dnajb6
Slc39a2,0.274460399,0.002449793,0.002,0.001,1,0,Slc39a2
Gm42798,0.274475015,-0.011342302,0.003,0.005,1,0,Gm42798
Gm43336,0.274571471,0.002892504,0.006,0.004,1,0,Gm43336
Gm42944,0.274626967,0.002807175,0.002,0.001,1,0,Gm42944
Rps6-ps2,0.274710277,0.004265417,0.002,0.001,1,0,Rps6-ps2
Tor3a,0.274766754,-0.007035646,0.077,0.083,1,0,Tor3a
3632454L22Rik,0.274793604,0.003727783,0.002,0.001,1,0,3632454L22Rik
9430085M18Rik,0.274814438,0.002255726,0.002,0.001,1,0,9430085M18Rik
Gm37716,0.274876948,0.002523193,0.002,0.001,1,0,Gm37716
Gm16740,0.27490087,-0.00227065,0.004,0.005,1,0,Gm16740
Gm17477,0.274901114,-0.003420571,0.003,0.005,1,0,Gm17477
Dyrk1a,0.275014324,-0.015635933,0.045,0.049,1,0,Dyrk1a
9430053O09Rik,0.275064783,-0.010307418,0.011,0.013,1,0,9430053O09Rik
Gm10653,0.275066759,-0.00236321,0.004,0.005,1,0,Gm10653
Med24,0.275104301,0.000589345,0.04,0.044,1,0,Med24
Zdhhc16,0.275146937,-0.001488076,0.004,0.005,1,0,Zdhhc16
Zfp934,0.27519167,0.002355529,0.009,0.011,1,0,Zfp934
Gm37946,0.275210497,0.00159841,0.002,0.001,1,0,Gm37946
Gm10312,0.275220925,0.001939805,0.002,0.001,1,0,Gm10312
Gm16089,0.275231353,0.001286189,0.002,0.001,1,0,Gm16089
Washc4,0.275334583,0.021624955,0.112,0.12,1,0,Washc4
Gm45809,0.275377376,0.000565262,0.002,0.001,1,0,Gm45809
Gm8141,0.27541866,-0.002680712,0.004,0.005,1,0,Gm8141
Phf6,0.275499479,-0.000268439,0.05,0.055,1,0,Phf6
Dap3,0.275617114,0.000581852,0.142,0.151,1,0,Dap3
Gm16046,0.2756487,0.000720448,0.002,0.001,1,0,Gm16046
Zfp668,0.275740178,-0.008814671,0.01,0.012,1,0,Zfp668
Coa5,0.275802304,0.041287778,0.088,0.084,1,0,Coa5
Gatad2a,0.275809618,-0.00855137,0.114,0.122,1,0,Gatad2a
Gm49336,0.275912919,-0.00464832,0.045,0.049,1,0,Gm49336
Egln2,0.276015129,0.044248607,0.093,0.089,1,0,Egln2
Rps4x-ps,0.276063919,-0.002356799,0.01,0.012,1,0,Rps4x-ps
Gm7666,0.276087173,-0.00377466,0.012,0.014,1,0,Gm7666
Fkbp14,0.276267938,0.069890617,0.142,0.14,1,0,Fkbp14
Sox11,0.276312108,0.009077403,0.023,0.026,1,0,Sox11
Mmgt1,0.276405302,0.00238947,0.032,0.035,1,0,Mmgt1
Nup98,0.276689479,-6.26E-05,0.077,0.082,1,0,Nup98
Maco1,0.276691155,-0.006443414,0.148,0.156,1,0,Maco1
AU041133,0.276873929,0.017331661,0.015,0.013,1,0,AU041133
Nup155,0.276926262,0.017909835,0.031,0.028,1,0,Nup155
Lmln,0.2770313,-0.001305666,0.011,0.009,1,0,Lmln
Dhrs1,0.277777957,0.013376102,0.101,0.109,1,0,Dhrs1
Lemd2,0.278136196,0.026107658,0.095,0.091,1,0,Lemd2
Epg5,0.278147143,0.002334755,0.02,0.022,1,0,Epg5
Hmbs,0.278408414,0.004693811,0.053,0.058,1,0,Hmbs
Gm32856,0.278796097,0.007325829,0.005,0.004,1,0,Gm32856
Gm4936,0.278810356,-0.001759824,0.002,0.002,1,0,Gm4936
Rps8-ps4,0.278892163,0.000835636,0.003,0.002,1,0,Rps8-ps4
AI839979,0.27889683,-0.002621812,0.002,0.002,1,0,AI839979
Zc3h4,0.278975836,0.019387084,0.05,0.046,1,0,Zc3h4
Asrgl1,0.279119752,-0.012818752,0.034,0.037,1,0,Asrgl1
Gm6807,0.279139057,-0.002306083,0.002,0.002,1,0,Gm6807
St5,0.279248364,0.009243022,0.086,0.092,1,0,St5
Ccndbp1,0.279282221,-0.010777148,0.079,0.085,1,0,Ccndbp1
Gm43481,0.279329478,0.000835646,0.002,0.002,1,0,Gm43481
Spata2,0.279591806,-0.010419727,0.019,0.021,1,0,Spata2
Tcte2,0.279767473,0.002901026,0.002,0.001,1,0,Tcte2
Prr22,0.279812211,0.004141457,0.002,0.001,1,0,Prr22
Rpl31-ps9,0.279879326,0.003116818,0.002,0.001,1,0,Rpl31-ps9
Nxpe2,0.280035972,0.002900494,0.002,0.001,1,0,Nxpe2
Gm1141,0.28012551,0.002861589,0.002,0.001,1,0,Gm1141
Gm19938,0.280170286,0.00293797,0.002,0.001,1,0,Gm19938
Gm49411,0.280170286,0.001160547,0.002,0.001,1,0,Gm49411
Gm10847,0.280184739,-0.001537698,0.003,0.002,1,0,Gm10847
Gm48655,0.280259854,0.000269006,0.002,0.001,1,0,Gm48655
Gm44800,0.280304645,0.004735181,0.002,0.001,1,0,Gm44800
Gm6978,0.280349441,0.000924423,0.002,0.001,1,0,Gm6978
4933433G19Rik,0.28042738,0.00527169,0.004,0.003,1,0,4933433G19Rik
Gm16238,0.280483065,0.000628785,0.005,0.004,1,0,Gm16238
Gm8172,0.280498555,0.00251674,0.016,0.014,1,0,Gm8172
Fam53c,0.280521322,-0.017297525,0.123,0.13,1,0,Fam53c
Gm6039,0.280606142,0.002947089,0.005,0.004,1,0,Gm6039
C78197,0.280618318,-8.49E-05,0.002,0.001,1,0,C78197
Gm28722,0.280640732,0.001078714,0.002,0.001,1,0,Gm28722
Trpm7,0.28070773,-0.023567558,0.255,0.266,1,0,Trpm7
Abhd10,0.280784937,-0.021119248,0.04,0.044,1,0,Abhd10
Zfp316,0.281034089,-0.000295351,0.018,0.021,1,0,Zfp316
Fbxo42,0.281560016,-0.0041881,0.024,0.027,1,0,Fbxo42
Dusp23,0.281955547,0.000497564,0.047,0.051,1,0,Dusp23
Gm10146,0.282003653,0.002791477,0.004,0.003,1,0,Gm10146
Eefsec,0.28207301,-0.004358789,0.019,0.021,1,0,Eefsec
Hint2,0.282089021,0.028357519,0.088,0.084,1,0,Hint2
Cxxc1,0.282190583,0.029165535,0.09,0.086,1,0,Cxxc1
Gm29994,0.282247794,0.00426705,0.004,0.003,1,0,Gm29994
Sharpin,0.282911145,-0.007286094,0.068,0.073,1,0,Sharpin
Tex9,0.283317085,-0.009770277,0.026,0.03,1,0,Tex9
Rcc1l,0.283601717,0.002685135,0.034,0.037,1,0,Rcc1l
Mcm3ap,0.283647649,0.023887623,0.064,0.061,1,0,Mcm3ap
9530062K07Rik,0.283747618,0.008094323,0.002,0.001,1,0,9530062K07Rik
Olfr77,0.283854026,-0.004328434,0.006,0.008,1,0,Olfr77
Glb1l,0.283856535,0.024122893,0.037,0.034,1,0,Glb1l
Gm10524,0.28398909,0.004181461,0.002,0.001,1,0,Gm10524
5830462O15Rik,0.284134039,0.001574728,0.002,0.001,1,0,5830462O15Rik
1700061H18Rik,0.284182367,0.001353177,0.002,0.001,1,0,1700061H18Rik
Asl,0.284286637,0.020217349,0.023,0.021,1,0,Asl
Olfr1373,0.28430321,0.000969355,0.002,0.001,1,0,Olfr1373
Gm38115,0.28430321,0.000668348,0.002,0.001,1,0,Gm38115
Scd4,0.284641757,0.002001365,0.002,0.001,1,0,Scd4
Mettl27,0.284836117,-0.00683915,0.023,0.026,1,0,Mettl27
Gm6142,0.284964453,0.001256613,0.007,0.006,1,0,Gm6142
Zc3h13,0.285003029,0.014303637,0.282,0.279,1,0,Zc3h13
Gm10000,0.285004788,-0.003357918,0.002,0.001,1,0,Gm10000
Dhx37,0.285153611,-0.01139619,0.018,0.021,1,0,Dhx37
Gm4221,0.285318011,-0.006135531,0.002,0.003,1,0,Gm4221
Gm22816,0.285509437,0.002980321,0.001,0.001,1,0,Gm22816
Odr4,0.285556392,-0.020534471,0.195,0.203,1,0,Odr4
Trmt10b,0.285727287,0.00107758,0.022,0.025,1,0,Trmt10b
Dnah1,0.285887903,-0.001742598,0.002,0.003,1,0,Dnah1
Arrb1,0.285889372,0.001485067,0.033,0.03,1,0,Arrb1
Tsr2,0.285943525,-0.012715364,0.063,0.068,1,0,Tsr2
Gch1,0.286060038,0.028683738,0.041,0.038,1,0,Gch1
Prr12,0.286138021,-0.025041506,0.046,0.05,1,0,Prr12
Mob3c,0.286150009,-0.005378065,0.065,0.069,1,0,Mob3c
Frg2f1,0.286156647,0.002963154,0.012,0.01,1,0,Frg2f1
Gm12778,0.286164485,0.000889327,0.001,0.001,1,0,Gm12778
Fbxo48,0.286164485,0.001984094,0.001,0.001,1,0,Fbxo48
Gm28892,0.286269387,0.000534623,0.001,0.001,1,0,Gm28892
Pspc1,0.286287042,0.036998051,0.059,0.055,1,0,Pspc1
Gm48706,0.286295616,0.000952878,0.001,0.001,1,0,Gm48706
Chuk,0.286343845,-0.035479089,0.082,0.088,1,0,Chuk
Gas2l1,0.286719663,-0.00376747,0.081,0.086,1,0,Gas2l1
Zfp982,0.28677599,0.002415202,0.007,0.006,1,0,Zfp982
Qrsl1,0.286863606,0.009683477,0.016,0.014,1,0,Qrsl1
Gm4149,0.287386485,0.014689166,0.069,0.065,1,0,Gm4149
Peg10,0.287627112,-0.019100651,0.035,0.039,1,0,Peg10
Pcdhgc4,0.287688872,0.002135837,0.007,0.005,1,0,Pcdhgc4
Clec2l,0.287757006,-0.00377357,0.001,0.002,1,0,Clec2l
Gm48086,0.287988088,0.002725592,0.003,0.002,1,0,Gm48086
Cog2,0.288030728,0.000389195,0.05,0.054,1,0,Cog2
Prr14,0.288040103,-0.015687554,0.053,0.058,1,0,Prr14
Gm9752,0.288058057,-0.004531166,0.001,0.002,1,0,Gm9752
Kif27,0.288165627,-0.003785416,0.001,0.002,1,0,Kif27
Klhl12,0.288220596,-0.001345736,0.039,0.043,1,0,Klhl12
Fam107a,0.288251702,-0.00501552,0.001,0.002,1,0,Fam107a
Mef2d,0.28828179,0.03242127,0.053,0.05,1,0,Mef2d
Mrpl54,0.288319363,-0.01321752,0.185,0.194,1,0,Mrpl54
Ctr9,0.288354525,0.033930404,0.177,0.173,1,0,Ctr9
Gm12571,0.288380847,-0.002548002,0.001,0.002,1,0,Gm12571
Gm4835,0.288491745,-0.006076182,0.008,0.009,1,0,Gm4835
Gm48369,0.288499905,0.002220764,0.003,0.002,1,0,Gm48369
A630052C17Rik,0.288574638,-0.002241069,0.001,0.002,1,0,A630052C17Rik
Gm13653,0.288577659,-0.003780387,0.03,0.033,1,0,Gm13653
Wwc1,0.288790065,-0.003287405,0.001,0.002,1,0,Wwc1
Carmil3,0.288824372,0.000756,0.003,0.002,1,0,Carmil3
Inip,0.288853488,-0.006227581,0.028,0.031,1,0,Inip
Tpra1,0.289024632,-0.014604848,0.038,0.042,1,0,Tpra1
Rab26,0.289048719,-0.001254215,0.001,0.002,1,0,Rab26
Ltb4r1,0.289134972,0.001930699,0.001,0.002,1,0,Ltb4r1
Brwd3,0.289154253,-0.01202635,0.038,0.042,1,0,Brwd3
Ap1ar,0.289206079,-0.03017479,0.061,0.066,1,0,Ap1ar
Cdkl5,0.289318804,-0.010046789,0.008,0.009,1,0,Cdkl5
Ccdc167,0.289371079,-0.009084331,0.014,0.016,1,0,Ccdc167
Gtf2h2,0.289479226,0.010682815,0.037,0.041,1,0,Gtf2h2
3300002I08Rik,0.289483245,-0.002668671,0.006,0.007,1,0,3300002I08Rik
Prelid3a,0.28957367,-0.011527409,0.002,0.003,1,0,Prelid3a
Gm16059,0.289675466,0.001866545,0.005,0.003,1,0,Gm16059
Scai,0.289888473,0.019729007,0.053,0.049,1,0,Scai
Gm8925,0.289896388,0.012010239,0.009,0.008,1,0,Gm8925
Gm47963,0.289993367,0.002831759,0.005,0.003,1,0,Gm47963
Taf9b,0.290092928,0.005691438,0.026,0.024,1,0,Taf9b
Tdrp,0.290311399,-0.001787255,0.002,0.003,1,0,Tdrp
Krt79,0.290311399,-0.005733357,0.002,0.003,1,0,Krt79
Eml5,0.29035272,-0.006936999,0.01,0.009,1,0,Eml5
Clk2,0.290540756,-0.000994826,0.06,0.065,1,0,Clk2
Arl8b,0.290662633,0.001401137,0.152,0.161,1,0,Arl8b
Ube2d2a,0.291008341,0.015351313,0.199,0.194,1,0,Ube2d2a
Gm37534,0.291009755,0.00153147,0.002,0.003,1,0,Gm37534
Mamld1,0.291302969,-0.00231331,0.01,0.012,1,0,Mamld1
Gm10602,0.291522057,-0.001129101,0.002,0.003,1,0,Gm10602
Gm42907,0.29172076,0.004809192,0.004,0.003,1,0,Gm42907
Cpne1,0.29174049,0.016811174,0.017,0.014,1,0,Cpne1
Gm37108,0.291854016,0.006608802,0.01,0.008,1,0,Gm37108
Cbx7,0.291962924,0.007349642,0.024,0.022,1,0,Cbx7
Gm7846,0.292062388,-0.002055476,0.008,0.009,1,0,Gm7846
Micos13,0.292102372,-0.00740238,0.241,0.253,1,0,Micos13
Ift27,0.292111586,0.021059455,0.167,0.162,1,0,Ift27
Gm10044,0.292203468,0.00345323,0.004,0.003,1,0,Gm10044
Tsen34,0.292360551,0.020782594,0.212,0.208,1,0,Tsen34
Hmgcl,0.293027278,-0.00869584,0.078,0.084,1,0,Hmgcl
Rhog,0.29331082,0.045063796,0.109,0.105,1,0,Rhog
Homez,0.293415263,0.006966,0.005,0.004,1,0,Homez
Tpd52l1,0.293667016,-0.006593949,0.002,0.003,1,0,Tpd52l1
Zfp677,0.293692111,0.002916956,0.015,0.017,1,0,Zfp677
Gm49322,0.293736227,0.002781437,0.012,0.01,1,0,Gm49322
Rnf123,0.293777025,-0.00562276,0.002,0.003,1,0,Rnf123
Timmdc1,0.293854248,-0.001827752,0.045,0.049,1,0,Timmdc1
Gm37215,0.294122949,-0.004983832,0.002,0.003,1,0,Gm37215
Gm42047,0.294241056,0.014748347,0.04,0.043,1,0,Gm42047
3110053B16Rik,0.294358963,-0.003285891,0.002,0.003,1,0,3110053B16Rik
Cdv3,0.294367199,-0.032105529,0.195,0.203,1,0,Cdv3
Tmed2,0.294562417,-0.018237558,0.395,0.407,1,0,Tmed2
Snx14,0.294699138,-0.002305852,0.059,0.064,1,0,Snx14
Gm5492,0.294728243,-0.000349546,0.005,0.007,1,0,Gm5492
Hsdl2,0.294745572,-0.002936865,0.073,0.069,1,0,Hsdl2
Srsf6,0.294760007,-0.00266361,0.325,0.341,1,0,Srsf6
Gm48146,0.294821561,0.006283584,0.007,0.006,1,0,Gm48146
Ccdc93,0.294860635,0.019098268,0.045,0.042,1,0,Ccdc93
Exd1,0.294861764,0.010842662,0.006,0.005,1,0,Exd1
Nedd1,0.29487014,-0.001577641,0.032,0.035,1,0,Nedd1
Slc39a8,0.294970691,0.014352721,0.013,0.011,1,0,Slc39a8
Med23,0.295168563,0.027282583,0.036,0.033,1,0,Med23
Gm8130,0.295235583,-0.008964906,0.034,0.038,1,0,Gm8130
Slc15a4,0.295310095,-0.011588275,0.031,0.035,1,0,Slc15a4
3110009E18Rik,0.295372672,0.003947121,0.028,0.025,1,0,3110009E18Rik
Saal1,0.295873276,0.003775949,0.034,0.038,1,0,Saal1
Fundc1,0.295925484,0.016941522,0.106,0.102,1,0,Fundc1
Ints10,0.296196759,-0.003550595,0.045,0.049,1,0,Ints10
6720464F23Rik,0.296200428,-0.00409624,0.015,0.013,1,0,6720464F23Rik
Avl9,0.296206873,0.014980398,0.035,0.032,1,0,Avl9
Tsnax,0.296276905,-0.010887971,0.114,0.121,1,0,Tsnax
Mybbp1a,0.296490362,-0.014619611,0.182,0.191,1,0,Mybbp1a
Xkr4,0.296667298,0.010784405,0.003,0.002,1,0,Xkr4
Tk2,0.296901616,-0.016708252,0.031,0.035,1,0,Tk2
Clstn3,0.296944625,-0.006747899,0.001,0.001,1,0,Clstn3
Klhl35,0.2970281,0.00391874,0.003,0.002,1,0,Klhl35
Tpte,0.297079057,-0.00300579,0.001,0.001,1,0,Tpte
Atxn1l,0.297158336,0.018248038,0.028,0.025,1,0,Atxn1l
Bbc3,0.297212659,-0.003302456,0.018,0.02,1,0,Bbc3
Gm31356,0.297240428,-0.002962044,0.001,0.001,1,0,Gm31356
Gm9442,0.297267329,-0.001981076,0.001,0.001,1,0,Gm9442
Epcam,0.297267329,-0.00283729,0.001,0.001,1,0,Epcam
Gm4786,0.297374949,-0.001464186,0.001,0.001,1,0,Gm4786
A930003O13Rik,0.297374949,-0.002063436,0.001,0.001,1,0,A930003O13Rik
5830432E09Rik,0.297428768,-0.004096097,0.001,0.001,1,0,5830432E09Rik
Slc25a39,0.297476954,0.048513907,0.186,0.184,1,0,Slc25a39
Upk1a,0.297482595,-0.001441627,0.001,0.001,1,0,Upk1a
Gm17669,0.29766021,0.005057031,0.003,0.002,1,0,Gm17669
Rbm14,0.297806525,-0.014895902,0.035,0.038,1,0,Rbm14
Rpap1,0.297862278,-0.004017717,0.014,0.016,1,0,Rpap1
Wiz,0.297882552,0.003975659,0.029,0.026,1,0,Wiz
Wrap53,0.297966669,-0.0078398,0.01,0.012,1,0,Wrap53
Gm5045,0.298076085,-0.001257018,0.003,0.002,1,0,Gm5045
Trpc1,0.298253281,0.014971783,0.032,0.03,1,0,Trpc1
Gm37795,0.298257022,0.000989155,0.003,0.002,1,0,Gm37795
Tll1,0.298284544,-0.011355059,0.004,0.005,1,0,Tll1
Vps35,0.298490417,0.028076519,0.218,0.215,1,0,Vps35
Reep4,0.2985478,-0.000754362,0.044,0.048,1,0,Reep4
A130048G24Rik,0.298582892,0.000655549,0.003,0.002,1,0,A130048G24Rik
Tmem67,0.298626468,-0.003910606,0.019,0.021,1,0,Tmem67
Med26,0.298780615,-0.007103875,0.01,0.012,1,0,Med26
Dpf3,0.298898248,-0.006472209,0.003,0.004,1,0,Dpf3
Sphkap,0.298982343,-0.008544528,0.007,0.008,1,0,Sphkap
Tbc1d20,0.299027581,0.026367292,0.203,0.2,1,0,Tbc1d20
Gm13868,0.299217209,-0.001863248,0.003,0.002,1,0,Gm13868
Fxyd7,0.299232412,-0.011990248,0.004,0.005,1,0,Fxyd7
Gm11914,0.299310642,-0.004528904,0.005,0.006,1,0,Gm11914
Prep,0.299321364,0.009038894,0.052,0.057,1,0,Prep
Acin1,0.29953211,-0.017444016,0.551,0.544,1,0,Acin1
Pkn1,0.299668237,0.007171057,0.03,0.028,1,0,Pkn1
Rps27l,0.299694916,-0.050436103,0.507,0.506,1,0,Rps27l
Gm4258,0.299726945,-0.005289591,0.004,0.005,1,0,Gm4258
Trim13,0.299764312,-0.003918523,0.011,0.013,1,0,Trim13
Gm43668,0.299849385,-0.003999121,0.004,0.006,1,0,Gm43668
Gm42726,0.300041771,0.003373209,0.011,0.013,1,0,Gm42726
Xpa,0.300164136,0.030816795,0.101,0.097,1,0,Xpa
Zfp992,0.300186768,0.005429428,0.01,0.008,1,0,Zfp992
Gm7467,0.30020305,-0.001535382,0.003,0.004,1,0,Gm7467
Zkscan6,0.300216313,-0.005713388,0.016,0.018,1,0,Zkscan6
Syn1,0.300314809,-0.00422222,0.004,0.005,1,0,Syn1
Cux1,0.300514256,-0.053121592,0.08,0.085,1,0,Cux1
Gdap2,0.300566615,-0.001339192,0.038,0.041,1,0,Gdap2
Gm44187,0.300823073,-0.007026343,0.004,0.005,1,0,Gm44187
Zfp658,0.300837591,-0.007777889,0.003,0.004,1,0,Zfp658
Srebf1,0.300862351,0.009725782,0.084,0.08,1,0,Srebf1
Prss36,0.30099843,0.00130924,0.01,0.012,1,0,Prss36
Pcdhb7,0.30100563,-0.005070043,0.004,0.005,1,0,Pcdhb7
Gm7984,0.301052712,-0.00460182,0.001,0.002,1,0,Gm7984
9430081H08Rik,0.301060382,-0.008499457,0.004,0.006,1,0,9430081H08Rik
Gm14966,0.301061179,-0.00788625,0.003,0.004,1,0,Gm14966
Zdhhc18,0.301116025,0.008088213,0.038,0.042,1,0,Zdhhc18
Gm47806,0.301507909,-0.002990933,0.001,0.002,1,0,Gm47806
Gm37738,0.301608125,0.004655803,0.004,0.003,1,0,Gm37738
Egr4,0.301877573,0.005696372,0.004,0.003,1,0,Egr4
Tmf1,0.301937946,-0.019906548,0.237,0.247,1,0,Tmf1
Gm12583,0.301939714,-0.00429602,0.004,0.005,1,0,Gm12583
Gm16133,0.302334938,-0.004405604,0.003,0.004,1,0,Gm16133
Gm5611,0.302403288,-0.005790155,0.007,0.008,1,0,Gm5611
Ccdc142os,0.30258565,0.002854713,0.001,0.002,1,0,Ccdc142os
Gigyf2,0.302610452,-0.021720897,0.209,0.219,1,0,Gigyf2
Gm8960,0.302649052,-0.001352722,0.003,0.004,1,0,Gm8960
Dnaaf3,0.302706954,-0.001778247,0.004,0.005,1,0,Dnaaf3
Agbl3,0.303021644,0.004919659,0.015,0.017,1,0,Agbl3
Tnfsf10,0.303031329,-0.001841869,0.003,0.004,1,0,Tnfsf10
Hoxd9,0.303179514,0.002404415,0.004,0.003,1,0,Hoxd9
Cnp,0.303213063,-0.068667503,0.038,0.035,1,0,Cnp
Gm12366,0.303359772,0.004161469,0.003,0.004,1,0,Gm12366
Smarcc1,0.303360763,0.045543565,0.221,0.219,1,0,Smarcc1
Traf3ip2,0.303534906,-0.019417171,0.035,0.038,1,0,Traf3ip2
Gm37607,0.303562319,-0.006773093,0.006,0.008,1,0,Gm37607
Traf7,0.303780667,0.034822953,0.104,0.1,1,0,Traf7
Gm8971,0.303819961,0.008754793,0.026,0.029,1,0,Gm8971
Ccdc88c,0.303846028,-0.000549721,0.008,0.007,1,0,Ccdc88c
Apol7a,0.303946032,0.000197016,0.003,0.004,1,0,Apol7a
E2f6,0.304006248,-0.004836403,0.03,0.033,1,0,E2f6
Zfp93,0.30402572,0.000485405,0.004,0.005,1,0,Zfp93
Grk5,0.304111308,-0.007400261,0.066,0.071,1,0,Grk5
Paxx,0.30448998,-0.012444038,0.073,0.078,1,0,Paxx
Gm4950,0.304570998,-0.005045094,0.008,0.01,1,0,Gm4950
Pms2,0.304769623,0.002002488,0.014,0.017,1,0,Pms2
E330034L11Rik,0.304985126,0.014236718,0.015,0.013,1,0,E330034L11Rik
Casp7,0.305216724,-0.000765126,0.019,0.021,1,0,Casp7
Cry1,0.305263965,-0.018064565,0.075,0.08,1,0,Cry1
Nbas,0.305287405,0.003029268,0.06,0.065,1,0,Nbas
Fzd2,0.305505452,-0.015812442,0.125,0.133,1,0,Fzd2
Tlr3,0.305732856,0.010978449,0.031,0.028,1,0,Tlr3
Uhrf1bp1,0.306132119,-0.00019708,0.01,0.011,1,0,Uhrf1bp1
Rsph9,0.306368231,-0.012297009,0.021,0.023,1,0,Rsph9
Zfp346,0.306431278,-0.008967295,0.017,0.019,1,0,Zfp346
Vps26b,0.306455045,-0.00101668,0.058,0.062,1,0,Vps26b
Mtrr,0.306514379,0.016394656,0.021,0.018,1,0,Mtrr
Slc35b4,0.306521248,0.035742192,0.052,0.049,1,0,Slc35b4
Gm37768,0.307042246,0.004735489,0.003,0.002,1,0,Gm37768
Vamp3,0.307182974,0.029718923,0.137,0.134,1,0,Vamp3
Nup62,0.307298946,0.011937363,0.058,0.063,1,0,Nup62
Dmxl1,0.307428786,0.017695462,0.086,0.082,1,0,Dmxl1
Gm7589,0.307694891,0.004142216,0.003,0.002,1,0,Gm7589
Lpcat4,0.30770401,0.006820708,0.009,0.008,1,0,Lpcat4
Gm12618,0.30788702,0.003674087,0.003,0.002,1,0,Gm12618
Ulk4,0.307950347,0.013701847,0.008,0.006,1,0,Ulk4
Mrs2,0.307980792,-0.007431941,0.038,0.042,1,0,Mrs2
Gm48025,0.308412642,0.001351641,0.006,0.005,1,0,Gm48025
Gabpb2,0.308670122,0.01109151,0.117,0.113,1,0,Gabpb2
Hnrnpll,0.308721945,0.006555443,0.095,0.101,1,0,Hnrnpll
Spata6,0.308846899,-0.011941971,0.051,0.055,1,0,Spata6
Gm50402,0.308887369,0.00114547,0.003,0.002,1,0,Gm50402
Ganc,0.309442981,0.009642364,0.044,0.041,1,0,Ganc
Hdac3,0.309662478,0.020174443,0.075,0.072,1,0,Hdac3
Nt5c2,0.309672908,-0.01627249,0.065,0.069,1,0,Nt5c2
Btbd6,0.309810114,-0.001488584,0.015,0.017,1,0,Btbd6
R3hcc1l,0.309912209,-0.017128396,0.051,0.055,1,0,R3hcc1l
Rtl6,0.310105538,0.00572629,0.008,0.006,1,0,Rtl6
Mettl23,0.310155872,0.0141782,0.083,0.089,1,0,Mettl23
Ankrd2,0.310334076,-0.033980127,0.001,0.002,1,0,Ankrd2
Gm42725,0.310651957,-0.007940673,0.001,0.002,1,0,Gm42725
Strada,0.311202048,-0.004055364,0.021,0.023,1,0,Strada
Mas1,0.311208765,-0.003371257,0.001,0.002,1,0,Mas1
Ube3c,0.311293799,0.004611828,0.08,0.076,1,0,Ube3c
Ifit1bl1,0.311407785,-0.001623628,0.001,0.002,1,0,Ifit1bl1
Glud-ps,0.311527237,-0.001539987,0.001,0.002,1,0,Glud-ps
Tmem14c,0.311612076,0.008221904,0.225,0.237,1,0,Tmem14c
Gm5867,0.311686553,-0.002289391,0.001,0.002,1,0,Gm5867
2300009A05Rik,0.311728355,-0.005218555,0.04,0.044,1,0,2300009A05Rik
BC051226,0.311742319,0.001838749,0.017,0.015,1,0,BC051226
Man1b1,0.311759937,0.026790208,0.081,0.077,1,0,Man1b1
Trp53inp2,0.312097622,0.013136336,0.065,0.061,1,0,Trp53inp2
Chmp2a,0.312235813,0.001213048,0.343,0.338,1,0,Chmp2a
Srsf1,0.312263519,-0.007592142,0.117,0.123,1,0,Srsf1
Ndufaf2,0.312450685,0.008107579,0.148,0.157,1,0,Ndufaf2
Trir,0.312684049,-0.013621655,0.229,0.239,1,0,Trir
Ubqln4,0.313094978,0.033054879,0.046,0.043,1,0,Ubqln4
Dis3l,0.313179999,0.002308093,0.032,0.035,1,0,Dis3l
Pask,0.313229464,-0.005875206,0.015,0.017,1,0,Pask
Rbm34,0.313275754,0.015214019,0.117,0.113,1,0,Rbm34
Rad51b,0.313323561,-0.009036102,0.019,0.021,1,0,Rad51b
Dlst,0.313436854,0.007670552,0.145,0.153,1,0,Dlst
8030423F21Rik,0.313553958,0.005772955,0.003,0.003,1,0,8030423F21Rik
Acss2,0.313592839,-0.010900087,0.026,0.028,1,0,Acss2
Bloc1s2,0.313977052,0.018558613,0.071,0.077,1,0,Bloc1s2
Ormdl2,0.313979086,-0.007925157,0.007,0.009,1,0,Ormdl2
Bmi1,0.3143035,0.002870627,0.059,0.063,1,0,Bmi1
Gm43216,0.314408316,0.003887683,0.003,0.003,1,0,Gm43216
Tmem185b,0.314518613,0.002750416,0.04,0.043,1,0,Tmem185b
Tm2d3,0.314706129,0.035442897,0.105,0.101,1,0,Tm2d3
Gmeb1,0.314710081,-0.01055786,0.037,0.04,1,0,Gmeb1
Dop1b,0.314760368,0.013929569,0.029,0.027,1,0,Dop1b
Zcwpw2,0.314889762,-0.000249796,0.007,0.006,1,0,Zcwpw2
G3bp1,0.314890986,0.012451531,0.225,0.221,1,0,G3bp1
Car11,0.314911303,-0.008428562,0.018,0.02,1,0,Car11
Nrf1,0.315022289,0.003358313,0.049,0.053,1,0,Nrf1
Gm20302,0.315247406,-5.41E-05,0.003,0.003,1,0,Gm20302
Ssx2ip,0.315256771,0.017948177,0.05,0.047,1,0,Ssx2ip
Zfp865,0.315963426,0.022462643,0.035,0.032,1,0,Zfp865
Spg7,0.315987777,0.004953126,0.097,0.103,1,0,Spg7
Phka2,0.316116428,-0.008292046,0.016,0.019,1,0,Phka2
Gpr153,0.316157696,0.027723137,0.092,0.088,1,0,Gpr153
Mkln1,0.316715414,0.004472391,0.168,0.163,1,0,Mkln1
Paip2b,0.316810509,-0.019456101,0.025,0.028,1,0,Paip2b
Grik5,0.316826197,-0.001683732,0.037,0.034,1,0,Grik5
Wac,0.316875956,0.029053432,0.151,0.148,1,0,Wac
Aaas,0.317046535,0.002118767,0.024,0.026,1,0,Aaas
Zfr,0.317092466,-0.037421681,0.328,0.339,1,0,Zfr
Acsl6,0.317292531,-0.008462938,0.002,0.002,1,0,Acsl6
Smarca5-ps,0.317415465,0.004451257,0.005,0.004,1,0,Smarca5-ps
Gm43857,0.31758589,0.001239092,0.005,0.004,1,0,Gm43857
Bdh1,0.317846556,-0.006379602,0.002,0.002,1,0,Bdh1
Gm10263,0.317913799,0.004226006,0.005,0.004,1,0,Gm10263
Tmem251,0.317993616,0.000214987,0.052,0.056,1,0,Tmem251
Gm19337,0.318260778,0.000494091,0.002,0.002,1,0,Gm19337
Dnd1,0.318267274,-0.003536567,0.002,0.002,1,0,Dnd1
Tma7-ps,0.318324673,-0.003401229,0.002,0.002,1,0,Tma7-ps
Mcmdc2,0.318324673,-0.005052914,0.002,0.002,1,0,Mcmdc2
Irgq,0.318434191,0.022303566,0.035,0.032,1,0,Irgq
Morc1,0.318554336,-0.002492366,0.002,0.002,1,0,Morc1
Gm6155,0.318650061,-0.003016003,0.002,0.002,1,0,Gm6155
Dazap2,0.318701446,-0.015519365,0.202,0.211,1,0,Dazap2
Gm45137,0.318732213,-7.91E-05,0.002,0.002,1,0,Gm45137
Ddb2,0.318803261,-0.004697426,0.002,0.002,1,0,Ddb2
Gm18867,0.318975667,-0.002320251,0.002,0.002,1,0,Gm18867
Gm42587,0.319039917,-0.000356598,0.002,0.002,1,0,Gm42587
Trappc2l,0.319085621,0.004494979,0.17,0.179,1,0,Trappc2l
Fbxl19,0.319220772,-0.005528856,0.016,0.019,1,0,Fbxl19
Glmn,0.319240884,0.011738348,0.045,0.042,1,0,Glmn
Ica1,0.319263148,-0.001825362,0.002,0.002,1,0,Ica1
Wdr63,0.319397363,0.000198945,0.002,0.002,1,0,Wdr63
Gm14853,0.319421462,-0.002091977,0.005,0.006,1,0,Gm14853
Gm8692,0.319470271,0.006902182,0.008,0.006,1,0,Gm8692
Gm12254,0.319799541,0.023706367,0.072,0.068,1,0,Gm12254
Gm6564,0.320043898,-0.003382322,0.001,0.001,1,0,Gm6564
Slc35a5,0.320216365,-0.011631567,0.05,0.054,1,0,Slc35a5
Gpld1,0.320248371,-0.004720946,0.001,0.001,1,0,Gpld1
Far1os,0.320273936,-0.0023468,0.001,0.001,1,0,Far1os
Slamf1,0.320273936,-0.003022005,0.001,0.001,1,0,Slamf1
Gm8369,0.32037621,-0.000984324,0.001,0.001,1,0,Gm8369
Pomgnt2,0.320403665,-0.007079512,0.018,0.02,1,0,Pomgnt2
Gm49249,0.320427355,-0.001642476,0.001,0.001,1,0,Gm49249
Lilr4b,0.320427355,-0.002700982,0.001,0.001,1,0,Lilr4b
Gm6788,0.320478506,-0.001000053,0.001,0.001,1,0,Gm6788
Gm5599,0.320478506,-0.003312389,0.001,0.001,1,0,Gm5599
Gm26911,0.320504083,-0.001502358,0.001,0.001,1,0,Gm26911
Gm7556,0.320529662,-0.002406227,0.001,0.001,1,0,Gm7556
1700007K13Rik,0.320529662,-0.002882314,0.001,0.001,1,0,1700007K13Rik
Gm37964,0.320555241,-0.00148796,0.001,0.001,1,0,Gm37964
Syt12,0.320606405,-0.002407632,0.001,0.001,1,0,Syt12
Gm49886,0.320657574,-0.002199732,0.001,0.001,1,0,Gm49886
9530034E10Rik,0.320708749,-0.000600429,0.001,0.001,1,0,9530034E10Rik
Gm43110,0.320811114,-0.001609304,0.001,0.001,1,0,Gm43110
Asic1,0.320862304,-0.000680996,0.001,0.001,1,0,Asic1
Gm16141,0.3209391,-0.001579067,0.001,0.001,1,0,Gm16141
4930478K11Rik,0.320964701,0.00166558,0.001,0.001,1,0,4930478K11Rik
Gm37637,0.320964701,-0.000275562,0.001,0.001,1,0,Gm37637
Gm42872,0.320990303,0.001414673,0.001,0.001,1,0,Gm42872
Ly6g5b,0.320990303,-0.000711294,0.001,0.001,1,0,Ly6g5b
Zbtb8os,0.321114726,0.022222279,0.073,0.07,1,0,Zbtb8os
Gm14305,0.321638334,-0.005709383,0.02,0.022,1,0,Gm14305
5730409E04Rik,0.321817519,0.029745227,0.055,0.052,1,0,5730409E04Rik
Dnaic2,0.321870848,0.012415608,0.011,0.009,1,0,Dnaic2
Tax1bp3,0.321965982,-0.004846037,0.018,0.02,1,0,Tax1bp3
H2-K2,0.322157319,-0.008590532,0.015,0.017,1,0,H2-K2
Spats2,0.32226509,-0.003236084,0.074,0.079,1,0,Spats2
Usp20,0.32266393,0.001803181,0.01,0.011,1,0,Usp20
D830050J10Rik,0.322791873,0.008847123,0.021,0.018,1,0,D830050J10Rik
Klhdc2,0.322860066,0.016701946,0.161,0.171,1,0,Klhdc2
Cox15,0.322883828,0.021707994,0.03,0.027,1,0,Cox15
Sf3a1,0.322927842,0.009257814,0.091,0.087,1,0,Sf3a1
Dph3,0.322981898,0.002464236,0.203,0.2,1,0,Dph3
Mgat4b,0.323019682,0.019476597,0.057,0.053,1,0,Mgat4b
Gramd1c,0.323079603,-0.006267018,0.005,0.006,1,0,Gramd1c
Gm8186,0.323159278,0.02382218,0.04,0.037,1,0,Gm8186
Lin37,0.323250814,-0.012840684,0.032,0.035,1,0,Lin37
D130020L05Rik,0.323351415,0.001689192,0.008,0.01,1,0,D130020L05Rik
Gm43660,0.323552699,0.002949584,0.008,0.006,1,0,Gm43660
Mrip-ps,0.323637502,-0.004494846,0.002,0.003,1,0,Mrip-ps
Actr3,0.323667331,0.005738454,0.282,0.293,1,0,Actr3
mt-Tr,0.323674349,-0.004524393,0.002,0.003,1,0,mt-Tr
BC017158,0.323708129,-0.005058318,0.034,0.038,1,0,BC017158
mt-Ti,0.323807356,0.003050252,0.004,0.003,1,0,mt-Ti
D430040D24Rik,0.323823146,-0.008977593,0.005,0.006,1,0,D430040D24Rik
Gm50432,0.323913917,-0.002570723,0.002,0.003,1,0,Gm50432
Srsf12,0.323950784,-0.005364602,0.002,0.003,1,0,Srsf12
Derl1,0.323968541,0.021383302,0.203,0.214,1,0,Derl1
Vrk3,0.323981112,-0.006524036,0.05,0.054,1,0,Vrk3
Ifit1bl2,0.324010308,0.003427693,0.004,0.003,1,0,Ifit1bl2
Rps3a3,0.324011241,0.028824873,0.075,0.072,1,0,Rps3a3
Tnfrsf26,0.324042964,-0.003106527,0.002,0.003,1,0,Tnfrsf26
1110002L01Rik,0.32407984,-0.004401787,0.002,0.003,1,0,1110002L01Rik
D330050I16Rik,0.324264264,-0.000604788,0.002,0.003,1,0,D330050I16Rik
Lcat,0.324308559,-0.00742238,0.007,0.008,1,0,Lcat
BC106175,0.324374951,-0.001754611,0.002,0.003,1,0,BC106175
Lrba,0.324458912,-0.003446855,0.031,0.034,1,0,Lrba
Dqx1,0.32447498,-0.012059535,0.005,0.006,1,0,Dqx1
Megf11,0.324670237,-0.00108741,0.002,0.003,1,0,Megf11
Pcdhb4,0.32470716,-0.000438362,0.002,0.003,1,0,Pcdhb4
Por,0.324754318,-0.054433658,0.124,0.129,1,0,Por
Ppp1r8,0.324828817,0.005416625,0.043,0.047,1,0,Ppp1r8
Hdac1,0.324925298,-0.014821744,0.253,0.264,1,0,Hdac1
Pttg1ip,0.325015706,-0.043380462,0.313,0.324,1,0,Pttg1ip
Gm6733,0.325064223,-0.005712258,0.008,0.01,1,0,Gm6733
Gnai3,0.325097258,0.003956502,0.216,0.228,1,0,Gnai3
Atg3,0.325118696,0.00880365,0.215,0.211,1,0,Atg3
Sox4,0.325128111,0.005539682,0.194,0.204,1,0,Sox4
Gm30025,0.32535987,-0.00034175,0.031,0.028,1,0,Gm30025
Map3k6,0.325431519,-0.005403098,0.026,0.024,1,0,Map3k6
Snx30,0.325524349,-0.005011896,0.035,0.038,1,0,Snx30
Stxbp4,0.325536841,0.006728954,0.04,0.037,1,0,Stxbp4
Fars2,0.325580197,0.029287516,0.043,0.04,1,0,Fars2
Ass1,0.325586886,-0.006799702,0.03,0.033,1,0,Ass1
Slc12a8,0.325628162,0.006425451,0.009,0.007,1,0,Slc12a8
Atxn7l3b,0.325661848,-0.04919,0.417,0.429,1,0,Atxn7l3b
Ptbp1,0.325685981,-0.004544933,0.048,0.051,1,0,Ptbp1
Gm48804,0.325967773,0.003654911,0.003,0.002,1,0,Gm48804
Gm8430,0.326273795,0.005751784,0.064,0.068,1,0,Gm8430
Mbd6,0.326298863,-0.000767526,0.031,0.034,1,0,Mbd6
Tgm4,0.32632201,0.001812013,0.003,0.002,1,0,Tgm4
Rsph10b,0.326570125,0.005513403,0.003,0.002,1,0,Rsph10b
Pfkfb2,0.326731854,-0.008934722,0.008,0.009,1,0,Pfkfb2
Cep120,0.326822656,0.019798283,0.065,0.07,1,0,Cep120
Sh3rf1,0.326914085,-0.015629205,0.021,0.023,1,0,Sh3rf1
Gm43329,0.327087355,0.002306601,0.007,0.006,1,0,Gm43329
Tprkb,0.327194259,-0.006745951,0.104,0.11,1,0,Tprkb
Pf4,0.327292821,-0.004297306,0.004,0.006,1,0,Pf4
Scaf1,0.327651522,0.022126704,0.08,0.076,1,0,Scaf1
Cdc34,0.327889584,-0.00204757,0.05,0.054,1,0,Cdc34
Cage1,0.327995908,0.001896614,0.005,0.004,1,0,Cage1
Pip5k1a,0.328086964,0.020655165,0.128,0.125,1,0,Pip5k1a
Lyz1,0.328113284,0.004280486,0.002,0.002,1,0,Lyz1
Stk35,0.328215751,0.024947359,0.044,0.041,1,0,Stk35
Gm47272,0.328529262,0.002417234,0.002,0.002,1,0,Gm47272
Kcnj2,0.328723595,-0.028017833,0.006,0.007,1,0,Kcnj2
Prkaca,0.328743561,0.024789623,0.081,0.077,1,0,Prkaca
Gm11672,0.328923662,0.002372275,0.002,0.002,1,0,Gm11672
Gm49971,0.329120977,0.001406788,0.002,0.002,1,0,Gm49971
Gm12854,0.329383708,0.00054043,0.013,0.015,1,0,Gm12854
Zfp983,0.329422054,-0.005758875,0.015,0.017,1,0,Zfp983
Iars,0.329434537,0.025036501,0.057,0.054,1,0,Iars
6030400A10Rik,0.329735969,0.009477609,0.009,0.008,1,0,6030400A10Rik
Kdr,0.330027795,-0.025447703,0.039,0.042,1,0,Kdr
Tpd52l2,0.330260103,-0.028420415,0.285,0.295,1,0,Tpd52l2
Ppip5k1,0.330636745,0.004606488,0.011,0.01,1,0,Ppip5k1
A730020M07Rik,0.33073349,0.004467862,0.011,0.009,1,0,A730020M07Rik
Thada,0.331037001,0.001472459,0.013,0.014,1,0,Thada
Armc6,0.331169281,0.009382202,0.026,0.029,1,0,Armc6
Gm48690,0.331202421,-0.000408699,0.002,0.003,1,0,Gm48690
Slc44a3,0.331399977,-0.00203278,0.002,0.003,1,0,Slc44a3
Zfp655,0.331415047,-0.002461312,0.06,0.065,1,0,Zfp655
Gm45338,0.331442934,-0.001225046,0.002,0.003,1,0,Gm45338
5530400K19Rik,0.331458845,-0.00623844,0.002,0.003,1,0,5530400K19Rik
Tktl1,0.331751295,-0.002218907,0.004,0.005,1,0,Tktl1
Acer3,0.331879289,0.017775469,0.06,0.057,1,0,Acer3
Gm13342,0.332061915,0.001483982,0.002,0.003,1,0,Gm13342
Fam151b,0.332174903,0.005026233,0.006,0.005,1,0,Fam151b
2310015A10Rik,0.332252468,-0.015012222,0.012,0.014,1,0,2310015A10Rik
Pecam1,0.332265685,-0.004008722,0.006,0.005,1,0,Pecam1
Acbd6,0.332642715,-0.004885513,0.11,0.116,1,0,Acbd6
Gse1,0.332677406,-0.003292576,0.008,0.009,1,0,Gse1
Fbxo30,0.332791699,-0.03138353,0.105,0.11,1,0,Fbxo30
Tdg-ps,0.332887518,-0.00750208,0.003,0.004,1,0,Tdg-ps
Rnls,0.33311644,-0.005352956,0.002,0.003,1,0,Rnls
Psmc1,0.333141506,0.010744866,0.324,0.32,1,0,Psmc1
Rictor,0.333149294,0.01602618,0.066,0.063,1,0,Rictor
Usp25,0.333199724,-0.019696986,0.149,0.156,1,0,Usp25
Slc25a12,0.333243869,0.011956064,0.068,0.065,1,0,Slc25a12
Pgap2,0.333253114,0.020168541,0.116,0.112,1,0,Pgap2
Ptgfrn,0.33330557,0.028113746,0.29,0.288,1,0,Ptgfrn
Usp49,0.333388779,0.014063975,0.015,0.013,1,0,Usp49
Mrpl40,0.333585053,-0.003244726,0.128,0.136,1,0,Mrpl40
Rpl29-ps2,0.333689542,-0.004715416,0.003,0.004,1,0,Rpl29-ps2
Zscan20,0.333861349,-0.004629755,0.003,0.003,1,0,Zscan20
Copg1,0.333960132,0.052884987,0.196,0.194,1,0,Copg1
Gm5055,0.333968377,0.001799536,0.004,0.005,1,0,Gm5055
Fam199x,0.334238748,0.017181717,0.026,0.024,1,0,Fam199x
Snhg10,0.334487868,-0.004340551,0.003,0.003,1,0,Snhg10
Vps35l,0.334571087,0.010773339,0.074,0.07,1,0,Vps35l
Polr1a,0.334574382,0.02039243,0.051,0.047,1,0,Polr1a
Ifrd2,0.334786148,-0.003864241,0.003,0.004,1,0,Ifrd2
Tmem231,0.334989548,-0.008553494,0.012,0.014,1,0,Tmem231
Gm13498,0.335072792,-0.003670503,0.003,0.004,1,0,Gm13498
Ccdc38,0.335195838,0.010883675,0.017,0.019,1,0,Ccdc38
Gm48139,0.335295971,0.007000867,0.002,0.003,1,0,Gm48139
H2-T10,0.335376495,-0.00083436,0.008,0.009,1,0,H2-T10
Gm43063,0.33541398,0.004999462,0.004,0.003,1,0,Gm43063
Ttll4,0.335467372,0.007542495,0.028,0.031,1,0,Ttll4
Gm17029,0.335586859,-0.002345961,0.003,0.004,1,0,Gm17029
Gm15728,0.335604003,-0.003052119,0.003,0.004,1,0,Gm15728
Zc3h12a,0.335725013,0.009278557,0.071,0.067,1,0,Zc3h12a
Pbx2,0.335736341,-0.019653579,0.026,0.028,1,0,Pbx2
Tgm1,0.335804106,0.002376794,0.004,0.005,1,0,Tgm1
Gm37205,0.335823694,0.006074228,0.004,0.003,1,0,Gm37205
Map3k10,0.335924174,-0.007094299,0.017,0.02,1,0,Map3k10
Gm7240,0.335944294,-0.003714549,0.006,0.007,1,0,Gm7240
Gm11653,0.335947113,-0.002216736,0.003,0.004,1,0,Gm11653
Gm6929,0.336187771,-0.000555645,0.003,0.004,1,0,Gm6929
Polr3e,0.336334017,-0.005183075,0.034,0.037,1,0,Polr3e
Igflr1,0.336472084,-0.005508836,0.001,0.002,1,0,Igflr1
Slc6a9,0.336544943,-0.00374064,0.001,0.002,1,0,Slc6a9
Gm49706,0.33656199,0.001822698,0.004,0.003,1,0,Gm49706
Gm10277,0.336569232,-0.005755613,0.001,0.002,1,0,Gm10277
Bicral,0.336576507,-0.004842522,0.036,0.04,1,0,Bicral
Rpl21-ps14,0.336617812,-0.003600862,0.001,0.002,1,0,Rpl21-ps14
Nts,0.336666397,-0.011292819,0.001,0.002,1,0,Nts
Gm45221,0.336734782,0.006386505,0.007,0.006,1,0,Gm45221
Aard,0.33676358,-0.003830903,0.001,0.002,1,0,Aard
Gm16163,0.336885085,-0.002321897,0.001,0.002,1,0,Gm16163
Slc9b1,0.337055239,-0.001956438,0.001,0.002,1,0,Slc9b1
Fcho2,0.337112734,-0.070793918,0.179,0.184,1,0,Fcho2
Rpl31-ps6,0.337128179,-0.000560306,0.001,0.002,1,0,Rpl31-ps6
Platr32,0.337128179,-0.001578732,0.001,0.002,1,0,Platr32
Stac2,0.337148479,0.010053979,0.009,0.011,1,0,Stac2
Gm26520,0.337152494,-0.001048402,0.001,0.002,1,0,Gm26520
Tfeb,0.337891252,-0.010094188,0.022,0.024,1,0,Tfeb
Tusc2,0.337904723,0.01326105,0.068,0.064,1,0,Tusc2
F10,0.33792327,-0.000707644,0,0.001,1,0,F10
Itgb1bp1,0.338002327,-0.003984059,0.111,0.118,1,0,Itgb1bp1
Rbsn,0.338046834,0.005251815,0.063,0.068,1,0,Rbsn
Gm7289,0.338100931,0.005525293,0.003,0.002,1,0,Gm7289
Gm37238,0.338127852,-0.00466773,0.018,0.016,1,0,Gm37238
Plk2,0.338199531,0.011717694,0.105,0.101,1,0,Plk2
Gm39469,0.338229141,-0.002010288,0.006,0.007,1,0,Gm39469
Gm14830,0.338232145,0.00784696,0.008,0.006,1,0,Gm14830
Mettl6,0.338288303,-0.00374492,0.053,0.057,1,0,Mettl6
Gm37760,0.338550668,-0.008166852,0.006,0.007,1,0,Gm37760
Ptpn4,0.338733343,-0.003143115,0.009,0.01,1,0,Ptpn4
4930532G15Rik,0.33874629,-0.000496621,0.01,0.012,1,0,4930532G15Rik
5730408A14Rik,0.338840475,0.003954324,0.002,0.001,1,0,5730408A14Rik
Qars,0.338847353,0.01418968,0.082,0.079,1,0,Qars
Ogfod1,0.33895901,0.025388569,0.036,0.033,1,0,Ogfod1
Ncoa6,0.339053322,0.011143916,0.094,0.09,1,0,Ncoa6
Blcap,0.339248152,0.030885284,0.083,0.08,1,0,Blcap
Extl3,0.339333738,-0.00165835,0.067,0.071,1,0,Extl3
Gm13307,0.339334378,0.006128763,0.002,0.001,1,0,Gm13307
Gm7776,0.339334378,0.00074821,0.002,0.001,1,0,Gm7776
Zfp112,0.339361416,-0.013425646,0.006,0.007,1,0,Zfp112
Shroom3,0.339432797,0.000415368,0.003,0.002,1,0,Shroom3
Gm37499,0.339452042,0.004652044,0.002,0.001,1,0,Gm37499
9930024M15Rik,0.339522653,0.00242446,0.002,0.001,1,0,9930024M15Rik
Lin54,0.339594856,-0.006853938,0.018,0.021,1,0,Lin54
Gm37303,0.339734542,0.000340348,0.002,0.001,1,0,Gm37303
Klhl18,0.339758002,0.00772419,0.05,0.047,1,0,Klhl18
Gm26982,0.339805909,0.003085972,0.006,0.005,1,0,Gm26982
Asna1,0.339818821,0.001886579,0.073,0.078,1,0,Asna1
Ptpro,0.339852295,-5.41E-05,0.002,0.001,1,0,Ptpro
Cfap126,0.339967047,0.004174319,0.004,0.003,1,0,Cfap126
Atl1,0.340200954,0.006779156,0.023,0.021,1,0,Atl1
Gm43256,0.340262492,0.003962428,0.006,0.005,1,0,Gm43256
Inpp5f,0.340385057,-0.033731509,0.07,0.074,1,0,Inpp5f
Gm36298,0.340408142,-0.006021945,0.006,0.007,1,0,Gm36298
Syngap1,0.34056665,0.005142808,0.021,0.019,1,0,Syngap1
Agpat1,0.340750303,-0.00363881,0.051,0.055,1,0,Agpat1
Cyp4v3,0.340763571,-0.004347633,0.039,0.043,1,0,Cyp4v3
Tmem181b-ps,0.340816661,-0.001073282,0.009,0.01,1,0,Tmem181b-ps
2610507B11Rik,0.340874089,0.004460625,0.176,0.171,1,0,2610507B11Rik
Zdhhc24,0.340918807,0.015340124,0.014,0.012,1,0,Zdhhc24
Morn1,0.340933389,-0.003963265,0.007,0.009,1,0,Morn1
Pkd2l2,0.341012962,-0.003563643,0.006,0.007,1,0,Pkd2l2
Smim4,0.341063205,0.001721165,0.077,0.082,1,0,Smim4
Zfp607b,0.341141588,0.013510049,0.013,0.012,1,0,Zfp607b
Cntrl,0.341480064,-0.008234666,0.12,0.115,1,0,Cntrl
Dcun1d1,0.34168508,-0.004757696,0.121,0.128,1,0,Dcun1d1
Ppp1r3b,0.341844949,-0.001447838,0.01,0.011,1,0,Ppp1r3b
Dlg5,0.342172046,0.011086846,0.053,0.05,1,0,Dlg5
Gm9457,0.342243545,6.28E-05,0.004,0.003,1,0,Gm9457
Syt3,0.342330478,0.004973725,0.005,0.004,1,0,Syt3
Ndufaf6,0.342858515,0.009231149,0.023,0.026,1,0,Ndufaf6
Bbs9,0.342950667,-0.00968651,0.016,0.018,1,0,Bbs9
Ficd,0.343024198,-0.005846157,0.017,0.019,1,0,Ficd
Dtd2,0.343155161,0.008699775,0.053,0.058,1,0,Dtd2
Tfpi,0.34319186,0.052922894,0.111,0.108,1,0,Tfpi
Usp37,0.343366054,-0.023064941,0.055,0.059,1,0,Usp37
Snx13,0.343403415,-0.002916166,0.067,0.071,1,0,Snx13
Cisd2,0.343540351,0.023928582,0.229,0.227,1,0,Cisd2
Pcca,0.343622758,-0.003846048,0.041,0.044,1,0,Pcca
Chpt1,0.343912421,-0.044448319,0.135,0.14,1,0,Chpt1
Dnajc10,0.343980024,0.025060964,0.291,0.288,1,0,Dnajc10
Trappc6a,0.34442408,0.017662485,0.099,0.095,1,0,Trappc6a
Dcaf12,0.344602252,-0.004149012,0.087,0.093,1,0,Dcaf12
Gm7600,0.344688334,0.007195224,0.008,0.007,1,0,Gm7600
Tmbim4,0.34469571,0.041161657,0.184,0.181,1,0,Tmbim4
Invs,0.344981436,-0.006924413,0.025,0.027,1,0,Invs
D730003I15Rik,0.345295541,-0.005935649,0.008,0.01,1,0,D730003I15Rik
Zfp397,0.345362399,-0.022223898,0.054,0.057,1,0,Zfp397
Mtmr6,0.345433244,0.032688596,0.105,0.101,1,0,Mtmr6
BC065403,0.345653952,0.009308752,0.007,0.005,1,0,BC065403
Prox2,0.345719694,-0.000599265,0.006,0.004,1,0,Prox2
Tmem135,0.345882101,0.009557907,0.06,0.057,1,0,Tmem135
Atp6v0b,0.345931719,0.018636891,0.305,0.303,1,0,Atp6v0b
Tbx18,0.345952345,-0.005699191,0.048,0.051,1,0,Tbx18
Fcf1,0.346019145,-0.006123609,0.154,0.163,1,0,Fcf1
Kbtbd3,0.346181269,0.019777819,0.042,0.039,1,0,Kbtbd3
Ralgapb,0.346229526,0.013516363,0.045,0.042,1,0,Ralgapb
Klf13,0.346289643,-0.032137267,0.257,0.248,1,0,Klf13
Ppp1r15a,0.346314837,-0.06929761,0.681,0.656,1,0,Ppp1r15a
Gm43984,0.346713526,-0.004378004,0.009,0.011,1,0,Gm43984
Ube2z,0.346801992,0.051211357,0.115,0.112,1,0,Ube2z
Mbtps1,0.34710821,0.025714358,0.152,0.149,1,0,Mbtps1
Sh3bgrl,0.347319994,-0.033421398,0.351,0.36,1,0,Sh3bgrl
Gm42899,0.347360942,-0.013270173,0.025,0.027,1,0,Gm42899
Fgf23,0.347841287,-0.003595272,0.001,0.002,1,0,Fgf23
Slurp1,0.347956779,-0.00833372,0.001,0.002,1,0,Slurp1
Gm26876,0.348002982,-0.004070268,0.001,0.002,1,0,Gm26876
Ano7,0.34804919,-0.003396091,0.001,0.002,1,0,Ano7
Zfp711,0.348072295,-0.009283406,0.001,0.002,1,0,Zfp711
Gm5527,0.348210946,-0.002408755,0.001,0.002,1,0,Gm5527
Gm46440,0.348280285,-0.003403068,0.001,0.002,1,0,Gm46440
Ptpn6,0.348280285,-0.004778366,0.001,0.002,1,0,Ptpn6
Gm49226,0.348319219,0.006376414,0.004,0.003,1,0,Gm49226
Hmox1,0.348339429,-0.032982818,0.045,0.048,1,0,Hmox1
Macf1,0.348412409,-0.070411009,0.332,0.339,1,0,Macf1
Gm42440,0.348453671,-0.002590304,0.001,0.002,1,0,Gm42440
6430573P05Rik,0.348627112,-0.002946832,0.001,0.002,1,0,6430573P05Rik
Gm26497,0.348696503,-0.00227899,0.001,0.002,1,0,Gm26497
Pars2,0.348719636,-0.000746516,0.001,0.002,1,0,Pars2
Mul1,0.348728739,0.013788669,0.043,0.04,1,0,Mul1
Apol7d,0.348789039,-0.001281455,0.001,0.002,1,0,Apol7d
Angptl2,0.348822817,-0.022271031,0.345,0.335,1,0,Angptl2
Pacrg,0.348904731,-0.001334076,0.001,0.002,1,0,Pacrg
Prkaa1,0.348938969,-0.003234431,0.054,0.058,1,0,Prkaa1
Gm17511,0.349113037,-0.001340895,0.001,0.002,1,0,Gm17511
Gm4793,0.349298265,0.001129742,0.001,0.002,1,0,Gm4793
Gm9874,0.349320116,0.001605864,0.004,0.003,1,0,Gm9874
Hotair,0.349414064,-0.000156941,0.001,0.002,1,0,Hotair
Gm5069,0.349461031,0.003539174,0.002,0.001,1,0,Gm5069
Fam3a,0.349549086,0.009140865,0.071,0.076,1,0,Fam3a
Adck2,0.34965819,-0.005294278,0.037,0.04,1,0,Adck2
Gm12751,0.349664041,0.001329043,0.002,0.001,1,0,Gm12751
Rundc3a,0.349790961,0.002703953,0.002,0.001,1,0,Rundc3a
Gm38134,0.349841737,0.002555799,0.002,0.001,1,0,Gm38134
Gm43982,0.349943302,0.00258407,0.002,0.001,1,0,Gm43982
Haao,0.350070286,0.00213606,0.002,0.001,1,0,Haao
Matr3-ps2,0.350095686,0.002558318,0.002,0.001,1,0,Matr3-ps2
Slc2a8,0.350229906,0.005676528,0.029,0.026,1,0,Slc2a8
Ticam1,0.350294866,0.003886699,0.014,0.015,1,0,Ticam1
Gm48585,0.350297588,0.00505094,0.007,0.005,1,0,Gm48585
Rpl31-ps16,0.350451413,-6.81E-05,0.002,0.001,1,0,Rpl31-ps16
Unkl,0.350578514,-0.000344968,0.002,0.001,1,0,Unkl
Gm8557,0.350731073,-0.00073921,0.002,0.001,1,0,Gm8557
Gm48334,0.350807368,-0.000864878,0.002,0.001,1,0,Gm48334
Gm50070,0.350832803,-0.001252199,0.002,0.001,1,0,Gm50070
Ddx20,0.351053647,-0.00622073,0.021,0.023,1,0,Ddx20
9530003O04Rik,0.351284224,0.002345411,0.003,0.002,1,0,9530003O04Rik
Ulk3,0.351387983,-0.004631052,0.013,0.015,1,0,Ulk3
Sf3b6,0.351402143,0.022648323,0.238,0.236,1,0,Sf3b6
Gm6054,0.351443336,0.007667558,0.003,0.002,1,0,Gm6054
Tdrkh,0.351787728,0.001919789,0.008,0.006,1,0,Tdrkh
Npr2,0.352013362,-0.012305625,0.052,0.049,1,0,Npr2
Dcun1d5,0.352281194,-0.015423369,0.213,0.223,1,0,Dcun1d5
Rpl39-ps,0.352438848,0.007319421,0.011,0.01,1,0,Rpl39-ps
Fmc1,0.352485883,-0.007664603,0.156,0.164,1,0,Fmc1
Oip5os1,0.352851585,0.0238516,0.203,0.201,1,0,Oip5os1
Gm7266,0.352989645,0.002249428,0.006,0.005,1,0,Gm7266
Vps9d1,0.353061687,-0.011002641,0.037,0.04,1,0,Vps9d1
4930402H24Rik,0.353235591,-0.012280866,0.115,0.121,1,0,4930402H24Rik
Tada2b,0.353287723,-0.005542153,0.019,0.021,1,0,Tada2b
Cyp2j6,0.353409693,-0.018539894,0.067,0.072,1,0,Cyp2j6
6330562C20Rik,0.353677018,-0.010582467,0.01,0.012,1,0,6330562C20Rik
Setdb2,0.353696678,-0.016427667,0.021,0.023,1,0,Setdb2
Mier3,0.353860234,0.023023317,0.058,0.062,1,0,Mier3
Zfp944,0.354023689,-0.005679991,0.031,0.034,1,0,Zfp944
Kcne1l,0.354077695,0.008717996,0.005,0.004,1,0,Kcne1l
Tmub2,0.354419011,0.01914483,0.072,0.077,1,0,Tmub2
Gm48551,0.35450575,0.009716245,0.005,0.004,1,0,Gm48551
Gm9523,0.354651898,0.000183261,0.004,0.003,1,0,Gm9523
Gm7285,0.354920404,-0.004574503,0.008,0.009,1,0,Gm7285
Xrcc3,0.354975343,0.007614563,0.005,0.004,1,0,Xrcc3
Nfu1,0.355033723,0.037504971,0.163,0.161,1,0,Nfu1
Mrpl37,0.355077858,0.004736061,0.055,0.059,1,0,Mrpl37
Gm8773,0.355198595,0.026005354,0.022,0.02,1,0,Gm8773
Pex3,0.355262702,-0.001230558,0.079,0.084,1,0,Pex3
B3galt2,0.355522973,-0.012528918,0.001,0.002,1,0,B3galt2
Exoc6,0.355570929,0.004617731,0.011,0.01,1,0,Exoc6
Gm17203,0.355831051,-0.007304102,0.001,0.002,1,0,Gm17203
Eif5a,0.355912101,-0.047347383,0.563,0.551,1,0,Eif5a
Uros,0.355955167,0.019047987,0.028,0.026,1,0,Uros
Stap2,0.356064245,-0.003673622,0.001,0.001,1,0,Stap2
Capn3,0.356126503,-0.006197591,0.001,0.001,1,0,Capn3
9430060I03Rik,0.356188768,-0.002078789,0.001,0.001,1,0,9430060I03Rik
Gm47232,0.356219903,-0.002264373,0.001,0.001,1,0,Gm47232
Dcaf5,0.356293004,0.021095997,0.065,0.061,1,0,Dcaf5
Gm42890,0.35634446,-0.002359647,0.001,0.001,1,0,Gm42890
Zbed4,0.356361967,0.002238727,0.009,0.008,1,0,Zbed4
Mier2,0.356482527,-0.001721252,0.024,0.027,1,0,Mier2
Psmb11,0.356531347,-0.001274227,0.001,0.001,1,0,Psmb11
Tollip,0.356648246,0.033814579,0.083,0.08,1,0,Tollip
Gm38344,0.356822439,-0.002752757,0.001,0.002,1,0,Gm38344
Gm2058,0.356842018,0.000714391,0.004,0.005,1,0,Gm2058
Gm48067,0.356954755,-0.002288822,0.001,0.002,1,0,Gm48067
Gm43597,0.357065043,-0.000438963,0.001,0.002,1,0,Gm43597
Zbtb33,0.357118596,-0.006226886,0.006,0.007,1,0,Zbtb33
2810032G03Rik,0.357124003,0.003906011,0.007,0.006,1,0,2810032G03Rik
Il27ra,0.357175351,-0.002582361,0.001,0.002,1,0,Il27ra
Immp1l,0.35718783,0.006564861,0.123,0.13,1,0,Immp1l
Gm50172,0.35730775,0.000404696,0.001,0.002,1,0,Gm50172
Chic1,0.357342406,-0.018069993,0.022,0.024,1,0,Chic1
Sdhb,0.357391927,-0.049311604,0.27,0.279,1,0,Sdhb
Gdf9,0.357675392,0.004161506,0.01,0.012,1,0,Gdf9
A930029G22Rik,0.357749303,-0.000697454,0.001,0.002,1,0,A930029G22Rik
Pak4,0.357772735,-0.002613669,0.024,0.026,1,0,Pak4
Gm28496,0.357859745,-0.001357172,0.001,0.002,1,0,Gm28496
Scoc,0.357868139,-0.017961269,0.137,0.143,1,0,Scoc
Kremen1,0.357926883,0.02297123,0.12,0.117,1,0,Kremen1
Ppil2,0.357998828,0.008518378,0.077,0.083,1,0,Ppil2
Gm17201,0.358128301,-0.00862387,0.006,0.007,1,0,Gm17201
4932438A13Rik,0.358149968,-0.048455051,0.132,0.137,1,0,4932438A13Rik
Gm49768,0.358394889,-0.010899973,0.015,0.017,1,0,Gm49768
Irf3,0.35845635,0.001774604,0.107,0.103,1,0,Irf3
Tap2,0.358865794,-0.024428597,0.115,0.121,1,0,Tap2
Slc41a3,0.358943571,0.015593945,0.052,0.049,1,0,Slc41a3
Tsga10,0.358957651,0.02506743,0.032,0.029,1,0,Tsga10
Gm11964,0.359053712,-0.000638966,0.009,0.01,1,0,Gm11964
Caml,0.359273233,0.008549888,0.092,0.098,1,0,Caml
Atmin,0.359552382,-0.001625537,0.023,0.025,1,0,Atmin
Rps13-ps2,0.359574006,-0.012507032,0.024,0.027,1,0,Rps13-ps2
Topbp1,0.359640175,0.01249196,0.056,0.061,1,0,Topbp1
Gm37072,0.359653287,0.002732684,0.002,0.001,1,0,Gm37072
Eif3s6-ps2,0.35967852,0.000204856,0.004,0.005,1,0,Eif3s6-ps2
Bcl9l,0.359795961,-0.006411318,0.08,0.084,1,0,Bcl9l
Rpa3,0.359992551,0.003536621,0.122,0.13,1,0,Rpa3
Acot2,0.36003943,0.008222519,0.024,0.026,1,0,Acot2
Zdhhc1,0.360169199,0.01381512,0.074,0.071,1,0,Zdhhc1
Fam178b,0.360170775,-0.037351378,0.006,0.007,1,0,Fam178b
Gm38223,0.360176776,0.002366453,0.002,0.001,1,0,Gm38223
Prrc2b,0.360296016,-0.028065621,0.181,0.188,1,0,Prrc2b
Gm45394,0.360342187,0.002984373,0.002,0.001,1,0,Gm45394
Gm42648,0.360372884,0.001315106,0.004,0.005,1,0,Gm42648
Ift57,0.360415134,-0.013891744,0.077,0.081,1,0,Ift57
Snx11,0.36057179,-0.00191633,0.008,0.009,1,0,Snx11
Ccl5,0.360574542,-0.018746286,0.004,0.005,1,0,Ccl5
Gm47512,0.360590394,0.003786419,0.002,0.001,1,0,Gm47512
Gm38320,0.360590394,0.002135109,0.002,0.001,1,0,Gm38320
Taf8,0.360622495,-0.005105042,0.025,0.028,1,0,Taf8
mt-Tt,0.360645914,-0.008666367,0.004,0.005,1,0,mt-Tt
Exog,0.360651924,-0.009313936,0.011,0.012,1,0,Exog
Dzank1,0.360899745,0.008704842,0.006,0.005,1,0,Dzank1
Gm30531,0.360933157,-0.000833919,0.004,0.005,1,0,Gm30531
Gm37137,0.36100431,-0.000156958,0.002,0.001,1,0,Gm37137
Gm49668,0.36100431,-0.000231369,0.002,0.001,1,0,Gm49668
Btrc,0.361022123,0.004051457,0.045,0.048,1,0,Btrc
Hacd2,0.361269792,0.022010778,0.159,0.168,1,0,Hacd2
Ubqln1,0.361318716,0.004509116,0.176,0.185,1,0,Ubqln1
Zfp811,0.361668667,0.008889129,0.011,0.009,1,0,Zfp811
Camk2g,0.362112636,0.029214158,0.072,0.069,1,0,Camk2g
Kat6a,0.362166402,-0.006310231,0.17,0.166,1,0,Kat6a
4930556G01Rik,0.362243493,-0.003671432,0.002,0.002,1,0,4930556G01Rik
Lzts2,0.362440772,0.008431453,0.086,0.082,1,0,Lzts2
1700018L02Rik,0.362548918,-0.00353238,0.002,0.002,1,0,1700018L02Rik
Apol9b,0.362581787,0.001935653,0.014,0.016,1,0,Apol9b
A930033H14Rik,0.362601593,-0.006501776,0.002,0.002,1,0,A930033H14Rik
Amigo2,0.36265899,-0.010333656,0.004,0.005,1,0,Amigo2
Gm26981,0.362679779,-0.006029388,0.006,0.007,1,0,Gm26981
Arhgef18,0.362868187,-0.002438071,0.032,0.035,1,0,Arhgef18
Tm6sf1,0.362917748,-0.004593663,0.002,0.002,1,0,Tm6sf1
Zkscan17,0.362961092,0.016518301,0.029,0.027,1,0,Zkscan17
Gm12482,0.363212982,-0.002351104,0.002,0.002,1,0,Gm12482
Alg3,0.363315012,-0.003975276,0.025,0.028,1,0,Alg3
Ap3s2,0.363450386,0.004783979,0.053,0.05,1,0,Ap3s2
Gm12469,0.363466159,-0.001153596,0.002,0.002,1,0,Gm12469
D730045B01Rik,0.36352947,0.000617708,0.002,0.002,1,0,D730045B01Rik
Fam204a,0.363701679,-0.019778448,0.138,0.145,1,0,Fam204a
Rnf115,0.363755088,0.010188628,0.069,0.066,1,0,Rnf115
A830082N09Rik,0.363796771,1.99E-05,0.003,0.003,1,0,A830082N09Rik
Nap1l1,0.3637978,0.019060958,0.485,0.475,1,0,Nap1l1
Alg12,0.36383679,0.002567181,0.021,0.024,1,0,Alg12
Zfp280c,0.363927493,0.007755417,0.022,0.02,1,0,Zfp280c
Gm17435,0.363985285,0.007150376,0.015,0.013,1,0,Gm17435
Cdyl,0.36402014,0.016727367,0.044,0.041,1,0,Cdyl
Cxxc5,0.364387199,-2.30E-05,0.211,0.206,1,0,Cxxc5
Mogs,0.364443125,0.035663097,0.062,0.059,1,0,Mogs
2210016F16Rik,0.364468549,0.007781174,0.111,0.118,1,0,2210016F16Rik
Gm48870,0.364585677,0.004227498,0.003,0.002,1,0,Gm48870
Gm43503,0.364891751,-0.002321067,0.003,0.003,1,0,Gm43503
Pcdhgb8,0.364902912,0.002564194,0.003,0.002,1,0,Pcdhgb8
Hps6,0.364955831,-0.001067965,0.004,0.005,1,0,Hps6
Gm6548,0.365088825,-0.005787668,0.016,0.017,1,0,Gm6548
6820431F20Rik,0.365246015,-0.008916072,0.011,0.012,1,0,6820431F20Rik
Gpr34,0.365347332,-0.000218631,0.003,0.002,1,0,Gpr34
Spast,0.365576577,-0.007466309,0.072,0.076,1,0,Spast
Kdm4a,0.365634988,0.007534204,0.037,0.04,1,0,Kdm4a
Wrn,0.365869467,-0.018028967,0.082,0.087,1,0,Wrn
Gm7180,0.366026024,-0.004542604,0.004,0.005,1,0,Gm7180
Gm7363,0.366468269,0.005423139,0.004,0.003,1,0,Gm7363
Gm45629,0.366472635,-0.00651514,0.006,0.007,1,0,Gm45629
Gm2735,0.366527352,-0.003267958,0.002,0.003,1,0,Gm2735
Tmem81,0.366547533,-0.003540306,0.002,0.003,1,0,Tmem81
AC154200.1,0.366625889,0.000140474,0.006,0.005,1,0,AC154200.1
Adprhl2,0.366674659,0.019061509,0.055,0.052,1,0,Adprhl2
Myoz3,0.366709003,-0.005688402,0.002,0.003,1,0,Myoz3
Gm43990,0.366830134,-0.003082932,0.002,0.003,1,0,Gm43990
Gm20768,0.366841264,0.000226178,0.014,0.013,1,0,Gm20768
Trub1,0.366964204,-0.00085371,0.023,0.026,1,0,Trub1
Mrpl48-ps,0.367108174,-0.001676196,0.004,0.005,1,0,Mrpl48-ps
Nmrk1,0.367173906,0.001850407,0.025,0.028,1,0,Nmrk1
Pcdhb15,0.367355327,-0.003276055,0.002,0.003,1,0,Pcdhb15
Fsd1l,0.36740021,0.019654458,0.043,0.04,1,0,Fsd1l
Puf60,0.367476313,0.036982781,0.213,0.212,1,0,Puf60
Eif3s6-ps1,0.367638316,-0.001892022,0.002,0.003,1,0,Eif3s6-ps1
Synj2bp,0.367760291,-0.015693228,0.14,0.147,1,0,Synj2bp
Mrps18b,0.367761391,0.001017414,0.004,0.005,1,0,Mrps18b
Rpl35a-ps5,0.367880987,-0.002472981,0.002,0.003,1,0,Rpl35a-ps5
A230103L15Rik,0.367921442,0.000679526,0.002,0.003,1,0,A230103L15Rik
Begain,0.367994019,-0.004503255,0.01,0.012,1,0,Begain
Hoxaas3,0.368103523,-3.15E-05,0.002,0.003,1,0,Hoxaas3
Gm6030,0.368179474,0.001907728,0.004,0.003,1,0,Gm6030
Cd84,0.368215364,0.001296609,0.001,0,1,0,Cd84
Nfam1,0.368264892,0.000765744,0.001,0,1,0,Nfam1
Kcnrg,0.368535898,0.005883399,0.005,0.004,1,0,Kcnrg
Pi4k2a,0.368725827,0.02657681,0.084,0.08,1,0,Pi4k2a
Gm7162,0.368737868,-0.005372279,0.003,0.004,1,0,Gm7162
Gm16861,0.368757596,-0.004545598,0.002,0.003,1,0,Gm16861
Gm48909,0.36896123,0.001544971,0.004,0.003,1,0,Gm48909
Acad9,0.36900953,0.01660987,0.043,0.041,1,0,Acad9
Hira,0.369037396,0.023050926,0.029,0.027,1,0,Hira
Rabl6,0.369280537,9.07E-05,0.218,0.228,1,0,Rabl6
Gm12743,0.369339869,0.000412272,0.004,0.003,1,0,Gm12743
Gm47956,0.369403533,0.003956538,0.001,0.001,1,0,Gm47956
Ccdc171,0.369478516,-0.031754434,0.026,0.028,1,0,Ccdc171
Gm14582,0.369493933,0.002622622,0.001,0.001,1,0,Gm14582
Gm48966,0.36952407,0.005721888,0.001,0.001,1,0,Gm48966
Tmem202,0.369784462,-0.000879075,0.002,0.003,1,0,Tmem202
C3ar1,0.369885826,0.001176161,0.001,0.001,1,0,C3ar1
Gm28720,0.369915982,0.000926716,0.001,0.001,1,0,Gm28720
Mettl5os,0.370288856,-0.002569357,0.002,0.003,1,0,Mettl5os
Gm4853,0.370308152,-0.000273923,0.001,0.001,1,0,Gm4853
Gm43213,0.37039869,0.000767203,0.001,0.001,1,0,Gm43213
Ttc25,0.37044414,-0.00186761,0.002,0.003,1,0,Ttc25
Gm4708,0.370457356,-0.005542364,0.003,0.004,1,0,Gm4708
Gm37521,0.370482968,0.001188278,0.002,0.003,1,0,Gm37521
1500002C15Rik,0.370490815,-0.005020739,0.002,0.003,1,0,1500002C15Rik
Gm34907,0.370602569,-0.004282832,0.002,0.003,1,0,Gm34907
Large1,0.370603881,0.036369141,0.048,0.045,1,0,Large1
Hap1,0.370667432,-0.003882167,0.002,0.003,1,0,Hap1
Hspb3,0.370760977,-0.00392028,0.001,0.001,1,0,Hspb3
Usp28,0.370875625,-0.014915974,0.012,0.014,1,0,Usp28
Gm16183,0.370882044,-0.000925175,0.002,0.003,1,0,Gm16183
Esf1,0.370909544,-0.03242973,0.231,0.24,1,0,Esf1
Slc12a4,0.370912523,0.017500678,0.123,0.119,1,0,Slc12a4
Slc23a3,0.371065682,0.00030933,0.002,0.003,1,0,Slc23a3
Thnsl2,0.371116359,-0.008906274,0.018,0.02,1,0,Thnsl2
Smarca4,0.371377958,0.047296883,0.187,0.184,1,0,Smarca4
Cdnf,0.371428446,-0.00537833,0.003,0.004,1,0,Cdnf
Snrpf,0.371698572,0.030494033,0.086,0.092,1,0,Snrpf
A630001G21Rik,0.372113521,-0.000401519,0.003,0.004,1,0,A630001G21Rik
Rnf126,0.372437047,0.023361902,0.045,0.048,1,0,Rnf126
Mgrn1,0.372459665,-0.010025243,0.079,0.084,1,0,Mgrn1
E130201H02Rik,0.372555264,0.000429925,0.002,0.003,1,0,E130201H02Rik
Mzf1,0.372916828,0.001807985,0.002,0.003,1,0,Mzf1
Gm36445,0.372933061,-0.001310161,0.002,0.003,1,0,Gm36445
Crat,0.3729929,0.002781337,0.04,0.043,1,0,Crat
Adat1,0.373059548,-0.008872609,0.007,0.008,1,0,Adat1
Wdr38,0.373085146,0.001599564,0.002,0.003,1,0,Wdr38
Tkt,0.373524001,0.046416698,0.168,0.166,1,0,Tkt
Nelfb,0.373661638,-0.008242761,0.099,0.104,1,0,Nelfb
Gm4928,0.373813938,-0.006018186,0.014,0.016,1,0,Gm4928
Eri3,0.37398232,0.037903101,0.149,0.147,1,0,Eri3
Pcdhb9,0.37399926,-0.002849381,0.005,0.006,1,0,Pcdhb9
Nectin1,0.374035519,-0.035506066,0.07,0.074,1,0,Nectin1
Rfx7,0.374215272,0.021848972,0.034,0.037,1,0,Rfx7
Ppox,0.374345474,0.002295749,0.04,0.037,1,0,Ppox
Trip4,0.374413341,0.015196879,0.087,0.084,1,0,Trip4
Nup133,0.374433877,-0.003580814,0.022,0.024,1,0,Nup133
Pkd2,0.374495895,-0.028789141,0.261,0.269,1,0,Pkd2
Kdm4b,0.374533057,0.014171644,0.025,0.023,1,0,Kdm4b
Pik3c2b,0.374679394,-0.004852124,0.01,0.012,1,0,Pik3c2b
Top3b,0.37502082,-0.017487816,0.067,0.071,1,0,Top3b
H2-T24,0.375160107,0.007537926,0.013,0.011,1,0,H2-T24
Gm38071,0.375625509,0.001282286,0.014,0.012,1,0,Gm38071
Rttn,0.375809961,-0.006460291,0.009,0.01,1,0,Rttn
Gm37311,0.376310027,-0.00750157,0.011,0.012,1,0,Gm37311
Smim24,0.376369427,-0.003199714,0.01,0.011,1,0,Smim24
Cryl1,0.376385288,-0.003374278,0.041,0.038,1,0,Cryl1
Dtd1,0.376534204,-0.040244976,0.122,0.127,1,0,Dtd1
3930402G23Rik,0.376861857,-0.004784958,0.013,0.015,1,0,3930402G23Rik
Gm28730,0.376974529,0.004728956,0.003,0.002,1,0,Gm28730
Zfp442,0.377011695,-0.008285069,0.017,0.019,1,0,Zfp442
Ddx5,0.377135752,-0.044227581,0.888,0.871,1,0,Ddx5
Dpp3,0.377248848,0.028083905,0.088,0.086,1,0,Dpp3
Gm29107,0.377530997,0.001038862,0.006,0.005,1,0,Gm29107
Hcn2,0.377681926,-0.002062346,0.001,0.001,1,0,Hcn2
Masp2,0.377681926,-0.002212177,0.001,0.001,1,0,Masp2
Edem3,0.377696828,0.014870042,0.047,0.05,1,0,Edem3
Gm8546,0.377740045,-0.001524004,0.001,0.001,1,0,Gm8546
Tmem116,0.377769106,-0.002668044,0.001,0.001,1,0,Tmem116
Gm37139,0.377798169,-0.00343544,0.001,0.001,1,0,Gm37139
Adat2,0.377816671,0.014447215,0.014,0.013,1,0,Adat2
D930007P13Rik,0.377839681,0.002718119,0.003,0.002,1,0,D930007P13Rik
Gm34248,0.377856298,-0.002035288,0.001,0.001,1,0,Gm34248
Gm7002,0.377856298,-0.003725316,0.001,0.001,1,0,Gm7002
Gm26901,0.377914433,-0.002792176,0.001,0.001,1,0,Gm26901
Gosr1,0.377921835,-0.006190966,0.058,0.062,1,0,Gosr1
Sox7,0.377972573,-0.001612173,0.001,0.001,1,0,Sox7
Ndp,0.378030719,-0.001924123,0.001,0.001,1,0,Ndp
Grin2a,0.378059794,-0.001852212,0.001,0.001,1,0,Grin2a
Abracl,0.378097176,0.006030766,0.176,0.185,1,0,Abracl
Gm20627,0.378117949,-0.00292767,0.001,0.001,1,0,Gm20627
Gm6123,0.37820519,-0.001205307,0.001,0.001,1,0,Gm6123
Tesmin,0.37820519,-0.002519071,0.001,0.001,1,0,Tesmin
Gm10254,0.378263358,-0.000695418,0.001,0.001,1,0,Gm10254
Gm43429,0.378292444,0.000866054,0.001,0.001,1,0,Gm43429
Gm16102,0.37835062,-0.000242577,0.001,0.001,1,0,Gm16102
Gm17039,0.378437895,0.000457132,0.001,0.001,1,0,Gm17039
Fbxl4,0.378530863,0.030941293,0.047,0.044,1,0,Fbxl4
Vdac3,0.378564006,0.03371648,0.203,0.2,1,0,Vdac3
Gm7424,0.378612482,0.000697249,0.001,0.001,1,0,Gm7424
Zcchc14,0.378677806,-0.018553675,0.108,0.114,1,0,Zcchc14
Gm15408,0.378707426,0.003716946,0.002,0.002,1,0,Gm15408
Tsacc,0.378881268,-0.01260666,0.009,0.01,1,0,Tsacc
Gm43275,0.378933012,0.004096617,0.002,0.002,1,0,Gm43275
Gm38034,0.378947652,0.001401702,0.006,0.005,1,0,Gm38034
Zfp85os,0.37909097,0.001427553,0.002,0.002,1,0,Zfp85os
Gm7290,0.379158679,0.002816698,0.002,0.002,1,0,Gm7290
Gm36608,0.379181251,0.002870648,0.002,0.002,1,0,Gm36608
Ncan,0.379226396,0.001566793,0.002,0.002,1,0,Ncan
Gm12276,0.37924897,0.002275596,0.002,0.002,1,0,Gm12276
Tm2d1,0.379693178,-0.008810454,0.142,0.149,1,0,Tm2d1
Mff,0.380100052,0.00655664,0.166,0.175,1,0,Mff
Fyco1,0.380101649,0.024725034,0.06,0.057,1,0,Fyco1
Gm49911,0.380107388,0.000451598,0.002,0.002,1,0,Gm49911
Ino80b,0.380284926,-0.00567227,0.028,0.03,1,0,Ino80b
Wipf2,0.380444984,0.01077816,0.043,0.041,1,0,Wipf2
Prss53,0.380459399,-0.004857942,0.006,0.008,1,0,Prss53
Sun1,0.380627556,0.011312277,0.117,0.113,1,0,Sun1
Gm6974,0.380739656,0.007905142,0.004,0.003,1,0,Gm6974
Trim66,0.381317972,-0.003302386,0.002,0.002,1,0,Trim66
Snd1,0.381562815,0.017905155,0.095,0.101,1,0,Snd1
Xpot,0.381768077,0.037059857,0.083,0.08,1,0,Xpot
Gm37186,0.381919382,0.007342566,0.005,0.004,1,0,Gm37186
Atp7a,0.382114618,0.015319554,0.031,0.029,1,0,Atp7a
Maff,0.382152949,-0.079743624,0.301,0.293,1,0,Maff
Gm47163,0.382379698,0.001131156,0.01,0.011,1,0,Gm47163
Zfp60,0.38246957,-0.014186325,0.021,0.023,1,0,Zfp60
Fam193a,0.382677985,-0.009912019,0.144,0.15,1,0,Fam193a
Zbtb34,0.382726837,0.001451283,0.013,0.015,1,0,Zbtb34
Igsf6,0.382939198,0.0001504,0.001,0,1,0,Igsf6
Polr2f,0.383124679,0.007350324,0.244,0.242,1,0,Polr2f
Gm34220,0.383270109,-0.004602667,0.013,0.015,1,0,Gm34220
Heatr1,0.383589546,0.003870134,0.026,0.029,1,0,Heatr1
Scrn2,0.383606118,-0.011357024,0.014,0.015,1,0,Scrn2
Snrpb2,0.383805991,-0.016290733,0.169,0.177,1,0,Snrpb2
Helb,0.383842204,-0.005465549,0.027,0.03,1,0,Helb
Sirt5,0.383884752,-0.019641445,0.026,0.028,1,0,Sirt5
Sirt3,0.383897472,-0.004584962,0.006,0.007,1,0,Sirt3
Rad50,0.384090909,0.01591427,0.21,0.207,1,0,Rad50
Safb2,0.384286666,-0.036073591,0.19,0.198,1,0,Safb2
Msh2,0.384314963,-0.00010199,0.039,0.042,1,0,Msh2
Gm7862,0.384697197,0.001073378,0.02,0.022,1,0,Gm7862
Fam219a,0.384962878,-0.012878659,0.026,0.028,1,0,Fam219a
Dym,0.385066235,0.032807179,0.058,0.056,1,0,Dym
Gigyf1,0.385101022,0.002375508,0.091,0.087,1,0,Gigyf1
Gpr173,0.385306897,0.00527391,0.017,0.015,1,0,Gpr173
Nup214,0.3853257,-0.019968371,0.05,0.053,1,0,Nup214
Brat1,0.385411482,-0.001991489,0.016,0.018,1,0,Brat1
2310061I04Rik,0.38550285,0.012912182,0.032,0.03,1,0,2310061I04Rik
Scnm1,0.385798067,-0.007211046,0.083,0.087,1,0,Scnm1
Gm16409,0.385798242,0.006115616,0.009,0.008,1,0,Gm16409
Gm8173,0.385798789,0.002048898,0.008,0.006,1,0,Gm8173
Gpsm1,0.385828179,-0.005084719,0.032,0.035,1,0,Gpsm1
Fam126b,0.385839265,-0.006181381,0.046,0.049,1,0,Fam126b
Wbp2,0.386354818,-0.030162508,0.089,0.094,1,0,Wbp2
Otulin,0.386520201,0.003630278,0.074,0.078,1,0,Otulin
Polr2a,0.386568234,0.017776087,0.168,0.177,1,0,Polr2a
Aar2,0.387973928,-0.008184061,0.027,0.03,1,0,Aar2
Gbp2,0.388185361,-0.086402673,0.19,0.182,1,0,Gbp2
Armcx1,0.388264029,-0.006399733,0.1,0.105,1,0,Armcx1
Acsf3,0.388383348,0.001100109,0.011,0.012,1,0,Acsf3
Rnf7,0.38858009,-0.002159731,0.231,0.241,1,0,Rnf7
Gm10125,0.388669732,0.010738582,0.02,0.018,1,0,Gm10125
Rbm4b,0.388737618,0.012216444,0.064,0.061,1,0,Rbm4b
Dnajc2,0.388918688,-0.011684765,0.154,0.161,1,0,Dnajc2
Vps16,0.388921315,-0.008882924,0.052,0.056,1,0,Vps16
Dync1li1,0.389096187,0.014556087,0.13,0.126,1,0,Dync1li1
Gm20075,0.389150741,0.006102565,0.007,0.006,1,0,Gm20075
Vps33a,0.389215978,0.003482067,0.032,0.03,1,0,Vps33a
Ppp2r3d,0.389302365,0.008179691,0.102,0.098,1,0,Ppp2r3d
Xiap,0.389337227,0.008210282,0.16,0.156,1,0,Xiap
Ankrd9,0.389776536,-0.004036421,0.009,0.01,1,0,Ankrd9
Rfx5,0.390458553,-0.00522454,0.008,0.01,1,0,Rfx5
Ifi47,0.390945117,-0.029350379,0.089,0.093,1,0,Ifi47
Gm7324,0.390986138,-0.01430622,0.039,0.041,1,0,Gm7324
Naa80,0.391022416,0.00338901,0.027,0.024,1,0,Naa80
Gdi2,0.391022877,0.012256186,0.407,0.4,1,0,Gdi2
Gm1840,0.391087051,-0.003518938,0.004,0.005,1,0,Gm1840
Gmfb,0.391088883,-0.000408172,0.153,0.161,1,0,Gmfb
A530017D24Rik,0.391099413,-0.00422775,0.007,0.008,1,0,A530017D24Rik
Gm36401,0.391514634,0.007957141,0.003,0.002,1,0,Gm36401
Srp19,0.391584488,0.006357321,0.313,0.324,1,0,Srp19
Gm8251,0.391590544,0.007448187,0.009,0.008,1,0,Gm8251
Mgmt,0.391762986,-0.006814847,0.023,0.025,1,0,Mgmt
Pknox1,0.391888103,-0.004162268,0.097,0.102,1,0,Pknox1
Gm48653,0.392063067,-0.003547422,0.001,0.002,1,0,Gm48653
Zbtb7a,0.392155347,-0.025586674,0.243,0.252,1,0,Zbtb7a
Rbm15b,0.392190001,0.013998627,0.04,0.037,1,0,Rbm15b
Gm16060,0.392226591,-0.001297402,0.001,0.002,1,0,Gm16060
Tbck,0.392261918,-0.002299639,0.053,0.056,1,0,Tbck
Gm9903,0.392335629,-0.002008035,0.001,0.002,1,0,Gm9903
Gm10212,0.392390156,-0.002278637,0.001,0.002,1,0,Gm10212
Gm43714,0.392553762,-0.000638608,0.001,0.002,1,0,Gm43714
Gm4035,0.392553762,-0.001066079,0.001,0.002,1,0,Gm4035
Gm6581,0.392608306,9.06E-05,0.001,0.002,1,0,Gm6581
Slx4,0.392676036,-0.008940908,0.019,0.021,1,0,Slx4
Gm43599,0.392799249,0.001165923,0.001,0.002,1,0,Gm43599
Cars2,0.392970793,-0.009958077,0.022,0.024,1,0,Cars2
Mkln1os,0.393141097,0.003648426,0.003,0.002,1,0,Mkln1os
9330020H09Rik,0.393349366,-0.000476756,0.008,0.007,1,0,9330020H09Rik
Gm48230,0.393385419,0.001674301,0.003,0.002,1,0,Gm48230
Slco5a1,0.393428346,0.009413446,0.02,0.018,1,0,Slco5a1
Gm49309,0.393551525,0.004133638,0.002,0.002,1,0,Gm49309
Stx6,0.393583787,0.006772443,0.066,0.07,1,0,Stx6
Lingo1,0.393609462,0.001029138,0.003,0.002,1,0,Lingo1
Ick,0.393666772,-0.027752009,0.126,0.131,1,0,Ick
Gm11878,0.393744724,0.001198418,0.002,0.002,1,0,Gm11878
Gm43200,0.393793033,0.004077933,0.002,0.002,1,0,Gm43200
Gm48855,0.393996627,0.000512144,0.003,0.002,1,0,Gm48855
Dmac2l,0.394093788,-0.003414821,0.024,0.026,1,0,Dmac2l
6430590A07Rik,0.394468922,0.002217048,0.01,0.008,1,0,6430590A07Rik
Gm5093,0.394469731,0.000545165,0.002,0.002,1,0,Gm5093
Ly6d,0.394735769,-0.006236548,0.002,0.002,1,0,Ly6d
Llph,0.394782693,-0.020144273,0.182,0.191,1,0,Llph
Gm4895,0.394808344,-0.000633945,0.002,0.002,1,0,Gm4895
Gm16062,0.394850466,-0.008128272,0.007,0.008,1,0,Gm16062
Zfp64,0.394996352,0.002144423,0.023,0.025,1,0,Zfp64
Vamp1,0.395172389,-0.007002529,0.006,0.007,1,0,Vamp1
Ppp4r3a,0.395196913,0.010537643,0.124,0.12,1,0,Ppp4r3a
Spi1,0.39522473,0.001300701,0,0.001,1,0,Spi1
Fbrs,0.395236082,0.008728432,0.048,0.051,1,0,Fbrs
Cbx6,0.395543547,-0.010780731,0.202,0.198,1,0,Cbx6
Psmg1,0.39556354,0.026366313,0.079,0.084,1,0,Psmg1
Gm6451,0.396109633,0.008533874,0.01,0.008,1,0,Gm6451
Gm15712,0.396735829,0.007110123,0.006,0.005,1,0,Gm15712
Dnmt1,0.396877618,0.007073857,0.075,0.08,1,0,Dnmt1
Vps8,0.396946868,0.00450996,0.026,0.028,1,0,Vps8
Rpl6l,0.397013589,-0.010852064,0.017,0.019,1,0,Rpl6l
Zfp174,0.397070133,0.006242768,0.004,0.003,1,0,Zfp174
Gm14138,0.397070133,0.00379513,0.004,0.003,1,0,Gm14138
Wdr34,0.397140375,0.009332931,0.016,0.018,1,0,Wdr34
Dmwd,0.398110421,0.011321413,0.04,0.038,1,0,Dmwd
1700037H04Rik,0.398208457,0.030789046,0.041,0.039,1,0,1700037H04Rik
Gm7004,0.398681114,0.003217327,0.004,0.003,1,0,Gm7004
Pcid2,0.398823223,0.014117272,0.034,0.031,1,0,Pcid2
Inpp5b,0.399001978,0.012939878,0.031,0.029,1,0,Inpp5b
Rps16,0.399027693,-0.025526577,0.705,0.677,1,0,Rps16
Vwa8,0.399175545,-0.004971361,0.021,0.023,1,0,Vwa8
Gm28050,0.399245346,0.002993573,0.004,0.003,1,0,Gm28050
Gm10603,0.399353161,-1.31E-05,0.004,0.003,1,0,Gm10603
Fam234b,0.39944644,0.003863361,0.021,0.019,1,0,Fam234b
Iglon5,0.399552962,0.013167773,0.017,0.016,1,0,Iglon5
Slx4ip,0.39959278,0.000770239,0.015,0.017,1,0,Slx4ip
Gatc,0.399710045,-0.000948455,0.047,0.044,1,0,Gatc
Wnk4,0.39972513,-0.00238555,0.004,0.003,1,0,Wnk4
Pcyox1l,0.39994213,-0.001013039,0.011,0.013,1,0,Pcyox1l
Dpy30,0.399995135,-0.00978529,0.123,0.129,1,0,Dpy30
Gm21781,0.400002222,-0.016386063,0.004,0.004,1,0,Gm21781
Iars2,0.40023993,0.033529368,0.111,0.108,1,0,Iars2
Gm44152,0.400340984,0.002543245,0.004,0.003,1,0,Gm44152
Oip5,0.400485177,0.001420905,0.004,0.005,1,0,Oip5
Gm5857,0.40068022,0.000329737,0.005,0.006,1,0,Gm5857
Rpl7a,0.400790754,-0.042241466,0.69,0.679,1,0,Rpl7a
Polr2e,0.400994603,0.040791638,0.179,0.177,1,0,Polr2e
Wdr25,0.401034743,0.01391133,0.006,0.005,1,0,Wdr25
F8,0.401060978,-0.000331888,0.004,0.003,1,0,F8
Mga,0.401111427,-0.014686071,0.164,0.171,1,0,Mga
Kyat3,0.401201448,-0.005228799,0.008,0.009,1,0,Kyat3
Plag1,0.401309752,-0.003604782,0.001,0.002,1,0,Plag1
Gnpat,0.40139838,0.01953385,0.058,0.062,1,0,Gnpat
Tmed4,0.401712223,-0.01655792,0.114,0.119,1,0,Tmed4
Ankrd33b,0.401797521,-0.004380979,0.001,0.002,1,0,Ankrd33b
Gm50394,0.401823203,-0.001591293,0.001,0.002,1,0,Gm50394
Cttnbp2nl,0.401996494,-0.012254036,0.08,0.085,1,0,Cttnbp2nl
Usp40,0.402001058,0.036331986,0.072,0.077,1,0,Usp40
Ncf2,0.402028694,-0.001843689,0.001,0.002,1,0,Ncf2
Hapln4,0.402028694,-0.002275761,0.001,0.002,1,0,Hapln4
Mob2,0.402045407,0.015016893,0.084,0.081,1,0,Mob2
Gm16892,0.402080076,-0.001123942,0.001,0.002,1,0,Gm16892
Gm47175,0.402080076,-0.002712459,0.001,0.002,1,0,Gm47175
Dgka,0.402104516,-0.019614193,0.034,0.037,1,0,Dgka
Gm45477,0.402157157,-0.002595146,0.001,0.002,1,0,Gm45477
Gm43686,0.40220855,-0.00191172,0.001,0.002,1,0,Gm43686
Rpsa-ps2,0.402259946,-0.000763831,0.001,0.002,1,0,Rpsa-ps2
4930590J08Rik,0.402293395,-0.004899634,0.008,0.007,1,0,4930590J08Rik
Asb7,0.402369965,0.002331063,0.033,0.036,1,0,Asb7
2810410L24Rik,0.40245789,-0.008436945,0.003,0.004,1,0,2810410L24Rik
E130307A14Rik,0.402483963,-0.001409593,0.02,0.018,1,0,E130307A14Rik
Klhl2,0.402641669,0.007195473,0.02,0.018,1,0,Klhl2
Cxcl3,0.402698966,0.007845084,0.008,0.007,1,0,Cxcl3
Gm10658,0.402748407,0.002243101,0.001,0.002,1,0,Gm10658
Arhgap21,0.402808824,-0.010660693,0.235,0.23,1,0,Arhgap21
Gm47863,0.402850008,-0.005947516,0.014,0.015,1,0,Gm47863
Spry3,0.403082822,0.003603442,0.001,0.002,1,0,Spry3
Gm44423,0.403143931,0.005948678,0.009,0.008,1,0,Gm44423
8-Mar,0.403188794,0.023616209,0.075,0.072,1,0,8-Mar
Scn7a,0.40321636,-0.095600117,0.347,0.336,1,0,Scn7a
Mcm4,0.403376706,0.012196845,0.048,0.051,1,0,Mcm4
Gga3,0.403602716,-0.00264518,0.019,0.021,1,0,Gga3
Tgs1,0.40373377,0.002322464,0.097,0.102,1,0,Tgs1
Qk,0.403759453,-0.042744099,0.286,0.281,1,0,Qk
Pomgnt1,0.403861774,-0.003275749,0.045,0.048,1,0,Pomgnt1
Zmym6,0.4039368,-0.005752363,0.013,0.014,1,0,Zmym6
Zfyve21,0.404075808,-0.00423191,0.132,0.138,1,0,Zfyve21
Mrps9,0.404277238,0.011955153,0.073,0.078,1,0,Mrps9
Atpaf1,0.404303087,-0.007113943,0.007,0.008,1,0,Atpaf1
Uprt,0.404338405,-0.001276729,0.005,0.006,1,0,Uprt
Tfb1m,0.404371365,-0.004061562,0.009,0.01,1,0,Tfb1m
Foxk2,0.404415851,0.00289176,0.034,0.037,1,0,Foxk2
Tomm22,0.404480573,-0.012606354,0.21,0.219,1,0,Tomm22
Zfp11,0.404777123,-0.007842992,0.003,0.004,1,0,Zfp11
Ascc3,0.404975999,0.016988452,0.132,0.139,1,0,Ascc3
Inpp5k,0.405013959,-0.008707708,0.038,0.04,1,0,Inpp5k
Csde1,0.405670459,-0.023588185,0.403,0.397,1,0,Csde1
Echdc1,0.405807983,0.001472382,0.003,0.004,1,0,Echdc1
Btbd1,0.406021383,0.008971145,0.088,0.093,1,0,Btbd1
Hist1h1c,0.4061508,-0.001071397,0.099,0.104,1,0,Hist1h1c
Pold1,0.406170523,0.007584338,0.019,0.021,1,0,Pold1
Cables1,0.406476967,-0.002371039,0.017,0.015,1,0,Cables1
Rcl1,0.406524821,0.007129351,0.039,0.042,1,0,Rcl1
Gm9761,0.406549437,-0.003437348,0.009,0.01,1,0,Gm9761
Polr2m,0.406677317,-0.018137575,0.191,0.198,1,0,Polr2m
Slc7a8,0.406691048,0.005828749,0.016,0.014,1,0,Slc7a8
Gm37363,0.406887303,-0.004034393,0.001,0.002,1,0,Gm37363
Dnaja3,0.407004224,-0.013478366,0.055,0.058,1,0,Dnaja3
Htatip2,0.407021408,0.000782736,0.079,0.084,1,0,Htatip2
Gosr2,0.407115584,0.007603465,0.063,0.067,1,0,Gosr2
Ccdc170,0.407219305,-0.012678891,0.008,0.009,1,0,Ccdc170
Gm11696,0.407566904,-0.003196154,0.001,0.002,1,0,Gm11696
Cbx2,0.407578722,0.000428297,0.003,0.004,1,0,Cbx2
6230400D17Rik,0.407693613,-0.008527487,0.005,0.006,1,0,6230400D17Rik
Gm43254,0.407858368,-0.002541334,0.001,0.002,1,0,Gm43254
Gm10419,0.407931254,0.000453054,0.001,0.002,1,0,Gm10419
Gm14150,0.408028447,-0.00245905,0.001,0.002,1,0,Gm14150
Pds5b,0.408039605,-0.007171885,0.2,0.195,1,0,Pds5b
Slitrk2,0.408052747,-0.003933105,0.001,0.002,1,0,Slitrk2
Gm17936,0.408077048,-0.003042485,0.001,0.002,1,0,Gm17936
Reep3,0.408118806,-0.004224701,0.333,0.33,1,0,Reep3
Shank3,0.40812417,-0.001461887,0.007,0.008,1,0,Shank3
Aldh6a1,0.408389555,-0.009062635,0.04,0.037,1,0,Aldh6a1
Gm50010,0.408432352,0.009388555,0.008,0.007,1,0,Gm50010
Erbb2,0.40848623,-0.005433318,0.022,0.024,1,0,Erbb2
Gm13414,0.408490301,0.000243513,0.001,0.002,1,0,Gm13414
Rrp7a,0.408698669,0.011285928,0.056,0.059,1,0,Rrp7a
Nat9,0.408832941,0.004689274,0.044,0.047,1,0,Nat9
Diras2,0.408855142,0.001088311,0.001,0.002,1,0,Diras2
C030006K11Rik,0.408966647,-0.002402861,0.01,0.011,1,0,C030006K11Rik
Gm38111,0.409098477,0.001384907,0.001,0.002,1,0,Gm38111
Lpin2,0.409122248,0.005317766,0.066,0.07,1,0,Lpin2
Ghrl,0.409192452,0.001920972,0.003,0.002,1,0,Ghrl
Gm43006,0.409192452,0.002929694,0.003,0.002,1,0,Gm43006
Gspt2,0.409276894,0.018714393,0.018,0.017,1,0,Gspt2
Gm17546,0.409365126,0.001563342,0.003,0.002,1,0,Gm17546
Gml,0.409451479,0.002134114,0.003,0.002,1,0,Gml
Esrp2,0.409520217,0.003196945,0.002,0.001,1,0,Esrp2
Pnpla2,0.409652323,-0.007043085,0.036,0.033,1,0,Pnpla2
Gm5578,0.409744033,-0.003255359,0.003,0.004,1,0,Gm5578
Arid3b,0.410039436,-0.003626587,0.003,0.004,1,0,Arid3b
Got1,0.410108507,0.053658646,0.105,0.102,1,0,Got1
Fam71f2,0.410169903,0.001058188,0.002,0.001,1,0,Fam71f2
Tut7,0.410200509,0.035888138,0.25,0.248,1,0,Tut7
Gm4045,0.410316611,0.001431275,0.014,0.016,1,0,Gm4045
Man2c1os,0.410839395,-0.000423172,0.003,0.004,1,0,Man2c1os
Foxo4,0.410892829,-0.004385214,0.035,0.038,1,0,Foxo4
Gm6341,0.410996018,0.00089531,0.003,0.004,1,0,Gm6341
Nsun7,0.411171887,0.002547325,0.012,0.01,1,0,Nsun7
Gm38973,0.411249627,-0.00434834,0.003,0.004,1,0,Gm38973
Gm6238,0.411392969,-0.001602786,0.002,0.001,1,0,Gm6238
Ints4,0.411619811,0.006403099,0.033,0.031,1,0,Ints4
Retreg2,0.411644668,0.018212016,0.083,0.08,1,0,Retreg2
Tbc1d31,0.411648472,0.018408006,0.032,0.03,1,0,Tbc1d31
A730049H05Rik,0.411688767,-0.004757776,0.002,0.002,1,0,A730049H05Rik
Cutc,0.411722262,-0.008776049,0.022,0.025,1,0,Cutc
Crygn,0.411785954,-0.008083254,0.006,0.007,1,0,Crygn
Gm42432,0.412592066,-0.006853392,0.007,0.009,1,0,Gm42432
Ccpg1,0.412596396,-0.007394212,0.012,0.014,1,0,Ccpg1
Zfp641,0.412727854,0.000677658,0.002,0.002,1,0,Zfp641
BC067074,0.412812892,0.001854852,0.006,0.008,1,0,BC067074
Wfdc17,0.412886881,0.00051493,0.003,0.004,1,0,Wfdc17
Gatb,0.412924885,-0.002262691,0.016,0.018,1,0,Gatb
Gm16415,0.412976952,-0.001561912,0.003,0.004,1,0,Gm16415
Rpsa-ps7,0.413028324,0.000754383,0.002,0.002,1,0,Rpsa-ps7
Flywch2,0.413109818,0.012365696,0.027,0.025,1,0,Flywch2
Tti1,0.413245758,0.013515295,0.016,0.014,1,0,Tti1
Cramp1l,0.413333955,0.026162612,0.043,0.041,1,0,Cramp1l
Mfsd3,0.413345741,-0.007892243,0.019,0.021,1,0,Mfsd3
Smyd4,0.413414289,-0.014529571,0.02,0.021,1,0,Smyd4
Hectd3,0.413445158,3.45E-05,0.026,0.029,1,0,Hectd3
Gm42814,0.413574898,-0.004470127,0.002,0.003,1,0,Gm42814
Slc25a14,0.413588464,0.00840685,0.022,0.024,1,0,Slc25a14
Gbp6,0.413942334,-0.02480391,0.058,0.055,1,0,Gbp6
Gm12176,0.41397559,-0.00125373,0.003,0.003,1,0,Gm12176
Gm43096,0.413984552,-0.003574464,0.002,0.002,1,0,Gm43096
Ddx31,0.414035758,0.004206622,0.013,0.011,1,0,Ddx31
Rdm1,0.414079486,-0.029362544,0.047,0.05,1,0,Rdm1
Gnptab,0.414416969,0.036894152,0.068,0.066,1,0,Gnptab
Gm13181,0.414446577,-0.001166749,0.002,0.002,1,0,Gm13181
9230116N13Rik,0.414480487,-0.003890431,0.002,0.003,1,0,9230116N13Rik
Cenpv,0.414515131,0.019196311,0.03,0.028,1,0,Cenpv
Hs1bp3,0.41457601,0.00018455,0.02,0.022,1,0,Hs1bp3
Stx12,0.414613443,0.027787577,0.139,0.136,1,0,Stx12
Gm37503,0.41464061,-0.004463698,0.002,0.003,1,0,Gm37503
C530005A16Rik,0.414666695,-0.000450532,0.002,0.002,1,0,C530005A16Rik
Ppnr,0.41469433,0.000995173,0.005,0.004,1,0,Ppnr
Lhx9,0.414732745,0.000722996,0.002,0.002,1,0,Lhx9
Gm49600,0.414876264,-0.003086843,0.002,0.003,1,0,Gm49600
Nucks1,0.414878565,-0.061361582,0.371,0.376,1,0,Nucks1
Rps18-ps1,0.414890594,0.000503133,0.003,0.003,1,0,Rps18-ps1
Imp4,0.414891138,0.024196096,0.066,0.063,1,0,Imp4
Hist2h2be,0.415060241,-0.000152108,0.005,0.004,1,0,Hist2h2be
Dcun1d2,0.41545138,0.000271986,0.036,0.039,1,0,Dcun1d2
Nadsyn1,0.4155893,0.008052839,0.009,0.008,1,0,Nadsyn1
Gm8444,0.41596727,0.001189973,0.003,0.003,1,0,Gm8444
Entpd6,0.416054629,0.001273501,0.022,0.024,1,0,Entpd6
Gm37553,0.416084084,0.002150829,0.004,0.003,1,0,Gm37553
Omp,0.416201944,-0.000640981,0.002,0.003,1,0,Omp
Pwwp2a,0.416223845,-0.034272735,0.053,0.056,1,0,Pwwp2a
Pop7,0.416376829,-0.006788909,0.045,0.048,1,0,Pop7
Chfr,0.416393885,0.010858922,0.056,0.059,1,0,Chfr
E330037G11Rik,0.416412599,-4.65E-05,0.002,0.003,1,0,E330037G11Rik
Heatr3,0.416426093,0.026032162,0.082,0.079,1,0,Heatr3
Syp,0.416437605,-0.000789543,0.003,0.003,1,0,Syp
AA465934,0.416618282,0.000206226,0.002,0.003,1,0,AA465934
Osbpl2,0.416690159,-9.02E-05,0.07,0.074,1,0,Osbpl2
Gm15510,0.416840501,0.001130945,0.002,0.003,1,0,Gm15510
Gm43274,0.416876261,-0.000385434,0.002,0.003,1,0,Gm43274
Gm22063,0.416949305,0.004857631,0.002,0.003,1,0,Gm22063
Fancd2,0.417153746,0.001884998,0.002,0.003,1,0,Fancd2
CR974586.4,0.417264072,-0.004187982,0.005,0.006,1,0,CR974586.4
Slc29a3,0.417269683,0.005508953,0.062,0.059,1,0,Slc29a3
Spata33,0.417435304,-0.001622671,0.014,0.012,1,0,Spata33
Nfatc3,0.417570123,0.00508819,0.048,0.051,1,0,Nfatc3
Glod4,0.418001121,0.032899481,0.114,0.111,1,0,Glod4
Thumpd3,0.418025464,-0.0157439,0.048,0.051,1,0,Thumpd3
Map3k4,0.418081767,-0.00787929,0.064,0.06,1,0,Map3k4
Fam53b,0.418110107,-0.013948349,0.023,0.025,1,0,Fam53b
Snx32,0.41816625,-0.009058457,0.023,0.025,1,0,Snx32
9330154J02Rik,0.4185683,0.000125447,0.007,0.009,1,0,9330154J02Rik
Sp2,0.418604459,-0.017908197,0.053,0.056,1,0,Sp2
Gm19710,0.418668316,-0.003481362,0.005,0.006,1,0,Gm19710
Rbmx2,0.418815876,0.009028138,0.034,0.037,1,0,Rbmx2
Cyp4f16,0.419010095,0.009257778,0.036,0.039,1,0,Cyp4f16
Mfsd11,0.419426694,0.005305147,0.05,0.053,1,0,Mfsd11
Meis3,0.419460137,-0.008064143,0.063,0.067,1,0,Meis3
Gm4285,0.419530067,0.00148422,0.016,0.017,1,0,Gm4285
Mad1l1,0.420108549,-0.013184959,0.017,0.019,1,0,Mad1l1
Nsmce4a,0.420181534,0.019861024,0.09,0.087,1,0,Nsmce4a
Stc2,0.420351748,0.004409531,0.014,0.016,1,0,Stc2
Tmem229b,0.420519476,-0.004162589,0.006,0.007,1,0,Tmem229b
Ptges2,0.420674836,0.00406091,0.043,0.046,1,0,Ptges2
4930599N23Rik,0.421073147,-0.004753273,0.006,0.007,1,0,4930599N23Rik
Ell2,0.421274161,0.012786409,0.07,0.075,1,0,Ell2
Manea,0.421932926,0.012969784,0.085,0.082,1,0,Manea
Gm44021,0.422205977,-0.001946508,0.004,0.005,1,0,Gm44021
2510002D24Rik,0.422554004,-0.014868225,0.067,0.07,1,0,2510002D24Rik
Prpf6,0.422730766,-0.015606203,0.146,0.152,1,0,Prpf6
Ncstn,0.422771509,0.005472769,0.107,0.112,1,0,Ncstn
Lpcat3,0.422923404,-0.003622267,0.052,0.055,1,0,Lpcat3
Nbea,0.422951213,-0.007650103,0.089,0.085,1,0,Nbea
Tmem141,0.42326633,0.012189947,0.017,0.015,1,0,Tmem141
Rnf2,0.423300588,0.032250677,0.089,0.086,1,0,Rnf2
Pum1,0.423483114,0.037340311,0.172,0.17,1,0,Pum1
Pcdhga7,0.423664175,0.004942668,0.005,0.004,1,0,Pcdhga7
Aptx,0.424182935,0.004715968,0.038,0.041,1,0,Aptx
Snapin,0.424201603,-0.008029098,0.134,0.14,1,0,Snapin
Cenpc1,0.424297095,-0.00421647,0.079,0.083,1,0,Cenpc1
Smad3,0.424580366,-0.003146361,0.049,0.052,1,0,Smad3
Phb2,0.424645107,0.003267018,0.191,0.199,1,0,Phb2
Nprl3,0.424922663,0.003814483,0.024,0.023,1,0,Nprl3
Gm46430,0.424947427,0.016703478,0.028,0.026,1,0,Gm46430
Gm45289,0.425200835,0.003802274,0.008,0.007,1,0,Gm45289
Fam227a,0.425605334,-0.010716363,0.006,0.007,1,0,Fam227a
Sdhd,0.425907369,0.02508136,0.168,0.166,1,0,Sdhd
Gm43045,0.425989638,-0.000638098,0.001,0.001,1,0,Gm43045
Gm44616,0.426200943,-0.00066931,0.005,0.004,1,0,Gm44616
Spns2,0.426288161,0.003674731,0.003,0.002,1,0,Spns2
Gm128,0.426339389,0.001352985,0.002,0.001,1,0,Gm128
Gm17251,0.42639091,-0.014281125,0.025,0.027,1,0,Gm17251
4732487G21Rik,0.426451753,0.001499657,0.002,0.001,1,0,4732487G21Rik
Ip6k3,0.426479846,0.000711568,0.002,0.001,1,0,Ip6k3
A730046J19Rik,0.42662033,0.001842347,0.002,0.001,1,0,A730046J19Rik
Slc26a8,0.426704634,0.000315904,0.002,0.001,1,0,Slc26a8
Gm15893,0.426704634,0.000249445,0.002,0.001,1,0,Gm15893
Trp53cor1,0.42677821,0.006532566,0.006,0.005,1,0,Trp53cor1
Gm37995,0.426817053,0.000478595,0.002,0.001,1,0,Gm37995
Gm44085,0.426845599,-0.004478,0.004,0.005,1,0,Gm44085
Gm38114,0.426927358,0.003646388,0.005,0.004,1,0,Gm38114
Gm47826,0.426985715,0.000931051,0.002,0.001,1,0,Gm47826
C130036L24Rik,0.427098167,-0.001882556,0.004,0.005,1,0,C130036L24Rik
Gm26777,0.427229345,0.001866914,0.003,0.002,1,0,Gm26777
Gm28151,0.427295029,0.000420535,0.002,0.001,1,0,Gm28151
Gm37842,0.427407539,0.000630079,0.002,0.001,1,0,Gm37842
F13a1,0.427407539,-0.002449966,0.002,0.001,1,0,F13a1
Phkg2,0.427749164,-0.019161066,0.017,0.019,1,0,Phkg2
Ccdc71l,0.428192443,0.027122834,0.046,0.043,1,0,Ccdc71l
Crem,0.428413327,-0.047987863,0.105,0.101,1,0,Crem
Gys1,0.428498832,0.007069638,0.027,0.03,1,0,Gys1
Paip1,0.428781885,-0.000150906,0.155,0.163,1,0,Paip1
Zfp276,0.42894498,0.004373258,0.021,0.019,1,0,Zfp276
Rps12-ps19,0.429311775,0.002829116,0.004,0.004,1,0,Rps12-ps19
F420014N23Rik,0.430084501,0.000586123,0.008,0.007,1,0,F420014N23Rik
Gm10369,0.430352465,0.00356099,0.004,0.004,1,0,Gm10369
Gm9727,0.430384083,-0.009701268,0.007,0.008,1,0,Gm9727
Lrmda,0.430396654,0.011731592,0.022,0.021,1,0,Lrmda
Mast2,0.430424593,0.01768186,0.057,0.06,1,0,Mast2
Atp5l,0.430624365,0.011988016,0.053,0.051,1,0,Atp5l
Slc25a44,0.430869514,-0.002492674,0.031,0.033,1,0,Slc25a44
Rnf31,0.431252817,-0.01881284,0.046,0.049,1,0,Rnf31
Mrpl23-ps1,0.431359502,-0.001669342,0.086,0.082,1,0,Mrpl23-ps1
Tmem39b,0.431610946,0.007127167,0.019,0.017,1,0,Tmem39b
Ccm2,0.431643966,-0.013048753,0.116,0.122,1,0,Ccm2
Plcg1,0.431833575,0.023593341,0.1,0.097,1,0,Plcg1
Lysmd1,0.431898463,0.001633562,0.006,0.007,1,0,Lysmd1
Ubl7,0.432075187,0.007043745,0.047,0.045,1,0,Ubl7
Brpf3,0.43250912,0.012696976,0.029,0.027,1,0,Brpf3
Tvp23a,0.432572129,0.001970778,0.004,0.003,1,0,Tvp23a
Gm43167,0.433426142,0.002350225,0.003,0.003,1,0,Gm43167
Exosc10,0.433659669,-0.020123257,0.111,0.115,1,0,Exosc10
Rnf20,0.433678301,0.038444513,0.188,0.187,1,0,Rnf20
Slc37a1,0.433864121,0.006447602,0.008,0.007,1,0,Slc37a1
Gm10130,0.433943514,-0.000133078,0.014,0.015,1,0,Gm10130
Gm29257,0.434020255,-0.005474925,0.004,0.005,1,0,Gm29257
Sec24a,0.434139075,0.035508608,0.158,0.156,1,0,Sec24a
Wwc2,0.434459938,-0.012360557,0.169,0.176,1,0,Wwc2
Gtf2e1,0.43455351,0.003427835,0.024,0.026,1,0,Gtf2e1
R3hdm2,0.434779207,-0.008251468,0.165,0.162,1,0,R3hdm2
Slc33a1,0.434887312,0.020279313,0.072,0.069,1,0,Slc33a1
Tnfsfm13,0.434960673,-0.002803769,0.004,0.005,1,0,Tnfsfm13
Sirt1,0.435051038,-0.035860206,0.086,0.09,1,0,Sirt1
Trnau1ap,0.435097408,0.019164632,0.095,0.1,1,0,Trnau1ap
Chac2,0.435277749,-0.012647105,0.028,0.03,1,0,Chac2
Tango6,0.435394624,0.005514541,0.019,0.017,1,0,Tango6
Ampd1,0.435481055,-0.014170561,0.004,0.004,1,0,Ampd1
Snrnp48,0.435721347,0.015062835,0.119,0.117,1,0,Snrnp48
Gm44667,0.436432127,0.003004341,0.006,0.005,1,0,Gm44667
Pfas,0.436435303,-0.00715589,0.012,0.014,1,0,Pfas
Mob1a,0.436497874,0.032182876,0.164,0.162,1,0,Mob1a
Gm48621,0.436589833,0.005675945,0.006,0.005,1,0,Gm48621
Cep97,0.437037268,-0.01271421,0.016,0.018,1,0,Cep97
Frmd4b,0.437083789,0.005025612,0.054,0.051,1,0,Frmd4b
Zfp277,0.437128575,-0.012336268,0.082,0.087,1,0,Zfp277
Fcsk,0.437280963,-0.002469386,0.009,0.01,1,0,Fcsk
Cyb561a3,0.437419133,0.009230234,0.037,0.035,1,0,Cyb561a3
Ripk1,0.437698518,-0.036001092,0.281,0.274,1,0,Ripk1
Gm48565,0.437983334,0.017761536,0.046,0.043,1,0,Gm48565
Anapc4,0.438162788,0.016175184,0.122,0.128,1,0,Anapc4
6430548M08Rik,0.438211964,0.010639547,0.037,0.039,1,0,6430548M08Rik
Gm43947,0.438284341,-0.007152382,0.004,0.004,1,0,Gm43947
Washc3,0.43831685,0.008601846,0.149,0.156,1,0,Washc3
Gm2223,0.438652204,-0.003667894,0.004,0.004,1,0,Gm2223
Gm10221,0.438954201,-0.005341774,0.018,0.02,1,0,Gm10221
Dennd4b,0.439020625,-0.001269815,0.02,0.018,1,0,Dennd4b
Gm7449,0.439041154,-0.010379078,0.01,0.011,1,0,Gm7449
Gm37305,0.439050325,-0.00019082,0.015,0.017,1,0,Gm37305
Mfsd4b3-ps,0.439087181,-0.001488331,0.004,0.004,1,0,Mfsd4b3-ps
Ranbp2,0.439327471,-0.013637212,0.164,0.171,1,0,Ranbp2
Rab3gap2,0.439367816,0.036380728,0.057,0.055,1,0,Rab3gap2
1700123M08Rik,0.439472174,-0.003537781,0.004,0.004,1,0,1700123M08Rik
Ruvbl2,0.439734752,0.017663476,0.04,0.042,1,0,Ruvbl2
Pex12,0.440528563,0.001395029,0.017,0.019,1,0,Pex12
Gm7691,0.440594781,-8.43E-05,0.004,0.004,1,0,Gm7691
Trmo,0.441111727,-6.23E-05,0.006,0.007,1,0,Trmo
Agfg2,0.441122444,-0.007494867,0.062,0.065,1,0,Agfg2
Ankrd23,0.441219546,-0.037456878,0.008,0.009,1,0,Ankrd23
Gm19817,0.441380684,-0.008883131,0.013,0.014,1,0,Gm19817
Gm6444,0.44140615,0.0013464,0.008,0.009,1,0,Gm6444
Actr5,0.441504785,-0.003927725,0.016,0.017,1,0,Actr5
Utp6,0.441625101,-0.008309546,0.052,0.055,1,0,Utp6
Spopl,0.441770404,0.025561077,0.068,0.066,1,0,Spopl
Ndufaf1,0.441897552,-0.014829057,0.033,0.035,1,0,Ndufaf1
Eif2ak3,0.442034441,0.000889216,0.054,0.057,1,0,Eif2ak3
Arid2,0.442095787,-0.018336634,0.111,0.116,1,0,Arid2
Fancl,0.442398798,0.004921836,0.028,0.031,1,0,Fancl
Lrrc71,0.442784229,-0.002034772,0.003,0.004,1,0,Lrrc71
Gm48417,0.442878553,0.001827466,0.005,0.004,1,0,Gm48417
Riok1,0.442977202,-0.010525541,0.093,0.097,1,0,Riok1
Milr1,0.443139221,0.005080137,0.018,0.02,1,0,Milr1
Dyrk3,0.443271464,0.00413662,0.002,0.001,1,0,Dyrk3
Gm20707,0.443348784,0.003587969,0.009,0.007,1,0,Gm20707
Plcxd3,0.443468449,-0.003873681,0.001,0.001,1,0,Plcxd3
Nhlrc3,0.443594662,0.000446404,0.02,0.022,1,0,Nhlrc3
Gm45472,0.443607489,0.001365276,0.002,0.001,1,0,Gm45472
Cbr2,0.443638044,0.001603168,0.002,0.001,1,0,Cbr2
Gm3636,0.443669254,0.00349467,0.002,0.002,1,0,Gm3636
Evi2,0.443697784,-0.00330371,0.001,0.001,1,0,Evi2
Rpusd2,0.443821399,0.002203018,0.002,0.001,1,0,Rpusd2
C920021L13Rik,0.443873262,0.001345148,0.003,0.004,1,0,C920021L13Rik
Gm15880,0.443894411,-0.00265216,0.001,0.001,1,0,Gm15880
Gipr,0.443959964,-0.003285148,0.001,0.001,1,0,Gipr
9130024F11Rik,0.443959964,-0.0036646,0.001,0.001,1,0,9130024F11Rik
Slc17a3,0.443992743,-0.001952493,0.001,0.001,1,0,Slc17a3
Gm7335,0.443992743,-0.002620172,0.001,0.001,1,0,Gm7335
Gm9484,0.444065939,0.000639829,0.002,0.001,1,0,Gm9484
Rprml,0.444156657,-0.002410599,0.001,0.001,1,0,Rprml
Myocd,0.444189444,-0.001913713,0.001,0.001,1,0,Myocd
Apoa2,0.444255023,-0.000624374,0.001,0.001,1,0,Apoa2
Gm7287,0.444306893,-0.000505116,0.005,0.006,1,0,Gm7287
Gm14176,0.4443534,-0.001268753,0.001,0.001,1,0,Gm14176
Gm38215,0.444386196,-0.00128565,0.001,0.001,1,0,Gm38215
Gm12902,0.444418992,0.000731722,0.001,0.001,1,0,Gm12902
Gm14286,0.444432894,0.000267899,0.002,0.001,1,0,Gm14286
Atp5g3,0.444449653,0.001925528,0.377,0.375,1,0,Atp5g3
L3mbtl1,0.444517391,5.52E-05,0.001,0.001,1,0,L3mbtl1
Gm12205,0.444582996,-0.00049564,0.001,0.001,1,0,Gm12205
Gsk3b,0.444635977,-0.023891594,0.317,0.325,1,0,Gsk3b
Gm29684,0.444714225,-9.71E-05,0.001,0.001,1,0,Gm29684
Mboat7,0.444745233,0.010832945,0.056,0.059,1,0,Mboat7
Rab33b,0.44475566,0.015855839,0.069,0.073,1,0,Rab33b
BC055324,0.44481266,0.00026822,0.001,0.001,1,0,BC055324
Gm47260,0.444919784,-0.001905408,0.01,0.009,1,0,Gm47260
Gm5075,0.445038703,0.002712943,0.002,0.002,1,0,Gm5075
Zscan30,0.445307121,-0.002247875,0.007,0.008,1,0,Zscan30
Ccsap,0.445408398,-0.000229855,0.005,0.006,1,0,Ccsap
Dusp26,0.445412286,-0.006832363,0.002,0.001,1,0,Dusp26
Romo1,0.445501065,0.012987329,0.381,0.382,1,0,Romo1
Cyb5r3,0.446431183,-0.074699653,0.491,0.478,1,0,Cyb5r3
Zfp719,0.446813628,-0.010928785,0.019,0.021,1,0,Zfp719
Vps51,0.447294952,-0.001870144,0.017,0.019,1,0,Vps51
H2-T22,0.447338661,0.002084067,0.152,0.16,1,0,H2-T22
Gfra4,0.447614716,0.000640309,0.011,0.013,1,0,Gfra4
Zfp142,0.448344739,0.01354596,0.023,0.021,1,0,Zfp142
Crtc1,0.448419637,0.008680386,0.019,0.017,1,0,Crtc1
Napepld,0.448931323,-0.00526388,0.005,0.006,1,0,Napepld
Gm34294,0.449059631,-0.000252782,0.004,0.003,1,0,Gm34294
Gm17110,0.449892261,-0.00340114,0.003,0.004,1,0,Gm17110
4930579H20Rik,0.449899977,0.002202454,0.007,0.006,1,0,4930579H20Rik
Pdxp,0.450076263,-0.001894466,0.005,0.006,1,0,Pdxp
Klhl22,0.450459274,0.008755755,0.069,0.073,1,0,Klhl22
Cab39l,0.450546444,-0.016469531,0.086,0.09,1,0,Cab39l
Poc5,0.450782816,0.011113387,0.052,0.055,1,0,Poc5
Ttc38,0.450963325,-0.014426854,0.021,0.023,1,0,Ttc38
Fam120c,0.450979574,0.002404897,0.012,0.013,1,0,Fam120c
Vopp1,0.451080784,0.035235986,0.053,0.051,1,0,Vopp1
Mapk1ip1,0.451114725,-0.008239394,0.029,0.032,1,0,Mapk1ip1
Washc5,0.45129916,0.018832136,0.048,0.045,1,0,Washc5
Opn1sw,0.451386841,0.008849028,0.017,0.015,1,0,Opn1sw
Cd2bp2,0.451439173,0.004034286,0.073,0.077,1,0,Cd2bp2
Irf2bp2,0.451604696,-0.022985151,0.101,0.097,1,0,Irf2bp2
Gm37818,0.451785339,-0.000409248,0.004,0.003,1,0,Gm37818
Cct7,0.451822723,-0.022748149,0.264,0.272,1,0,Cct7
Tbca,0.45193916,-0.011893759,0.363,0.373,1,0,Tbca
Exoc8,0.451965388,-2.42E-05,0.011,0.012,1,0,Exoc8
Gm25188,0.452265625,-0.008565917,0.003,0.003,1,0,Gm25188
4933428G20Rik,0.452398776,-0.000448766,0.003,0.002,1,0,4933428G20Rik
Il31ra,0.452545419,-0.004382371,0.005,0.005,1,0,Il31ra
Dnajc19-ps,0.452621601,-0.004906612,0.005,0.005,1,0,Dnajc19-ps
Gm38043,0.453550459,0.003023804,0.005,0.004,1,0,Gm38043
Def6,0.453897583,0.007061466,0.021,0.023,1,0,Def6
Hoxc9,0.45396046,-0.006192615,0.108,0.105,1,0,Hoxc9
Soga1,0.454024951,0.00884143,0.016,0.014,1,0,Soga1
Tdp1,0.454187697,0.006597504,0.031,0.029,1,0,Tdp1
Camkmt,0.454535766,0.019688988,0.02,0.018,1,0,Camkmt
Gm10800,0.454643223,-0.002721942,0.003,0.003,1,0,Gm10800
Mfsd5,0.454736785,0.026754491,0.096,0.093,1,0,Mfsd5
Gm10791,0.454781806,-0.00188822,0.001,0.001,1,0,Gm10791
Atxn7l1os1,0.454963849,-0.002192405,0.001,0.001,1,0,Atxn7l1os1
Arhgap27,0.454963849,-0.002476541,0.001,0.001,1,0,Arhgap27
Gm2670,0.455024539,-0.002419827,0.001,0.001,1,0,Gm2670
Atp5c1-ps,0.455024539,-0.003232474,0.001,0.001,1,0,Atp5c1-ps
Hist1h4c,0.455027365,-0.002767017,0.003,0.003,1,0,Hist1h4c
Rufy2,0.455080614,0.011373116,0.118,0.115,1,0,Rufy2
Arnt,0.455236262,0.00732288,0.102,0.099,1,0,Arnt
Gm11100,0.455236989,-0.002441966,0.001,0.001,1,0,Gm11100
Gm13509,0.455267344,-0.00040294,0.001,0.001,1,0,Gm13509
Phyhip,0.455267344,-0.001102564,0.001,0.001,1,0,Phyhip
Pcdhb6,0.455358415,0.000877739,0.001,0.001,1,0,Pcdhb6
Gm13033,0.455570953,-0.000486082,0.001,0.001,1,0,Gm13033
Mis18a,0.455624972,0.006759139,0.02,0.022,1,0,Mis18a
Wdr37,0.455714086,0.012992751,0.041,0.039,1,0,Wdr37
Gm15506,0.455753173,0.00036614,0.001,0.001,1,0,Gm15506
Tmem248,0.456517161,-3.16E-05,0.12,0.126,1,0,Tmem248
Cacna1d,0.456970798,-0.006706729,0.003,0.003,1,0,Cacna1d
Setd1b,0.457002603,-0.013467168,0.169,0.164,1,0,Setd1b
Fbxl20,0.457208883,0.02094341,0.056,0.053,1,0,Fbxl20
Gm12992,0.457247542,-0.006982045,0.008,0.009,1,0,Gm12992
Exosc5,0.457384825,0.006732455,0.06,0.057,1,0,Exosc5
Slc37a3,0.457557734,0.006395498,0.071,0.075,1,0,Slc37a3
Zfhx4,0.457978926,-0.015911159,0.324,0.319,1,0,Zfhx4
Vrk2,0.458103138,0.004337714,0.026,0.024,1,0,Vrk2
Stk11,0.458138393,-0.002304579,0.109,0.114,1,0,Stk11
Kcnd1,0.458161182,0.024590339,0.015,0.014,1,0,Kcnd1
A330023F24Rik,0.458233607,-0.006553958,0.002,0.003,1,0,A330023F24Rik
Naif1,0.4584205,-0.000135697,0.012,0.013,1,0,Naif1
Stard6,0.459104045,-0.006154599,0.002,0.003,1,0,Stard6
Alyref2,0.459275281,-0.004121848,0.018,0.02,1,0,Alyref2
U2af1l4,0.459726353,-0.006558365,0.002,0.003,1,0,U2af1l4
Ndufa11b,0.459809363,-0.004370824,0.002,0.003,1,0,Ndufa11b
Rab2b,0.459881814,-0.001419828,0.011,0.012,1,0,Rab2b
Gm37706,0.459900384,-0.001067624,0.004,0.005,1,0,Gm37706
Gm44550,0.460687062,-0.007247166,0.001,0.002,1,0,Gm44550
Gm12115,0.460856842,-0.002605846,0.001,0.002,1,0,Gm12115
Ppp2r5e,0.460884787,-0.000816026,0.145,0.151,1,0,Ppp2r5e
Abhd11,0.460948692,0.033148758,0.073,0.071,1,0,Abhd11
Serhl,0.460996729,0.000956848,0.006,0.005,1,0,Serhl
Has3,0.461022927,0.006667738,0.001,0.001,1,0,Has3
Trdc,0.46108327,-0.003065747,0.001,0.002,1,0,Trdc
Zkscan4,0.461111578,-0.003835049,0.001,0.002,1,0,Zkscan4
Hmgb1-ps2,0.461139887,-0.002980664,0.001,0.002,1,0,Hmgb1-ps2
4930599N24Rik,0.461139887,-0.00423535,0.001,0.002,1,0,4930599N24Rik
Adgre4,0.461196508,-0.002641441,0.001,0.002,1,0,Adgre4
Gm13341,0.461324338,0.003976012,0.001,0.001,1,0,Gm13341
Hoxa3,0.461346561,-0.003460589,0.002,0.003,1,0,Hoxa3
Gm49380,0.461423029,-0.002171661,0.001,0.002,1,0,Gm49380
Gm46565,0.461458333,0.002458696,0.001,0.001,1,0,Gm46565
Actr1a,0.461465961,-0.013580145,0.109,0.114,1,0,Actr1a
Gm29155,0.461479669,-0.001353321,0.001,0.002,1,0,Gm29155
Olfr1326-ps1,0.461525339,0.003053404,0.001,0.001,1,0,Olfr1326-ps1
A930012O16Rik,0.461819592,-0.001460259,0.001,0.002,1,0,A930012O16Rik
Olfr921,0.461847925,-0.003302986,0.001,0.002,1,0,Olfr921
4930512H18Rik,0.461893969,0.003181339,0.001,0.001,1,0,4930512H18Rik
2610001A08Rik,0.461893969,0.000796517,0.001,0.001,1,0,2610001A08Rik
Gm26645,0.461904594,4.06E-05,0.001,0.002,1,0,Gm26645
Mia,0.461927489,-0.000178368,0.001,0.001,1,0,Mia
Stxbp1,0.461957513,0.021328214,0.076,0.073,1,0,Stxbp1
Gm5191,0.46196101,0.00062591,0.001,0.001,1,0,Gm5191
B3galt4,0.462055401,-0.006622435,0.007,0.008,1,0,B3galt4
Gm45495,0.462122299,-0.003749217,0.002,0.003,1,0,Gm45495
Scml2,0.462131699,0.012716579,0.012,0.011,1,0,Scml2
C330018A13Rik,0.46222923,0.00091001,0.001,0.001,1,0,C330018A13Rik
Tm4sf4,0.462273038,-0.000148767,0.001,0.002,1,0,Tm4sf4
Gm42572,0.462296298,0.00021648,0.001,0.001,1,0,Gm42572
Xrra1,0.462329835,0.000844778,0.001,0.001,1,0,Xrra1
Erlin1,0.462358927,0.033191061,0.095,0.093,1,0,Erlin1
Gm36043,0.462386439,0.001179311,0.001,0.002,1,0,Gm36043
Ccdc130,0.462408869,0.00715213,0.021,0.022,1,0,Ccdc130
Pdxk,0.462437084,-0.002673251,0.037,0.039,1,0,Pdxk
Xylb,0.46244502,0.001909026,0.006,0.005,1,0,Xylb
Gm38285,0.46254865,-0.004891794,0.004,0.005,1,0,Gm38285
Gm48335,0.462564626,0.00013775,0.001,0.001,1,0,Gm48335
Gm43305,0.462571229,-0.005932577,0.009,0.01,1,0,Gm43305
Fndc3b,0.462849733,-0.005793742,0.374,0.386,1,0,Fndc3b
Dnaaf2,0.462870144,2.84E-06,0.008,0.007,1,0,Dnaaf2
Gm48678,0.462955562,-0.008639286,0.013,0.014,1,0,Gm48678
Gm42549,0.46327372,-0.003933731,0.005,0.004,1,0,Gm42549
Slc26a10,0.463466262,-0.001381312,0.002,0.003,1,0,Slc26a10
Tirap,0.463533215,-0.000284315,0.052,0.055,1,0,Tirap
Pip5k1c,0.463557341,0.000795822,0.051,0.054,1,0,Pip5k1c
Fan1,0.464226167,0.001175069,0.004,0.005,1,0,Fan1
Gm43544,0.464276781,-0.003807167,0.001,0.002,1,0,Gm43544
Gnat2,0.464276781,-0.003949221,0.001,0.002,1,0,Gnat2
Gm26935,0.464462161,0.001959798,0.002,0.002,1,0,Gm26935
Maf1,0.464726163,-0.033314081,0.134,0.139,1,0,Maf1
Rabggta,0.464786665,-0.005304023,0.02,0.022,1,0,Rabggta
Kif9,0.464876774,0.004923759,0.004,0.003,1,0,Kif9
Lhx8,0.465009618,0.002782784,0.004,0.003,1,0,Lhx8
1500005C15Rik,0.465064631,0.000943964,0.002,0.002,1,0,1500005C15Rik
Rpl36-ps3,0.465064631,0.000265173,0.002,0.002,1,0,Rpl36-ps3
Scn1b,0.46510412,0.012528027,0.098,0.103,1,0,Scn1b
Traf5,0.465322208,-0.004680818,0.027,0.029,1,0,Traf5
Agpat3,0.465365249,0.009577677,0.104,0.101,1,0,Agpat3
Clic5,0.465415594,-0.008392414,0.002,0.002,1,0,Clic5
Gm13140,0.465593437,-0.001918911,0.002,0.003,1,0,Gm13140
Gm37829,0.46566598,-0.004007212,0.002,0.002,1,0,Gm37829
1700061G19Rik,0.465684299,-0.002475688,0.002,0.003,1,0,1700061G19Rik
Gm37022,0.465713563,0.002695913,0.001,0.002,1,0,Gm37022
Mpo,0.465713563,-0.000136891,0.001,0.002,1,0,Mpo
Rpsa-ps9,0.465713563,-0.000799817,0.001,0.002,1,0,Rpsa-ps9
Habp4,0.465799054,-0.003172807,0.061,0.064,1,0,Habp4
4732471J01Rik,0.465877342,-0.00173147,0.002,0.002,1,0,4732471J01Rik
Zfp974,0.465947816,0.005965512,0.013,0.012,1,0,Zfp974
Chmp4c,0.465975729,-0.002201396,0.002,0.002,1,0,Chmp4c
A330074K22Rik,0.465975729,-0.002998137,0.002,0.002,1,0,A330074K22Rik
Rbm42,0.466033184,0.000863805,0.001,0.002,1,0,Rbm42
Rpgrip1l,0.466222041,0.012400323,0.047,0.045,1,0,Rpgrip1l
Gm12807,0.466299627,0.002350054,0.001,0.002,1,0,Gm12807
Scyl3,0.466305097,-0.007815612,0.023,0.025,1,0,Scyl3
4930512B01Rik,0.466333273,-0.001798422,0.002,0.002,1,0,4930512B01Rik
Rps2-ps7,0.466357115,-3.19E-05,0.002,0.002,1,0,Rps2-ps7
Dmc1,0.466420227,-0.001319656,0.002,0.002,1,0,Dmc1
Zfp667,0.466469214,-0.004774216,0.013,0.014,1,0,Zfp667
Gm26129,0.466520756,-0.000625279,0.002,0.002,1,0,Gm26129
Gm45446,0.466520756,-0.001934712,0.002,0.002,1,0,Gm45446
Nlrp5-ps,0.466571026,0.000815674,0.002,0.002,1,0,Nlrp5-ps
Eif5al3-ps,0.466596161,-0.000808742,0.002,0.002,1,0,Eif5al3-ps
Enpp6,0.466696712,-0.000820969,0.002,0.002,1,0,Enpp6
Gm13231,0.466786382,-0.003144245,0.002,0.002,1,0,Gm13231
Dcaf11,0.466797477,0.008379198,0.062,0.059,1,0,Dcaf11
Rpl10-ps6,0.467024958,-0.001819397,0.002,0.002,1,0,Rpl10-ps6
Gm37060,0.467203835,0.000930836,0.009,0.01,1,0,Gm37060
Gm42608,0.467263602,0.000810983,0.002,0.002,1,0,Gm42608
Gm8394,0.467816103,-0.002507977,0.008,0.009,1,0,Gm8394
Gm45342,0.468007624,-0.000823089,0.007,0.006,1,0,Gm45342
Zkscan3,0.468067209,0.00729853,0.136,0.133,1,0,Zkscan3
Gm30984,0.468122072,0.003903535,0.007,0.008,1,0,Gm30984
Xpo1,0.468191792,0.011191056,0.097,0.102,1,0,Xpo1
Chordc1,0.468344861,-0.020103108,0.15,0.155,1,0,Chordc1
6530402F18Rik,0.468532605,-0.011923944,0.009,0.01,1,0,6530402F18Rik
Retreg3,0.468729805,0.002711699,0.036,0.034,1,0,Retreg3
Gm44777,0.468915533,-0.007403013,0.004,0.005,1,0,Gm44777
Ciao3,0.468983675,0.000535994,0.017,0.019,1,0,Ciao3
Oplah,0.469389719,0.008775664,0.01,0.009,1,0,Oplah
D430042O09Rik,0.469455409,-0.019672742,0.048,0.05,1,0,D430042O09Rik
Gng10,0.469596818,0.016307215,0.085,0.089,1,0,Gng10
Rab14,0.469632827,-0.001991962,0.406,0.402,1,0,Rab14
AC154542.1,0.469701377,0.002458133,0.003,0.003,1,0,AC154542.1
Tpbgl,0.469753884,-0.008227572,0.011,0.012,1,0,Tpbgl
Mlh3,0.469950883,0.007922906,0.046,0.044,1,0,Mlh3
Gm10268,0.469992659,0.002649911,0.003,0.003,1,0,Gm10268
Clk3,0.470206728,0.014723957,0.023,0.025,1,0,Clk3
Nup35,0.470251367,0.018442894,0.036,0.034,1,0,Nup35
Mgat2,0.470329879,0.024403726,0.25,0.26,1,0,Mgat2
Gm45854,0.470408948,0.0037592,0.003,0.003,1,0,Gm45854
Zkscan5,0.47112805,-0.00096673,0.01,0.011,1,0,Zkscan5
9430065F17Rik,0.471346344,0.000197494,0.003,0.003,1,0,9430065F17Rik
Mbip,0.471376903,-0.00481552,0.062,0.065,1,0,Mbip
Gm14698,0.471647552,0.00457841,0.011,0.01,1,0,Gm14698
Msl3,0.472103375,-0.013712057,0.169,0.176,1,0,Msl3
Hint3,0.472114512,0.011792397,0.042,0.045,1,0,Hint3
Gm6419,0.472249756,-0.00118616,0.003,0.002,1,0,Gm6419
Ercc5,0.472274514,-0.026991955,0.101,0.105,1,0,Ercc5
Dlx5,0.472296551,0.005828803,0.006,0.005,1,0,Dlx5
Pip4p1,0.472327147,-0.026843638,0.097,0.1,1,0,Pip4p1
Nrbp1,0.472715783,0.007474263,0.148,0.155,1,0,Nrbp1
Hsd17b7,0.472772472,0.003839485,0.046,0.044,1,0,Hsd17b7
Pogk,0.473254069,0.011570695,0.042,0.04,1,0,Pogk
Adss,0.473457443,0.043141188,0.148,0.146,1,0,Adss
Usp30,0.473464531,-0.002188648,0.016,0.017,1,0,Usp30
Fam193b,0.474093301,-0.001823195,0.097,0.094,1,0,Fam193b
Ddx18,0.474184924,0.017042497,0.126,0.124,1,0,Ddx18
Fbxw8,0.474893796,0.006410126,0.025,0.023,1,0,Fbxw8
Gm7634,0.475120696,-0.00024742,0.004,0.005,1,0,Gm7634
6-Mar,0.475174139,0.003356636,0.047,0.05,1,0,6-Mar
Myzap,0.475360342,-0.005931437,0.017,0.015,1,0,Myzap
Xrn1,0.475551528,-0.020109851,0.186,0.191,1,0,Xrn1
Gm4117,0.475718031,0.005155814,0.019,0.017,1,0,Gm4117
Ints2,0.475836501,0.001703612,0.039,0.037,1,0,Ints2
Ppp4r1,0.476050964,0.038390057,0.054,0.052,1,0,Ppp4r1
Atp6ap1,0.476401796,-0.007260572,0.289,0.3,1,0,Atp6ap1
Usp16,0.476563302,-0.002154862,0.286,0.295,1,0,Usp16
1700012D14Rik,0.476724179,-0.001592801,0.006,0.007,1,0,1700012D14Rik
Gm15773,0.47722633,0.001133066,0.005,0.005,1,0,Gm15773
Plekhm3,0.477552387,0.02193761,0.02,0.018,1,0,Plekhm3
Cul2,0.477802506,0.023043658,0.068,0.072,1,0,Cul2
Rad18,0.477814045,0.006324915,0.026,0.029,1,0,Rad18
Lyrm1,0.477841696,0.001509105,0.018,0.019,1,0,Lyrm1
Adnp,0.477877665,-0.007230253,0.004,0.004,1,0,Adnp
Abtb1,0.478148948,0.002300624,0.035,0.033,1,0,Abtb1
Dcaf7,0.478173959,0.019333067,0.069,0.067,1,0,Dcaf7
Uckl1,0.478267217,0.000981777,0.05,0.053,1,0,Uckl1
Gm14326,0.478428829,0.008579871,0.008,0.01,1,0,Gm14326
Gcc2,0.47847319,0.028057667,0.17,0.169,1,0,Gcc2
Rps6kb1,0.478609661,0.009610972,0.225,0.224,1,0,Rps6kb1
Sdhaf2,0.478785745,1.88E-05,0.09,0.095,1,0,Sdhaf2
Ak1,0.478824241,-0.011542705,0.088,0.092,1,0,Ak1
Cdiptos,0.479015135,5.58E-05,0.005,0.005,1,0,Cdiptos
1810030O07Rik,0.479026512,-0.011651867,0.07,0.074,1,0,1810030O07Rik
Sergef,0.479150969,0.005773127,0.025,0.027,1,0,Sergef
Gm8539,0.47934898,0.006031064,0.007,0.006,1,0,Gm8539
Gm36266,0.479743256,-0.005865017,0.004,0.004,1,0,Gm36266
Ccng2,0.479902066,0.044336433,0.101,0.098,1,0,Ccng2
Gm37720,0.47999846,0.001635449,0.011,0.01,1,0,Gm37720
Gm38177,0.480075746,0.004419749,0.001,0.001,1,0,Gm38177
Cnih4,0.480148213,0.002654133,0.17,0.178,1,0,Cnih4
Mccc2,0.48025134,0.012461571,0.029,0.027,1,0,Mccc2
Ssr1,0.480346,-0.009915263,0.335,0.345,1,0,Ssr1
Plscr3,0.480377004,0.045184581,0.141,0.14,1,0,Plscr3
Ghsr,0.480484343,0.002412033,0.001,0.001,1,0,Ghsr
4933426B08Rik,0.480595812,0.001724834,0.001,0.001,1,0,4933426B08Rik
Pacc1,0.480759497,-0.003777197,0.008,0.009,1,0,Pacc1
Rslcan18,0.481041827,-0.000245129,0.001,0.001,1,0,Rslcan18
Arrb2,0.481340241,-0.005505495,0.023,0.025,1,0,Arrb2
Elac2,0.481828584,0.014269984,0.036,0.039,1,0,Elac2
Gm14681,0.481952944,0.001109113,0.028,0.03,1,0,Gm14681
Fam8a1,0.48198706,0.026044219,0.069,0.067,1,0,Fam8a1
Tmbim1,0.48217045,-0.038336152,0.192,0.197,1,0,Tmbim1
Vamp8,0.482260266,0.006072049,0.231,0.24,1,0,Vamp8
Mllt6,0.48235742,-0.024813389,0.061,0.064,1,0,Mllt6
Rnf41,0.482531995,0.00471236,0.041,0.044,1,0,Rnf41
Csn3,0.482608569,-0.000983626,0,0.001,1,0,Csn3
St8sia4,0.482608569,-0.001100892,0,0.001,1,0,St8sia4
2310010J17Rik,0.482647223,-0.004552369,0.036,0.038,1,0,2310010J17Rik
Clec4a2,0.482654862,-0.00137947,0,0.001,1,0,Clec4a2
Gm6023,0.482717433,0.000866999,0.013,0.014,1,0,Gm6023
Hibch,0.483213502,0.016984989,0.035,0.033,1,0,Hibch
Cela1,0.483312422,0.003432123,0.01,0.009,1,0,Cela1
Rbbp8,0.48344435,0.047877388,0.106,0.104,1,0,Rbbp8
Armc9,0.483524101,0.001720323,0.024,0.026,1,0,Armc9
Cstf2t,0.483670732,0.011289475,0.038,0.036,1,0,Cstf2t
Gm26542,0.484818619,0.001943582,0.002,0.002,1,0,Gm26542
Usp27x,0.484900978,-0.008546477,0.006,0.007,1,0,Usp27x
Gm8606,0.484990301,0.002293557,0.004,0.003,1,0,Gm8606
Zfp335os,0.485416828,-0.00156262,0.003,0.004,1,0,Zfp335os
Nme5,0.485439122,0.005311351,0.006,0.005,1,0,Nme5
Gm37860,0.485634333,0.000956101,0.002,0.002,1,0,Gm37860
Nxpe4,0.48620246,0.009571713,0.012,0.011,1,0,Nxpe4
Rnf17,0.486280712,0.006303649,0.005,0.004,1,0,Rnf17
1110019D14Rik,0.486281564,0.015888144,0.021,0.02,1,0,1110019D14Rik
Edc3,0.486306998,0.00040604,0.027,0.029,1,0,Edc3
Cct2,0.486440793,-0.023660265,0.257,0.265,1,0,Cct2
Mbtd1,0.48700601,0.011355284,0.079,0.077,1,0,Mbtd1
Stx17,0.487038367,0.004369114,0.063,0.066,1,0,Stx17
Rhbdd1,0.487207862,-0.013480232,0.022,0.024,1,0,Rhbdd1
Prdx2,0.48738626,0.003741881,0.394,0.39,1,0,Prdx2
Gphn,0.487406478,-0.002750838,0.069,0.072,1,0,Gphn
Gm9575,0.487674841,0.001723915,0.007,0.008,1,0,Gm9575
Rif1,0.48797101,-0.004933012,0.11,0.107,1,0,Rif1
Pnpla6,0.488026365,0.004901561,0.022,0.023,1,0,Pnpla6
Tcfl5,0.488149786,0.004420424,0.006,0.005,1,0,Tcfl5
Ube2s,0.488153142,-0.00247609,0.018,0.019,1,0,Ube2s
Fam89b,0.488382295,0.009939579,0.007,0.008,1,0,Fam89b
Ap4s1,0.488420379,-0.020959028,0.07,0.073,1,0,Ap4s1
Wdpcp,0.488443262,0.007714557,0.02,0.019,1,0,Wdpcp
Parn,0.488610784,0.022471043,0.057,0.055,1,0,Parn
Ddx60,0.488975869,-0.004830983,0.055,0.052,1,0,Ddx60
Wfikkn1,0.489380534,0.003703837,0.003,0.003,1,0,Wfikkn1
Carf,0.489523848,0.008665829,0.02,0.021,1,0,Carf
Gm49207,0.489547796,-0.007380299,0.052,0.055,1,0,Gm49207
Rps3a2,0.489654095,0.014960697,0.025,0.027,1,0,Rps3a2
Cwf19l1,0.489851271,0.01131366,0.013,0.012,1,0,Cwf19l1
Gm7785,0.489896366,-0.003624757,0.01,0.012,1,0,Gm7785
Mttp,0.490230005,-0.002694828,0.023,0.025,1,0,Mttp
Mindy4,0.490264866,-0.008891901,0.017,0.019,1,0,Mindy4
Mtfmt,0.490380596,-0.008802696,0.025,0.027,1,0,Mtfmt
Tnpo2,0.490455418,0.00967864,0.068,0.072,1,0,Tnpo2
Gm10362,0.490542,0.002331319,0.003,0.003,1,0,Gm10362
Thrb,0.490545268,-0.011794607,0.026,0.024,1,0,Thrb
Mau2,0.490556883,-0.03741689,0.071,0.074,1,0,Mau2
Kdm1b,0.490600589,0.00214711,0.024,0.023,1,0,Kdm1b
Gm43112,0.490783245,0.006569693,0.003,0.003,1,0,Gm43112
Extl2,0.491427308,0.007128753,0.06,0.057,1,0,Extl2
Pskh1,0.491618241,0.007178076,0.015,0.014,1,0,Pskh1
Gm49980,0.491674236,0.000404115,0.003,0.004,1,0,Gm49980
Zfyve9,0.491830814,-0.024614281,0.094,0.097,1,0,Zfyve9
Ehbp1l1,0.491898749,0.02079609,0.111,0.109,1,0,Ehbp1l1
BC051142,0.491924536,-0.001279409,0.003,0.003,1,0,BC051142
Tmem101,0.491996048,0.01094461,0.048,0.046,1,0,Tmem101
Cic,0.492022473,0.019990602,0.07,0.068,1,0,Cic
Mrgbp,0.492061601,0.013609217,0.047,0.045,1,0,Mrgbp
Gm37850,0.49217819,0.001409175,0.003,0.002,1,0,Gm37850
Tmem259,0.492220083,-0.006962517,0.067,0.071,1,0,Tmem259
Gm7599,0.49223205,-6.66E-05,0.003,0.003,1,0,Gm7599
Stk10,0.492554127,0.002054528,0.011,0.01,1,0,Stk10
Rep15,0.492670776,-0.008755581,0.006,0.006,1,0,Rep15
Kif5c,0.492720965,7.65E-05,0.005,0.005,1,0,Kif5c
Tarbp2,0.4928564,0.002815261,0.007,0.008,1,0,Tarbp2
Gm7730,0.493071341,-0.000274967,0.008,0.009,1,0,Gm7730
Pogz,0.493430961,0.007876249,0.05,0.048,1,0,Pogz
Kctd18,0.493598455,-0.010339002,0.03,0.032,1,0,Kctd18
Ppp1r12b,0.493718737,-0.015401601,0.088,0.085,1,0,Ppp1r12b
Gm26944,0.494026834,-0.005137773,0.003,0.004,1,0,Gm26944
C130089K02Rik,0.494072584,-0.012537978,0.013,0.014,1,0,C130089K02Rik
Cebpz,0.494095374,-0.001400513,0.231,0.23,1,0,Cebpz
Ptpdc1,0.494163964,-0.000900891,0.045,0.043,1,0,Ptpdc1
Ttpal,0.494289674,-0.005979958,0.051,0.054,1,0,Ttpal
Hdac10,0.494325953,0.001879513,0.042,0.04,1,0,Hdac10
Pot1a,0.494599991,0.000313424,0.026,0.025,1,0,Pot1a
Stamos,0.494929645,-0.003955297,0.003,0.004,1,0,Stamos
Gm10080,0.495299342,-0.001527259,0.036,0.038,1,0,Gm10080
Zfp133-ps,0.495440318,-0.00260033,0.003,0.004,1,0,Zfp133-ps
Gpt,0.495472401,-0.004106521,0.006,0.006,1,0,Gpt
Taf4b,0.495908037,-0.004681928,0.013,0.014,1,0,Taf4b
Prpsap1,0.495977865,-0.009358411,0.107,0.111,1,0,Prpsap1
Gm37893,0.496020413,0.00584575,0.004,0.003,1,0,Gm37893
B630019K06Rik,0.496060412,-0.00169063,0.004,0.005,1,0,B630019K06Rik
Aip,0.496158909,-0.014611191,0.123,0.129,1,0,Aip
Zfp956,0.496200399,-0.009967566,0.016,0.018,1,0,Zfp956
Rhobtb2,0.496232184,1.52E-05,0.026,0.024,1,0,Rhobtb2
Rpsa-ps1,0.496285511,-0.000990842,0.003,0.004,1,0,Rpsa-ps1
Bbs7,0.496642017,-0.011137051,0.02,0.022,1,0,Bbs7
Synj1,0.496698777,0.012111155,0.064,0.062,1,0,Synj1
Tbc1d24,0.497345327,0.004787971,0.026,0.025,1,0,Tbc1d24
Vps11,0.497361117,-0.005099076,0.032,0.034,1,0,Vps11
Gm4013,0.497554488,0.004961899,0.01,0.012,1,0,Gm4013
Hgf,0.497908695,0.007006311,0.038,0.041,1,0,Hgf
E430024I08Rik,0.497962184,-0.019385148,0.016,0.017,1,0,E430024I08Rik
Galc,0.4981628,0.00558945,0.023,0.022,1,0,Galc
Msantd3,0.498412772,0.009113189,0.033,0.032,1,0,Msantd3
Pigv,0.498433175,-0.003809044,0.015,0.016,1,0,Pigv
Asb1,0.498517069,0.00259504,0.027,0.029,1,0,Asb1
Armh3,0.498601989,0.001454508,0.016,0.017,1,0,Armh3
Zfp526,0.498648352,-0.001895444,0.004,0.005,1,0,Zfp526
Apba3,0.498769553,-0.001171437,0.057,0.06,1,0,Apba3
Plppr4,0.49883636,-0.014484229,0.004,0.005,1,0,Plppr4
Gm43178,0.49919062,-0.000545605,0.004,0.003,1,0,Gm43178
Nol10,0.499259355,0.011214115,0.051,0.054,1,0,Nol10
Rtcb,0.499548703,0.00987947,0.13,0.136,1,0,Rtcb
Rab11fip2,0.499556118,-0.006240763,0.121,0.125,1,0,Rab11fip2
Cidec,0.499662163,-0.000517723,0.001,0.001,1,0,Cidec
Gm37159,0.499703973,-0.000132166,0.001,0.001,1,0,Gm37159
Myorg,0.500000468,0.004730778,0.025,0.027,1,0,Myorg
Setd4,0.500076272,-0.004013365,0.012,0.013,1,0,Setd4
Gm26640,0.500136571,-0.004926639,0.003,0.003,1,0,Gm26640
Tmem79,0.500156973,-0.002427117,0.003,0.003,1,0,Tmem79
Atp6v1h,0.500617395,0.031217514,0.134,0.132,1,0,Atp6v1h
Zfp579,0.50085842,0.001730193,0.028,0.03,1,0,Zfp579
Aig1,0.501156044,0.02030107,0.164,0.161,1,0,Aig1
Parp9,0.501161381,-0.03042698,0.134,0.138,1,0,Parp9
E030022I16Rik,0.501320614,0.000684373,0.003,0.003,1,0,E030022I16Rik
Gm32687,0.501422756,-0.001178419,0.003,0.003,1,0,Gm32687
Rpl23a-ps3,0.501733539,0.001311356,0.012,0.013,1,0,Rpl23a-ps3
Zfp580,0.502056439,-0.014128681,0.025,0.027,1,0,Zfp580
Dexi,0.502073208,-0.006408205,0.052,0.055,1,0,Dexi
Smyd3,0.502076007,0.003083359,0.027,0.026,1,0,Smyd3
Ate1,0.502848906,-0.014813835,0.132,0.129,1,0,Ate1
Ythdf3,0.503153805,0.001818399,0.099,0.103,1,0,Ythdf3
Uchl3,0.503510421,0.028972514,0.097,0.095,1,0,Uchl3
Tac1,0.503555868,-0.102180477,0.048,0.05,1,0,Tac1
Atxn3,0.503563508,-0.005572746,0.035,0.037,1,0,Atxn3
Gm27029,0.503755789,0.008624316,0.005,0.004,1,0,Gm27029
9630013D21Rik,0.503970704,-0.004840371,0.003,0.003,1,0,9630013D21Rik
Cd68,0.50420457,-0.010043211,0.027,0.029,1,0,Cd68
Zfp398,0.504213343,0.007102607,0.035,0.033,1,0,Zfp398
Gpr89,0.504357982,0.007959235,0.048,0.045,1,0,Gpr89
Stx19,0.504394271,-0.005434142,0.012,0.013,1,0,Stx19
Psmd14,0.504571313,0.003296113,0.201,0.208,1,0,Psmd14
Lyl1,0.504932818,0.00133273,0.004,0.003,1,0,Lyl1
Rps19-ps8,0.504946868,-0.001419698,0.006,0.005,1,0,Rps19-ps8
Uqcrh-ps1,0.505010746,-0.002127286,0.003,0.003,1,0,Uqcrh-ps1
Pex2,0.505076232,0.013667563,0.091,0.095,1,0,Pex2
2810414N06Rik,0.505223139,-0.003204258,0.003,0.003,1,0,2810414N06Rik
Aqp11,0.505256209,0.002435642,0.004,0.003,1,0,Aqp11
Cdc42bpb,0.50548695,0.006826124,0.031,0.029,1,0,Cdc42bpb
Orc5,0.505953217,0.013736118,0.026,0.024,1,0,Orc5
Gm17024,0.506801645,-0.00020653,0.004,0.003,1,0,Gm17024
Tmem234,0.50716096,0.005917941,0.396,0.396,1,0,Tmem234
Hmgb1-ps8,0.507560538,-0.003787001,0.001,0.001,1,0,Hmgb1-ps8
Ccl4,0.507641998,0.004365311,0.001,0.001,1,0,Ccl4
Alkbh7,0.507846981,0.024057196,0.061,0.059,1,0,Alkbh7
Herc4,0.507853825,0.017029812,0.052,0.055,1,0,Herc4
Stx1b,0.50804093,0.000678937,0.01,0.009,1,0,Stx1b
Gm23833,0.508232855,0.002083937,0.002,0.001,1,0,Gm23833
Gm26826,0.508232855,0.001430411,0.002,0.001,1,0,Gm26826
Gm3272,0.508293634,0.001207471,0.002,0.001,1,0,Gm3272
Mtcp1,0.508473102,-0.005000788,0.006,0.007,1,0,Mtcp1
5830428M24Rik,0.508597584,0.003610111,0.002,0.001,1,0,5830428M24Rik
Gm3081,0.508784212,0.00456084,0.008,0.007,1,0,Gm3081
Rab40c,0.508899699,0.009119688,0.024,0.023,1,0,Rab40c
Gm45110,0.508949855,0.004568877,0.012,0.01,1,0,Gm45110
Gm8995,0.508962451,-0.00126086,0.002,0.001,1,0,Gm8995
Carmil1,0.50920957,-0.000655437,0.017,0.018,1,0,Carmil1
Calr-ps,0.509621004,0.003602724,0.013,0.014,1,0,Calr-ps
Calr3,0.510707404,-0.003082851,0.002,0.003,1,0,Calr3
Gp1bb,0.510796135,0.001224754,0.002,0.003,1,0,Gp1bb
Parvaos,0.510817477,-0.001521158,0.004,0.005,1,0,Parvaos
Pcif1,0.510858477,-0.013557759,0.092,0.096,1,0,Pcif1
Gm5939,0.511062377,-0.000633631,0.002,0.003,1,0,Gm5939
Gm44916,0.511491506,0.003493447,0.003,0.002,1,0,Gm44916
Aldh1l1,0.511656486,-0.008064099,0.011,0.012,1,0,Aldh1l1
Rpl17-ps10,0.511838403,0.000638536,0.003,0.002,1,0,Rpl17-ps10
Rsl1,0.5118991,-0.004411309,0.013,0.012,1,0,Rsl1
Tbc1d22a,0.511960017,0.018012007,0.025,0.023,1,0,Tbc1d22a
A430005L14Rik,0.512156437,0.008135973,0.06,0.063,1,0,A430005L14Rik
Map3k7cl,0.512867431,-0.038526737,0.018,0.016,1,0,Map3k7cl
H2-Aa,0.512962069,0.005128291,0.006,0.006,1,0,H2-Aa
Tdrd3,0.513002338,0.025276108,0.108,0.106,1,0,Tdrd3
Rdh10,0.51303672,0.0175458,0.098,0.102,1,0,Rdh10
Gm37531,0.513179343,0.009146397,0.006,0.006,1,0,Gm37531
A530013C23Rik,0.513294028,-0.001430063,0.008,0.009,1,0,A530013C23Rik
Hltf,0.513312578,-0.006873575,0.092,0.096,1,0,Hltf
Casp9,0.513622576,0.003093165,0.015,0.017,1,0,Casp9
Mthfs,0.513702295,-0.008966383,0.034,0.036,1,0,Mthfs
Ggn,0.513841389,0.00343634,0.002,0.002,1,0,Ggn
Gm42930,0.513841389,0.003221805,0.002,0.002,1,0,Gm42930
Gm42514,0.514024215,0.005379969,0.002,0.002,1,0,Gm42514
Gm42902,0.514180949,0.002263086,0.002,0.002,1,0,Gm42902
Scyl2,0.514194227,-0.010395357,0.048,0.05,1,0,Scyl2
Espl1,0.514451361,0.007181231,0.008,0.009,1,0,Espl1
Pcyt2,0.514451466,-0.01602824,0.032,0.034,1,0,Pcyt2
Rpl21-ps13,0.514494492,-5.87E-06,0.002,0.002,1,0,Rpl21-ps13
Hsd17b14,0.514780375,-0.004225496,0.002,0.003,1,0,Hsd17b14
Rhot2,0.514832396,-0.013676354,0.027,0.029,1,0,Rhot2
Ppp2r5a,0.514904632,-0.005513528,0.16,0.157,1,0,Ppp2r5a
Zdhhc21,0.514921967,0.01232893,0.053,0.056,1,0,Zdhhc21
Gm27928,0.514964994,0.000658628,0.002,0.002,1,0,Gm27928
Pex7,0.515165693,-0.011035055,0.053,0.055,1,0,Pex7
Gm15522,0.515216791,-0.005064811,0.004,0.004,1,0,Gm15522
Rgs20,0.515276938,0.000366147,0.006,0.006,1,0,Rgs20
Abcb8,0.515319749,-0.005054543,0.02,0.021,1,0,Abcb8
Pcdhga11,0.515406965,-0.001773729,0.002,0.003,1,0,Pcdhga11
Tvp23bos,0.515749659,0.000215044,0.002,0.002,1,0,Tvp23bos
Copg2,0.516063429,0.000704761,0.033,0.035,1,0,Copg2
Nhsl2,0.516194247,-0.006968063,0.048,0.05,1,0,Nhsl2
Fbxw4,0.516289501,0.00148571,0.002,0.003,1,0,Fbxw4
Sart1,0.516639286,0.011916339,0.112,0.117,1,0,Sart1
Trib1,0.516640124,-0.068535682,0.211,0.208,1,0,Trib1
Camsap2,0.51706516,0.000153969,0.116,0.121,1,0,Camsap2
Wdr54,0.517780559,-0.008282545,0.015,0.013,1,0,Wdr54
Gm44190,0.517820919,-0.007442789,0.002,0.003,1,0,Gm44190
Cytip,0.518380916,-0.001364682,0.001,0.001,1,0,Cytip
Gm42963,0.518550972,-0.003227299,0.002,0.003,1,0,Gm42963
Pabpc5,0.518648352,-0.00341155,0.002,0.003,1,0,Pabpc5
Rfxap,0.518802697,0.008783332,0.044,0.042,1,0,Rfxap
Tmem62,0.518930552,0.011478768,0.014,0.013,1,0,Tmem62
Ywhae,0.519055434,-0.010388028,0.527,0.518,1,0,Ywhae
Dr1,0.519433437,-0.001137024,0.06,0.063,1,0,Dr1
Dmrta2,0.519571676,-0.001641829,0.001,0.001,1,0,Dmrta2
Pglyrp1,0.51964495,-0.003565968,0.001,0.001,1,0,Pglyrp1
Gm16534,0.519681589,-0.001738633,0.001,0.001,1,0,Gm16534
Myh8,0.519791514,-0.011305262,0.001,0.001,1,0,Myh8
Lrrc29,0.519938098,-0.000988301,0.001,0.001,1,0,Lrrc29
Ppp1r2-ps3,0.519938098,-0.001188581,0.001,0.001,1,0,Ppp1r2-ps3
Gpr21,0.519938098,-0.002006666,0.001,0.001,1,0,Gpr21
Gm16253,0.520011399,-0.001375277,0.001,0.001,1,0,Gm16253
Gm43387,0.520011399,-0.001548631,0.001,0.001,1,0,Gm43387
Gm7841,0.520121359,-0.000929838,0.001,0.001,1,0,Gm7841
Gm10509,0.520158016,-0.001019382,0.001,0.001,1,0,Gm10509
4633401B06Rik,0.520158016,-0.001958673,0.001,0.001,1,0,4633401B06Rik
Apopt1,0.520210752,-0.009240646,0.102,0.106,1,0,Apopt1
Gm49730,0.520267992,-0.000637314,0.001,0.001,1,0,Gm49730
A930030B08Rik,0.520267992,-0.001883429,0.001,0.001,1,0,A930030B08Rik
Zfp617,0.520374528,-0.004563662,0.021,0.023,1,0,Zfp617
4930520O04Rik,0.520414646,-0.000699908,0.001,0.001,1,0,4930520O04Rik
Fndc7,0.520487981,-0.00084847,0.001,0.001,1,0,Fndc7
Ncoa4,0.520504495,-8.76E-05,0.015,0.014,1,0,Ncoa4
Gm37088,0.520524651,-0.000277064,0.001,0.001,1,0,Gm37088
Gm43338,0.520634667,0.000537579,0.001,0.001,1,0,Gm43338
Tcf3,0.52066431,0.029958505,0.081,0.08,1,0,Tcf3
D9Wsu149,0.520668228,0.00374029,0.006,0.007,1,0,D9Wsu149
Gm9970,0.520671342,-0.000248736,0.001,0.001,1,0,Gm9970
2810442N19Rik,0.520928103,0.000988272,0.001,0.001,1,0,2810442N19Rik
Gsg1,0.520928103,0.000649048,0.001,0.001,1,0,Gsg1
Gm19531,0.52126389,-0.004770017,0.005,0.006,1,0,Gm19531
Fbxo22,0.521326776,-0.000228256,0.064,0.067,1,0,Fbxo22
Gm14399,0.521366827,-0.0042958,0.004,0.004,1,0,Gm14399
E330011M16Rik,0.521553093,-0.002416008,0.004,0.004,1,0,E330011M16Rik
Vcpip1,0.521786658,0.001321794,0.088,0.085,1,0,Vcpip1
E030030I06Rik,0.521898863,-0.002316977,0.005,0.006,1,0,E030030I06Rik
Zbtb1,0.521959584,0.01145713,0.091,0.095,1,0,Zbtb1
Gm10110,0.522381183,0.003576534,0.021,0.022,1,0,Gm10110
Gm21887,0.522477143,0.001365695,0.011,0.012,1,0,Gm21887
Apba1,0.522516645,0.0141113,0.029,0.027,1,0,Apba1
Tmem128,0.52269947,0.011779365,0.086,0.09,1,0,Tmem128
Phtf2,0.523004916,-0.003156469,0.024,0.026,1,0,Phtf2
Gm30074,0.523186309,0.000791564,0.005,0.006,1,0,Gm30074
Gria2,0.523336212,0.001101597,0.002,0.002,1,0,Gria2
Pcmtd1,0.523469782,-0.017058076,0.171,0.176,1,0,Pcmtd1
AA388235,0.523798562,0.001105904,0.002,0.002,1,0,AA388235
Gm42659,0.523831549,-0.004911974,0.009,0.01,1,0,Gm42659
Tatdn2,0.523909497,0.020882513,0.038,0.036,1,0,Tatdn2
Paf1,0.523959977,-0.020323956,0.14,0.144,1,0,Paf1
Pik3cb,0.524184013,0.001434303,0.002,0.002,1,0,Pik3cb
Ppp1r21,0.524200792,0.011581347,0.06,0.058,1,0,Ppp1r21
Zfp763,0.524351427,-0.000889882,0.007,0.008,1,0,Zfp763
Denr,0.524912502,0.018826281,0.283,0.284,1,0,Denr
Ano10,0.525041204,0.017187343,0.089,0.087,1,0,Ano10
Pafah2,0.525315807,0.023150432,0.024,0.022,1,0,Pafah2
Zc3hc1,0.525344408,-0.003675674,0.045,0.047,1,0,Zc3hc1
Gpr137b,0.525358928,0.005715412,0.018,0.019,1,0,Gpr137b
Nr2f1,0.525450698,-0.005221838,0.033,0.035,1,0,Nr2f1
Drap1,0.525476111,-0.001048506,0.334,0.332,1,0,Drap1
Eif1-ps2,0.525776221,-0.002379712,0.001,0.001,1,0,Eif1-ps2
Usf2,0.525824624,-0.010701039,0.124,0.129,1,0,Usf2
Gm9290,0.525843234,-0.001714512,0.001,0.001,1,0,Gm9290
Gm45311,0.525843234,-0.002548126,0.001,0.001,1,0,Gm45311
Shcbp1l,0.525910251,-0.001735179,0.001,0.001,1,0,Shcbp1l
Gm33882,0.525977272,-0.00141678,0.001,0.001,1,0,Gm33882
Gm14584,0.526029652,-0.002972304,0.002,0.002,1,0,Gm14584
E430024P14Rik,0.526044297,-0.002386804,0.001,0.001,1,0,E430024P14Rik
Gm20682,0.526111327,-0.001267482,0.001,0.001,1,0,Gm20682
Gm6218,0.526117436,-0.006854064,0.003,0.004,1,0,Gm6218
Abcd1,0.526127916,0.013092074,0.031,0.03,1,0,Abcd1
Cept1,0.52617961,0.048463058,0.086,0.084,1,0,Cept1
Dnah12,0.526206314,-0.000944691,0.002,0.002,1,0,Dnah12
Zfp937,0.526206704,0.002024751,0.015,0.016,1,0,Zfp937
Mir337,0.526278921,-0.00141063,0.001,0.001,1,0,Mir337
Gm9658,0.526345967,-0.000217146,0.001,0.001,1,0,Gm9658
Baiap3,0.526379491,-0.001312718,0.001,0.001,1,0,Baiap3
Gm16759,0.526383006,-0.002319146,0.002,0.002,1,0,Gm16759
Gm49378,0.526573324,-0.001009239,0.002,0.002,1,0,Gm49378
Pcdhga1,0.526654425,-0.005659938,0.001,0.002,1,0,Pcdhga1
Gm20492,0.52674833,0.002077194,0.001,0.001,1,0,Gm20492
Gm15445,0.526820061,0.003911288,0.003,0.003,1,0,Gm15445
Dnah8,0.526922797,0.004350057,0.006,0.005,1,0,Dnah8
Asic3,0.52694957,0.002753523,0.001,0.001,1,0,Asic3
Gm22633,0.527016659,0.000607363,0.001,0.001,1,0,Gm22633
Plcxd1,0.527050205,0.002094383,0.001,0.001,1,0,Plcxd1
Gm38055,0.527053968,-0.004574621,0.001,0.002,1,0,Gm38055
Gm8520,0.5271173,0.001095307,0.001,0.001,1,0,Gm8520
Gm3724,0.527174592,-0.003553345,0.001,0.002,1,0,Gm3724
Vash2,0.527229608,0.013218879,0.014,0.015,1,0,Vash2
Atp5l-ps2,0.527246858,-0.002772098,0.001,0.002,1,0,Atp5l-ps2
Ubtf,0.527308497,0.016850921,0.296,0.298,1,0,Ubtf
Gm38901,0.527394646,-0.001856546,0.001,0.002,1,0,Gm38901
Gm47652,0.527416582,0.00222947,0.002,0.002,1,0,Gm47652
Atp8b4,0.527637182,-0.001060691,0.001,0.002,1,0,Atp8b4
Gm15533,0.527658289,-9.04E-05,0.01,0.011,1,0,Gm15533
Muc2,0.527723941,-0.001028697,0.001,0.002,1,0,Muc2
Retn,0.527797411,-0.003143094,0.001,0.002,1,0,Retn
Gm10155,0.527797411,-0.00321002,0.001,0.002,1,0,Gm10155
Gm6474,0.527828399,-0.002984369,0.001,0.002,1,0,Gm6474
Lta4h,0.527832342,0.02200767,0.146,0.144,1,0,Lta4h
Dnttip1,0.527853384,0.029156684,0.056,0.054,1,0,Dnttip1
Mcoln1,0.527956901,-0.00721277,0.067,0.071,1,0,Mcoln1
AU040320,0.52800555,0.002963446,0.041,0.043,1,0,AU040320
Gm17259,0.528042119,-0.001033342,0.001,0.002,1,0,Gm17259
Xk,0.528042119,-0.002847753,0.001,0.002,1,0,Xk
Zfp850,0.528076339,-0.001807674,0.001,0.002,1,0,Zfp850
Zfp114,0.528157844,-0.002212466,0.001,0.002,1,0,Zfp114
Gm12244,0.528200332,-0.000815052,0.001,0.002,1,0,Gm12244
Gm15879,0.528231332,-0.000313579,0.001,0.002,1,0,Gm15879
Gm37180,0.528231332,-0.001011322,0.001,0.002,1,0,Gm37180
Afmid,0.528244646,0.000361835,0.001,0.002,1,0,Afmid
Endou,0.528262334,-0.004327393,0.001,0.002,1,0,Endou
Ccz1,0.528271033,0.034708573,0.109,0.107,1,0,Ccz1
Gm13827,0.528302518,0.001442773,0.001,0.002,1,0,Gm13827
Slc2a4rg-ps,0.528387885,-0.005481112,0.008,0.009,1,0,Slc2a4rg-ps
Gm26621,0.528638181,-0.000709566,0.008,0.007,1,0,Gm26621
Mapk8ip1,0.528673049,-0.004939259,0.045,0.043,1,0,Mapk8ip1
Crybg3,0.528958672,-0.024714137,0.049,0.051,1,0,Crybg3
Gm11868,0.528967149,0.000301349,0.004,0.004,1,0,Gm11868
Paqr3,0.529166804,-0.001561972,0.003,0.003,1,0,Paqr3
Nol6,0.529180376,-0.001827363,0.024,0.026,1,0,Nol6
Gm29055,0.52958026,0.000600654,0.004,0.004,1,0,Gm29055
Camsap1,0.529750093,-0.004451032,0.049,0.052,1,0,Camsap1
Atr,0.52998268,-0.008745811,0.032,0.034,1,0,Atr
D7Bwg0826e,0.530512748,-7.75E-05,0.003,0.004,1,0,D7Bwg0826e
Sp3,0.530651866,0.005592759,0.16,0.166,1,0,Sp3
Mark3,0.53098954,0.033151265,0.177,0.176,1,0,Mark3
Snhg6,0.531213368,0.017682411,0.142,0.149,1,0,Snhg6
Map7,0.531314432,0.002539387,0.025,0.024,1,0,Map7
Ctc1,0.531384113,-0.00579299,0.018,0.02,1,0,Ctc1
Dcaf17,0.531478678,-0.005810079,0.05,0.053,1,0,Dcaf17
Rabep2,0.531540923,0.009557206,0.041,0.039,1,0,Rabep2
Socs7,0.531647613,0.007545951,0.042,0.04,1,0,Socs7
Mid1,0.53179123,0.00210895,0.015,0.016,1,0,Mid1
1700048O20Rik,0.531842509,0.004800217,0.01,0.009,1,0,1700048O20Rik
Nrde2,0.531989897,0.00458474,0.025,0.024,1,0,Nrde2
Uba52-ps,0.53203941,0.00291479,0.002,0.001,1,0,Uba52-ps
Zfp953,0.532104562,-0.000611225,0.006,0.006,1,0,Zfp953
Gm15972,0.532128567,0.005040536,0.006,0.005,1,0,Gm15972
Gm28071,0.532270427,0.003039826,0.002,0.001,1,0,Gm28071
Ctnna1,0.532275865,0.004415091,0.316,0.314,1,0,Ctnna1
Slc38a6,0.53241097,-0.012014069,0.055,0.058,1,0,Slc38a6
1700066M21Rik,0.532427908,0.002454626,0.011,0.012,1,0,1700066M21Rik
Gm12693,0.532538838,0.001579574,0.009,0.008,1,0,Gm12693
Gm37174,0.532633557,0.003266861,0.002,0.001,1,0,Gm37174
Gm43378,0.532864705,-0.000241368,0.002,0.001,1,0,Gm43378
Olfr1034,0.533029842,0.000940943,0.002,0.001,1,0,Olfr1034
Gm49959,0.533062873,0.001337096,0.002,0.001,1,0,Gm49959
Rmnd5b,0.53307784,-0.012454176,0.033,0.035,1,0,Rmnd5b
Rab11fip4,0.533128937,-0.000799916,0.002,0.001,1,0,Rab11fip4
Cldn4,0.533173313,0.000921881,0.001,0,1,0,Cldn4
Xkr8,0.533405416,0.001780085,0.014,0.013,1,0,Xkr8
Gm50107,0.533492363,0.002221945,0.002,0.001,1,0,Gm50107
Gm49284,0.533822859,-0.001435523,0.002,0.001,1,0,Gm49284
Zmat2,0.533853753,0.001866433,0.225,0.225,1,0,Zmat2
Gm3219,0.533986838,-0.00652799,0.003,0.004,1,0,Gm3219
Wnt16,0.53399824,-0.002567872,0.022,0.023,1,0,Wnt16
Gm20404,0.534021207,-0.001221381,0.002,0.001,1,0,Gm20404
Lhfpl5,0.53438494,-0.001782089,0.002,0.001,1,0,Lhfpl5
Pigl,0.534607701,-2.61E-05,0.009,0.008,1,0,Pigl
Sik2,0.534790425,-0.023190247,0.027,0.029,1,0,Sik2
Ror2,0.535459491,0.014134812,0.042,0.044,1,0,Ror2
Ilvbl,0.535560524,0.011744793,0.053,0.056,1,0,Ilvbl
Gm20939,0.53556477,-0.003835478,0.003,0.004,1,0,Gm20939
Tmem260,0.535586654,0.011945773,0.052,0.05,1,0,Tmem260
Ackr4,0.535606001,-0.003204034,0.009,0.01,1,0,Ackr4
Klhl8,0.535689724,-0.012589715,0.029,0.031,1,0,Klhl8
Rnf145,0.535723069,0.033324673,0.139,0.137,1,0,Rnf145
Usp11,0.535750472,0.021555204,0.034,0.033,1,0,Usp11
Nox4,0.535860587,-0.013456658,0.144,0.14,1,0,Nox4
Ccdc62,0.536010932,0.000863159,0.009,0.008,1,0,Ccdc62
Ufsp1,0.536104602,-0.003489029,0.003,0.004,1,0,Ufsp1
4833412C15Rik,0.536262881,-0.001803371,0.003,0.002,1,0,4833412C15Rik
Ovca2,0.53673572,0.002930165,0.015,0.017,1,0,Ovca2
Gm17018,0.536878749,0.023029754,0.06,0.064,1,0,Gm17018
Gm49373,0.536973103,-0.002073272,0.003,0.002,1,0,Gm49373
Eef1d,0.536981152,-0.004546194,0.436,0.432,1,0,Eef1d
Zhx3,0.537096671,-0.012989814,0.098,0.095,1,0,Zhx3
Cecr2,0.537314666,-0.003995384,0.005,0.006,1,0,Cecr2
Exoc1,0.537608858,0.02201546,0.059,0.062,1,0,Exoc1
Mbd1,0.537703944,-0.021099442,0.088,0.092,1,0,Mbd1
Mgst2,0.53784592,0.000700345,0.003,0.004,1,0,Mgst2
Zfp429,0.537854935,0.001836455,0.011,0.01,1,0,Zfp429
Gm16589,0.538140385,0.006736869,0.022,0.02,1,0,Gm16589
Chd3,0.538361537,-0.012527295,0.248,0.255,1,0,Chd3
Armc3,0.538367126,0.003797618,0.002,0.002,1,0,Armc3
Fbxl14,0.538454486,0.008430892,0.044,0.042,1,0,Fbxl14
Trim11,0.538467373,0.021511884,0.052,0.05,1,0,Trim11
Rpl30-ps11,0.538674048,0.00231581,0.002,0.002,1,0,Rpl30-ps11
Gm9806,0.538813587,0.003075368,0.002,0.002,1,0,Gm9806
5330438D12Rik,0.538871481,0.002578181,0.004,0.003,1,0,5330438D12Rik
Abhd11os,0.539412017,-0.007886099,0.025,0.027,1,0,Abhd11os
Clcn6,0.539548189,-0.01467188,0.021,0.022,1,0,Clcn6
Gm6170,0.539651202,0.000373163,0.002,0.002,1,0,Gm6170
Gm38381,0.539778983,0.001893451,0.004,0.003,1,0,Gm38381
Gm39214,0.539790868,-0.000247057,0.002,0.002,1,0,Gm39214
Gm37320,0.539862469,-0.000243401,0.004,0.003,1,0,Gm37320
Alg10b,0.540112088,0.042769053,0.068,0.067,1,0,Alg10b
mt-Tm,0.540180367,-0.003160564,0.006,0.005,1,0,mt-Tm
Naa35,0.540197116,-0.002027958,0.11,0.115,1,0,Naa35
Nt5dc1,0.540367775,-0.001972134,0.027,0.029,1,0,Nt5dc1
Hdac11,0.540634928,0.000369083,0.014,0.015,1,0,Hdac11
Tomm6,0.540759122,-0.005911676,0.047,0.05,1,0,Tomm6
Zbtb49,0.540830436,-0.004041151,0.011,0.012,1,0,Zbtb49
Gm7530,0.540864815,0.000360165,0.004,0.003,1,0,Gm7530
Crcp,0.541229848,0.015827832,0.08,0.078,1,0,Crcp
Bpgm,0.541382685,-0.02860985,0.033,0.035,1,0,Bpgm
Gm3364,0.541721721,0.000122874,0.004,0.003,1,0,Gm3364
Snupn,0.541896077,0.013642273,0.029,0.027,1,0,Snupn
Hectd4,0.542078832,0.019097419,0.042,0.04,1,0,Hectd4
Amigo1,0.542190314,-0.004594395,0.017,0.018,1,0,Amigo1
Osbpl8,0.54232562,0.020591061,0.109,0.107,1,0,Osbpl8
Pnpla7,0.542866169,0.011322356,0.018,0.016,1,0,Pnpla7
Elk1,0.543015763,0.023146309,0.047,0.045,1,0,Elk1
Trp53bp1,0.543166427,0.003922914,0.024,0.026,1,0,Trp53bp1
Gm11221,0.543317006,-0.003524445,0.004,0.005,1,0,Gm11221
Gm42611,0.543654309,-0.00167513,0.005,0.004,1,0,Gm42611
Gm5176,0.544063615,-0.005317364,0.005,0.006,1,0,Gm5176
Tmub1,0.544177286,-0.001695777,0.022,0.024,1,0,Tmub1
C9orf72,0.54447345,0.017036764,0.029,0.027,1,0,C9orf72
2900089D17Rik,0.544481697,0.000135911,0.006,0.007,1,0,2900089D17Rik
Gm43696,0.544486802,-0.002233294,0.007,0.006,1,0,Gm43696
Crppa,0.545128193,-0.003500526,0.021,0.022,1,0,Crppa
Mrrf,0.545168111,0.001953119,0.052,0.05,1,0,Mrrf
9930111J21Rik2,0.545182275,-0.015451872,0.052,0.049,1,0,9930111J21Rik2
Tram2,0.545221987,0.018561401,0.103,0.101,1,0,Tram2
Cln5,0.545678023,0.005352068,0.127,0.132,1,0,Cln5
Scpep1,0.545747918,-0.019517067,0.371,0.378,1,0,Scpep1
Atp5mpl,0.545765947,-0.023125582,0.405,0.41,1,0,Atp5mpl
Tmem126b,0.546211462,0.004949757,0.08,0.078,1,0,Tmem126b
Rnf25,0.546314229,0.014644709,0.034,0.033,1,0,Rnf25
Wdr59,0.546335734,-0.007459563,0.015,0.016,1,0,Wdr59
Mus81,0.546656967,-0.014579185,0.022,0.024,1,0,Mus81
Txndc11,0.546691376,0.012349663,0.098,0.096,1,0,Txndc11
Elmod2,0.547014977,0.014428772,0.066,0.07,1,0,Elmod2
9430064I24Rik,0.54704689,0.003190629,0.006,0.005,1,0,9430064I24Rik
Snx9,0.547153016,0.016686068,0.212,0.211,1,0,Snx9
Als2,0.547389399,0.001386953,0.006,0.005,1,0,Als2
Idnk,0.54739676,0.028911154,0.088,0.086,1,0,Idnk
Zgpat,0.547763305,-0.00229552,0.019,0.021,1,0,Zgpat
Greb1l,0.548079496,0.001135207,0.005,0.006,1,0,Greb1l
Zfp697,0.548227834,-0.007745809,0.009,0.01,1,0,Zfp697
Gm49502,0.548781779,-0.004698476,0.003,0.003,1,0,Gm49502
Abhd3,0.548888599,0.005822341,0.011,0.01,1,0,Abhd3
Gm10029,0.54894252,0.002936612,0.005,0.006,1,0,Gm10029
Mavs,0.548974909,-0.010567115,0.024,0.025,1,0,Mavs
Dxo,0.548979976,0.012261482,0.054,0.057,1,0,Dxo
Snx24,0.548991316,0.001430785,0.074,0.078,1,0,Snx24
Fam209,0.549338361,0.005138553,0.003,0.003,1,0,Fam209
Gm5915,0.54938615,-0.002374743,0.003,0.003,1,0,Gm5915
Zfp85,0.549472515,-0.001799191,0.003,0.003,1,0,Zfp85
Cyp2r1,0.549623671,-0.001975278,0.003,0.003,1,0,Cyp2r1
Kdm3b,0.549654952,-0.014306507,0.056,0.058,1,0,Kdm3b
Gm42986,0.549658358,0.006434498,0.006,0.005,1,0,Gm42986
Gm43088,0.549813171,-0.000635015,0.007,0.008,1,0,Gm43088
Fbl,0.550124455,-0.008891461,0.125,0.13,1,0,Fbl
B230303O12Rik,0.550143701,0.004369874,0.004,0.004,1,0,B230303O12Rik
Gm48740,0.550339345,-0.001916092,0.006,0.005,1,0,Gm48740
Wnt5a,0.550480612,-0.016057143,0.131,0.135,1,0,Wnt5a
Plek,0.550626483,-0.003947297,0.009,0.01,1,0,Plek
Zfyve1,0.550711969,-0.006984366,0.025,0.026,1,0,Zfyve1
Mthfd1,0.550853155,0.000971803,0.041,0.043,1,0,Mthfd1
Map2k5,0.550902602,0.002961472,0.047,0.05,1,0,Map2k5
Ggact,0.551047115,0.003051733,0.009,0.008,1,0,Ggact
Osgep,0.551106089,0.005775099,0.16,0.166,1,0,Osgep
Ap5m1,0.551219946,0.001783864,0.038,0.036,1,0,Ap5m1
Apc2,0.551291928,0.00130878,0.004,0.004,1,0,Apc2
4921504A21Rik,0.551402085,-0.002774003,0.004,0.005,1,0,4921504A21Rik
Ppp1r12a,0.551829718,-0.124005661,0.347,0.35,1,0,Ppp1r12a
Homer1,0.551893404,0.018165703,0.063,0.061,1,0,Homer1
Itsn1,0.55199691,0.020920927,0.186,0.186,1,0,Itsn1
3-Mar,0.552127703,0.004104182,0.013,0.012,1,0,3-Mar
Tcaim,0.552825829,-0.010037876,0.016,0.017,1,0,Tcaim
Mapkbp1,0.552962704,0.000954278,0.032,0.034,1,0,Mapkbp1
Mars2,0.553003284,-9.46E-06,0.007,0.008,1,0,Mars2
Atf2,0.553393591,0.01025057,0.117,0.121,1,0,Atf2
Zfp97,0.553649089,-0.00430415,0.009,0.01,1,0,Zfp97
Cad,0.553675346,0.008905326,0.047,0.045,1,0,Cad
Wdr45b,0.554144384,0.042820952,0.146,0.145,1,0,Wdr45b
Dclre1c,0.554470115,0.000136658,0.013,0.012,1,0,Dclre1c
Nup160,0.554566296,0.016511221,0.024,0.026,1,0,Nup160
Sgsm3,0.55486964,0.004463721,0.027,0.026,1,0,Sgsm3
A130014A01Rik,0.555399408,-0.009693263,0.004,0.004,1,0,A130014A01Rik
Gm13736,0.555433603,-0.001818773,0.005,0.006,1,0,Gm13736
Herpud2,0.555669829,0.002812919,0.101,0.105,1,0,Herpud2
Inha,0.55629551,0.011880856,0.008,0.007,1,0,Inha
Dennd4c,0.556379731,-0.006790244,0.032,0.033,1,0,Dennd4c
Slc26a2,0.556492881,0.045762618,0.094,0.092,1,0,Slc26a2
Pheta1,0.556580801,0.001257767,0.021,0.02,1,0,Pheta1
Tctn1,0.556687325,-0.009701701,0.022,0.024,1,0,Tctn1
Sugp1,0.55671239,-0.010379726,0.048,0.05,1,0,Sugp1
Kctd2,0.556748712,0.022785291,0.043,0.042,1,0,Kctd2
Pcdhb11,0.557117556,0.003853835,0.005,0.004,1,0,Pcdhb11
Suco,0.557128525,-0.003722076,0.149,0.147,1,0,Suco
Galnt11,0.557172119,0.023452988,0.061,0.059,1,0,Galnt11
Rpl36a-ps2,0.557208454,0.001372939,0.051,0.054,1,0,Rpl36a-ps2
Gm11613,0.557217965,-0.002409085,0.003,0.003,1,0,Gm11613
Kmt2d,0.55753611,-0.029861516,0.066,0.069,1,0,Kmt2d
Gm49331,0.557823309,0.005169411,0.006,0.007,1,0,Gm49331
Usp42,0.55798695,-0.001011961,0.045,0.047,1,0,Usp42
Ghitm,0.558104274,0.001204586,0.296,0.306,1,0,Ghitm
Agap3,0.558155445,0.002251528,0.069,0.072,1,0,Agap3
Gm4968,0.558164581,-0.000516197,0.003,0.003,1,0,Gm4968
Dus2,0.558195409,0.004853935,0.023,0.024,1,0,Dus2
Gm5865,0.558219031,-0.002068313,0.015,0.016,1,0,Gm5865
Ascc2,0.558250412,0.02898452,0.06,0.059,1,0,Ascc2
Etaa1os,0.558322426,0.003100019,0.003,0.003,1,0,Etaa1os
Neu1,0.558747573,-0.013079421,0.07,0.073,1,0,Neu1
Gm49760,0.558934493,0.006411621,0.003,0.002,1,0,Gm49760
Gm12804,0.558976587,0.001130066,0.003,0.003,1,0,Gm12804
Gm21986,0.559192364,0.003489356,0.001,0.001,1,0,Gm21986
Gm12182,0.559264679,0.001024799,0.001,0.001,1,0,Gm12182
Gm42595,0.559580595,0.003633153,0.007,0.008,1,0,Gm42595
Gm43062,0.559631559,-0.006457601,0.008,0.009,1,0,Gm43062
Rimkla,0.559662492,0.002087612,0.001,0.001,1,0,Rimkla
Gm15790,0.559698664,0.002988161,0.001,0.001,1,0,Gm15790
Bloc1s2-ps,0.559734837,0.000642561,0.001,0.001,1,0,Bloc1s2-ps
Gm15766,0.559771011,0.002145137,0.001,0.001,1,0,Gm15766
Gm7468,0.559771011,0.001384202,0.001,0.001,1,0,Gm7468
AK157302,0.559771011,0.000831095,0.001,0.001,1,0,AK157302
Gm14840,0.559843362,0.000373189,0.001,0.001,1,0,Gm14840
Gm15538,0.559951897,0.000714722,0.001,0.001,1,0,Gm15538
Oaz3,0.56002426,0.000396491,0.001,0.001,1,0,Oaz3
Gm4852,0.560060443,0.000322326,0.001,0.001,1,0,Gm4852
Gm50021,0.560096627,0.003656035,0.001,0.001,1,0,Gm50021
Gm25873,0.560277564,0.000324469,0.001,0.001,1,0,Gm25873
Prxl2c,0.560413677,-0.005200891,0.215,0.223,1,0,Prxl2c
Chst12,0.560436551,0.032111792,0.174,0.174,1,0,Chst12
Gm42463,0.56045853,-0.001457381,0.001,0.001,1,0,Gm42463
Gm7434,0.560469989,-0.002798318,0.008,0.009,1,0,Gm7434
Pkd1l3,0.560488624,0.002469915,0.003,0.002,1,0,Pkd1l3
Tmem160,0.560508279,0.01764048,0.204,0.213,1,0,Tmem160
Slc7a15,0.560603323,-0.000124978,0.001,0.001,1,0,Slc7a15
Gm43005,0.560929342,0.002456358,0.003,0.002,1,0,Gm43005
Phyhipl,0.561192906,0.003990644,0.004,0.003,1,0,Phyhipl
Cep295nl,0.561233412,0.003220651,0.008,0.007,1,0,Cep295nl
Phrf1,0.561603079,0.002328033,0.069,0.072,1,0,Phrf1
Asah1,0.561784726,0.030838249,0.218,0.217,1,0,Asah1
Kxd1,0.561871569,-0.018771291,0.08,0.083,1,0,Kxd1
Tstd3,0.561876155,0.016953156,0.03,0.028,1,0,Tstd3
Wdr90,0.562094301,0.005910345,0.005,0.004,1,0,Wdr90
Cpeb3,0.56210439,0.010451949,0.035,0.033,1,0,Cpeb3
Cradd,0.562476941,0.002886661,0.034,0.036,1,0,Cradd
Xlr3b,0.562699182,0.005077498,0.004,0.003,1,0,Xlr3b
Gm2387,0.562998312,-0.003068497,0.002,0.003,1,0,Gm2387
Ppef2,0.563115957,-0.005262057,0.002,0.003,1,0,Ppef2
Psd2,0.563223562,0.000427311,0.004,0.003,1,0,Psd2
Oasl1,0.563538685,0.011093135,0.02,0.019,1,0,Oasl1
Agrn,0.564417694,0.008901586,0.08,0.078,1,0,Agrn
Gm37285,0.564569482,0.002390106,0.002,0.002,1,0,Gm37285
Kcng2,0.564682619,0.002766008,0.005,0.005,1,0,Kcng2
Rptor,0.564713955,0.002262057,0.037,0.036,1,0,Rptor
Lrrc45,0.564750502,0.00609533,0.062,0.064,1,0,Lrrc45
Auh,0.564760926,0.006164405,0.094,0.098,1,0,Auh
Gm48432,0.564793789,0.003365811,0.002,0.002,1,0,Gm48432
Gm38355,0.565077974,0.001059521,0.002,0.002,1,0,Gm38355
Ttc27,0.565226165,0.023853579,0.033,0.032,1,0,Ttc27
Rnf114,0.565981355,0.035286905,0.084,0.082,1,0,Rnf114
Tti2,0.566135402,0.004952406,0.019,0.018,1,0,Tti2
Ankrd42,0.566385248,0.003053696,0.011,0.01,1,0,Ankrd42
Dnah7b,0.566415005,-0.001333125,0.007,0.008,1,0,Dnah7b
Gm20631,0.566516572,-0.003264672,0.004,0.004,1,0,Gm20631
Ctcfl,0.566544859,-0.001463314,0.002,0.002,1,0,Ctcfl
Chmp7,0.566626002,0.019606141,0.065,0.063,1,0,Chmp7
Gin1,0.566631723,-0.000587463,0.028,0.03,1,0,Gin1
Rnf216,0.566709701,0.026928223,0.136,0.135,1,0,Rnf216
Zswim7,0.566874218,0.013137317,0.032,0.031,1,0,Zswim7
2310001H17Rik,0.566994395,0.002661106,0.017,0.016,1,0,2310001H17Rik
Igf2bp3,0.567475579,0.000960213,0.017,0.018,1,0,Igf2bp3
Dpyd,0.567477935,-0.001406362,0.01,0.011,1,0,Dpyd
Ganab,0.567538486,0.011241702,0.151,0.156,1,0,Ganab
Cggbp1,0.568951561,-0.003011162,0.253,0.262,1,0,Cggbp1
4930578M01Rik,0.569175137,-0.00813215,0.002,0.003,1,0,4930578M01Rik
Cnot6l,0.569255224,-0.005307005,0.104,0.108,1,0,Cnot6l
AW554918,0.56937176,-0.003746233,0.018,0.019,1,0,AW554918
Pmel,0.569392817,0.003541216,0.004,0.004,1,0,Pmel
Rbm12b2,0.569429103,0.004763127,0.012,0.011,1,0,Rbm12b2
Gm20702,0.569693015,-0.002743129,0.002,0.003,1,0,Gm20702
Zfp141,0.570006727,-0.000414058,0.014,0.016,1,0,Zfp141
BB123696,0.570457913,-0.003413163,0.002,0.003,1,0,BB123696
Msl2,0.570494346,0.001906941,0.084,0.088,1,0,Msl2
Slc4a2,0.570538128,-0.010353422,0.07,0.073,1,0,Slc4a2
Aasdh,0.570702582,0.010440559,0.013,0.012,1,0,Aasdh
Gm17749,0.570758717,0.004623718,0.004,0.003,1,0,Gm17749
Ciart,0.570976347,-0.001676358,0.002,0.003,1,0,Ciart
Gm6533,0.571777355,0.001975885,0.004,0.003,1,0,Gm6533
Gm4939,0.571798152,0.004774362,0.004,0.003,1,0,Gm4939
1700086L19Rik,0.571881346,0.004310095,0.004,0.003,1,0,1700086L19Rik
Mrgprf,0.5720907,0.000931487,0.091,0.089,1,0,Mrgprf
Gm38340,0.572179906,-0.019818991,0.014,0.015,1,0,Gm38340
Pxk,0.572786842,0.021699927,0.158,0.157,1,0,Pxk
Srd5a1,0.572997874,0.004849,0.014,0.013,1,0,Srd5a1
Srpk2,0.573055828,-0.004205741,0.186,0.192,1,0,Srpk2
Hoxaas2,0.573328159,-0.00674371,0.003,0.004,1,0,Hoxaas2
Mapk11,0.573446203,-0.000680678,0.009,0.01,1,0,Mapk11
Ubox5,0.573481872,-0.002758451,0.006,0.007,1,0,Ubox5
Ift172,0.57349875,0.004584742,0.03,0.028,1,0,Ift172
4930522L14Rik,0.573964223,-0.003090666,0.011,0.012,1,0,4930522L14Rik
Gm10069,0.574278576,-0.004449746,0.003,0.004,1,0,Gm10069
Mcrs1,0.574283679,0.03004638,0.063,0.061,1,0,Mcrs1
Gm15696,0.57471717,0.007786006,0.003,0.003,1,0,Gm15696
Gm37670,0.574743946,-0.004228978,0.003,0.004,1,0,Gm37670
Hpcal1,0.574829401,0.017067199,0.096,0.094,1,0,Hpcal1
Pja1,0.575077251,0.001464455,0.153,0.15,1,0,Pja1
Tmem237,0.575240735,0.000308039,0.068,0.07,1,0,Tmem237
Rpl31-ps10,0.575444862,0.00155768,0.003,0.003,1,0,Rpl31-ps10
Lpar2,0.575594044,0.009842315,0.004,0.004,1,0,Lpar2
Hras,0.57623896,0.007912411,0.083,0.086,1,0,Hras
Impa1,0.576359189,0.009351298,0.086,0.09,1,0,Impa1
Gm5453,0.576402268,-0.001470539,0.006,0.005,1,0,Gm5453
4933400A11Rik,0.576415796,0.000907197,0.003,0.003,1,0,4933400A11Rik
Grtp1,0.576442928,-0.007257764,0.02,0.021,1,0,Grtp1
Gm9843,0.576514124,0.016294137,0.108,0.106,1,0,Gm9843
Epc2,0.576516988,-0.005506811,0.14,0.145,1,0,Epc2
Cbl,0.576523269,0.004939131,0.114,0.112,1,0,Cbl
BC051665,0.576563934,-0.004743079,0.002,0.002,1,0,BC051665
Tyk2,0.576594047,-0.016600786,0.033,0.034,1,0,Tyk2
Gm14411,0.576706714,-0.004242581,0.002,0.002,1,0,Gm14411
Arsg,0.576841294,0.008652742,0.012,0.013,1,0,Arsg
Nsun5,0.576853175,0.000729969,0.021,0.022,1,0,Nsun5
Zfp931,0.576863481,-0.001180347,0.024,0.026,1,0,Zfp931
Hoxc11,0.57696494,0.007613637,0.011,0.01,1,0,Hoxc11
Gm37736,0.577148139,-0.002977234,0.002,0.002,1,0,Gm37736
Ap1g2,0.577399193,-0.006561445,0.012,0.013,1,0,Ap1g2
Hypk,0.577615973,0.036057811,0.203,0.204,1,0,Hypk
Dcaf13,0.577654122,-0.008530326,0.084,0.087,1,0,Dcaf13
Gm5525,0.577742758,0.001961228,0.003,0.004,1,0,Gm5525
Capn1,0.577752213,0.010886506,0.044,0.042,1,0,Capn1
Unc13a,0.577991471,0.008372914,0.009,0.008,1,0,Unc13a
AL732309.1,0.578011885,0.004763629,0.016,0.015,1,0,AL732309.1
Eaf2,0.578083446,-0.002034331,0.002,0.002,1,0,Eaf2
Mbd5,0.578215383,0.013642652,0.052,0.05,1,0,Mbd5
Gm13712,0.578297293,-0.003563095,0.004,0.005,1,0,Gm13712
Btf3,0.578412335,-0.033910549,0.398,0.401,1,0,Btf3
Gm13743,0.578629371,0.001830089,0.002,0.002,1,0,Gm13743
Gm8712,0.578733384,-0.000313671,0.002,0.002,1,0,Gm8712
Snapc5,0.578887909,0.006242789,0.194,0.201,1,0,Snapc5
Gm10705,0.579253582,2.76E-05,0.002,0.002,1,0,Gm10705
Spata5,0.579291695,-0.001372413,0.02,0.021,1,0,Spata5
Camk2n2,0.579438293,0.002675434,0.007,0.008,1,0,Camk2n2
Gm38376,0.579526046,0.002671855,0.004,0.004,1,0,Gm38376
Gm9392,0.579936746,0.002016981,0.01,0.01,1,0,Gm9392
Usp6nl,0.580125362,0.000127708,0.025,0.027,1,0,Usp6nl
4430402I18Rik,0.580153568,0.001281035,0.007,0.006,1,0,4430402I18Rik
Tmem238,0.580330192,0.024137586,0.037,0.035,1,0,Tmem238
Sipa1l2,0.580452147,0.004334644,0.011,0.01,1,0,Sipa1l2
Zdhhc15,0.580648559,0.010392478,0.014,0.013,1,0,Zdhhc15
Gm43737,0.580672635,-0.000578993,0.013,0.014,1,0,Gm43737
Commd10,0.580709842,-0.004358529,0.093,0.096,1,0,Commd10
Rcc2,0.581140637,0.020194592,0.048,0.05,1,0,Rcc2
Guk1,0.581207072,0.026167361,0.122,0.127,1,0,Guk1
Golga1,0.581264901,-0.000991073,0.071,0.074,1,0,Golga1
Sphk2,0.581828478,-0.003913898,0.022,0.024,1,0,Sphk2
Tnks,0.581988855,0.012914514,0.102,0.1,1,0,Tnks
Dnajc8,0.58227577,-0.005269338,0.348,0.348,1,0,Dnajc8
Pdss2,0.582358493,0.001946983,0.015,0.017,1,0,Pdss2
Vps4a,0.582595145,-0.009125438,0.117,0.121,1,0,Vps4a
Eral1,0.582597472,0.001819835,0.018,0.019,1,0,Eral1
Klhdc4,0.582741977,-0.000501465,0.044,0.046,1,0,Klhdc4
Zfp384,0.583070728,-0.004641784,0.02,0.021,1,0,Zfp384
Bag4,0.583168885,0.010949876,0.031,0.03,1,0,Bag4
Ccdc25,0.583228222,0.017993384,0.186,0.193,1,0,Ccdc25
Arl4c,0.583537893,0.041117593,0.059,0.058,1,0,Arl4c
Ubl5,0.583576843,0.007848773,0.375,0.379,1,0,Ubl5
Gm36199,0.583602656,-0.003672491,0.002,0.002,1,0,Gm36199
Gm28370,0.584425069,-0.000326136,0.003,0.004,1,0,Gm28370
Nphp4,0.584446082,-0.002910344,0.003,0.004,1,0,Nphp4
Unc93a,0.584508607,0.000470675,0.002,0.002,1,0,Unc93a
Gm35638,0.584673396,-0.001624766,0.002,0.002,1,0,Gm35638
Polh,0.5848416,0.012467868,0.019,0.018,1,0,Polh
Retnla,0.584955997,0.00018921,0.011,0.01,1,0,Retnla
Gm48557,0.585139696,-0.000379723,0.003,0.004,1,0,Gm48557
Gm20517,0.585360248,0.000224203,0.002,0.002,1,0,Gm20517
Tigd5,0.58538773,0.000909324,0.002,0.002,1,0,Tigd5
U2surp,0.585430115,-0.036276629,0.348,0.354,1,0,U2surp
Atf6b,0.586198038,0.012605249,0.062,0.064,1,0,Atf6b
Gm6177,0.586294968,0.00676762,0.002,0.002,1,0,Gm6177
Nupr1l,0.586432485,0.00462349,0.002,0.002,1,0,Nupr1l
Gm43817,0.586927671,0.000336331,0.002,0.002,1,0,Gm43817
Gm7436,0.587367998,0.000851298,0.002,0.002,1,0,Gm7436
Gm30541,0.58761575,0.00163027,0.002,0.002,1,0,Gm30541
BC005561,0.587739823,0.005991861,0.136,0.134,1,0,BC005561
Gm13961,0.58796974,0.000913503,0.003,0.003,1,0,Gm13961
Gm31763,0.588111398,-0.002017495,0.002,0.002,1,0,Gm31763
Gm27209,0.588166481,-0.001887152,0.002,0.002,1,0,Gm27209
Ncf1,0.588221568,0.001959673,0.002,0.002,1,0,Ncf1
Fcrls,0.5882513,-0.001329985,0,0.001,1,0,Fcrls
Rps15a-ps8,0.588260808,0.003698349,0.005,0.005,1,0,Rps15a-ps8
Gm9887,0.588273905,-0.002246863,0.012,0.011,1,0,Gm9887
Fbxw9,0.588319795,0.003377371,0.036,0.038,1,0,Fbxw9
Nckap1l,0.588626923,-0.000378476,0,0.001,1,0,Nckap1l
Zfp524,0.588626968,-0.000776249,0.029,0.03,1,0,Zfp524
Scamp4,0.58875318,0.002375248,0.001,0.001,1,0,Scamp4
Kat14,0.588813859,0.031140911,0.031,0.03,1,0,Kat14
Gm45399,0.58887323,0.002360062,0.001,0.001,1,0,Gm45399
4933406C10Rik,0.588953269,0.005578917,0.001,0.001,1,0,4933406C10Rik
Gm45454,0.589113364,0.00216011,0.001,0.001,1,0,Gm45454
Gm48913,0.589353543,0.001248367,0.001,0.001,1,0,Gm48913
Gm31522,0.589353543,0.001113923,0.001,0.001,1,0,Gm31522
Inpp4a,0.58936211,-0.001282032,0.036,0.034,1,0,Inpp4a
Gm43780,0.589393577,0.000646648,0.001,0.001,1,0,Gm43780
Czib,0.589395245,0.012580737,0.181,0.188,1,0,Czib
Arntl2,0.589418367,-0.001790676,0.018,0.017,1,0,Arntl2
AA387883,0.589473649,0.000592404,0.001,0.001,1,0,AA387883
Gm45483,0.58948209,-0.000466501,0.003,0.003,1,0,Gm45483
Gm28535,0.589513687,0.000219765,0.001,0.001,1,0,Gm28535
Cdc42se1,0.589563436,0.026924419,0.164,0.163,1,0,Cdc42se1
Usp38,0.589578401,0.008256477,0.03,0.032,1,0,Usp38
Gm48673,0.589753942,-0.001049887,0.001,0.001,1,0,Gm48673
Gm48206,0.589874086,-0.000870551,0.001,0.001,1,0,Gm48206
0610009L18Rik,0.590064101,0.001483163,0.019,0.018,1,0,0610009L18Rik
Gm12404,0.590234586,-0.002395491,0.001,0.001,1,0,Gm12404
Gm37298,0.590339217,-0.004471965,0.002,0.002,1,0,Gm37298
Hmgxb3,0.590595785,-0.013797177,0.02,0.021,1,0,Hmgxb3
Slc2a1,0.590669522,0.014787346,0.058,0.057,1,0,Slc2a1
Ctps2,0.590734096,0.021659169,0.062,0.06,1,0,Ctps2
1700047M11Rik,0.590766702,-0.005846979,0.003,0.003,1,0,1700047M11Rik
Gna12,0.591123476,0.008325079,0.048,0.05,1,0,Gna12
8030453O22Rik,0.591185252,-0.000223388,0.002,0.002,1,0,8030453O22Rik
Tnfsf12,0.591631844,-0.042526835,0.134,0.138,1,0,Tnfsf12
Gm43292,0.591856641,-0.000655162,0.002,0.002,1,0,Gm43292
Pfkfb1,0.59188584,0.0004672,0.002,0.002,1,0,Pfkfb1
Ccnb2-ps,0.592177864,0.001897821,0.002,0.002,1,0,Ccnb2-ps
Sh2b1,0.592399074,0.010246311,0.081,0.079,1,0,Sh2b1
Sntb1,0.592806468,-0.01515593,0.007,0.007,1,0,Sntb1
Bdp1,0.593472391,-0.019874671,0.196,0.194,1,0,Bdp1
Gm9067,0.593488853,-0.001200489,0.003,0.003,1,0,Gm9067
Gm6566,0.593625148,0.003578517,0.002,0.001,1,0,Gm6566
Zbtb41,0.593672689,0.009347839,0.045,0.048,1,0,Zbtb41
Haus5,0.593759212,0.001502157,0.008,0.008,1,0,Haus5
Efcab9,0.593850664,0.002025798,0.002,0.001,1,0,Efcab9
5430414B19Rik,0.594233196,-0.003028938,0.005,0.005,1,0,5430414B19Rik
Polr1e,0.594296839,0.000174571,0.016,0.017,1,0,Polr1e
Gm11353,0.594495213,0.000820851,0.002,0.001,1,0,Gm11353
E2f4,0.594572051,0.01015777,0.063,0.066,1,0,E2f4
Cyp2t4,0.594591923,0.000780612,0.002,0.001,1,0,Cyp2t4
Tubgcp5,0.594615632,-0.018109585,0.033,0.035,1,0,Tubgcp5
Lbhd1,0.594677766,0.009151125,0.006,0.006,1,0,Lbhd1
Axdnd1,0.594720881,0.000885922,0.002,0.001,1,0,Axdnd1
Ins2,0.594785364,0.000558669,0.002,0.001,1,0,Ins2
Gm16263,0.594946588,0.000967316,0.002,0.001,1,0,Gm16263
Nop10,0.595007912,-0.023419011,0.311,0.319,1,0,Nop10
Gprasp1,0.595266958,-0.012688338,0.09,0.087,1,0,Gprasp1
Gm46620,0.595301349,0.000624828,0.002,0.001,1,0,Gm46620
Gm15261,0.595379781,-0.005672877,0.007,0.007,1,0,Gm15261
BC024063,0.595718718,0.006780053,0.003,0.003,1,0,BC024063
Zcchc7,0.595806759,-3.95E-05,0.18,0.178,1,0,Zcchc7
Gm37466,0.595946616,0.000217437,0.002,0.001,1,0,Gm37466
Amy1,0.595960366,-0.000922881,0.045,0.043,1,0,Amy1
Gm42547,0.596251898,0.010755797,0.008,0.008,1,0,Gm42547
Gm35021,0.596585293,-0.000331396,0.004,0.005,1,0,Gm35021
Krt7,0.596761831,-0.002511785,0.001,0.002,1,0,Krt7
Agps,0.596945755,0.045888137,0.069,0.068,1,0,Agps
2210039B01Rik,0.597048509,0.001398889,0.004,0.003,1,0,2210039B01Rik
Wwp1,0.597048745,-0.027817872,0.175,0.171,1,0,Wwp1
Anapc15,0.597124516,0.002294086,0.012,0.013,1,0,Anapc15
Chchd5,0.597163975,0.005666705,0.047,0.049,1,0,Chchd5
Six2,0.597197554,-0.002981196,0.004,0.005,1,0,Six2
Gm9008,0.597312263,-0.007670736,0.008,0.009,1,0,Gm9008
Lcp1,0.597417156,-0.000186628,0.001,0.002,1,0,Lcp1
Serpinb6b,0.597510163,-0.00348469,0.011,0.012,1,0,Serpinb6b
Ubr4,0.59751463,0.010284568,0.102,0.106,1,0,Ubr4
Anapc2,0.597539685,0.01716058,0.144,0.142,1,0,Anapc2
Cdk9,0.597695258,0.005755537,0.052,0.05,1,0,Cdk9
Xpo6,0.5977869,0.00022503,0.054,0.053,1,0,Xpo6
Gm13127,0.597791775,-0.000310532,0.001,0.002,1,0,Gm13127
Tcirg1,0.598018202,0.009693139,0.107,0.111,1,0,Tcirg1
Hoxd8,0.598302867,0.007909365,0.017,0.016,1,0,Hoxd8
Srek1ip1,0.59844204,0.006697685,0.067,0.07,1,0,Srek1ip1
Gm42635,0.598447167,0.006888822,0.007,0.006,1,0,Gm42635
Gm43858,0.598468227,0.003406518,0.006,0.006,1,0,Gm43858
Gnai2,0.599324788,-0.013827518,0.398,0.408,1,0,Gnai2
Clint1,0.599401783,0.015506115,0.245,0.255,1,0,Clint1
Mepce,0.599662171,0.011271649,0.054,0.052,1,0,Mepce
Kdm2a,0.599678097,-0.007300325,0.129,0.133,1,0,Kdm2a
Ireb2,0.600008636,0.008917486,0.086,0.084,1,0,Ireb2
Ilf2,0.600223111,0.00960758,0.184,0.183,1,0,Ilf2
Acot8,0.60043138,-0.001188063,0.012,0.013,1,0,Acot8
Tbxas1,0.600765541,0.003824076,0.008,0.007,1,0,Tbxas1
4930562F07Rik,0.600863656,-0.005689311,0.003,0.003,1,0,4930562F07Rik
Selenom,0.600867916,-0.0138897,0.571,0.556,1,0,Selenom
Shq1,0.600952461,-0.003496693,0.01,0.011,1,0,Shq1
Plxnb3,0.60095468,-0.007985461,0.001,0.002,1,0,Plxnb3
Grwd1,0.601007232,0.00774526,0.028,0.027,1,0,Grwd1
1110051M20Rik,0.601097539,-0.000618683,0.051,0.054,1,0,1110051M20Rik
Gm42559,0.601477261,-0.002107881,0.003,0.003,1,0,Gm42559
Gm45494,0.60149263,-0.003989973,0.001,0.002,1,0,Gm45494
Gm8326,0.601627152,-0.00257937,0.001,0.002,1,0,Gm8326
Gm12109,0.601646817,0.0021555,0.003,0.002,1,0,Gm12109
Adamtsl3,0.601813968,-0.011570386,0.044,0.046,1,0,Adamtsl3
5830462I19Rik,0.601825876,0.000970054,0.003,0.002,1,0,5830462I19Rik
Zfp786,0.601929875,-0.000725849,0.001,0.002,1,0,Zfp786
Pcdhb5,0.602028581,0.016041826,0.008,0.009,1,0,Pcdhb5
Gm8623,0.60206444,-0.001605314,0.001,0.002,1,0,Gm8623
Gm44250,0.602131046,-0.002110504,0.072,0.075,1,0,Gm44250
Wfdc18,0.602165373,0.002190324,0.001,0.002,1,0,Wfdc18
Gm42974,0.602165373,-0.000980279,0.001,0.002,1,0,Gm42974
C5ar1,0.602253052,-0.002749265,0.001,0.001,1,0,C5ar1
Cdkl3,0.602366497,-0.003286247,0.02,0.021,1,0,Cdkl3
Hipk4,0.602367263,-0.001251271,0.001,0.002,1,0,Hipk4
Gm5784,0.602468219,0.00030894,0.001,0.002,1,0,Gm5784
Gm10655,0.602468219,-0.00183267,0.001,0.002,1,0,Gm10655
Oit3,0.602501872,-0.000205339,0.001,0.002,1,0,Oit3
Galnt6,0.602823927,0.002698036,0.003,0.002,1,0,Galnt6
4632404H12Rik,0.602841838,-0.003637332,0.003,0.003,1,0,4632404H12Rik
Amz1,0.602910104,-0.001071313,0.003,0.003,1,0,Amz1
Gm43361,0.603118128,0.001710394,0.029,0.028,1,0,Gm43361
Rgs1,0.60321602,0.000680986,0.001,0.001,1,0,Rgs1
Tssk6,0.603377165,0.001168795,0.001,0.002,1,0,Tssk6
4833413G10Rik,0.603707439,0.001479843,0.003,0.002,1,0,4833413G10Rik
Gm5532,0.603835569,0.00028598,0.004,0.004,1,0,Gm5532
Hoxb3os,0.603875559,-0.002643944,0.009,0.01,1,0,Hoxb3os
Gm38299,0.6042327,-0.000368471,0.003,0.002,1,0,Gm38299
Ryk,0.604298622,0.041789401,0.198,0.199,1,0,Ryk
Cog4,0.60478444,0.003431366,0.057,0.059,1,0,Cog4
Gm45141,0.605033158,-0.002334021,0.001,0.001,1,0,Gm45141
Gm9078,0.605106462,-0.002374768,0.001,0.001,1,0,Gm9078
Lef1,0.605161442,-0.003819328,0.001,0.001,1,0,Lef1
Klhdc1,0.605184884,-0.000506809,0.015,0.014,1,0,Klhdc1
Gm11827,0.605216425,-0.001719316,0.001,0.001,1,0,Gm11827
Il1b,0.605216425,-0.007375565,0.001,0.001,1,0,Il1b
Cox20,0.605324144,-0.003164706,0.01,0.01,1,0,Cox20
1110017D15Rik,0.605436378,-0.002820667,0.001,0.001,1,0,1110017D15Rik
Gm43693,0.60547304,-0.000503401,0.001,0.001,1,0,Gm43693
Rpl31-ps13,0.60547304,-0.000852713,0.001,0.001,1,0,Rpl31-ps13
Trmt61a,0.605515967,-0.00223285,0.027,0.029,1,0,Trmt61a
Mrap,0.605546368,-0.003497181,0.001,0.001,1,0,Mrap
Gm7107,0.605619699,-0.000848096,0.001,0.001,1,0,Gm7107
Tmem30c,0.605656366,-0.00236605,0.001,0.001,1,0,Tmem30c
Ms4a7,0.605693034,-0.002615697,0.001,0.001,1,0,Ms4a7
Gm6185,0.605766374,0.000119571,0.001,0.001,1,0,Gm6185
Clmn,0.605780485,-0.105367269,0.041,0.042,1,0,Clmn
Gm18025,0.605839717,-0.001114177,0.001,0.001,1,0,Gm18025
Gm15839,0.605913065,-0.000630526,0.001,0.001,1,0,Gm15839
Prmt2,0.605982316,-0.002741892,0.072,0.075,1,0,Prmt2
H2-Ke6,0.606012656,0.003513804,0.031,0.03,1,0,H2-Ke6
Rpl21-ps4,0.606059771,-0.001843167,0.001,0.001,1,0,Rpl21-ps4
4930455C13Rik,0.606206494,0.00129609,0.001,0.001,1,0,4930455C13Rik
Fbxo31,0.606291427,-0.012929955,0.045,0.046,1,0,Fbxo31
Gm37485,0.606317642,-0.002000597,0.001,0.001,1,0,Gm37485
Eif3l,0.606472452,0.012896045,0.188,0.196,1,0,Eif3l
Sez6l2,0.606520422,-0.000932806,0.001,0.001,1,0,Sez6l2
Ankef1,0.606560982,-0.001247383,0.001,0.001,1,0,Ankef1
Gm8663,0.606601543,0.000739463,0.001,0.001,1,0,Gm8663
Gm48349,0.606601543,-0.00109845,0.001,0.001,1,0,Gm48349
Gm49957,0.606610063,0.000956729,0.001,0.001,1,0,Gm49957
Tsn,0.606621747,-0.000380075,0.275,0.282,1,0,Tsn
Ccdc151,0.606682668,-0.001053133,0.001,0.001,1,0,Ccdc151
Gm10549,0.606682668,-0.001758999,0.001,0.001,1,0,Gm10549
Gm36930,0.606926074,-0.002165147,0.001,0.001,1,0,Gm36930
Gm37653,0.607197857,-0.00148238,0.006,0.007,1,0,Gm37653
1700016K05Rik,0.607291264,0.001138205,0.001,0.001,1,0,1700016K05Rik
Psmb4,0.607358503,0.002367006,0.393,0.39,1,0,Psmb4
Afg1l,0.607524756,0.002145216,0.016,0.017,1,0,Afg1l
Ccnt2,0.608114386,-0.01354598,0.081,0.084,1,0,Ccnt2
Rnf220,0.608235742,0.010635645,0.102,0.1,1,0,Rnf220
Spaca6,0.608737131,-0.038229244,0.073,0.075,1,0,Spaca6
Impdh2-ps,0.608865311,-0.000274193,0.021,0.023,1,0,Impdh2-ps
Orc3,0.608867139,-0.004135862,0.062,0.064,1,0,Orc3
Cib1,0.609126777,0.035563881,0.154,0.155,1,0,Cib1
Rnf40,0.60914693,0.015723134,0.044,0.043,1,0,Rnf40
Acvrl1,0.609196276,0.006906601,0.159,0.157,1,0,Acvrl1
Cracr2a,0.610222238,-0.00847787,0.007,0.008,1,0,Cracr2a
Zfp386,0.610385066,-7.38E-05,0.059,0.061,1,0,Zfp386
Pelo,0.61061531,0.00097447,0.006,0.007,1,0,Pelo
Gm3325,0.610652669,0.004050832,0.006,0.006,1,0,Gm3325
Trp53bp2,0.610793196,-0.000516561,0.083,0.086,1,0,Trp53bp2
Gm10616,0.610940488,-0.002189375,0.006,0.007,1,0,Gm10616
Trappc2,0.611285319,0.000527005,0.035,0.037,1,0,Trappc2
Atg4d,0.611438889,-0.005960814,0.009,0.01,1,0,Atg4d
Poll,0.611554943,0.008609122,0.011,0.01,1,0,Poll
Rap1gds1,0.611749315,-0.006923284,0.067,0.07,1,0,Rap1gds1
Dars2,0.611795928,-0.005068927,0.012,0.012,1,0,Dars2
Gm43681,0.612006355,-0.002066167,0.009,0.01,1,0,Gm43681
Frs2,0.612099004,0.003620897,0.043,0.045,1,0,Frs2
Heatr6,0.612127093,-0.013527085,0.074,0.077,1,0,Heatr6
Emp3,0.612160626,-0.022058701,0.531,0.522,1,0,Emp3
Gpi1,0.612239098,0.015764447,0.23,0.23,1,0,Gpi1
Lmbr1l,0.612566957,-0.011492427,0.034,0.035,1,0,Lmbr1l
Gm6813,0.61274056,-0.008535905,0.007,0.008,1,0,Gm6813
Ubac2,0.612748124,0.013949683,0.1,0.098,1,0,Ubac2
CAAA01066123.1,0.612787001,-0.006024505,0.009,0.01,1,0,CAAA01066123.1
Per3,0.613186244,0.000371267,0.017,0.016,1,0,Per3
Gm13487,0.613280713,-0.003960897,0.005,0.005,1,0,Gm13487
Catspere2,0.613379141,0.005441942,0.003,0.003,1,0,Catspere2
Gm10499,0.613475164,0.002537802,0.003,0.003,1,0,Gm10499
Elavl1,0.614000425,0.022585961,0.132,0.13,1,0,Elavl1
Zfp420,0.614059459,-0.009565071,0.014,0.015,1,0,Zfp420
Plppr2,0.614105077,0.006037378,0.024,0.025,1,0,Plppr2
Gm47976,0.61412349,0.00352538,0.003,0.003,1,0,Gm47976
Wbp1,0.614263099,-0.013390088,0.045,0.047,1,0,Wbp1
Gm42967,0.614487138,-0.004084688,0.004,0.004,1,0,Gm42967
Gm5141,0.614548422,-0.001977363,0.004,0.004,1,0,Gm5141
1700023H06Rik,0.614663993,0.001432808,0.003,0.003,1,0,1700023H06Rik
Gm2986,0.615084529,0.002069594,0.003,0.003,1,0,Gm2986
Gm26549,0.615280262,-0.001351146,0.009,0.01,1,0,Gm26549
Gm13611,0.61535421,0.003880426,0.025,0.027,1,0,Gm13611
Wbp4,0.615492495,-0.025830493,0.213,0.219,1,0,Wbp4
B130034C11Rik,0.615782567,0.003437679,0.002,0.002,1,0,B130034C11Rik
Gtf3c5,0.615828274,-0.003926282,0.03,0.032,1,0,Gtf3c5
4930518I15Rik,0.615987655,0.001024007,0.002,0.002,1,0,4930518I15Rik
Tekt2,0.616049432,0.009398824,0.009,0.009,1,0,Tekt2
Gm14325,0.616286099,-0.001284566,0.012,0.012,1,0,Gm14325
Sys1,0.616357106,0.017922312,0.148,0.154,1,0,Sys1
Arhgef9,0.616403869,-0.011221677,0.021,0.022,1,0,Arhgef9
Pcdhgb7,0.6166031,0.001410388,0.002,0.002,1,0,Pcdhgb7
9230112E08Rik,0.616609487,0.003874208,0.009,0.008,1,0,9230112E08Rik
Gm7536,0.617029792,0.005980754,0.072,0.076,1,0,Gm7536
Syap1,0.617119113,-0.001563654,0.211,0.218,1,0,Syap1
Gm17276,0.617336123,-0.001081794,0.002,0.002,1,0,Gm17276
Rbm39,0.61768058,-0.034481531,0.715,0.712,1,0,Rbm39
Gm42815,0.617925455,-0.005140029,0.005,0.005,1,0,Gm42815
Ermp1,0.618448769,-0.002372377,0.061,0.064,1,0,Ermp1
Ints14,0.618603558,0.014243717,0.037,0.039,1,0,Ints14
Gm10571,0.618676978,-0.0001528,0.005,0.005,1,0,Gm10571
Cep162,0.618815253,0.022727367,0.093,0.092,1,0,Cep162
Firre,0.618884195,-0.01173864,0.033,0.035,1,0,Firre
Zfp35,0.619044909,-0.009783453,0.02,0.021,1,0,Zfp35
Olfr432,0.619275578,-0.002132896,0.002,0.003,1,0,Olfr432
Abhd14b,0.619399985,0.003259727,0.026,0.028,1,0,Abhd14b
Pcsk2,0.619412056,-0.006331049,0.004,0.005,1,0,Pcsk2
Poli,0.620198891,0.003251289,0.024,0.023,1,0,Poli
Tfip11,0.620229292,0.008882115,0.019,0.02,1,0,Tfip11
Cog7,0.620234599,-0.065075879,0.072,0.074,1,0,Cog7
St3gal3,0.620456375,-0.008572653,0.027,0.028,1,0,St3gal3
Nrk,0.6206528,-0.014766506,0.037,0.038,1,0,Nrk
Gm14017,0.620753776,-0.003634904,0.002,0.003,1,0,Gm14017
Abcg2,0.620782549,-0.00778046,0.05,0.052,1,0,Abcg2
Gnb1l,0.620972182,0.010264059,0.012,0.011,1,0,Gnb1l
Epop,0.621014794,0.000642014,0.002,0.003,1,0,Epop
Bcl2l1,0.621155125,-0.004529849,0.028,0.03,1,0,Bcl2l1
Gm6035,0.621160623,0.00352258,0.005,0.006,1,0,Gm6035
Gm6658,0.621238561,4.27E-05,0.002,0.003,1,0,Gm6658
Frs3,0.621267142,0.004830677,0.004,0.003,1,0,Frs3
Tmco3,0.621699287,0.021938395,0.072,0.071,1,0,Tmco3
Kyat1,0.621719725,-0.000924653,0.009,0.009,1,0,Kyat1
Gm47075,0.621741947,0.000732436,0.007,0.006,1,0,Gm47075
Nanp,0.62204157,0.001298209,0.006,0.007,1,0,Nanp
Ocrl,0.622526913,0.005487448,0.064,0.062,1,0,Ocrl
Tigar,0.622690082,0.010025625,0.015,0.014,1,0,Tigar
Mipol1,0.623003013,-0.002677178,0.023,0.025,1,0,Mipol1
Adcy5,0.623490388,-0.004813007,0.022,0.021,1,0,Adcy5
Faap100,0.623736471,-0.000265299,0.028,0.026,1,0,Faap100
B4galt4,0.623777241,0.007743222,0.027,0.029,1,0,B4galt4
Arpc3,0.624023582,-0.027420269,0.33,0.338,1,0,Arpc3
Opa1,0.624338531,0.015230541,0.09,0.089,1,0,Opa1
Rps6-ps3,0.62435867,0.001709858,0.04,0.042,1,0,Rps6-ps3
Otub1,0.624434986,0.020210575,0.106,0.105,1,0,Otub1
Exosc9,0.624659344,0.008608192,0.037,0.039,1,0,Exosc9
Rfx1,0.624754521,0.002371153,0.019,0.02,1,0,Rfx1
Amdhd1,0.624902898,0.004214627,0.002,0.001,1,0,Amdhd1
Lonp2,0.62492331,-0.011349379,0.152,0.156,1,0,Lonp2
Gm47942,0.625565707,0.001180392,0.002,0.001,1,0,Gm47942
Gm44436,0.6256006,0.003412055,0.002,0.001,1,0,Gm44436
Dolpp1,0.625752193,0.014440129,0.027,0.026,1,0,Dolpp1
Gm49197,0.625775078,0.002601765,0.002,0.001,1,0,Gm49197
Apol9a,0.62611881,0.004684807,0.021,0.022,1,0,Apol9a
Gm6969,0.626255424,-0.002457585,0.003,0.004,1,0,Gm6969
Snph,0.626263728,0.001413351,0.002,0.001,1,0,Snph
Gm28988,0.62636846,0.002161301,0.002,0.001,1,0,Gm28988
Crebzf,0.626477761,0.003727802,0.03,0.032,1,0,Crebzf
Gm10371,0.62654303,0.000394651,0.002,0.001,1,0,Gm10371
Pou1f1,0.62654303,-0.000313302,0.002,0.001,1,0,Pou1f1
Gm41556,0.626647782,-0.000508778,0.002,0.001,1,0,Gm41556
Gm13375,0.626868622,-0.004187207,0.005,0.006,1,0,Gm13375
Gm37152,0.626927158,-0.000968428,0.002,0.001,1,0,Gm37152
A3galt2,0.62699701,-0.000173801,0.002,0.001,1,0,A3galt2
Rps19-ps4,0.627101795,-0.000109565,0.002,0.001,1,0,Rps19-ps4
Npm2,0.62759089,-0.000919828,0.002,0.001,1,0,Npm2
Ift88,0.627905318,0.016041159,0.053,0.051,1,0,Ift88
Dgkz,0.628574798,-0.020914089,0.033,0.034,1,0,Dgkz
C1qtnf7,0.628654394,-0.046609684,0.092,0.093,1,0,C1qtnf7
Man2b1,0.628897249,0.006585046,0.134,0.138,1,0,Man2b1
Rbm5,0.628941313,-0.048949144,0.277,0.282,1,0,Rbm5
Arid1a,0.629291602,0.0008866,0.134,0.132,1,0,Arid1a
Gm8566,0.629347526,-0.004945844,0.009,0.009,1,0,Gm8566
Rpl17-ps1,0.629412205,0.000511781,0.004,0.003,1,0,Rpl17-ps1
Pdk4,0.629724477,-0.012798592,0.011,0.012,1,0,Pdk4
Sgsh,0.629948163,0.012212917,0.033,0.032,1,0,Sgsh
Rbm6,0.630220024,0.028652655,0.187,0.188,1,0,Rbm6
Kifc2,0.630229646,-0.006117821,0.004,0.005,1,0,Kifc2
Gm37465,0.630243462,-0.000254112,0.002,0.003,1,0,Gm37465
Fank1,0.630243462,-0.001199894,0.002,0.003,1,0,Fank1
mt-Tl1,0.630347886,-0.003461265,0.002,0.003,1,0,mt-Tl1
Cryz,0.630624502,0.015544855,0.029,0.028,1,0,Cryz
Gm6277,0.630844001,-0.002049785,0.002,0.003,1,0,Gm6277
Grin3a,0.630870117,-0.000767696,0.002,0.003,1,0,Grin3a
Hoxb5,0.631026822,-3.86E-05,0.002,0.003,1,0,Hoxb5
Rbfa,0.631054894,0.015067511,0.059,0.062,1,0,Rbfa
Gm9276,0.631183543,-8.38E-05,0.002,0.003,1,0,Gm9276
Deaf1,0.6313141,0.014516298,0.048,0.05,1,0,Deaf1
Gm47694,0.6317322,-0.000636914,0.002,0.003,1,0,Gm47694
Nfe2,0.631939335,-3.57E-05,0.003,0.002,1,0,Nfe2
Snrnp200,0.631999308,0.013088253,0.095,0.094,1,0,Snrnp200
Gm38257,0.63206742,0.004669227,0.006,0.007,1,0,Gm38257
Gm15163,0.632142224,0.000801149,0.003,0.002,1,0,Gm15163
Serpinc1,0.632595934,0.005949497,0.004,0.004,1,0,Serpinc1
Gm49838,0.632859321,-0.001344851,0.003,0.002,1,0,Gm49838
3110040N11Rik,0.633089315,0.011832889,0.052,0.055,1,0,3110040N11Rik
Mecr,0.63345535,0.005619899,0.037,0.036,1,0,Mecr
Ercc4,0.633738534,-0.012345119,0.032,0.034,1,0,Ercc4
0610040B10Rik,0.634090902,0.018080159,0.006,0.007,1,0,0610040B10Rik
Pik3ca,0.634576491,0.002276941,0.169,0.174,1,0,Pik3ca
Gm21926,0.634639446,0.001226661,0.017,0.016,1,0,Gm21926
Gpr4,0.634677586,-0.003377073,0.003,0.004,1,0,Gpr4
Bbs4,0.634711677,-0.016141545,0.033,0.035,1,0,Bbs4
Ccdc97,0.635106056,0.02834725,0.039,0.038,1,0,Ccdc97
Tbc1d23,0.635137417,0.008333785,0.093,0.096,1,0,Tbc1d23
Tuba4a,0.635166868,-0.012137436,0.033,0.035,1,0,Tuba4a
C920006O11Rik,0.635171026,-0.005686411,0.006,0.006,1,0,C920006O11Rik
Eml6,0.635398723,-0.005279541,0.005,0.006,1,0,Eml6
Cables2,0.635655304,0.00825126,0.04,0.041,1,0,Cables2
Mdm1,0.635732292,-0.001967957,0.021,0.02,1,0,Mdm1
Noct,0.635797208,0.011273443,0.108,0.112,1,0,Noct
Mical1,0.636087101,-0.002679507,0.031,0.03,1,0,Mical1
Serinc3,0.636238474,0.00710632,0.315,0.315,1,0,Serinc3
Sepsecs,0.636250913,0.00498342,0.026,0.025,1,0,Sepsecs
Akr7a5,0.636367232,0.018216293,0.083,0.082,1,0,Akr7a5
Pgghg,0.636547749,-0.008212561,0.076,0.074,1,0,Pgghg
Rpl28-ps1,0.63705185,0.000988261,0.003,0.004,1,0,Rpl28-ps1
2900005J15Rik,0.637138045,0.001243626,0.005,0.004,1,0,2900005J15Rik
2210408I21Rik,0.63721046,-0.017721085,0.025,0.026,1,0,2210408I21Rik
Zmynd19,0.637233837,0.023434123,0.035,0.036,1,0,Zmynd19
Dpy19l4,0.637442555,0.018192014,0.057,0.055,1,0,Dpy19l4
Ap1g1,0.637814443,0.001786938,0.07,0.072,1,0,Ap1g1
Akap9,0.638060576,-0.035277182,0.389,0.386,1,0,Akap9
Caprin2,0.638257514,0.006169729,0.042,0.044,1,0,Caprin2
Gm49602,0.638483524,-0.00301179,0.007,0.007,1,0,Gm49602
5830444B04Rik,0.638883939,-0.008078261,0.011,0.01,1,0,5830444B04Rik
Pcbd2,0.638927256,0.008251536,0.123,0.122,1,0,Pcbd2
Gm14549,0.639156043,-0.003650828,0.002,0.002,1,0,Gm14549
Gm45797,0.639295059,0.001172409,0.005,0.005,1,0,Gm45797
Sfpq,0.639613258,-0.026707016,0.363,0.371,1,0,Sfpq
Fut11,0.639667313,-0.001221464,0.16,0.165,1,0,Fut11
Tcea1-ps1,0.639783864,0.007938713,0.033,0.034,1,0,Tcea1-ps1
BC037032,0.639788131,0.006408394,0.006,0.006,1,0,BC037032
Trp53-ps,0.639898962,-0.002808339,0.002,0.002,1,0,Trp53-ps
Acp2,0.640109923,0.020916033,0.105,0.108,1,0,Acp2
Tex264,0.640188899,0.024253733,0.186,0.193,1,0,Tex264
Pdhb,0.640287973,-0.015857726,0.136,0.14,1,0,Pdhb
Kat2b,0.640348122,0.002262826,0.144,0.142,1,0,Kat2b
Trim45,0.640387842,0.006300216,0.007,0.007,1,0,Trim45
Fis1,0.64042717,0.001862246,0.285,0.285,1,0,Fis1
Lrrc8a,0.640530514,-0.00874003,0.056,0.058,1,0,Lrrc8a
Gm48890,0.640534174,-0.001953249,0.005,0.005,1,0,Gm48890
Fam72a,0.640553079,0.00016568,0.007,0.008,1,0,Fam72a
Gm17484,0.640779926,-0.002841634,0.002,0.002,1,0,Gm17484
Lrrc51,0.640807464,-0.000525965,0.002,0.002,1,0,Lrrc51
Pelp1,0.640903646,0.011154949,0.072,0.075,1,0,Pelp1
Hagh,0.64095031,-0.001700657,0.077,0.075,1,0,Hagh
Gm21992,0.640951956,0.009273477,0.003,0.003,1,0,Gm21992
Kctd13,0.640955004,0.00228612,0.024,0.023,1,0,Kctd13
Spink10,0.640978571,0.000986515,0.006,0.005,1,0,Spink10
Rprm,0.641082874,0.001526474,0.002,0.002,1,0,Rprm
Zdhhc7,0.641201245,-0.009727323,0.054,0.055,1,0,Zdhhc7
Mto1,0.64135842,-0.007021413,0.031,0.033,1,0,Mto1
Gm44567,0.641434037,0.005957379,0.006,0.005,1,0,Gm44567
Elovl7,0.641859362,-0.004368721,0.003,0.003,1,0,Elovl7
Kctd17,0.641934439,0.045719633,0.116,0.116,1,0,Kctd17
Gm6206,0.642047198,0.002208548,0.002,0.002,1,0,Gm6206
Gm44752,0.642061081,0.001001597,0.003,0.003,1,0,Gm44752
Bphl,0.642069856,0.005212094,0.071,0.07,1,0,Bphl
Gm6743,0.64216195,0.001282197,0.003,0.003,1,0,Gm6743
Dpm1,0.642182954,0.026571412,0.098,0.097,1,0,Dpm1
Gm37678,0.642191042,0.00467548,0.008,0.007,1,0,Gm37678
Dph2,0.642497436,0.003262495,0.01,0.01,1,0,Dph2
Gm18913,0.642522061,-0.001029753,0.006,0.005,1,0,Gm18913
Rab11b-ps2,0.642565493,0.001677527,0.003,0.003,1,0,Rab11b-ps2
Inpp5e,0.642968352,0.000971103,0.013,0.012,1,0,Inpp5e
Cep164,0.643234715,0.027051746,0.068,0.067,1,0,Cep164
Zfp125,0.643277194,0.005229443,0.027,0.026,1,0,Zfp125
Parp11,0.64364063,0.014194818,0.034,0.033,1,0,Parp11
Caskin2,0.644107159,-0.011605086,0.009,0.009,1,0,Caskin2
Gm45200,0.644388191,0.001888904,0.006,0.005,1,0,Gm45200
Ist1,0.644499068,0.004481255,0.168,0.167,1,0,Ist1
Wdr24,0.645006869,-0.004830529,0.014,0.014,1,0,Wdr24
Naa30,0.645256635,0.004289428,0.032,0.034,1,0,Naa30
Gm8670,0.645676328,-0.003395296,0.003,0.003,1,0,Gm8670
Timm9,0.64604828,0.015870501,0.051,0.053,1,0,Timm9
Nln,0.646075725,0.031015862,0.072,0.076,1,0,Nln
Tm2d2,0.646150454,0.025950575,0.296,0.298,1,0,Tm2d2
Snx19,0.646583972,0.005772139,0.045,0.046,1,0,Snx19
8030456M14Rik,0.647432403,0.003596456,0.002,0.002,1,0,8030456M14Rik
Gm49493,0.647642503,0.000433587,0.003,0.003,1,0,Gm49493
Gm15795,0.647745405,0.002382564,0.002,0.002,1,0,Gm15795
Ppp1r2-ps2,0.647776708,0.004484738,0.002,0.002,1,0,Ppp1r2-ps2
Gm45094,0.647799346,0.004551563,0.003,0.003,1,0,Gm45094
Mettl5,0.6478787,0.023040454,0.046,0.045,1,0,Mettl5
Dnase1,0.648183712,0.000954815,0.002,0.002,1,0,Dnase1
E230014E18Rik,0.648237413,0.003461502,0.003,0.003,1,0,E230014E18Rik
Gm8624,0.648402911,-0.000275492,0.002,0.002,1,0,Gm8624
BC028471,0.648434228,0.000490317,0.002,0.002,1,0,BC028471
Thoc5,0.648436249,-0.002442808,0.052,0.054,1,0,Thoc5
Tbcd,0.648546129,0.020946819,0.02,0.019,1,0,Tbcd
Slbp,0.648607046,-0.011289978,0.11,0.113,1,0,Slbp
6030443J06Rik,0.648716106,8.61E-05,0.002,0.002,1,0,6030443J06Rik
Itgb2,0.648747429,-0.000840423,0.002,0.002,1,0,Itgb2
Phka1,0.649006926,0.002779841,0.03,0.029,1,0,Phka1
Fuca1,0.649209331,-0.008861056,0.295,0.303,1,0,Fuca1
Gypc,0.649341946,-0.008309525,0.076,0.078,1,0,Gypc
Pik3c3,0.649368117,-0.01467418,0.05,0.051,1,0,Pik3c3
Ube4bos1,0.649693227,-0.004355058,0.002,0.002,1,0,Ube4bos1
Slc25a46,0.650251669,-0.004235964,0.087,0.09,1,0,Slc25a46
Gm5828,0.650261782,-0.002090937,0.002,0.002,1,0,Gm5828
Sfmbt2,0.65034927,-0.002877202,0.002,0.002,1,0,Sfmbt2
Cep295,0.650472102,-0.002894734,0.058,0.06,1,0,Cep295
Fpgt,0.650518554,-0.002550294,0.028,0.029,1,0,Fpgt
9430087J23Rik,0.650714616,-0.000178827,0.003,0.003,1,0,9430087J23Rik
Mapkapk2,0.650986836,0.023575055,0.087,0.09,1,0,Mapkapk2
Lrriq3,0.650990996,-0.001112752,0.002,0.002,1,0,Lrriq3
Gm6386,0.651078524,-0.001858162,0.002,0.002,1,0,Gm6386
Ski,0.651093471,0.001123713,0.301,0.3,1,0,Ski
Zswim1,0.651136315,0.006709331,0.009,0.009,1,0,Zswim1
Cep152,0.651162493,-0.006222557,0.017,0.018,1,0,Cep152
A330040F15Rik,0.651166057,0.00106029,0.002,0.002,1,0,A330040F15Rik
Zmym4,0.651204387,-0.02343016,0.086,0.088,1,0,Zmym4
Eri2,0.651745915,-0.000558145,0.011,0.011,1,0,Eri2
Gm16386,0.651778922,0.000696409,0.002,0.002,1,0,Gm16386
Gm38387,0.651782517,-0.001828916,0.003,0.003,1,0,Gm38387
Gm8375,0.652260624,0.000181119,0.002,0.002,1,0,Gm8375
Eprs,0.652381203,-0.012107832,0.423,0.428,1,0,Eprs
Dnajc7,0.652539134,-0.006280951,0.156,0.161,1,0,Dnajc7
Pcdhb18,0.652609676,-0.004807256,0.004,0.004,1,0,Pcdhb18
Pomt1,0.653269873,0.009902565,0.037,0.036,1,0,Pomt1
Atg16l1,0.653373491,0.024070406,0.045,0.044,1,0,Atg16l1
Abcb9,0.653394315,-0.00722571,0.006,0.007,1,0,Abcb9
C1s2,0.653636719,-0.001720343,0.004,0.004,1,0,C1s2
9030612E09Rik,0.653986063,-0.002492008,0.004,0.004,1,0,9030612E09Rik
Gm6085,0.654013698,-0.008211284,0.008,0.008,1,0,Gm6085
Gaa,0.654181417,-0.010869054,0.253,0.258,1,0,Gaa
Zfp712,0.654684171,-0.004141324,0.005,0.006,1,0,Zfp712
Slc25a32,0.654872924,0.025593815,0.053,0.055,1,0,Slc25a32
Tap1,0.655024571,0.012893168,0.081,0.084,1,0,Tap1
Abhd17a,0.655042753,0.016991843,0.081,0.08,1,0,Abhd17a
Gm49797,0.655145692,0.019369715,0.048,0.047,1,0,Gm49797
Spindoc,0.655307753,-0.007939443,0.021,0.022,1,0,Spindoc
Gsk3a,0.655524434,0.013559166,0.081,0.079,1,0,Gsk3a
1810026B05Rik,0.655609762,0.002512124,0.01,0.009,1,0,1810026B05Rik
Ypel1,0.655825631,0.00472014,0.015,0.014,1,0,Ypel1
Jade2,0.656130489,-0.004132238,0.028,0.029,1,0,Jade2
Opa3,0.656177196,0.004553355,0.063,0.066,1,0,Opa3
Piwil2,0.656357972,0.00496441,0.004,0.004,1,0,Piwil2
Casp2,0.656536249,-0.005545008,0.019,0.02,1,0,Casp2
Fem1b,0.656630836,0.018937429,0.065,0.067,1,0,Fem1b
Gm43360,0.656751665,-0.003678265,0.003,0.003,1,0,Gm43360
Ccdc17,0.656804545,-0.005380735,0.005,0.005,1,0,Ccdc17
2010001A14Rik,0.656992626,-0.001467938,0.015,0.016,1,0,2010001A14Rik
Mirg,0.657002317,0.012783937,0.049,0.051,1,0,Mirg
Ep300,0.65709114,0.012022809,0.091,0.09,1,0,Ep300
Traf3,0.657489598,0.000834031,0.046,0.047,1,0,Traf3
Dag1,0.657898498,-0.112427356,0.345,0.339,1,0,Dag1
Gm26569,0.657955166,-0.005849554,0.004,0.003,1,0,Gm26569
Adam2,0.65804593,-0.001555732,0.005,0.005,1,0,Adam2
Odf2,0.658457035,0.002666216,0.07,0.072,1,0,Odf2
Appbp2,0.658688421,-0.010123174,0.144,0.148,1,0,Appbp2
Tma16,0.658798785,0.019613466,0.069,0.072,1,0,Tma16
Gm43300,0.658874044,0.00022334,0.005,0.005,1,0,Gm43300
Taldo1,0.659067943,0.020769693,0.214,0.214,1,0,Taldo1
Lynx1,0.659099632,0.005865742,0.071,0.07,1,0,Lynx1
Adamts19,0.659121906,0.01349554,0.029,0.03,1,0,Adamts19
Cpsf4,0.659183612,0.015206667,0.028,0.03,1,0,Cpsf4
Bbs12,0.659626536,0.003961252,0.005,0.004,1,0,Bbs12
1700084J12Rik,0.659641709,0.003772507,0.004,0.004,1,0,1700084J12Rik
Phykpl,0.65972821,0.011274052,0.05,0.052,1,0,Phykpl
Adgre1,0.659989646,-0.001520663,0.001,0.001,1,0,Adgre1
Gm37277,0.660362988,0.004058954,0.001,0.001,1,0,Gm37277
Rab33a,0.660705381,0.001911892,0.001,0.001,1,0,Rab33a
Gm5842,0.660787168,0.002815204,0.005,0.004,1,0,Gm5842
Tomm40l,0.660865552,-0.004399858,0.002,0.002,1,0,Tomm40l
Gm31834,0.66089563,0.002763216,0.001,0.001,1,0,Gm31834
Nod1,0.660927443,0.008490179,0.046,0.047,1,0,Nod1
Ppp3cb,0.660949763,0.010891305,0.208,0.216,1,0,Ppp3cb
Gm41780,0.661047845,0.001612975,0.001,0.001,1,0,Gm41780
Gtpbp8,0.661186689,0.008870569,0.034,0.036,1,0,Gtpbp8
A730085K08Rik,0.661523607,0.002225876,0.001,0.001,1,0,A730085K08Rik
Gm9416,0.66154264,0.00055607,0.001,0.001,1,0,Gm9416
Gm48958,0.661729578,0.00116311,0.009,0.008,1,0,Gm48958
Gm10457,0.661884657,0.001809962,0.008,0.008,1,0,Gm10457
Ifitm6,0.661891449,-0.001053984,0.002,0.002,1,0,Ifitm6
AW047730,0.661923352,-0.000191181,0.001,0.001,1,0,AW047730
Atp5l2-ps,0.661984744,-0.000622601,0.002,0.002,1,0,Atp5l2-ps
Cmtr2,0.662048668,0.003231646,0.005,0.006,1,0,Cmtr2
Star,0.662099688,-0.003824946,0.008,0.008,1,0,Star
Gm42843,0.66232687,-0.000119546,0.002,0.002,1,0,Gm42843
Tex261,0.66238287,0.004983858,0.184,0.19,1,0,Tex261
Gm20628,0.662389082,-0.000578556,0.002,0.002,1,0,Gm20628
4933425D22Rik,0.662494585,-0.001193805,0.001,0.001,1,0,4933425D22Rik
Xaf1,0.662658041,0.001574293,0.131,0.136,1,0,Xaf1
Gm9320,0.662707357,0.001166707,0.007,0.006,1,0,Gm9320
Gm11424,0.662723133,-0.00189848,0.001,0.001,1,0,Gm11424
Mpzl3,0.662746848,-0.000592953,0.002,0.002,1,0,Mpzl3
Vps26a,0.662957195,-0.008874333,0.105,0.108,1,0,Vps26a
Xkr6,0.663245114,0.006255406,0.006,0.005,1,0,Xkr6
Gm45464,0.663307573,0.001993481,0.002,0.002,1,0,Gm45464
Rgl2,0.663429844,-0.006985894,0.056,0.058,1,0,Rgl2
Aoc2,0.663478819,-0.006089276,0.011,0.012,1,0,Aoc2
Atf4,0.663648974,-0.025990988,0.675,0.659,1,0,Atf4
Acad11,0.663733148,0.008844904,0.016,0.017,1,0,Acad11
Ccdc12,0.663853468,-0.001107633,0.192,0.199,1,0,Ccdc12
Mafg,0.664051436,0.017281173,0.194,0.201,1,0,Mafg
Gba2,0.664395667,0.012238688,0.015,0.014,1,0,Gba2
Parp10,0.664675298,0.012171903,0.036,0.035,1,0,Parp10
Gm42701,0.665065096,0.001014233,0.005,0.004,1,0,Gm42701
Gm45769,0.665112454,0.011471065,0.007,0.006,1,0,Gm45769
Gm38075,0.665309557,-0.000655034,0.005,0.005,1,0,Gm38075
Smc3,0.665552156,-0.00581257,0.321,0.322,1,0,Smc3
Ccdc138,0.665627255,0.004585504,0.027,0.029,1,0,Ccdc138
Morc2a,0.665695401,0.022743951,0.061,0.06,1,0,Morc2a
Riiad1,0.666018997,-0.013119798,0.011,0.011,1,0,Riiad1
Plekhn1,0.666320419,0.008720091,0.033,0.032,1,0,Plekhn1
Zfp365,0.666454627,0.005012889,0.01,0.009,1,0,Zfp365
Gm16153,0.666553328,-0.001447182,0.004,0.004,1,0,Gm16153
Fastkd2,0.666575228,0.008902197,0.023,0.025,1,0,Fastkd2
E330009J07Rik,0.666760623,-0.011099801,0.011,0.011,1,0,E330009J07Rik
Nme7,0.667266003,-0.000382231,0.012,0.013,1,0,Nme7
Oxsr1,0.667331665,0.022222663,0.072,0.071,1,0,Oxsr1
Zc3h18,0.66746089,0.025474483,0.15,0.15,1,0,Zc3h18
Sucla2,0.667477107,0.008635139,0.148,0.148,1,0,Sucla2
Zmiz2,0.66759466,0.008800192,0.024,0.023,1,0,Zmiz2
Crocc2,0.667745553,0.007230791,0.004,0.004,1,0,Crocc2
Car5b,0.668081839,-0.004616359,0.021,0.022,1,0,Car5b
Rsf1,0.668330009,-0.021225498,0.205,0.204,1,0,Rsf1
Osmr,0.668510591,0.034134886,0.179,0.186,1,0,Osmr
Atp5d,0.66855941,-0.021149463,0.426,0.434,1,0,Atp5d
Zfp943,0.668680952,0.011328049,0.027,0.026,1,0,Zfp943
Zfp746,0.668929548,-0.007004556,0.028,0.027,1,0,Zfp746
Rdh13,0.6692399,0.008346092,0.019,0.02,1,0,Rdh13
Orai3,0.669309605,0.010597339,0.052,0.054,1,0,Orai3
Gm37132,0.66949355,-0.003145399,0.003,0.003,1,0,Gm37132
Mrps26,0.669557824,0.022667937,0.121,0.121,1,0,Mrps26
3110056K07Rik,0.669605789,-0.007659116,0.018,0.019,1,0,3110056K07Rik
Gm16072,0.669638107,-0.000599553,0.006,0.007,1,0,Gm16072
Gm42462,0.669667847,-0.000359095,0.003,0.003,1,0,Gm42462
Kcnc2,0.669742755,0.003778621,0.005,0.006,1,0,Kcnc2
Gm42418,0.670046713,0.012464057,0.013,0.014,1,0,Gm42418
Slc22a5,0.670172757,-0.007636461,0.039,0.038,1,0,Slc22a5
Rgs7,0.670225909,0.000136313,0.005,0.006,1,0,Rgs7
Itfg1,0.67028743,0.026015288,0.133,0.132,1,0,Itfg1
Casz1,0.67040519,0.004394646,0.003,0.002,1,0,Casz1
Zfp954,0.670407318,0.015760009,0.038,0.036,1,0,Zfp954
Gm16124,0.670635478,-0.004442267,0.007,0.007,1,0,Gm16124
Mr1,0.670840674,0.006487188,0.08,0.079,1,0,Mr1
Mrc1,0.670863505,-0.00287294,0.003,0.003,1,0,Mrc1
Clcn7,0.671617216,0.015324695,0.042,0.041,1,0,Clcn7
B230217O12Rik,0.671891712,-0.002788237,0.001,0.002,1,0,B230217O12Rik
Arap3,0.671958445,-0.002710859,0.001,0.002,1,0,Arap3
Chst3,0.67212529,-0.003032047,0.001,0.002,1,0,Chst3
Aggf1,0.672131573,-0.005459102,0.146,0.15,1,0,Aggf1
Rsf1os2,0.672158661,-0.003991143,0.001,0.002,1,0,Rsf1os2
Mkrn1,0.672253327,-0.011699989,0.078,0.076,1,0,Mkrn1
Zfp791,0.672258777,-0.002891255,0.001,0.002,1,0,Zfp791
Aph1a,0.672393087,-0.005960242,0.047,0.049,1,0,Aph1a
Tug1,0.67243591,-0.011791096,0.078,0.077,1,0,Tug1
Gm7153,0.672492405,-0.003122406,0.001,0.002,1,0,Gm7153
Gm16726,0.672525783,-0.001426918,0.001,0.002,1,0,Gm16726
Coasy,0.672659915,0.012145307,0.048,0.05,1,0,Coasy
Rplp0-ps1,0.672759447,0.000675385,0.001,0.002,1,0,Rplp0-ps1
Gm2573,0.673026531,-0.000922584,0.001,0.002,1,0,Gm2573
Ano6,0.673044817,-0.009323697,0.262,0.268,1,0,Ano6
Cyp2u1,0.673699183,-0.001114771,0.009,0.009,1,0,Cyp2u1
Cdc40,0.673722977,0.012884743,0.136,0.136,1,0,Cdc40
Hyou1,0.674036057,0.007745259,0.066,0.069,1,0,Hyou1
Dpf2,0.674353688,0.023654709,0.064,0.063,1,0,Dpf2
Fahd1,0.674438343,0.005401887,0.024,0.025,1,0,Fahd1
Gm7232,0.674465691,-0.005528656,0.003,0.004,1,0,Gm7232
Fbxo8,0.67450165,-0.000489777,0.054,0.052,1,0,Fbxo8
Rps11-ps1,0.674563976,0.013032712,0.036,0.035,1,0,Rps11-ps1
Gm44103,0.674861868,-0.004063699,0.003,0.004,1,0,Gm44103
Cpsf3,0.675194954,0.030547352,0.073,0.072,1,0,Cpsf3
Sf1,0.675453592,0.00189176,0.204,0.204,1,0,Sf1
Arfrp1,0.675862844,0.010336166,0.091,0.09,1,0,Arfrp1
Vps18,0.675887751,-0.003462992,0.018,0.018,1,0,Vps18
Ptcd2,0.676335347,-0.009724395,0.043,0.045,1,0,Ptcd2
Cep89,0.676470503,0.019082079,0.051,0.05,1,0,Cep89
Tamm41,0.67647081,-0.00402801,0.028,0.03,1,0,Tamm41
Ube3b,0.676518804,0.009137669,0.037,0.036,1,0,Ube3b
Gm17058,0.676602583,0.006587266,0.003,0.003,1,0,Gm17058
Rtel1,0.676825606,0.000842311,0.023,0.024,1,0,Rtel1
Taf3,0.67689021,-0.017106228,0.124,0.127,1,0,Taf3
Gm42783,0.677244097,-0.007171667,0.005,0.005,1,0,Gm42783
Calr,0.677372806,0.000321273,0.851,0.812,1,0,Calr
Ccdc63,0.677571482,0.000215715,0.003,0.004,1,0,Ccdc63
Gm48885,0.677667782,0.000343553,0.003,0.003,1,0,Gm48885
Gbp5,0.677936535,-0.006958495,0.043,0.044,1,0,Gbp5
Mief2,0.678037175,0.00516117,0.011,0.012,1,0,Mief2
Fubp3,0.678166458,0.027571823,0.068,0.071,1,0,Fubp3
Cfd,0.678289471,-0.008921889,0.005,0.005,1,0,Cfd
Gm13050,0.679115203,-0.002665001,0.005,0.005,1,0,Gm13050
Asb13,0.679278827,-0.004723277,0.041,0.043,1,0,Asb13
Rps6ka4,0.679744242,-0.004807453,0.002,0.003,1,0,Rps6ka4
Gm38142,0.679976178,0.00468743,0.003,0.004,1,0,Gm38142
Gm12184,0.680147477,-0.00183258,0.003,0.003,1,0,Gm12184
Gm37663,0.680200441,-0.006355661,0.002,0.003,1,0,Gm37663
Gm37254,0.680369928,0.002251421,0.009,0.008,1,0,Gm37254
Unc13b,0.680422066,-0.006328279,0.002,0.003,1,0,Unc13b
Srsf5,0.680461144,-0.06114581,0.549,0.547,1,0,Srsf5
Rb1,0.680614626,0.001325519,0.024,0.025,1,0,Rb1
Mrps15,0.680654837,0.020741547,0.156,0.162,1,0,Mrps15
Scarna17,0.6810169,0.001521148,0.006,0.006,1,0,Scarna17
Abhd17c,0.68135253,0.005555545,0.026,0.025,1,0,Abhd17c
Gm4342,0.681568595,0.009086216,0.018,0.019,1,0,Gm4342
Gm21055,0.681595835,-0.001253256,0.002,0.003,1,0,Gm21055
D330041H03Rik,0.681609439,0.005763942,0.004,0.003,1,0,D330041H03Rik
Gm6883,0.681619972,0.002370465,0.007,0.007,1,0,Gm6883
Prima1,0.681807609,-0.007398169,0.001,0.001,1,0,Prima1
Gm8518,0.682064735,-0.001351453,0.004,0.003,1,0,Gm8518
Gm14706,0.682117757,0.000287617,0.002,0.003,1,0,Gm14706
Gm7429,0.682248261,-0.002229599,0.002,0.003,1,0,Gm7429
Tubgcp4,0.682275774,0.021081795,0.051,0.049,1,0,Tubgcp4
Gm5530,0.682299528,0.003663778,0.002,0.002,1,0,Gm5530
Gm12666,0.682566624,-0.002207726,0.001,0.001,1,0,Gm12666
A630001O12Rik,0.682566624,-0.003047541,0.001,0.001,1,0,A630001O12Rik
Gm26779,0.682668773,0.00138443,0.002,0.002,1,0,Gm26779
Gm4462,0.682675082,-0.001426643,0.001,0.001,1,0,Gm4462
1700030J22Rik,0.682892015,-0.001790351,0.001,0.001,1,0,1700030J22Rik
Iqcd,0.68297094,0.003260988,0.002,0.002,1,0,Iqcd
Chd8,0.682995465,-0.016985746,0.131,0.135,1,0,Chd8
Gm29674,0.683000492,-0.001586845,0.001,0.001,1,0,Gm29674
Gm36028,0.683038095,0.00124366,0.002,0.002,1,0,Gm36028
Gm4478,0.683054733,-0.001727972,0.001,0.001,1,0,Gm4478
6030442K20Rik,0.683069131,0.003536092,0.004,0.003,1,0,6030442K20Rik
Gm2541,0.683105252,0.000955428,0.002,0.002,1,0,Gm2541
Chtf18,0.683145138,-0.001108555,0.001,0.001,1,0,Chtf18
Gm3362,0.683239575,0.000271048,0.002,0.002,1,0,Gm3362
Gm47797,0.683239575,-0.000316,0.002,0.002,1,0,Gm47797
Rln1,0.683325962,-0.001584884,0.001,0.001,1,0,Rln1
6330415G19Rik,0.683398296,1.53E-05,0.001,0.001,1,0,6330415G19Rik
Gm38250,0.683398296,-0.000970817,0.001,0.001,1,0,Gm38250
Primpol,0.683402242,0.000581216,0.007,0.008,1,0,Primpol
2610002M06Rik,0.683462128,0.024639639,0.065,0.068,1,0,2610002M06Rik
Rps15-ps2,0.683561976,0.01008432,0.037,0.036,1,0,Rps15-ps2
Fbxl21,0.683615317,-0.001837344,0.001,0.001,1,0,Fbxl21
Gm11450,0.683709783,-0.001339445,0.002,0.002,1,0,Gm11450
Pcdhb10,0.683760012,-0.000409397,0.001,0.001,1,0,Pcdhb10
Vax2,0.683976514,0.00618516,0.007,0.006,1,0,Vax2
Gm43294,0.683977077,0.00047517,0.001,0.001,1,0,Gm43294
1700040L08Rik,0.684079318,-0.001321695,0.002,0.002,1,0,1700040L08Rik
Gm10123,0.684375097,0.000319054,0.001,0.001,1,0,Gm10123
Oscp1,0.68440915,0.004675213,0.026,0.025,1,0,Oscp1
Havcr2,0.684411285,0.000652421,0.001,0.001,1,0,Havcr2
Ice1,0.684454377,0.001914989,0.105,0.104,1,0,Ice1
Gm11249,0.684651235,0.003734996,0.002,0.003,1,0,Gm11249
Kdm5a,0.68482426,-0.015613158,0.241,0.247,1,0,Kdm5a
Ppm1f,0.685046955,0.005835281,0.019,0.02,1,0,Ppm1f
Trpm3,0.685415768,-0.018586021,0.015,0.014,1,0,Trpm3
Erap1,0.685920976,0.01662631,0.081,0.084,1,0,Erap1
Aifm2,0.685942678,0.01080431,0.056,0.055,1,0,Aifm2
D6Wsu163e,0.686416257,0.011198609,0.027,0.026,1,0,D6Wsu163e
C79130,0.686433654,0.003658421,0.006,0.005,1,0,C79130
1110004F10Rik,0.686911581,-0.021739313,0.294,0.298,1,0,1110004F10Rik
Gnaq,0.687001102,-0.003003362,0.21,0.21,1,0,Gnaq
Ipo7,0.687063911,0.032157955,0.124,0.124,1,0,Ipo7
Gm37314,0.687128449,0.003409265,0.004,0.004,1,0,Gm37314
Msl3l2,0.687156242,-0.006284413,0.017,0.018,1,0,Msl3l2
Neu3,0.687342736,-0.006030134,0.003,0.004,1,0,Neu3
Fxyd4,0.687460559,0.001764509,0.007,0.007,1,0,Fxyd4
Zfp775,0.687499874,-0.008992073,0.005,0.005,1,0,Zfp775
Cep250,0.687674687,-0.014577087,0.074,0.076,1,0,Cep250
Wdr41,0.688622267,-0.005390347,0.058,0.056,1,0,Wdr41
Plekha3,0.689036466,-0.008832896,0.064,0.066,1,0,Plekha3
AI429214,0.689126465,-0.002277476,0.003,0.004,1,0,AI429214
Gm50431,0.68914944,0.002325295,0.005,0.005,1,0,Gm50431
Zfp300,0.689192457,-0.000977155,0.008,0.008,1,0,Zfp300
Iqcc,0.689246682,-0.006281598,0.023,0.024,1,0,Iqcc
Prorp,0.689552715,0.004314042,0.017,0.018,1,0,Prorp
Ndufaf7,0.689646513,0.026048967,0.07,0.069,1,0,Ndufaf7
Trim41,0.689771289,-0.007881638,0.047,0.048,1,0,Trim41
Faim,0.689845611,0.015231918,0.082,0.081,1,0,Faim
Zfp58,0.690076841,0.011260886,0.009,0.008,1,0,Zfp58
Polr3gl,0.690290136,-0.029021119,0.127,0.13,1,0,Polr3gl
Atg4b,0.690449526,0.010696943,0.068,0.067,1,0,Atg4b
Zfp942,0.690635223,-0.008765263,0.029,0.028,1,0,Zfp942
Atxn2,0.690761378,0.024137651,0.107,0.106,1,0,Atxn2
Gmeb2,0.690995916,-0.003383913,0.022,0.023,1,0,Gmeb2
Rpl32l,0.691226437,0.000319418,0.025,0.026,1,0,Rpl32l
9330159M07Rik,0.691372908,0.005849146,0.006,0.007,1,0,9330159M07Rik
Vac14,0.691568679,0.009035037,0.019,0.018,1,0,Vac14
Slc2a12,0.691759374,-0.014692984,0.008,0.008,1,0,Slc2a12
Rps10-ps2,0.692258011,0.008566316,0.054,0.053,1,0,Rps10-ps2
Farsa,0.692268521,0.024152214,0.068,0.067,1,0,Farsa
Zbed3,0.692323645,0.007851305,0.052,0.054,1,0,Zbed3
Clec2d,0.692432644,0.015370239,0.047,0.046,1,0,Clec2d
8030487O14Rik,0.69250387,-0.001961153,0.005,0.005,1,0,8030487O14Rik
Tnrc6a,0.692606097,-0.014706693,0.283,0.291,1,0,Tnrc6a
Gm12963,0.692671158,-0.004970085,0.002,0.003,1,0,Gm12963
Slc39a3,0.692680964,0.005901935,0.039,0.038,1,0,Slc39a3
Lypd1,0.692717362,-0.003322116,0.005,0.005,1,0,Lypd1
Manf,0.692927575,-0.02936129,0.507,0.5,1,0,Manf
Gm9134,0.693078052,-0.001364855,0.004,0.004,1,0,Gm9134
Sin3b,0.693091638,0.024366254,0.204,0.206,1,0,Sin3b
Gm15672,0.693494515,-0.003532365,0.001,0.001,1,0,Gm15672
Zbtb12,0.693520711,0.003439641,0.006,0.006,1,0,Zbtb12
Adam1a,0.693534191,-0.002297503,0.001,0.001,1,0,Adam1a
Rbm3os,0.693653225,-0.001304756,0.001,0.001,1,0,Rbm3os
Ppp4r3b,0.693808505,0.008450881,0.17,0.175,1,0,Ppp4r3b
Pus10,0.693816839,0.002526809,0.025,0.026,1,0,Pus10
0610033M10Rik,0.693851631,-0.000958126,0.001,0.001,1,0,0610033M10Rik
Gm17491,0.69386918,-0.001646726,0.008,0.009,1,0,Gm17491
Gm7525,0.693970684,-0.000556356,0.001,0.001,1,0,Gm7525
Sp3os,0.69399628,0.011599745,0.051,0.05,1,0,Sp3os
Gm37069,0.694010371,-0.000733964,0.001,0.001,1,0,Gm37069
Gm38948,0.694050058,0.0010098,0.001,0.001,1,0,Gm38948
Gm6493,0.694050058,-0.001266508,0.001,0.001,1,0,Gm6493
Gm5978,0.694089746,-0.000935346,0.001,0.001,1,0,Gm5978
Gm7331,0.694129434,0.001830936,0.001,0.001,1,0,Gm7331
Gm7507,0.694169124,-0.001342191,0.001,0.001,1,0,Gm7507
Clec4a1,0.694288198,-0.000530794,0.001,0.001,1,0,Clec4a1
Rfxank,0.694341506,-0.006917762,0.017,0.018,1,0,Rfxank
Gm45290,0.694367585,0.002256098,0.001,0.001,1,0,Gm45290
Cabp7,0.694371676,-0.000788257,0.002,0.003,1,0,Cabp7
Krt18,0.694508881,-0.001736882,0.002,0.003,1,0,Krt18
Krtcap3,0.694550045,-0.000541618,0.002,0.003,1,0,Krtcap3
Rpl38-ps2,0.694612431,0.006581834,0.005,0.005,1,0,Rpl38-ps2
Gm44210,0.694645464,0.000138014,0.001,0.001,1,0,Gm44210
Tubgcp3,0.694673437,-0.00199793,0.054,0.055,1,0,Tubgcp3
AI597479,0.694681103,0.007899032,0.025,0.026,1,0,AI597479
Siglecg,0.694685165,0.000109141,0.001,0.001,1,0,Siglecg
Uckl1os,0.694764568,0.000410349,0.001,0.001,1,0,Uckl1os
Slc37a4,0.694766705,0.005249403,0.017,0.016,1,0,Slc37a4
A530064N14Rik,0.694804271,0.001510061,0.001,0.001,1,0,A530064N14Rik
Sipa1l3,0.694917524,0.021059213,0.038,0.037,1,0,Sipa1l3
4930515G01Rik,0.695002799,0.000753099,0.001,0.001,1,0,4930515G01Rik
Asb11,0.695172922,0.001364163,0.002,0.002,1,0,Asb11
Cth,0.695233608,0.003921735,0.002,0.002,1,0,Cth
Gm8276,0.695657684,0.02002149,0.026,0.025,1,0,Gm8276
Rps19-ps6,0.695833041,-0.000452393,0.023,0.024,1,0,Rps19-ps6
Gm37470,0.695901282,0.000102743,0.002,0.002,1,0,Gm37470
Gm43412,0.695931636,0.002895213,0.002,0.002,1,0,Gm43412
Gm10224,0.696174489,0.001774713,0.002,0.002,1,0,Gm10224
Mmp24,0.696204847,0.002621723,0.002,0.002,1,0,Mmp24
AV356131,0.69638701,-0.001259074,0.002,0.002,1,0,AV356131
Atp13a1,0.696747477,0.033507075,0.057,0.056,1,0,Atp13a1
Xpo4,0.697036888,-0.002299319,0.042,0.043,1,0,Xpo4
Bloc1s6,0.697374834,0.006109992,0.049,0.051,1,0,Bloc1s6
Map1b,0.697434449,-0.037011994,0.281,0.278,1,0,Map1b
Gm44441,0.69775379,-0.00214549,0.002,0.002,1,0,Gm44441
Lrch3,0.698155643,-0.006403745,0.053,0.051,1,0,Lrch3
2410022M11Rik,0.698293742,0.000250774,0.007,0.008,1,0,2410022M11Rik
Mex3b,0.698776322,0.026295886,0.045,0.044,1,0,Mex3b
4931440P22Rik,0.6989972,-0.00155939,0.012,0.011,1,0,4931440P22Rik
Ik,0.699353633,0.006375268,0.37,0.374,1,0,Ik
Enkd1,0.700193811,0.005271544,0.02,0.021,1,0,Enkd1
Snap91,0.700763148,0.002032541,0.001,0.001,1,0,Snap91
Gm10399,0.700846888,0.005633825,0.001,0.001,1,0,Gm10399
Gm19853,0.700972505,0.000166933,0.001,0.001,1,0,Gm19853
Gm44443,0.701056255,0.003630554,0.001,0.001,1,0,Gm44443
Gm34121,0.701056255,0.001562705,0.001,0.001,1,0,Gm34121
Ppcdc,0.701163219,-0.014199553,0.03,0.031,1,0,Ppcdc
Zbtb40,0.701176418,0.000275626,0.012,0.011,1,0,Zbtb40
Clec4d,0.701265644,0.00086218,0.001,0.001,1,0,Clec4d
Gm48768,0.701322315,0.00075142,0.005,0.006,1,0,Gm48768
Gm37900,0.701349406,0.000397587,0.001,0.001,1,0,Gm37900
Lrrd1,0.701391289,0.000309633,0.001,0.001,1,0,Lrrd1
Best1,0.701472632,0.019529226,0.03,0.03,1,0,Best1
Mllt1,0.701540055,0.023502655,0.03,0.03,1,0,Mllt1
Gm15704,0.701558827,0.000335309,0.001,0.001,1,0,Gm15704
Xlr4b,0.701600714,0.00122503,0.001,0.001,1,0,Xlr4b
Zfp13,0.701654292,-0.001220555,0.005,0.006,1,0,Zfp13
Gm5904,0.701655294,-0.002587566,0.009,0.008,1,0,Gm5904
4930533K18Rik,0.701684491,-0.000711901,0.001,0.001,1,0,4930533K18Rik
Gm14239,0.701688523,-0.004245066,0.005,0.005,1,0,Gm14239
Cyth2,0.702249334,-0.002400608,0.145,0.144,1,0,Cyth2
2310014F06Rik,0.702443684,-0.001106439,0.003,0.003,1,0,2310014F06Rik
Gm37212,0.702480549,-0.000364732,0.001,0.001,1,0,Gm37212
Zfp219,0.702573153,0.001337298,0.013,0.012,1,0,Zfp219
Rps15a-ps7,0.702747018,0.001349318,0.039,0.04,1,0,Rps15a-ps7
Gm14636,0.702922526,-0.011297134,0.011,0.01,1,0,Gm14636
Gm3953,0.702923536,0.003824061,0.003,0.002,1,0,Gm3953
2210016L21Rik,0.703018782,-0.005846501,0.204,0.209,1,0,2210016L21Rik
Leprot,0.70307564,0.004249755,0.389,0.39,1,0,Leprot
Hoxa1,0.703230251,0.002515123,0.003,0.002,1,0,Hoxa1
1700022I11Rik,0.703261142,0.004471102,0.005,0.006,1,0,1700022I11Rik
Hmgb1-ps9,0.703300918,-0.000740333,0.003,0.003,1,0,Hmgb1-ps9
Blvra,0.703606108,-0.004638278,0.081,0.083,1,0,Blvra
Gm45873,0.70374875,-0.002625706,0.001,0.001,1,0,Gm45873
Gm5106,0.703926076,0.001309491,0.001,0.001,1,0,Gm5106
Ifi209,0.704059081,-0.000455418,0.001,0.001,1,0,Ifi209
Gm6994,0.704059081,-0.000528446,0.001,0.001,1,0,Gm6994
Mkrn3,0.704125586,0.000795587,0.001,0.001,1,0,Mkrn3
Ankle2,0.704147333,0.005353415,0.099,0.098,1,0,Ankle2
Taf9,0.704192095,-0.00035252,0.001,0.001,1,0,Taf9
Terf2ip,0.704309809,0.016656359,0.05,0.052,1,0,Terf2ip
Gm16045,0.704458149,0.002836368,0.001,0.001,1,0,Gm16045
Gm18943,0.704652927,-0.001208343,0.003,0.002,1,0,Gm18943
Dph5,0.705073206,0.010792581,0.04,0.041,1,0,Dph5
Spdya,0.705248657,-0.006394654,0.002,0.002,1,0,Spdya
Gm43808,0.705546114,-0.001805386,0.003,0.002,1,0,Gm43808
Hemk1,0.706086686,0.00118478,0.014,0.014,1,0,Hemk1
Nucb2,0.706209177,-0.016787724,0.387,0.39,1,0,Nucb2
Snx17,0.706460736,0.021577244,0.115,0.118,1,0,Snx17
Kat2b-ps,0.706783059,-0.004119988,0.002,0.002,1,0,Kat2b-ps
Ubr5,0.706784178,0.014281205,0.182,0.183,1,0,Ubr5
Mtmr11,0.706903644,0.000848765,0.008,0.009,1,0,Mtmr11
Gnl3,0.706924672,-0.019643256,0.391,0.389,1,0,Gnl3
Decr2,0.70706704,0.012002422,0.043,0.045,1,0,Decr2
Rpl7a-ps10,0.707190261,0.001076668,0.004,0.004,1,0,Rpl7a-ps10
Vars2,0.70821995,0.004847313,0.023,0.022,1,0,Vars2
Cln8,0.70831174,0.014562078,0.036,0.035,1,0,Cln8
Dnajc17,0.708603533,-0.000727354,0.029,0.03,1,0,Dnajc17
Map1lc3b,0.708832626,-0.038221265,0.486,0.489,1,0,Map1lc3b
Cabin1,0.70896492,0.021826487,0.081,0.08,1,0,Cabin1
Gm16185,0.709056928,-0.00123621,0.003,0.003,1,0,Gm16185
Zrsr1,0.709119816,-0.02758494,0.048,0.05,1,0,Zrsr1
Nat8,0.709421865,0.002237805,0.006,0.006,1,0,Nat8
Kdm1a,0.709475231,0.007291428,0.21,0.216,1,0,Kdm1a
Gnb5,0.709565527,0.009738232,0.061,0.063,1,0,Gnb5
Gm12216,0.70957898,0.007982497,0.028,0.027,1,0,Gm12216
Zup1,0.709734973,-0.003446355,0.082,0.081,1,0,Zup1
Psmb1,0.710051735,-0.024777516,0.477,0.477,1,0,Psmb1
Sh2d6,0.71005928,-0.000289803,0.007,0.006,1,0,Sh2d6
Gm37025,0.71006749,0.005617262,0.003,0.003,1,0,Gm37025
Eif2a,0.710316048,0.028724989,0.172,0.173,1,0,Eif2a
Sh3glb2,0.710423003,-0.002241155,0.059,0.061,1,0,Sh3glb2
Wrap73,0.710762443,0.014480065,0.036,0.038,1,0,Wrap73
5930420M18Rik,0.710895707,0.008232194,0.005,0.005,1,0,5930420M18Rik
Lsm11,0.710901758,-0.003750409,0.016,0.015,1,0,Lsm11
Paxip1,0.711101549,0.007638241,0.029,0.028,1,0,Paxip1
Ubxn2b,0.711241394,0.001986809,0.032,0.031,1,0,Ubxn2b
Nr2c1,0.711309154,0.020436788,0.035,0.034,1,0,Nr2c1
Gm38375,0.711478161,0.00026001,0.003,0.003,1,0,Gm38375
Ovgp1,0.711618304,0.002054028,0.006,0.006,1,0,Ovgp1
Bfsp1,0.712131792,0.013500526,0.018,0.018,1,0,Bfsp1
Slc30a7,0.712228681,0.006850382,0.084,0.087,1,0,Slc30a7
Clcn3,0.712506795,-0.006789936,0.065,0.063,1,0,Clcn3
Gm7591,0.712697954,0.003348274,0.004,0.003,1,0,Gm7591
Cpne7,0.712811013,-0.001576723,0.007,0.006,1,0,Cpne7
Rpap2,0.712959524,0.007456208,0.026,0.025,1,0,Rpap2
Tnrc6b,0.713090074,-0.051036004,0.233,0.229,1,0,Tnrc6b
Gm28557,0.713811185,0.003213316,0.004,0.004,1,0,Gm28557
Atp6v0d1,0.713907733,0.006721224,0.216,0.222,1,0,Atp6v0d1
Gm3375,0.714178943,0.002053675,0.005,0.004,1,0,Gm3375
Ssh1,0.714318857,0.008049139,0.06,0.062,1,0,Ssh1
Coch,0.71442227,-0.011475636,0.004,0.004,1,0,Coch
Suds3,0.714476583,0.021861839,0.12,0.12,1,0,Suds3
Donson,0.714823275,-0.008063986,0.02,0.02,1,0,Donson
9430078K24Rik,0.715478305,-0.003481967,0.004,0.004,1,0,9430078K24Rik
Ipo9,0.715504816,0.018763016,0.071,0.07,1,0,Ipo9
Pik3ap1,0.715704682,-0.00142538,0,0.001,1,0,Pik3ap1
2610306O10Rik,0.715764511,-0.004794338,0.006,0.005,1,0,2610306O10Rik
Ppara,0.71578263,-0.001968567,0.003,0.003,1,0,Ppara
Nxpe5,0.71588852,-0.000805027,0,0.001,1,0,Nxpe5
Ccr5,0.71588852,-0.001248469,0,0.001,1,0,Ccr5
Gm45752,0.715949803,-0.000120495,0,0.001,1,0,Gm45752
Smad9,0.716030845,-0.001701419,0.003,0.003,1,0,Smad9
Rabl2,0.716345108,-6.06E-05,0.038,0.039,1,0,Rabl2
Gm28530,0.71635357,-0.001179794,0.003,0.003,1,0,Gm28530
Ppp1ccb,0.716579163,-0.001860109,0.005,0.005,1,0,Ppp1ccb
Hmgb1-rs16,0.716750839,-0.000216147,0.003,0.003,1,0,Hmgb1-rs16
Gm13713,0.717471084,0.006841263,0.003,0.003,1,0,Gm13713
Gm4240,0.717495925,0.001526175,0.003,0.003,1,0,Gm4240
Them4,0.717982638,0.019927224,0.041,0.04,1,0,Them4
Slc35f5,0.718213102,0.009283109,0.175,0.175,1,0,Slc35f5
Ints1,0.718326188,0.011253776,0.038,0.038,1,0,Ints1
Rsl24d1,0.718524596,-0.004640718,0.066,0.067,1,0,Rsl24d1
Mettl3,0.718797327,0.000740242,0.015,0.016,1,0,Mettl3
Greb1,0.718871004,-0.00932952,0.013,0.014,1,0,Greb1
Fbxo27,0.718987588,0.003451338,0.01,0.01,1,0,Fbxo27
Golga4,0.719030156,-0.023427641,0.333,0.333,1,0,Golga4
Secisbp2,0.7192187,0.006657241,0.069,0.068,1,0,Secisbp2
Zfp341,0.719222799,0.002467156,0.004,0.004,1,0,Zfp341
Ago2,0.71936237,0.011466824,0.152,0.152,1,0,Ago2
Ap3s1,0.719488101,0.015494286,0.07,0.073,1,0,Ap3s1
Rpl26-ps6,0.719910092,0.004699429,0.004,0.005,1,0,Rpl26-ps6
Gm3511,0.720439465,0.002368222,0.002,0.001,1,0,Gm3511
Abcg3,0.720459686,-0.006867259,0.002,0.002,1,0,Abcg3
Kansl1l,0.720674172,-0.004302774,0.035,0.036,1,0,Kansl1l
Gm47573,0.720801011,0.004824493,0.002,0.001,1,0,Gm47573
Gm38358,0.721090293,0.001317663,0.002,0.001,1,0,Gm38358
Stab2,0.721126456,0.001993333,0.002,0.001,1,0,Stab2
Gm43766,0.721197376,-0.003293806,0.002,0.002,1,0,Gm43766
2310068J16Rik,0.721234949,0.001194522,0.002,0.001,1,0,2310068J16Rik
Gm43061,0.721271115,0.002584073,0.002,0.001,1,0,Gm43061
Klhl20,0.721417869,0.000940767,0.037,0.038,1,0,Klhl20
Pkia,0.721457019,-0.016117343,0.046,0.045,1,0,Pkia
Scarna2,0.721488121,0.000355225,0.002,0.001,1,0,Scarna2
Pou6f1,0.721757666,-0.015117814,0.034,0.036,1,0,Pou6f1
Gm45033,0.722119852,-0.001881246,0.002,0.002,1,0,Gm45033
Gm13416,0.72224782,-0.00057435,0.002,0.001,1,0,Gm13416
Tango2,0.722420118,0.017468903,0.069,0.069,1,0,Tango2
Gm5305,0.722754438,-0.00046127,0.002,0.001,1,0,Gm5305
Gm38393,0.722899209,-0.004760291,0.002,0.001,1,0,Gm38393
Ncbp2,0.723085917,0.001916314,0.17,0.175,1,0,Ncbp2
Angptl8,0.723227357,0.001189389,0.002,0.002,1,0,Angptl8
Kdm4c,0.723247494,0.003023955,0.061,0.06,1,0,Kdm4c
Ceacam1,0.723405983,-0.005437053,0.002,0.001,1,0,Ceacam1
Rft1,0.723780506,0.005579062,0.035,0.037,1,0,Rft1
Zfp518b,0.724479787,-0.014255339,0.03,0.031,1,0,Zfp518b
Pdp2,0.724676452,-0.004911835,0.02,0.019,1,0,Pdp2
Zbtb43,0.724830205,-0.012159983,0.046,0.048,1,0,Zbtb43
Zfp131,0.725072117,0.008764432,0.151,0.156,1,0,Zfp131
Tmed7,0.725506468,-0.003572573,0.179,0.183,1,0,Tmed7
Znrd1as,0.725603085,-0.016013164,0.028,0.029,1,0,Znrd1as
Dapk3,0.725949356,-0.004021518,0.027,0.028,1,0,Dapk3
Gm527,0.726239374,-0.006505158,0.01,0.011,1,0,Gm527
Gm44321,0.726443358,-0.015918017,0.006,0.006,1,0,Gm44321
Ndufa4,0.726554634,-0.014311555,0.472,0.465,1,0,Ndufa4
Chm,0.727196391,-0.005562043,0.057,0.058,1,0,Chm
Dcxr,0.727487023,0.011444283,0.033,0.033,1,0,Dcxr
Dop1a,0.727505413,-0.001490016,0.065,0.066,1,0,Dop1a
Ddx41,0.727614141,0.015472627,0.085,0.088,1,0,Ddx41
Galnt12,0.727848835,0.004927256,0.015,0.014,1,0,Galnt12
Flvcr1,0.728435824,0.009301492,0.032,0.031,1,0,Flvcr1
Crebl2,0.728643037,0.006333044,0.032,0.031,1,0,Crebl2
Kat2a,0.72891257,0.005936593,0.042,0.041,1,0,Kat2a
Shc1,0.728918642,0.015005127,0.13,0.129,1,0,Shc1
Mybl1,0.729700434,0.003127196,0.012,0.012,1,0,Mybl1
Rnf138,0.729736244,0.007267359,0.061,0.062,1,0,Rnf138
4930466K18Rik,0.729845125,-0.002328718,0.003,0.003,1,0,4930466K18Rik
Prepl,0.730217057,0.002566539,0.03,0.029,1,0,Prepl
Gm16378,0.731311676,0.005442875,0.032,0.033,1,0,Gm16378
Lsm7,0.731430143,0.003132674,0.161,0.165,1,0,Lsm7
Vmn1r43,0.731465253,-0.000585194,0.003,0.004,1,0,Vmn1r43
Rps15-ps3,0.731499604,0.003699979,0.02,0.02,1,0,Rps15-ps3
Ambra1,0.731586391,-0.004586353,0.033,0.034,1,0,Ambra1
Ciz1,0.731721172,-0.002891229,0.033,0.032,1,0,Ciz1
Gm13623,0.73172897,0.001883057,0.002,0.002,1,0,Gm13623
Gm47585,0.7318903,0.002894376,0.002,0.002,1,0,Gm47585
Mppe1,0.731944792,-0.000743894,0.003,0.004,1,0,Mppe1
Ica1l,0.731954836,0.002514858,0.002,0.002,1,0,Ica1l
Cyhr1,0.731962257,0.019992629,0.107,0.107,1,0,Cyhr1
Dtx3l,0.731999481,-0.016446113,0.069,0.07,1,0,Dtx3l
Ypel4,0.732053078,-0.012312959,0.029,0.03,1,0,Ypel4
Serpina3i,0.732618742,0.002880148,0.004,0.005,1,0,Serpina3i
Gm17060,0.732793967,0.000850676,0.002,0.002,1,0,Gm17060
Gpatch3,0.73291296,0.011967105,0.006,0.005,1,0,Gpatch3
Gm9895,0.733052225,-0.001917302,0.002,0.002,1,0,Gm9895
Gm12034,0.733245939,0.000604723,0.002,0.002,1,0,Gm12034
Lrrc28,0.733465571,0.006087482,0.021,0.022,1,0,Lrrc28
Platr25,0.733685477,0.004475282,0.027,0.026,1,0,Platr25
Gm48420,0.733698004,-0.000230815,0.002,0.002,1,0,Gm48420
Gm49519,0.733891774,-0.002171882,0.002,0.002,1,0,Gm49519
Xylt2,0.734438914,0.013180946,0.038,0.037,1,0,Xylt2
Gm7908,0.734519325,0.005169546,0.01,0.011,1,0,Gm7908
Ndufa1,0.734545143,-0.005222024,0.331,0.334,1,0,Ndufa1
Padi2,0.734570104,-0.002732547,0.002,0.002,1,0,Padi2
Vhl,0.734906866,-0.000404109,0.043,0.045,1,0,Vhl
Gm43462,0.735321137,0.012346951,0.009,0.008,1,0,Gm43462
Gm43490,0.735460771,-0.001426581,0.006,0.006,1,0,Gm43490
Nars2,0.735512472,-0.000615548,0.012,0.013,1,0,Nars2
Natd1,0.735948614,0.007437342,0.015,0.015,1,0,Natd1
Tfap4,0.736124063,4.84E-05,0.008,0.008,1,0,Tfap4
Slc25a40,0.736165563,0.003856894,0.015,0.015,1,0,Slc25a40
Nhlrc2,0.73632257,0.00843452,0.086,0.085,1,0,Nhlrc2
Dpp9,0.736383193,0.006741789,0.036,0.038,1,0,Dpp9
Gm5697,0.736703702,-0.002261278,0.002,0.002,1,0,Gm5697
Gm45762,0.73671486,0.005051161,0.002,0.002,1,0,Gm45762
Agxt,0.736835057,-0.001499995,0.002,0.002,1,0,Agxt
Gm43187,0.736835057,-0.004152984,0.002,0.002,1,0,Gm43187
Senp7,0.737194489,-0.004899011,0.084,0.086,1,0,Senp7
Gm43413,0.737360552,-0.000950941,0.002,0.002,1,0,Gm43413
Gm8805,0.737459096,4.34E-05,0.002,0.002,1,0,Gm8805
Plet1,0.737557645,0.000738357,0.002,0.002,1,0,Plet1
Gm4824,0.737557645,-0.002011408,0.002,0.002,1,0,Gm4824
Gm16433,0.737583606,0.00873692,0.015,0.014,1,0,Gm16433
Gm42822,0.737590495,1.91E-05,0.002,0.002,1,0,Gm42822
Sgsm1,0.737787608,0.000214252,0.002,0.002,1,0,Sgsm1
Dvl2,0.737872168,0.009555859,0.056,0.055,1,0,Dvl2
Jmjd1c,0.737960472,-0.042424577,0.296,0.292,1,0,Jmjd1c
Gm12582,0.738313326,-0.003041885,0.002,0.002,1,0,Gm12582
Gm7614,0.738411912,0.000331635,0.002,0.002,1,0,Gm7614
Slc10a3,0.738541924,0.00140825,0.032,0.033,1,0,Slc10a3
Thap12,0.73858969,-0.006400005,0.142,0.145,1,0,Thap12
Ints9,0.738602665,0.002585121,0.048,0.047,1,0,Ints9
Map3k12,0.738661749,0.010110623,0.04,0.039,1,0,Map3k12
Kmt5b,0.738664085,-0.024561708,0.129,0.127,1,0,Kmt5b
Nanos3,0.738806298,0.001621104,0.002,0.002,1,0,Nanos3
Msh5,0.738889851,0.000200329,0.002,0.002,1,0,Msh5
Gm12043,0.739007478,-0.000351458,0.002,0.002,1,0,Gm12043
Rnf225,0.739063401,-0.004201383,0.004,0.004,1,0,Rnf225
Oxsm,0.739182406,-0.007655907,0.029,0.03,1,0,Oxsm
Creb3l1,0.739212144,0.034789581,0.197,0.198,1,0,Creb3l1
1810037I17Rik,0.73937324,-0.02481742,0.354,0.359,1,0,1810037I17Rik
1700016P03Rik,0.73950746,-0.002671328,0.002,0.002,1,0,1700016P03Rik
Gm22146,0.739595703,0.003058967,0.002,0.002,1,0,Gm22146
Gm14323,0.740036972,-0.001539087,0.002,0.002,1,0,Gm14323
Rdx,0.740043092,-0.001874336,0.528,0.523,1,0,Rdx
Gm8451,0.740386819,0.003347066,0.003,0.003,1,0,Gm8451
Tmem91,0.740740207,-0.00464185,0.004,0.004,1,0,Tmem91
Zfp12,0.740813207,0.001291172,0.015,0.015,1,0,Zfp12
Ttc13,0.740891544,0.022959565,0.05,0.05,1,0,Ttc13
Focad,0.741298499,-0.000391014,0.005,0.005,1,0,Focad
Gm38374,0.741802129,0.002954158,0.004,0.003,1,0,Gm38374
Zfp661,0.741853444,0.001923924,0.003,0.003,1,0,Zfp661
Det1,0.741945299,0.001645733,0.014,0.013,1,0,Det1
Zfp318,0.742198882,-0.022491393,0.104,0.102,1,0,Zfp318
Rilpl1,0.742372695,-0.003390744,0.101,0.103,1,0,Rilpl1
Wipi1,0.74250608,0.01248435,0.283,0.289,1,0,Wipi1
Katnb1,0.742515084,0.005600684,0.019,0.018,1,0,Katnb1
Tprgl,0.74254422,-0.010735453,0.183,0.181,1,0,Tprgl
Gm45540,0.74268223,0.00154112,0.003,0.003,1,0,Gm45540
Rassf9,0.742750177,0.000179082,0.003,0.003,1,0,Rassf9
Pilrb1,0.742798811,0.003148211,0.003,0.003,1,0,Pilrb1
Rnft2,0.742875921,0.002645197,0.004,0.003,1,0,Rnft2
Rpl13a-ps1,0.74290026,0.003257299,0.003,0.003,1,0,Rpl13a-ps1
Muc13,0.742973609,0.001382709,0.004,0.004,1,0,Muc13
Rpl21-ps10,0.743076348,-0.001105516,0.003,0.003,1,0,Rpl21-ps10
Alkbh1,0.743125172,0.037522721,0.073,0.073,1,0,Alkbh1
Olfr1396,0.743157898,0.00044816,0.003,0.003,1,0,Olfr1396
8030462N17Rik,0.743455069,-0.000130087,0.023,0.024,1,0,8030462N17Rik
Npdc1,0.743699988,0.016760509,0.3,0.302,1,0,Npdc1
Dcaf4,0.743977979,0.006765992,0.037,0.037,1,0,Dcaf4
Zfp879,0.744408693,-0.001379789,0.003,0.003,1,0,Zfp879
P4htm,0.744574411,-0.021175334,0.04,0.041,1,0,P4htm
Gm17655,0.744625577,-0.002439169,0.003,0.003,1,0,Gm17655
Tpbg,0.744682175,0.032981303,0.065,0.064,1,0,Tpbg
Pla2g2e,0.744762301,-0.003370686,0.002,0.003,1,0,Pla2g2e
2900018N21Rik,0.744789503,-0.001924529,0.003,0.003,1,0,2900018N21Rik
Gm10167,0.744836772,-0.000127011,0.023,0.024,1,0,Gm10167
4933440N22Rik,0.745040107,-0.003252759,0.009,0.01,1,0,4933440N22Rik
Gm48880,0.745061549,-0.002045916,0.002,0.003,1,0,Gm48880
Soat2,0.745150915,-0.002351806,0.003,0.003,1,0,Soat2
Gm28229,0.745170376,-0.001179143,0.002,0.003,1,0,Gm28229
1700102P08Rik,0.745170376,-0.002686298,0.002,0.003,1,0,1700102P08Rik
Tex2,0.745267903,-0.017659107,0.028,0.029,1,0,Tex2
Rap2c,0.745552809,0.016696378,0.101,0.101,1,0,Rap2c
Ngly1,0.745557398,-0.017529308,0.097,0.099,1,0,Ngly1
Gm26511,0.745670118,-0.001584425,0.004,0.003,1,0,Gm26511
Grk4,0.745695879,-0.004449986,0.026,0.027,1,0,Grk4
Pp2d1,0.745741803,-0.001871725,0.002,0.003,1,0,Pp2d1
Spg20,0.745761595,-0.006850718,0.109,0.112,1,0,Spg20
Gm7868,0.746041177,-0.000334179,0.002,0.003,1,0,Gm7868
C1rb,0.746099038,0.001434527,0.003,0.003,1,0,C1rb
Gnal,0.746122831,0.000504466,0.002,0.003,1,0,Gnal
Gm38336,0.746291949,0.004831671,0.001,0.001,1,0,Gm38336
Park7,0.746518835,0.009365989,0.369,0.374,1,0,Park7
Podxl,0.746711511,0.002426317,0.001,0.001,1,0,Podxl
6430550D23Rik,0.746961869,-0.003211928,0.003,0.003,1,0,6430550D23Rik
Gm6443,0.747142418,-7.41E-05,0.003,0.003,1,0,Gm6443
Tma7,0.747811116,0.013461229,0.276,0.285,1,0,Tma7
C030015A19Rik,0.747871033,-0.002941213,0.007,0.007,1,0,C030015A19Rik
Eci2,0.747911238,-0.005618214,0.154,0.158,1,0,Eci2
Gm16174,0.748709093,-0.00889883,0.009,0.01,1,0,Gm16174
Tmem94,0.748855883,-0.012422136,0.039,0.038,1,0,Tmem94
Rps15a-ps5,0.749172209,0.011810078,0.027,0.027,1,0,Rps15a-ps5
Cep192,0.749175267,0.012020618,0.029,0.028,1,0,Cep192
Vps29,0.749377749,0.024891309,0.243,0.252,1,0,Vps29
Zfp951,0.749716827,-0.000366353,0.007,0.008,1,0,Zfp951
6330418K02Rik,0.750007336,-0.005239904,0.006,0.006,1,0,6330418K02Rik
Hdhd5,0.750131212,0.003958818,0.012,0.013,1,0,Hdhd5
Gm43571,0.750773338,0.00057897,0.007,0.007,1,0,Gm43571
Crk,0.750805982,0.00199749,0.226,0.232,1,0,Crk
Nckap5,0.750807727,-0.012506755,0.024,0.024,1,0,Nckap5
Bach1,0.751449395,0.026628441,0.161,0.162,1,0,Bach1
Lrp11,0.751621372,0.00191925,0.006,0.006,1,0,Lrp11
Cenpb,0.751920881,0.048509919,0.147,0.148,1,0,Cenpb
Cdk17,0.752324857,0.01793671,0.03,0.029,1,0,Cdk17
Arhgef12,0.752622186,-0.027525433,0.241,0.245,1,0,Arhgef12
Leng8,0.752902752,-0.026782854,0.031,0.032,1,0,Leng8
Slc15a2,0.752977686,-0.013269566,0.007,0.008,1,0,Slc15a2
Gm10676,0.753125061,-0.001929646,0.001,0.002,1,0,Gm10676
Mmrn2,0.753337169,-0.002447871,0.001,0.002,1,0,Mmrn2
Gm49972,0.753372522,-0.002561014,0.001,0.002,1,0,Gm49972
Ndufa8,0.753568346,0.005570998,0.239,0.245,1,0,Ndufa8
Gm12799,0.753620009,-0.001834489,0.001,0.002,1,0,Gm12799
Angel2,0.753728343,0.014824072,0.116,0.115,1,0,Angel2
Lmbrd1,0.753793445,0.000669431,0.137,0.135,1,0,Lmbrd1
Hmgb1-ps7,0.753796801,7.57E-05,0.001,0.002,1,0,Hmgb1-ps7
Gm6900,0.753902882,-0.002379842,0.001,0.002,1,0,Gm6900
Selenoh,0.75398588,0.020868507,0.134,0.134,1,0,Selenoh
Elovl5,0.754282581,0.005312425,0.152,0.156,1,0,Elovl5
Cep112os1,0.754327254,-0.000199259,0.001,0.002,1,0,Cep112os1
Gm6525,0.754468728,0.000256692,0.001,0.002,1,0,Gm6525
Fhl4,0.754645581,0.002003419,0.001,0.002,1,0,Fhl4
Gm20337,0.754645581,0.000468164,0.001,0.002,1,0,Gm20337
Crkl,0.754645841,0.000930741,0.056,0.057,1,0,Crkl
Gm26558,0.754680954,0.001478306,0.001,0.002,1,0,Gm26558
1700101I11Rik,0.754680954,0.000219994,0.001,0.002,1,0,1700101I11Rik
Gm37042,0.754787074,0.000876759,0.001,0.002,1,0,Gm37042
Rpl13-ps6,0.754900176,0.003381404,0.012,0.011,1,0,Rpl13-ps6
Ssbp4,0.754914607,0.003565861,0.086,0.088,1,0,Ssbp4
Mgme1,0.755367554,-0.006934936,0.04,0.041,1,0,Mgme1
Pla2g6,0.755379647,0.01068033,0.011,0.011,1,0,Pla2g6
Zfp609,0.755524125,0.025659547,0.075,0.074,1,0,Zfp609
Gps2,0.755558682,-0.025653285,0.164,0.166,1,0,Gps2
Armc5,0.755692118,0.008024995,0.039,0.04,1,0,Armc5
E230020A03Rik,0.756803667,0.000369319,0.009,0.01,1,0,E230020A03Rik
Oxct1,0.756858608,0.002262106,0.367,0.369,1,0,Oxct1
Zfp729b,0.757539021,0.001167487,0.018,0.018,1,0,Zfp729b
Pgpep1,0.75817837,0.021605745,0.041,0.041,1,0,Pgpep1
Capn7,0.758285711,0.001924912,0.065,0.064,1,0,Capn7
Slc9a8,0.758397438,0.010765048,0.035,0.034,1,0,Slc9a8
Gm14633,0.758630997,-0.00337004,0.003,0.003,1,0,Gm14633
Sgta,0.758723959,0.020331051,0.141,0.141,1,0,Sgta
Tcf20,0.758918707,0.003429522,0.066,0.065,1,0,Tcf20
Mapkap1,0.758973644,0.011843672,0.182,0.182,1,0,Mapkap1
Erbin,0.758977682,-0.005999264,0.167,0.171,1,0,Erbin
Zmynd8,0.759390132,-0.024202794,0.184,0.187,1,0,Zmynd8
Eif4g3,0.759530998,-0.067183597,0.374,0.373,1,0,Eif4g3
Esco1,0.759753174,-0.01075961,0.064,0.065,1,0,Esco1
Dctn1,0.760555445,0.003375362,0.05,0.052,1,0,Dctn1
Alg2,0.760903683,0.020214335,0.067,0.066,1,0,Alg2
Rpsa-ps12,0.760947962,-0.001253188,0.003,0.003,1,0,Rpsa-ps12
Acad10,0.760947962,-0.001695074,0.003,0.003,1,0,Acad10
Ftl1-ps2,0.761061857,0.003143663,0.006,0.005,1,0,Ftl1-ps2
Pou2f1,0.761340098,0.006571796,0.038,0.037,1,0,Pou2f1
Gm43948,0.761585632,-0.001666406,0.002,0.002,1,0,Gm43948
Tram1l1,0.761776477,-0.000360773,0.006,0.005,1,0,Tram1l1
Gm50087,0.761851879,0.007701898,0.005,0.005,1,0,Gm50087
Gm9370,0.762158406,-0.000961188,0.002,0.002,1,0,Gm9370
Aco1,0.762414864,0.034735934,0.07,0.073,1,0,Aco1
Keap1,0.763060323,0.021433561,0.139,0.138,1,0,Keap1
Ankib1,0.763139491,0.030254136,0.108,0.111,1,0,Ankib1
Slc35b3,0.763226189,0.000667115,0.043,0.045,1,0,Slc35b3
1700041G16Rik,0.763792384,0.005092903,0.001,0.001,1,0,1700041G16Rik
Zswim4,0.763873742,0.000142548,0.047,0.048,1,0,Zswim4
Atg4c,0.764127893,0.005230178,0.031,0.03,1,0,Atg4c
Tbrg4,0.764196951,0.012720287,0.045,0.046,1,0,Tbrg4
Znhit6,0.764237334,-0.001500434,0.096,0.098,1,0,Znhit6
Gm29228,0.764379949,0.000791556,0.001,0.001,1,0,Gm29228
A430110C17Rik,0.764536656,0.001080429,0.001,0.001,1,0,A430110C17Rik
Gm11816,0.764575835,0.000792659,0.001,0.001,1,0,Gm11816
Gm10344,0.764654193,0.000863957,0.001,0.001,1,0,Gm10344
Gm25541,0.764771735,0.000121881,0.001,0.001,1,0,Gm25541
Gm49784,0.764850099,0.001575308,0.001,0.001,1,0,Gm49784
Pex5,0.764956756,-0.014298163,0.052,0.053,1,0,Pex5
Gm12198,0.76496765,-0.00021943,0.001,0.001,1,0,Gm12198
Gm49194,0.76496765,-0.000220969,0.001,0.001,1,0,Gm49194
Gm6293,0.765006835,0.000322523,0.001,0.001,1,0,Gm6293
Gm31812,0.765163581,-0.000489544,0.001,0.001,1,0,Gm31812
Gm43283,0.765241957,-0.002281292,0.001,0.001,1,0,Gm43283
Vwc2,0.765712266,-0.001183645,0.001,0.001,1,0,Vwc2
Plxna3,0.765821579,0.018964271,0.019,0.018,1,0,Plxna3
Mroh2a,0.765879566,0.003467043,0.005,0.005,1,0,Mroh2a
Stt3b,0.765896772,0.009008167,0.237,0.244,1,0,Stt3b
Gm42479,0.766210225,-0.000509491,0.006,0.007,1,0,Gm42479
Ipo11,0.766312548,0.001418569,0.03,0.031,1,0,Ipo11
Lyrm7,0.766315957,-0.005878333,0.009,0.009,1,0,Lyrm7
Gm36787,0.766677598,0.000105245,0.005,0.005,1,0,Gm36787
Btbd11,0.766979609,-0.005654844,0.023,0.024,1,0,Btbd11
Fam13b,0.767755827,-0.002965217,0.116,0.118,1,0,Fam13b
Adarb1,0.768072891,0.026693695,0.07,0.072,1,0,Adarb1
Pilra,0.768090241,-0.003902526,0.017,0.018,1,0,Pilra
Haus1,0.76817552,0.009839759,0.04,0.042,1,0,Haus1
Dram1,0.768399011,0.000692409,0.162,0.166,1,0,Dram1
Gm5113,0.768948012,-0.003848792,0.007,0.007,1,0,Gm5113
Stk3,0.769408439,0.020178484,0.156,0.157,1,0,Stk3
Impdh2,0.769447694,-0.072148673,0.258,0.262,1,0,Impdh2
Gm5909,0.769881798,0.008887615,0.031,0.03,1,0,Gm5909
H2-Eb1,0.770019,-0.003205496,0.01,0.009,1,0,H2-Eb1
4930481A15Rik,0.770256685,0.001582833,0.011,0.011,1,0,4930481A15Rik
Gm47139,0.770614541,-0.002977507,0.001,0.001,1,0,Gm47139
4930470G03Rik,0.770768323,-0.002670902,0.001,0.001,1,0,4930470G03Rik
Pnpo,0.770773477,0.005058776,0.01,0.01,1,0,Pnpo
Def8,0.771070406,-0.0036632,0.025,0.026,1,0,Def8
Gm10248,0.771152818,-0.00344451,0.001,0.001,1,0,Gm10248
Gm15737,0.771268177,-0.003058419,0.001,0.001,1,0,Gm15737
Iws1,0.771375022,-0.018841535,0.192,0.196,1,0,Iws1
Gm13199,0.771383542,-0.001367268,0.001,0.001,1,0,Gm13199
4933417C20Rik,0.771421998,-0.001585687,0.001,0.001,1,0,4933417C20Rik
Gm43028,0.771421998,-0.002256737,0.001,0.001,1,0,Gm43028
Dnase1l2,0.771603111,-0.000741976,0.005,0.004,1,0,Dnase1l2
Gm5457,0.771628146,0.004275658,0.002,0.002,1,0,Gm5457
Gm49417,0.771652746,-0.001995643,0.001,0.001,1,0,Gm49417
4833417C18Rik,0.771806589,-0.000938636,0.001,0.001,1,0,4833417C18Rik
Slc26a11,0.771808597,-0.006093794,0.028,0.029,1,0,Slc26a11
Gm38297,0.77196044,0.000624103,0.001,0.001,1,0,Gm38297
A530083I20Rik,0.771998905,0.000334229,0.001,0.001,1,0,A530083I20Rik
Zfp977,0.771998905,0.000156555,0.001,0.001,1,0,Zfp977
Fam229a,0.771998905,5.78E-05,0.001,0.001,1,0,Fam229a
Gm38067,0.772075835,0.000236128,0.001,0.001,1,0,Gm38067
Mettl21c,0.77230664,0.000828396,0.001,0.001,1,0,Mettl21c
Gm49085,0.772419573,0.002123229,0.002,0.002,1,0,Gm49085
4930513N10Rik,0.772460521,0.000491394,0.001,0.001,1,0,4930513N10Rik
Gm42940,0.772614411,0.00491361,0.001,0.001,1,0,Gm42940
Zfp296,0.77269136,0.002492788,0.001,0.001,1,0,Zfp296
A430103D13Rik,0.77274298,0.003117997,0.004,0.003,1,0,A430103D13Rik
Gm30054,0.772832585,0.000281576,0.002,0.002,1,0,Gm30054
Zfp358,0.773202008,-0.003090628,0.031,0.03,1,0,Zfp358
Lrrc57,0.773305802,-0.001301639,0.026,0.027,1,0,Lrrc57
Gm15423,0.773348941,0.000742515,0.002,0.002,1,0,Gm15423
Gm37566,0.773452224,0.00120197,0.002,0.002,1,0,Gm37566
Gm44096,0.773585723,0.000785211,0.004,0.003,1,0,Gm44096
2810430I11Rik,0.773605195,0.002717331,0.005,0.005,1,0,2810430I11Rik
Gm43625,0.773727666,-0.002124111,0.002,0.002,1,0,Gm43625
9930111J21Rik1,0.773968701,-0.001850947,0.002,0.002,1,0,9930111J21Rik1
Kif24,0.77401203,0.006300257,0.01,0.01,1,0,Kif24
Plekhf2,0.774121105,0.001222112,0.032,0.033,1,0,Plekhf2
Gm20632,0.774175224,0.004199646,0.003,0.003,1,0,Gm20632
Slc35e3,0.774496438,0.00141572,0.01,0.01,1,0,Slc35e3
B430319F04Rik,0.774864163,-0.002298632,0.002,0.002,1,0,B430319F04Rik
Gm15726,0.775198855,-0.003912948,0.003,0.003,1,0,Gm15726
Tulp2,0.775224871,-0.004860416,0.004,0.004,1,0,Tulp2
Gm7160,0.775456904,0.004437194,0.005,0.005,1,0,Gm7160
Hspa4l,0.775488865,-0.018186985,0.077,0.079,1,0,Hspa4l
Gm14044,0.775537947,0.001964099,0.002,0.002,1,0,Gm14044
Gm7117,0.775653398,0.008562017,0.006,0.006,1,0,Gm7117
Tnnc1,0.775822126,-0.05166484,0.007,0.006,1,0,Tnnc1
Gm15032,0.775859868,0.002141947,0.006,0.006,1,0,Gm15032
Cfp,0.775869361,-0.003833306,0.029,0.03,1,0,Cfp
A430033K04Rik,0.775977352,-0.004412843,0.008,0.008,1,0,A430033K04Rik
Naxe,0.776216151,-0.006622121,0.19,0.194,1,0,Naxe
Gm10767,0.776294885,0.005707018,0.003,0.002,1,0,Gm10767
Gpat3,0.776357331,-0.003843408,0.003,0.003,1,0,Gpat3
5730585A16Rik,0.776483922,-0.002333061,0.003,0.003,1,0,5730585A16Rik
Adnp2,0.776581329,0.004717927,0.025,0.024,1,0,Adnp2
Dbt,0.77658939,0.000663521,0.063,0.064,1,0,Dbt
Gm15289,0.776612462,-0.00180855,0.003,0.003,1,0,Gm15289
Gm15860,0.776686349,0.000686097,0.002,0.002,1,0,Gm15860
Gm7464,0.776704648,0.001618724,0.003,0.003,1,0,Gm7464
Serpina9,0.776748438,0.000989502,0.002,0.002,1,0,Serpina9
Gm19220,0.776792429,-0.001577872,0.003,0.003,1,0,Gm19220
Gm43120,0.776872622,-0.000109139,0.002,0.002,1,0,Gm43120
Gm16867,0.777121006,0.000331366,0.002,0.002,1,0,Gm16867
Kcnu1,0.777126449,-0.00025695,0.003,0.003,1,0,Kcnu1
4933400F21Rik,0.777283465,0.00174344,0.003,0.003,1,0,4933400F21Rik
Angptl6,0.777336383,0.003203905,0.003,0.003,1,0,Angptl6
Gm29666,0.777710763,-0.004095353,0.002,0.002,1,0,Gm29666
4632418H02Rik,0.77783177,-0.006508099,0.002,0.002,1,0,4632418H02Rik
Hoxa5,0.777945946,0.005274118,0.013,0.013,1,0,Hoxa5
Gm11483,0.778001087,0.002657121,0.003,0.003,1,0,Gm11483
Gm37960,0.778174525,-0.000601474,0.003,0.002,1,0,Gm37960
Gpr157,0.778231504,-0.001313534,0.003,0.002,1,0,Gpr157
Gm43000,0.778402448,0.001032073,0.003,0.002,1,0,Gm43000
Gm45204,0.778436887,-3.01E-05,0.002,0.002,1,0,Gm45204
Katnal1,0.778442271,0.005884606,0.051,0.05,1,0,Katnal1
Slc39a5,0.778495306,0.000805248,0.007,0.007,1,0,Slc39a5
Gm45828,0.778800021,-0.002068372,0.002,0.002,1,0,Gm45828
Gm7008,0.7788007,-0.006563757,0.004,0.004,1,0,Gm7008
Inca1,0.778915346,-0.002077336,0.003,0.002,1,0,Inca1
Nlk,0.778954156,-0.019132892,0.038,0.037,1,0,Nlk
3830406C13Rik,0.779035989,0.04230417,0.104,0.104,1,0,3830406C13Rik
Riox1,0.779050762,-0.000427501,0.008,0.008,1,0,Riox1
Rnf146,0.779317786,-0.002011037,0.022,0.022,1,0,Rnf146
Gm20033,0.779382497,-0.001694576,0.004,0.004,1,0,Gm20033
Gm5621,0.779421521,-0.004411216,0.006,0.007,1,0,Gm5621
Gm29322,0.779465892,-0.000129111,0.002,0.002,1,0,Gm29322
Coq10a,0.779494131,-0.015933147,0.024,0.024,1,0,Coq10a
Depdc5,0.779545065,-0.004781526,0.021,0.022,1,0,Depdc5
Gm48062,0.779622046,0.009909759,0.003,0.003,1,0,Gm48062
Mrps25,0.779674595,0.015407373,0.104,0.107,1,0,Mrps25
Gm1976,0.780037226,0.004972118,0.012,0.011,1,0,Gm1976
Med15,0.780079842,0.013313751,0.104,0.104,1,0,Med15
C130021I20Rik,0.780306867,0.010463808,0.009,0.009,1,0,C130021I20Rik
Gzmn,0.78040444,0.000787619,0.002,0.002,1,0,Gzmn
Lamtor2,0.780733889,0.007040025,0.238,0.244,1,0,Lamtor2
Paox,0.780920694,-0.001277684,0.018,0.018,1,0,Paox
Ppp6r3,0.781180441,0.013618589,0.127,0.127,1,0,Ppp6r3
Gpr155,0.781239575,-0.016091562,0.012,0.012,1,0,Gpr155
Spata7,0.78210442,0.008856554,0.013,0.012,1,0,Spata7
Vps52,0.782944371,-0.005359774,0.05,0.052,1,0,Vps52
Gdpd1,0.783017502,0.002991425,0.013,0.012,1,0,Gdpd1
Spice1,0.783826595,-0.032407617,0.068,0.069,1,0,Spice1
Axin1,0.784111631,0.010251977,0.074,0.074,1,0,Axin1
Ccdc84,0.784242314,0.005405052,0.038,0.037,1,0,Ccdc84
Trmt61b,0.784437025,-0.011443999,0.009,0.009,1,0,Trmt61b
Ankrd17,0.784448277,-0.016568969,0.211,0.215,1,0,Ankrd17
C230096K16Rik,0.784707534,-0.004363921,0.008,0.008,1,0,C230096K16Rik
Gm5835,0.784881069,-0.003354541,0.103,0.105,1,0,Gm5835
Hdgfl2,0.785029771,-0.000410017,0.13,0.13,1,0,Hdgfl2
Slc26a6,0.785434339,0.008709414,0.012,0.011,1,0,Slc26a6
D16Ertd472e,0.785801381,0.022231173,0.058,0.058,1,0,D16Ertd472e
Bcorl1,0.786467216,-0.006170464,0.034,0.033,1,0,Bcorl1
Zfp217,0.786727203,0.012474284,0.035,0.035,1,0,Zfp217
Gm19391,0.787717086,-0.001503699,0.003,0.004,1,0,Gm19391
1110032A03Rik,0.787847971,-0.013813661,0.048,0.049,1,0,1110032A03Rik
Psme3,0.788201563,0.019110626,0.088,0.087,1,0,Psme3
Snapc4,0.788297026,0.002103027,0.018,0.019,1,0,Snapc4
Ndufa11,0.788326289,-0.00043448,0.301,0.309,1,0,Ndufa11
Tut1,0.788809677,-0.000696033,0.018,0.019,1,0,Tut1
Dnmt3b,0.789256639,5.20E-05,0.009,0.01,1,0,Dnmt3b
A730062M13Rik,0.790023754,-0.004520391,0.001,0.001,1,0,A730062M13Rik
Herc6,0.790291307,-0.014259679,0.049,0.049,1,0,Herc6
Gm4189,0.790377614,0.005100951,0.003,0.004,1,0,Gm4189
Prdm4,0.790544545,0.004818598,0.026,0.026,1,0,Prdm4
Gdap1l1,0.790659933,-0.00245442,0.001,0.001,1,0,Gdap1l1
Smc2os,0.790702349,-0.001273042,0.001,0.001,1,0,Smc2os
Gm15512,0.790787185,-0.002354051,0.001,0.001,1,0,Gm15512
Gm48670,0.790829604,-0.000725698,0.001,0.001,1,0,Gm48670
Ptprc,0.790872023,0.000283798,0.001,0.001,1,0,Ptprc
5033428I22Rik,0.790872023,-0.000896438,0.001,0.001,1,0,5033428I22Rik
Gm47167,0.790999285,-0.001712054,0.001,0.001,1,0,Gm47167
Gm11199,0.791041707,-0.001506425,0.001,0.001,1,0,Gm11199
B230362B09Rik,0.7912114,-0.000322102,0.001,0.001,1,0,B230362B09Rik
Gm13830,0.7912114,-0.00079394,0.001,0.001,1,0,Gm13830
Gm46496,0.7912114,-0.001019519,0.001,0.001,1,0,Gm46496
Mkrn2os,0.7912114,-0.001213341,0.001,0.001,1,0,Mkrn2os
Rab36,0.79132081,-0.001623063,0.014,0.014,1,0,Rab36
Gm3150,0.791381104,-0.000447344,0.001,0.001,1,0,Gm3150
Osgin2,0.791437134,-0.001303083,0.018,0.019,1,0,Osgin2
Nudt18,0.791445691,-0.001820122,0.047,0.046,1,0,Nudt18
Rbl1,0.79147478,0.007733023,0.021,0.02,1,0,Rbl1
Gm4834,0.791508388,1.53E-05,0.001,0.001,1,0,Gm4834
Rbmx2-ps,0.791550817,1.97E-05,0.001,0.001,1,0,Rbmx2-ps
Smarca5,0.791567893,-0.037462565,0.383,0.384,1,0,Smarca5
Gm35405,0.791593247,0.000896403,0.001,0.001,1,0,Gm35405
Wdfy4,0.791593247,0.000274826,0.001,0.001,1,0,Wdfy4
Gm12568,0.791805405,0.000910619,0.001,0.001,1,0,Gm12568
Intu,0.792314967,0.007732537,0.009,0.009,1,0,Intu
Chn1os3,0.793052739,0.00111226,0.003,0.003,1,0,Chn1os3
Ppil4,0.793458289,-0.004442328,0.174,0.173,1,0,Ppil4
Evc2,0.793548563,0.010432837,0.071,0.072,1,0,Evc2
Gm50008,0.793729216,0.00504747,0.005,0.004,1,0,Gm50008
Laptm5,0.794208409,-0.00168647,0.003,0.003,1,0,Laptm5
Gm10120,0.794255779,-8.74E-05,0.004,0.004,1,0,Gm10120
Cops9,0.794256924,0.004467066,0.368,0.374,1,0,Cops9
Tbc1d4,0.795007141,0.00211229,0.02,0.02,1,0,Tbc1d4
Hoxa2,0.795106866,0.002031299,0.004,0.004,1,0,Hoxa2
Gm13803,0.795187498,0.004416143,0.01,0.01,1,0,Gm13803
AI480526,0.795232925,0.002205046,0.005,0.004,1,0,AI480526
Med16,0.795403817,0.015692684,0.061,0.06,1,0,Med16
Tbc1d17,0.795416507,0.002902808,0.075,0.076,1,0,Tbc1d17
Ppp1r16b,0.795564808,-0.006523989,0.005,0.005,1,0,Ppp1r16b
Rap2b,0.796327515,0.00434769,0.096,0.098,1,0,Rap2b
Tlcd1,0.79687028,0.001042224,0.117,0.119,1,0,Tlcd1
Srp14,0.797031917,-0.006611763,0.345,0.353,1,0,Srp14
Man2b2,0.797106824,0.020077049,0.052,0.053,1,0,Man2b2
Gm37648,0.797364929,-0.002869015,0.002,0.002,1,0,Gm37648
Dgat2,0.797485089,-0.003791103,0.007,0.007,1,0,Dgat2
Alg11,0.797667495,0.002369691,0.04,0.041,1,0,Alg11
Katnal2,0.797879374,-0.000933805,0.002,0.002,1,0,Katnal2
Alkbh5,0.798229986,-0.002909362,0.168,0.168,1,0,Alkbh5
Gbe1,0.79872561,-0.002428833,0.028,0.028,1,0,Gbe1
Cdc42bpg,0.798767169,0.009728535,0.023,0.023,1,0,Cdc42bpg
Fmnl2,0.79895287,-0.013269259,0.117,0.119,1,0,Fmnl2
Ikzf5,0.799010333,-0.003371546,0.063,0.065,1,0,Ikzf5
Mbtps2,0.799212724,0.014187972,0.029,0.028,1,0,Mbtps2
Gm48998,0.799358891,0.002307091,0.002,0.002,1,0,Gm48998
2810039B14Rik,0.799562655,0.000968969,0.004,0.004,1,0,2810039B14Rik
Cd274,0.799763391,0.000952568,0.015,0.015,1,0,Cd274
Gm44509,0.799868779,-0.001594414,0.007,0.008,1,0,Gm44509
Nkrf,0.799892959,-0.008165172,0.017,0.016,1,0,Nkrf
Slc16a7,0.800147584,-0.002070359,0.005,0.005,1,0,Slc16a7
Neil1,0.800404105,-0.002894552,0.015,0.015,1,0,Neil1
Rsad2,0.800448746,-0.10660489,0.046,0.045,1,0,Rsad2
Gm43258,0.800580539,-0.002353255,0.007,0.006,1,0,Gm43258
Ncor1,0.800835592,-0.047387149,0.444,0.445,1,0,Ncor1
Fcgr4,0.800943465,0.001557093,0.001,0.001,1,0,Fcgr4
Clec4n,0.800943465,0.001308589,0.001,0.001,1,0,Clec4n
Krt8,0.801260178,0.001260796,0.001,0.001,1,0,Krt8
Ptov1,0.801655635,-0.014711629,0.234,0.237,1,0,Ptov1
Dlx1as,0.803024898,0.000225832,0.004,0.004,1,0,Dlx1as
Rab11fip3,0.803041005,0.00050288,0.031,0.031,1,0,Rab11fip3
Ttc17,0.803163566,-0.005956543,0.064,0.065,1,0,Ttc17
Slc38a2,0.803189337,-0.012374783,0.393,0.395,1,0,Slc38a2
Ern1,0.80337922,0.006817421,0.021,0.022,1,0,Ern1
Gm43980,0.804349852,-0.032373502,0.106,0.107,1,0,Gm43980
Vsig10l,0.804555354,-0.00106632,0.003,0.003,1,0,Vsig10l
Gm42577,0.804586251,0.00427361,0.004,0.003,1,0,Gm42577
Smim15,0.80464285,0.008552,0.183,0.188,1,0,Smim15
Rpl31-ps17,0.804647689,0.001365451,0.014,0.014,1,0,Rpl31-ps17
Hace1,0.804673514,-0.005190827,0.023,0.024,1,0,Hace1
Rab39b,0.804921789,0.00018806,0.003,0.003,1,0,Rab39b
Ppp2r2d,0.80503551,0.017303165,0.176,0.177,1,0,Ppp2r2d
Gm11627,0.807016276,-0.011362683,0.011,0.012,1,0,Gm11627
Btbd9,0.80708073,0.004925628,0.05,0.049,1,0,Btbd9
Il15,0.807229484,-0.009488747,0.024,0.024,1,0,Il15
5031439G07Rik,0.807236093,0.021750605,0.047,0.046,1,0,5031439G07Rik
Tsen2,0.807578331,0.003284876,0.036,0.037,1,0,Tsen2
Rcbtb2,0.807760289,-0.001877788,0.06,0.061,1,0,Rcbtb2
Gm20692,0.808074158,0.006266559,0.003,0.003,1,0,Gm20692
Ly96,0.808307883,0.002666134,0.048,0.049,1,0,Ly96
Amt,0.808562267,-5.15E-05,0.012,0.012,1,0,Amt
Scrib,0.809073092,0.010697167,0.031,0.032,1,0,Scrib
N4bp2os,0.809339044,-0.002414226,0.004,0.003,1,0,N4bp2os
Prokr1,0.809390945,0.002640385,0.015,0.015,1,0,Prokr1
1700113A16Rik,0.809617699,-7.38E-05,0.009,0.009,1,0,1700113A16Rik
Gm43679,0.809799869,0.003041959,0.003,0.003,1,0,Gm43679
Mtss2,0.809857433,0.005299975,0.027,0.027,1,0,Mtss2
Pitpnm1,0.809914279,-0.006544359,0.025,0.026,1,0,Pitpnm1
Abcc10,0.810201546,-0.006637391,0.008,0.008,1,0,Abcc10
Rps2-ps9,0.810237884,0.001080498,0.003,0.003,1,0,Rps2-ps9
Dnaaf5,0.810387565,0.00471038,0.009,0.009,1,0,Dnaaf5
Etnk2,0.810572876,-0.000805229,0.003,0.003,1,0,Etnk2
Tmem159,0.810642589,-0.004805184,0.142,0.145,1,0,Tmem159
Gm38329,0.81098312,0.008187211,0.007,0.007,1,0,Gm38329
4833411C07Rik,0.81144311,-0.000301093,0.006,0.007,1,0,4833411C07Rik
U2af2,0.811524692,-0.007733057,0.144,0.144,1,0,U2af2
Tctn3,0.811615022,-0.007018226,0.014,0.014,1,0,Tctn3
Zdhhc6,0.811619818,0.040551432,0.051,0.051,1,0,Zdhhc6
Phf20,0.811725482,-0.032849391,0.133,0.132,1,0,Phf20
Pagr1a,0.811944074,0.00495028,0.005,0.005,1,0,Pagr1a
B230208H11Rik,0.81194808,-0.001938599,0.002,0.003,1,0,B230208H11Rik
Zfp422,0.81206154,-0.012175519,0.055,0.056,1,0,Zfp422
Myhas,0.812196201,-0.004653231,0.001,0.001,1,0,Myhas
Ranbp6,0.812230996,0.001722085,0.016,0.017,1,0,Ranbp6
Tspan1,0.812243953,-0.001913351,0.001,0.001,1,0,Tspan1
AI504432,0.812387212,-0.000880904,0.001,0.001,1,0,AI504432
Gm37645,0.812578235,-0.00046278,0.001,0.001,1,0,Gm37645
Rps6-ps1,0.812709119,0.000318491,0.002,0.003,1,0,Rps6-ps1
Slc23a1,0.812721509,-0.001067627,0.001,0.001,1,0,Slc23a1
Ccl3,0.81291255,0.002172818,0.001,0.001,1,0,Ccl3
A930005N03Rik,0.812960312,-4.09E-05,0.001,0.001,1,0,A930005N03Rik
Rtl1,0.812993586,0.010174978,0.014,0.014,1,0,Rtl1
Nelfcd,0.813151651,0.000726158,0.037,0.038,1,0,Nelfcd
Agk,0.813155148,0.007158346,0.03,0.031,1,0,Agk
Gm5552,0.813267537,0.001732116,0.001,0.001,1,0,Gm5552
D530037P16Rik,0.813485742,0.000620258,0.001,0.001,1,0,D530037P16Rik
Ooep,0.81352392,0.00097391,0.001,0.001,1,0,Ooep
Gm42777,0.813566652,0.002282181,0.001,0.001,1,0,Gm42777
Gm47687,0.813652118,0.003177611,0.001,0.001,1,0,Gm47687
Mfrp,0.813694853,0.001142044,0.001,0.001,1,0,Mfrp
Kcnab3,0.813694853,-0.000643689,0.001,0.001,1,0,Kcnab3
Egf,0.813695915,0.003057662,0.002,0.003,1,0,Egf
1700028E10Rik,0.813823058,0.001180633,0.001,0.001,1,0,1700028E10Rik
Gm37824,0.813823058,0.000176629,0.001,0.001,1,0,Gm37824
Gm36602,0.813865794,0.001050768,0.001,0.001,1,0,Gm36602
Gm45293,0.813951269,0.000533521,0.001,0.001,1,0,Gm45293
F2rl3,0.813951269,0.000238295,0.001,0.001,1,0,F2rl3
Gm765,0.813971787,-0.009743143,0.013,0.014,1,0,Gm765
D130062J10Rik,0.814030632,0.001998634,0.003,0.003,1,0,D130062J10Rik
Sh2d5,0.814036745,-0.000345971,0.001,0.001,1,0,Sh2d5
Tmem120a,0.814045785,0.025041001,0.074,0.074,1,0,Tmem120a
Naa40,0.814114282,0.006213048,0.021,0.02,1,0,Naa40
Bak1,0.814119833,0.025943864,0.059,0.06,1,0,Bak1
Gm18736,0.81414712,0.00242439,0.002,0.003,1,0,Gm18736
Gm6409,0.814207705,0.000457945,0.001,0.001,1,0,Gm6409
Caskin1,0.814259931,5.41E-05,0.002,0.003,1,0,Caskin1
Zfp82,0.814378673,-0.001557493,0.001,0.001,1,0,Zfp82
Gm45292,0.814644847,0.001917787,0.007,0.007,1,0,Gm45292
2210011K15Rik,0.814711213,0.00363456,0.002,0.003,1,0,2210011K15Rik
Gm37902,0.814720637,-0.001273156,0.001,0.001,1,0,Gm37902
Derl2,0.814731373,-0.007560363,0.131,0.134,1,0,Derl2
Gm3435,0.814763385,-0.002393774,0.001,0.001,1,0,Gm3435
Gm15590,0.814965926,-0.006192323,0.005,0.005,1,0,Gm15590
Ccdc50-ps,0.81507816,-0.002846189,0.036,0.037,1,0,Ccdc50-ps
Eldr,0.815221486,0.003368726,0.007,0.006,1,0,Eldr
Gm42900,0.815330897,0.004143315,0.002,0.002,1,0,Gm42900
Gm2366,0.815764171,0.001640131,0.002,0.002,1,0,Gm2366
Mfn1,0.815854879,-0.002191023,0.044,0.045,1,0,Mfn1
Gm43150,0.815928531,0.000822842,0.002,0.002,1,0,Gm43150
Gm15198,0.816077956,-0.001069788,0.002,0.002,1,0,Gm15198
Gm42508,0.816505518,0.002615285,0.002,0.001,1,0,Gm42508
Las1l,0.816861916,0.005288397,0.123,0.126,1,0,Las1l
Gm4787,0.816910541,0.001273706,0.002,0.001,1,0,Gm4787
Gtf2ird1,0.817012407,-0.008939251,0.035,0.035,1,0,Gtf2ird1
Dusp7,0.817014265,0.014060182,0.043,0.044,1,0,Dusp7
D030062O11Rik,0.817278787,0.002259256,0.002,0.001,1,0,D030062O11Rik
Med6,0.817319249,0.010476173,0.066,0.068,1,0,Med6
Gm37407,0.817691194,-0.003284671,0.002,0.002,1,0,Gm37407
Aldh1b1,0.817775983,-0.000917482,0.002,0.001,1,0,Aldh1b1
Gm27017,0.8177944,-0.000455584,0.002,0.001,1,0,Gm27017
Gm44249,0.817931382,-0.002766984,0.002,0.002,1,0,Gm44249
7330423F06Rik,0.817978566,-0.001313132,0.002,0.001,1,0,7330423F06Rik
Rapgefl1,0.818206883,-0.001788079,0.002,0.002,1,0,Rapgefl1
Rpl18a-ps1,0.818358493,-0.00061748,0.002,0.002,1,0,Rpl18a-ps1
Klhdc8a,0.818413181,-0.000699837,0.002,0.002,1,0,Klhdc8a
Ttc41,0.818420606,-0.003230032,0.002,0.001,1,0,Ttc41
Trip6,0.818442477,-0.001070383,0.13,0.13,1,0,Trip6
Gm13215,0.818456997,-0.000613777,0.002,0.002,1,0,Gm13215
Gm11474,0.818457445,-0.00050174,0.002,0.001,1,0,Gm11474
D030051J21Rik,0.818653878,0.001933637,0.002,0.002,1,0,D030051J21Rik
Gm13935,0.818653878,-0.000224777,0.002,0.002,1,0,Gm13935
Gm3055,0.818688264,-0.001973427,0.002,0.002,1,0,Gm3055
Gm17981,0.818899548,7.00E-05,0.002,0.001,1,0,Gm17981
Gm38574,0.818905605,0.003311225,0.021,0.021,1,0,Gm38574
A630072M18Rik,0.818916721,-0.001877978,0.002,0.002,1,0,A630072M18Rik
Ccdc125,0.818947191,0.000947643,0.01,0.009,1,0,Ccdc125
Gm5171,0.81906654,0.000115985,0.002,0.002,1,0,Gm5171
Gm15285,0.819476317,0.000452567,0.004,0.005,1,0,Gm15285
Eef1akmt2,0.819589133,0.014647126,0.102,0.102,1,0,Eef1akmt2
Gm15190,0.819651232,0.003502514,0.002,0.002,1,0,Gm15190
Ranbp17,0.819792085,0.00173425,0.004,0.005,1,0,Ranbp17
Gm12166,0.819882634,9.02E-05,0.02,0.02,1,0,Gm12166
A430035B10Rik,0.81990402,-0.008435435,0.006,0.006,1,0,A430035B10Rik
Tesc,0.820258374,-0.006705816,0.003,0.003,1,0,Tesc
Fendrr,0.820339232,0.00389121,0.002,0.002,1,0,Fendrr
Nadk2,0.820662003,0.007838748,0.017,0.017,1,0,Nadk2
4930413G21Rik,0.82095307,0.000640831,0.014,0.014,1,0,4930413G21Rik
Pdzd4,0.82118887,0.004418139,0.017,0.017,1,0,Pdzd4
Rangap1,0.821238752,0.012495831,0.079,0.081,1,0,Rangap1
Anp32-ps,0.821424708,0.005319218,0.017,0.017,1,0,Anp32-ps
Nphs1,0.821641456,-0.000756954,0.005,0.005,1,0,Nphs1
Grip2,0.82168693,-0.013212903,0.006,0.006,1,0,Grip2
Upp2,0.82184351,-0.001590481,0.014,0.015,1,0,Upp2
Prkar2a,0.821873228,0.015315306,0.109,0.112,1,0,Prkar2a
Akap1,0.822622502,0.017739047,0.043,0.043,1,0,Akap1
4930523C07Rik,0.822819991,-0.0314465,0.158,0.157,1,0,4930523C07Rik
2410004B18Rik,0.822859238,0.015661026,0.114,0.115,1,0,2410004B18Rik
Gm43593,0.823052305,-1.21E-05,0.003,0.003,1,0,Gm43593
Gng5,0.823445497,0.019349389,0.239,0.242,1,0,Gng5
Mier1,0.823546382,-0.012632965,0.286,0.289,1,0,Mier1
Dyrk1b,0.824023173,-0.00451562,0.007,0.008,1,0,Dyrk1b
C030032O16Rik,0.824041889,-0.000371782,0.006,0.006,1,0,C030032O16Rik
Oxa1l,0.824149147,0.018503461,0.067,0.067,1,0,Oxa1l
Krit1,0.824366403,-0.015716338,0.15,0.149,1,0,Krit1
Gne,0.824823862,0.014596103,0.036,0.037,1,0,Gne
Slc51a,0.825034818,0.003493457,0.003,0.003,1,0,Slc51a
Ftl1-ps1,0.825259126,0.001980055,0.047,0.047,1,0,Ftl1-ps1
Msantd2,0.825480471,0.012606815,0.053,0.053,1,0,Msantd2
1810021B22Rik,0.825774077,-0.000413556,0.006,0.006,1,0,1810021B22Rik
Rpl18-ps1,0.826093219,0.000370433,0.017,0.017,1,0,Rpl18-ps1
Otud4,0.826093815,-0.012655753,0.083,0.085,1,0,Otud4
Rpl36-ps12,0.826324539,-0.001224476,0.008,0.008,1,0,Rpl36-ps12
2610203C22Rik,0.826397174,0.006798017,0.007,0.007,1,0,2610203C22Rik
Dram2,0.826629725,-0.002478292,0.098,0.1,1,0,Dram2
Pxmp4,0.826848143,-0.002850522,0.082,0.081,1,0,Pxmp4
Abhd16a,0.827085965,0.003436263,0.152,0.155,1,0,Abhd16a
Aimp1,0.827176907,-3.71E-05,0.205,0.206,1,0,Aimp1
Kpnb1,0.827625996,0.016534014,0.227,0.233,1,0,Kpnb1
Mdp1,0.82770637,0.007746778,0.108,0.11,1,0,Mdp1
Slc25a20,0.827821948,0.013830108,0.054,0.053,1,0,Slc25a20
2700046G09Rik,0.828276575,0.003774396,0.004,0.004,1,0,2700046G09Rik
Pias1,0.828393076,-0.011946362,0.088,0.09,1,0,Pias1
Vps72,0.828401309,0.004991928,0.081,0.082,1,0,Vps72
Gm45844,0.828657935,0.002403527,0.006,0.006,1,0,Gm45844
Gm18899,0.828773163,-0.003091807,0.006,0.006,1,0,Gm18899
Rrm1,0.828781142,0.022642788,0.066,0.068,1,0,Rrm1
Samd15,0.829024501,0.003018641,0.004,0.004,1,0,Samd15
Ggcx,0.82909245,0.005156214,0.117,0.12,1,0,Ggcx
Gm9776,0.829202346,0.002686008,0.006,0.006,1,0,Gm9776
Zfp780b,0.829360596,0.000322845,0.032,0.033,1,0,Zfp780b
Zfp628,0.829796569,-0.002334373,0.013,0.013,1,0,Zfp628
Rab35,0.82997251,0.013005042,0.104,0.104,1,0,Rab35
Zfyve27,0.830006849,-0.004335045,0.034,0.034,1,0,Zfyve27
Msto1,0.830166841,-0.004253226,0.016,0.017,1,0,Msto1
Hdac8,0.830614794,0.006415004,0.024,0.023,1,0,Hdac8
2310022A10Rik,0.830619547,0.001320121,0.015,0.015,1,0,2310022A10Rik
Fam171a2,0.830750051,0.007548141,0.019,0.02,1,0,Fam171a2
Gm43029,0.830921346,-0.00141006,0.002,0.002,1,0,Gm43029
Ndufa13,0.831197989,-0.035961422,0.466,0.469,1,0,Ndufa13
Gm20605,0.831514484,-0.002611391,0.002,0.002,1,0,Gm20605
Gm12418,0.831870413,-0.000790438,0.002,0.002,1,0,Gm12418
Atp10a,0.832367402,-0.004101365,0.051,0.052,1,0,Atp10a
Lamp1,0.832478519,-0.021610463,0.529,0.531,1,0,Lamp1
Pgs1,0.832740781,0.026191924,0.073,0.073,1,0,Pgs1
Gm5637,0.833166296,-0.001467991,0.004,0.004,1,0,Gm5637
Samd1,0.833514889,0.004940354,0.034,0.035,1,0,Samd1
Zfp930,0.833817182,0.011182758,0.021,0.02,1,0,Zfp930
Cnppd1,0.83414636,-0.013152404,0.085,0.086,1,0,Cnppd1
Timm29,0.834427433,0.011132864,0.052,0.053,1,0,Timm29
Mrpl53,0.834511289,0.003666185,0.002,0.002,1,0,Mrpl53
Gm13413,0.834910138,0.004178046,0.004,0.004,1,0,Gm13413
Sec61a2,0.835182661,0.002643901,0.022,0.023,1,0,Sec61a2
Ube2v2,0.836531036,0.008879487,0.022,0.021,1,0,Ube2v2
Zfp993,0.836638079,0.005197949,0.007,0.007,1,0,Zfp993
Slc25a15,0.836705654,0.014903811,0.015,0.015,1,0,Slc25a15
Bst1,0.837334447,0.000785631,0.001,0.001,1,0,Bst1
Zfp292,0.837371068,0.023180204,0.201,0.203,1,0,Zfp292
Cox4i1,0.837409328,-0.031012589,0.752,0.724,1,0,Cox4i1
Il18bp,0.837488024,0.017228671,0.022,0.022,1,0,Il18bp
Anks6,0.837535043,0.000801828,0.007,0.007,1,0,Anks6
Ptafr,0.83766763,0.000394085,0.001,0.001,1,0,Ptafr
Sos1,0.838428693,0.018488925,0.078,0.078,1,0,Sos1
Slc35e1,0.838470124,0.010335035,0.054,0.055,1,0,Slc35e1
Gm50340,0.838890591,0.007065538,0.003,0.003,1,0,Gm50340
C1rl,0.838947103,0.032991585,0.031,0.031,1,0,C1rl
Dtwd1,0.839201447,0.005870548,0.027,0.027,1,0,Dtwd1
Gm5297,0.839317062,0.001252146,0.003,0.003,1,0,Gm5297
Copz1,0.839554105,0.023070413,0.19,0.195,1,0,Copz1
Cnot2,0.840003141,0.016033574,0.111,0.112,1,0,Cnot2
Pepd,0.84009443,0.017710912,0.08,0.08,1,0,Pepd
Iqcg,0.840340105,-0.002822011,0.003,0.003,1,0,Iqcg
Ccny,0.840538419,0.003737104,0.114,0.114,1,0,Ccny
Gm27042,0.840611915,-0.002505644,0.001,0.002,1,0,Gm27042
Perm1,0.840686047,-0.004894835,0.001,0.002,1,0,Perm1
4930453N24Rik,0.840793213,0.009680118,0.05,0.052,1,0,4930453N24Rik
Gm10143,0.84094552,-0.001929315,0.001,0.002,1,0,Gm10143
4930528J11Rik,0.841056728,-0.003070454,0.001,0.002,1,0,4930528J11Rik
Gm5687,0.841107884,-0.000183987,0.003,0.003,1,0,Gm5687
Gm48375,0.841167939,-0.001066859,0.001,0.002,1,0,Gm48375
Pex16,0.84130501,-0.012846538,0.03,0.029,1,0,Pex16
Gm43509,0.841390371,0.000212713,0.001,0.002,1,0,Gm43509
Gm36527,0.841835272,0.000813652,0.001,0.002,1,0,Gm36527
Gm9570,0.841909427,0.000114392,0.001,0.002,1,0,Gm9570
Zc3h7a,0.842062319,0.005486159,0.354,0.358,1,0,Zc3h7a
Gm44950,0.842101742,0.001376419,0.026,0.026,1,0,Gm44950
Gm48611,0.842337869,-0.005043271,0.003,0.004,1,0,Gm48611
Col6a4,0.842416656,-0.001327371,0.003,0.003,1,0,Col6a4
Gm43330,0.842479426,-0.00266142,0.003,0.003,1,0,Gm43330
Gm11281,0.842537945,0.000824045,0.003,0.003,1,0,Gm11281
Unc93a2,0.842613971,0.002708597,0.001,0.002,1,0,Unc93a2
Rps2-ps6,0.842762312,0.002017893,0.001,0.002,1,0,Rps2-ps6
Apoo-ps,0.842799398,0.001633586,0.001,0.002,1,0,Apoo-ps
Ccdc32,0.84310059,0.021560915,0.068,0.067,1,0,Ccdc32
Hpgds,0.843332647,0.001951943,0.003,0.003,1,0,Hpgds
Chmp1a,0.84338435,0.008614624,0.15,0.154,1,0,Chmp1a
A930005H10Rik,0.843688465,-0.004763952,0.014,0.015,1,0,A930005H10Rik
Cc2d1b,0.843718123,0.000843612,0.021,0.02,1,0,Cc2d1b
Slc38a9,0.844326569,-0.001869538,0.053,0.052,1,0,Slc38a9
Aplf,0.844433623,0.018297873,0.02,0.02,1,0,Aplf
Dhx29,0.844449217,0.01509641,0.106,0.106,1,0,Dhx29
Stk36,0.844752219,-0.002176617,0.007,0.007,1,0,Stk36
Mmd,0.845466341,0.005186149,0.022,0.022,1,0,Mmd
Acat1,0.845586056,-0.004328217,0.308,0.309,1,0,Acat1
Spop,0.8456573,-0.041526066,0.372,0.376,1,0,Spop
Unc45a,0.846176655,-9.35E-05,0.065,0.064,1,0,Unc45a
Trmt6,0.846616715,0.00684222,0.084,0.084,1,0,Trmt6
Gm5575,0.846712871,-0.000999837,0.003,0.003,1,0,Gm5575
Amotl1,0.847109337,-0.039790088,0.324,0.325,1,0,Amotl1
Gm9514,0.847133901,0.005198597,0.006,0.006,1,0,Gm9514
Syf2,0.847360913,-0.042716359,0.27,0.272,1,0,Syf2
Fgfr3,0.847454506,0.00213232,0.005,0.005,1,0,Fgfr3
Gm14410,0.847693892,0.001080222,0.003,0.004,1,0,Gm14410
Ndufv1,0.8479634,-0.007067548,0.173,0.174,1,0,Ndufv1
Gm15907,0.848131829,-0.001879951,0.003,0.003,1,0,Gm15907
Gm37626,0.848377808,-0.012710247,0.019,0.019,1,0,Gm37626
Mtg1,0.848604809,-0.000890441,0.024,0.024,1,0,Mtg1
Klhl7,0.848661824,-0.014423969,0.047,0.048,1,0,Klhl7
Zfp961,0.848822024,-0.005777641,0.016,0.016,1,0,Zfp961
Atp2c1,0.848903942,0.006835543,0.088,0.088,1,0,Atp2c1
A230056P14Rik,0.848951708,-0.002414503,0.005,0.005,1,0,A230056P14Rik
Cln3,0.84915035,0.004553621,0.037,0.037,1,0,Cln3
Ahctf1,0.849264249,-0.007345961,0.098,0.1,1,0,Ahctf1
Eps8l1,0.849307076,-0.000918686,0.015,0.015,1,0,Eps8l1
Nae1,0.849588807,0.000794477,0.143,0.145,1,0,Nae1
Dglucy,0.84970895,0.000483007,0.006,0.006,1,0,Dglucy
Pidd1,0.850036361,0.007276609,0.003,0.004,1,0,Pidd1
Gm16973,0.850115582,-0.006645925,0.015,0.015,1,0,Gm16973
Asns,0.850142038,0.020282045,0.05,0.051,1,0,Asns
Suox,0.850730487,-0.015741898,0.021,0.021,1,0,Suox
Coro1c,0.850755825,0.007401424,0.134,0.134,1,0,Coro1c
Phf20-ps,0.850875116,0.002687147,0.003,0.002,1,0,Phf20-ps
Lztr1,0.850914533,0.017998901,0.089,0.091,1,0,Lztr1
Rab5b,0.851280523,-0.008712459,0.059,0.06,1,0,Rab5b
Mob1b,0.851512455,0.028313836,0.093,0.093,1,0,Mob1b
Mon1a,0.851540139,0.006758632,0.017,0.016,1,0,Mon1a
Cgas,0.85158495,0.020315833,0.024,0.024,1,0,Cgas
Epb41l5,0.851894647,-0.006907134,0.006,0.006,1,0,Epb41l5
5430403G16Rik,0.851940843,-0.000222865,0.005,0.005,1,0,5430403G16Rik
Mfap3l,0.851996115,-0.017741508,0.013,0.013,1,0,Mfap3l
2900097C17Rik,0.852147611,0.005067476,0.067,0.068,1,0,2900097C17Rik
Slc9a3r1,0.852312042,0.007994086,0.021,0.021,1,0,Slc9a3r1
Nudt15,0.852516951,-0.001662336,0.003,0.002,1,0,Nudt15
AB124611,0.852522445,-0.004505252,0.002,0.002,1,0,AB124611
Sh3gl1,0.853196886,0.027472813,0.181,0.182,1,0,Sh3gl1
Nrg4,0.854544692,-0.000717806,0.002,0.002,1,0,Nrg4
Camta2,0.855038254,0.005187449,0.043,0.044,1,0,Camta2
Pigk,0.855051295,0.026234669,0.157,0.162,1,0,Pigk
Dennd6a,0.855212735,0.000807271,0.078,0.078,1,0,Dennd6a
Klrg2,0.855266035,0.000145423,0.002,0.002,1,0,Klrg2
Gm4332,0.855619065,0.025757606,0.072,0.072,1,0,Gm4332
Sprtn,0.855708818,-0.007490418,0.024,0.024,1,0,Sprtn
Diaph3,0.855753139,0.002187499,0.041,0.041,1,0,Diaph3
Gm13684,0.855830649,0.003167027,0.002,0.002,1,0,Gm13684
Pcdhga9,0.855998367,0.002460568,0.005,0.005,1,0,Pcdhga9
Apobr,0.856072336,0.012490455,0.018,0.018,1,0,Apobr
2310058D17Rik,0.856081612,0.000449469,0.002,0.002,1,0,2310058D17Rik
Gm19605,0.856146967,-0.001925546,0.007,0.007,1,0,Gm19605
Gm13351,0.856238472,0.004478045,0.002,0.002,1,0,Gm13351
Gm43307,0.856269844,0.002920337,0.002,0.002,1,0,Gm43307
Gtf3c2,0.856309558,0.00771993,0.076,0.076,1,0,Gtf3c2
Mtpap,0.856795372,0.020676932,0.037,0.036,1,0,Mtpap
Mtfr1l,0.856855841,-0.012046582,0.139,0.139,1,0,Mtfr1l
Gm8231,0.85692872,0.002992189,0.002,0.002,1,0,Gm8231
Gm10638,0.856966069,0.003585101,0.006,0.007,1,0,Gm10638
Ep400,0.85704455,0.014881034,0.121,0.121,1,0,Ep400
Mnt,0.857196286,0.000873909,0.039,0.04,1,0,Mnt
Gm48961,0.857336646,0.001175321,0.002,0.002,1,0,Gm48961
Ankrd13b,0.85734809,0.011408188,0.018,0.018,1,0,Ankrd13b
Gm5781,0.857399407,0.000719776,0.002,0.002,1,0,Gm5781
Tlnrd1,0.857892241,0.027101794,0.066,0.066,1,0,Tlnrd1
Gm14253,0.857899732,-0.003822495,0.009,0.008,1,0,Gm14253
Gm15446,0.858150376,-0.003826054,0.023,0.023,1,0,Gm15446
Tbl1x,0.858440539,-0.006599204,0.296,0.3,1,0,Tbl1x
Casc1,0.859056734,0.003505051,0.004,0.004,1,0,Casc1
Dpy19l1,0.859269259,-8.51E-05,0.111,0.113,1,0,Dpy19l1
Fam129c,0.859863402,0.007787891,0.007,0.007,1,0,Fam129c
Bicdl1,0.859916041,-0.008221838,0.015,0.015,1,0,Bicdl1
Ropn1l,0.860214392,0.000958315,0.004,0.004,1,0,Ropn1l
Clec16a,0.860488008,-0.000408526,0.02,0.02,1,0,Clec16a
Gm4707,0.860561748,0.002788822,0.004,0.004,1,0,Gm4707
Smchd1,0.861090621,-0.00548431,0.194,0.195,1,0,Smchd1
Gm15530,0.861175758,0.004337892,0.002,0.002,1,0,Gm15530
Sugct,0.861756142,0.024259488,0.019,0.019,1,0,Sugct
Gm49490,0.862184101,0.000419156,0.002,0.002,1,0,Gm49490
Gm6363,0.862206929,0.001517722,0.003,0.003,1,0,Gm6363
Gm44758,0.862373726,-0.003571796,0.003,0.003,1,0,Gm44758
Gm50433,0.862566635,0.000792552,0.002,0.002,1,0,Gm50433
Gm5148,0.862766126,0.002378754,0.02,0.019,1,0,Gm5148
Gm9512,0.862879641,0.000445375,0.002,0.002,1,0,Gm9512
Rpl15-ps5,0.863018762,-0.000598697,0.002,0.002,1,0,Rpl15-ps5
Ing3,0.863048012,-0.006487863,0.07,0.07,1,0,Ing3
Cpsf2,0.863049356,0.01928658,0.133,0.136,1,0,Cpsf2
Gm48332,0.863157887,-0.000321203,0.002,0.002,1,0,Gm48332
Prpf38a,0.863339601,-0.014539085,0.071,0.071,1,0,Prpf38a
Cds1,0.863366582,-0.000475452,0.002,0.002,1,0,Cds1
Gm38365,0.863575287,0.000572434,0.002,0.002,1,0,Gm38365
Cmc4,0.863710844,0.001042504,0.029,0.029,1,0,Cmc4
Tab3,0.864065367,-0.001034881,0.017,0.017,1,0,Tab3
Rpl31-ps11,0.864089095,0.002485551,0.003,0.003,1,0,Rpl31-ps11
Hipk1,0.864098287,0.001720017,0.096,0.096,1,0,Hipk1
Txndc9,0.864236887,0.005381547,0.168,0.171,1,0,Txndc9
Trim23,0.864406859,0.008123519,0.036,0.037,1,0,Trim23
Guca1b,0.864600752,-0.003298461,0.003,0.003,1,0,Guca1b
Traf6,0.864983675,0.007389154,0.032,0.031,1,0,Traf6
Cox17,0.865047599,-0.006054827,0.26,0.262,1,0,Cox17
C730002L08Rik,0.865349663,-0.006398429,0.002,0.002,1,0,C730002L08Rik
Ccdc57,0.865504222,-0.00168252,0.005,0.005,1,0,Ccdc57
Hmg20a,0.865517391,0.012422256,0.079,0.079,1,0,Hmg20a
Bmpr2,0.865565797,0.008605067,0.216,0.218,1,0,Bmpr2
Abcb6,0.865880936,0.006398562,0.011,0.011,1,0,Abcb6
Gm12312,0.866052652,-0.00205658,0.003,0.003,1,0,Gm12312
Samd9l,0.866113224,-0.000390692,0.171,0.172,1,0,Samd9l
Slc47a1,0.866435371,-0.001389332,0.001,0.001,1,0,Slc47a1
Gm37783,0.866587487,0.003467247,0.001,0.001,1,0,Gm37783
Il27,0.86671818,-0.000652426,0.001,0.001,1,0,Il27
Gm43332,0.86671818,-0.002054201,0.001,0.001,1,0,Gm43332
Rps19-ps9,0.866745697,0.00089365,0.001,0.001,1,0,Rps19-ps9
Gm43585,0.866758582,-0.001421659,0.001,0.001,1,0,Gm43585
Gm45133,0.866798985,-0.000784432,0.001,0.001,1,0,Gm45133
Plekhm1,0.866810772,0.00452374,0.022,0.021,1,0,Plekhm1
Gm49901,0.866879792,-0.000577774,0.001,0.001,1,0,Gm49901
Gm42700,0.866879792,-0.000965024,0.001,0.001,1,0,Gm42700
Hmgb1-ps1,0.866879792,-0.002039829,0.001,0.001,1,0,Hmgb1-ps1
Gm8959,0.866903912,0.002762826,0.001,0.001,1,0,Gm8959
Serpina3n,0.867097474,-0.002951859,0.168,0.17,1,0,Serpina3n
Gm5321,0.867101688,0.00254364,0.001,0.001,1,0,Gm5321
Glyctk,0.867122222,-0.000819443,0.001,0.001,1,0,Glyctk
Gm45278,0.867141244,0.00451935,0.001,0.001,1,0,Gm45278
Gm9701,0.867180801,0.002070841,0.001,0.001,1,0,Gm9701
Gm7172,0.867203034,0.000552598,0.001,0.001,1,0,Gm7172
Maats1,0.867203034,-0.000695199,0.001,0.001,1,0,Maats1
1700001G11Rik,0.867299472,-0.000367916,0.001,0.001,1,0,1700001G11Rik
Cfap53,0.867324256,-0.00019896,0.001,0.001,1,0,Cfap53
Mogat1,0.86733903,0.000410721,0.001,0.001,1,0,Mogat1
Gm38020,0.867376512,-0.002570262,0.005,0.005,1,0,Gm38020
Gm6543,0.867405072,0.000352071,0.001,0.001,1,0,Gm6543
Gm48978,0.867405072,-4.58E-05,0.001,0.001,1,0,Gm48978
Gm7565,0.86744548,0.001601901,0.001,0.001,1,0,Gm7565
Gm49960,0.86744548,-0.000269457,0.001,0.001,1,0,Gm49960
Ap4b1,0.867519945,-0.001256962,0.017,0.017,1,0,Ap4b1
Kbtbd8,0.867526298,-0.000287997,0.001,0.001,1,0,Kbtbd8
Gm15789,0.867536825,0.001234478,0.001,0.001,1,0,Gm15789
Gm5491,0.867536825,0.000311718,0.001,0.001,1,0,Gm5491
Gm4811,0.867576385,0.000851924,0.001,0.001,1,0,Gm4811
Srf,0.867600463,0.002488851,0.022,0.022,1,0,Srf
Gm8834,0.867734628,-0.000689829,0.001,0.001,1,0,Gm8834
Gemin8,0.867827622,0.001634847,0.016,0.016,1,0,Gemin8
Gm4740,0.867892876,0.00168584,0.001,0.001,1,0,Gm4740
Gm11127,0.86805113,0.000674857,0.001,0.001,1,0,Gm11127
Gm10086,0.868054886,-4.71E-05,0.004,0.003,1,0,Gm10086
1700047K16Rik,0.868130258,-0.000688853,0.001,0.001,1,0,1700047K16Rik
Gpr183,0.868134939,-0.000312271,0.001,0.001,1,0,Gpr183
Dmap1,0.868194228,0.002341365,0.03,0.03,1,0,Dmap1
Gm43059,0.868802906,-0.002027573,0.001,0.001,1,0,Gm43059
Lmx1b,0.869665185,0.002736275,0.01,0.011,1,0,Lmx1b
Pprc1,0.869676271,0.016666174,0.064,0.066,1,0,Pprc1
Gm2814,0.870304102,0.000253035,0.007,0.008,1,0,Gm2814
Gm8184,0.870368918,-0.000732648,0.01,0.01,1,0,Gm8184
Gm15513,0.870551586,0.000869536,0.001,0.001,1,0,Gm15513
Ms4a6d,0.870645637,0.001432521,0.001,0.001,1,0,Ms4a6d
Dreh,0.870645637,0.00099955,0.001,0.001,1,0,Dreh
Gm37397,0.870716175,-3.96E-05,0.001,0.001,1,0,Gm37397
Brcc3,0.870750622,-0.010166529,0.084,0.085,1,0,Brcc3
Wfdc2,0.870833742,-0.000222277,0.001,0.001,1,0,Wfdc2
Klhl42,0.87090549,0.001533158,0.023,0.024,1,0,Klhl42
Vmn2r110,0.870929428,0.000644384,0.008,0.008,1,0,Vmn2r110
Micu3,0.870949166,-0.004055362,0.044,0.044,1,0,Micu3
Asb14,0.871136041,-0.009721613,0.004,0.003,1,0,Asb14
Gm42483,0.871181474,-0.009373915,0.009,0.008,1,0,Gm42483
Gm12444,0.871257007,-0.001080759,0.001,0.001,1,0,Gm12444
Fcgr3,0.871351071,-0.000586224,0.001,0.001,1,0,Fcgr3
Ubqln2,0.871478996,0.019341609,0.105,0.105,1,0,Ubqln2
Recql5,0.871479576,0.003892893,0.013,0.012,1,0,Recql5
Dclre1b,0.871843736,-0.009322879,0.015,0.014,1,0,Dclre1b
Slc25a51,0.871942668,0.02481798,0.111,0.112,1,0,Slc25a51
Stat5a,0.87199297,0.023775911,0.074,0.075,1,0,Stat5a
Rmc1,0.872061733,0.011011966,0.027,0.027,1,0,Rmc1
Gm44624,0.872938601,0.004272243,0.004,0.005,1,0,Gm44624
0610010F05Rik,0.87369895,-0.018462955,0.072,0.073,1,0,0610010F05Rik
Hcfc1,0.873957008,0.003321095,0.078,0.079,1,0,Hcfc1
Armc10,0.874149219,0.001377268,0.044,0.045,1,0,Armc10
Ftx,0.874189779,0.011833067,0.02,0.02,1,0,Ftx
Bmyc,0.874334476,-0.046922923,0.061,0.062,1,0,Bmyc
Sema4b,0.874634437,-0.00342314,0.013,0.013,1,0,Sema4b
Prmt9,0.874756133,0.004604814,0.021,0.02,1,0,Prmt9
Gk5,0.874886967,0.013074789,0.054,0.055,1,0,Gk5
Mdn1,0.874898633,-0.011554704,0.077,0.076,1,0,Mdn1
Rpl32-ps,0.875179159,0.000352878,0.003,0.003,1,0,Rpl32-ps
mt-Ts2,0.875784751,-0.006320108,0.006,0.006,1,0,mt-Ts2
Pias4,0.875892317,0.004662639,0.063,0.063,1,0,Pias4
Rassf1,0.875931013,-0.020620326,0.039,0.039,1,0,Rassf1
Ercc8,0.876720578,0.003432517,0.013,0.012,1,0,Ercc8
Gm42731,0.876855592,-0.003024356,0.002,0.002,1,0,Gm42731
Phex,0.876922211,-0.002235187,0.002,0.002,1,0,Phex
Gm37820,0.876955521,-0.002722246,0.002,0.002,1,0,Gm37820
Utp11,0.877032528,-0.014587836,0.187,0.191,1,0,Utp11
Ikzf2,0.87735554,-0.002332738,0.022,0.023,1,0,Ikzf2
Fam174a,0.877613654,-0.009994308,0.095,0.097,1,0,Fam174a
Gm49204,0.877954918,-0.000987483,0.002,0.002,1,0,Gm49204
Gm37864,0.877954918,-0.001436432,0.002,0.002,1,0,Gm37864
Gm43960,0.878061711,-0.002153625,0.003,0.003,1,0,Gm43960
Gm19967,0.878121503,-0.000324374,0.002,0.002,1,0,Gm19967
Gm15946,0.878354731,-0.00144107,0.002,0.002,1,0,Gm15946
Gm37289,0.879187775,3.78E-05,0.002,0.002,1,0,Gm37289
Zfp760,0.879237197,0.00471377,0.009,0.009,1,0,Zfp760
Gm11688,0.879237762,0.001236787,0.002,0.002,1,0,Gm11688
Dhx35,0.879326949,0.003184617,0.013,0.012,1,0,Dhx35
Kctd7,0.879742909,0.000200368,0.008,0.008,1,0,Kctd7
Fbxw10,0.879836578,0.000969113,0.005,0.004,1,0,Fbxw10
Ubn1,0.880842448,-0.008986709,0.204,0.205,1,0,Ubn1
Pdcd5,0.880914199,0.000424288,0.248,0.251,1,0,Pdcd5
Gm14049,0.880940527,-0.004979621,0.002,0.003,1,0,Gm14049
Top1,0.881160756,-0.034522884,0.477,0.475,1,0,Top1
Gm49359,0.881565025,0.007329311,0.019,0.019,1,0,Gm49359
Zfp407,0.881800164,0.005074797,0.02,0.021,1,0,Zfp407
Mtm1,0.882110725,-0.014555344,0.022,0.022,1,0,Mtm1
Ero1lb,0.882575048,-0.000742367,0.019,0.019,1,0,Ero1lb
Rspry1,0.882620354,0.018683292,0.093,0.095,1,0,Rspry1
Pigx,0.882772923,0.038923661,0.102,0.104,1,0,Pigx
Sun2,0.882861012,0.007168206,0.053,0.052,1,0,Sun2
Gm47138,0.883048718,0.002818066,0.003,0.003,1,0,Gm47138
Arl8a,0.883058229,-0.001851783,0.09,0.089,1,0,Arl8a
Ric3,0.883232173,-0.004776125,0.005,0.004,1,0,Ric3
Gm11739,0.883607817,-0.001330499,0.002,0.003,1,0,Gm11739
4933431E20Rik,0.883847785,-0.007703197,0.01,0.01,1,0,4933431E20Rik
Drg1,0.883853194,0.027532322,0.121,0.124,1,0,Drg1
Il4,0.88389782,0.004580227,0.002,0.003,1,0,Il4
Cxcl10,0.883995669,-0.241477048,0.109,0.106,1,0,Cxcl10
Rad9b,0.884060905,-0.003742076,0.004,0.004,1,0,Rad9b
Alg9,0.884146211,0.007977,0.021,0.021,1,0,Alg9
Rpsa-ps10,0.884261262,0.018671735,0.034,0.034,1,0,Rpsa-ps10
Pcbp3,0.884297719,0.010243252,0.024,0.024,1,0,Pcbp3
Gm43677,0.884410641,0.00085718,0.003,0.003,1,0,Gm43677
Sufu,0.88448307,0.002445062,0.029,0.029,1,0,Sufu
Pigf,0.884560332,0.00400374,0.01,0.01,1,0,Pigf
D6Ertd527e,0.884680905,0.002410833,0.002,0.003,1,0,D6Ertd527e
Pym1,0.885080278,0.001355537,0.012,0.012,1,0,Pym1
Rbm17,0.885466732,-0.008445801,0.246,0.251,1,0,Rbm17
Lyrm4,0.885481764,0.009113054,0.028,0.028,1,0,Lyrm4
Zcchc4,0.885735561,-0.009255919,0.023,0.024,1,0,Zcchc4
Gtf3c6,0.885742718,0.011660484,0.157,0.161,1,0,Gtf3c6
Zfp72,0.886611629,-0.000605098,0.005,0.005,1,0,Zfp72
Lyst,0.88685994,0.000743293,0.071,0.071,1,0,Lyst
Gm16794,0.88733199,-0.000290458,0.004,0.004,1,0,Gm16794
Fbxl3,0.887519711,-0.011096797,0.119,0.119,1,0,Fbxl3
Pla2g4c,0.887851187,0.002225146,0.005,0.005,1,0,Pla2g4c
Micu2,0.887876527,-0.000828861,0.128,0.129,1,0,Micu2
Ptpn18,0.888010239,0.002218061,0.004,0.004,1,0,Ptpn18
Gm5963,0.888020411,0.008230041,0.012,0.011,1,0,Gm5963
Gm45902,0.888037145,-0.00204875,0.005,0.005,1,0,Gm45902
Gpalpp1,0.888191273,-0.001511438,0.102,0.102,1,0,Gpalpp1
Usp8,0.888579499,-0.007358209,0.192,0.195,1,0,Usp8
Sigmar1,0.888687038,0.029134904,0.137,0.14,1,0,Sigmar1
Ankhd1,0.88892833,-0.00467151,0.15,0.15,1,0,Ankhd1
Acsl4,0.889028082,0.022617411,0.112,0.113,1,0,Acsl4
Gm9143,0.889188444,0.004468561,0.004,0.004,1,0,Gm9143
Ube3a,0.889296156,-0.021479335,0.283,0.285,1,0,Ube3a
Gm4468,0.889365975,-0.004104797,0.006,0.005,1,0,Gm4468
Smarcd3,0.889729322,-0.011925424,0.018,0.017,1,0,Smarcd3
1700109H08Rik,0.889750641,-0.001492878,0.012,0.012,1,0,1700109H08Rik
Ppp3cc,0.890560757,0.0020362,0.029,0.029,1,0,Ppp3cc
Slc35d2,0.890572881,-0.001004159,0.014,0.014,1,0,Slc35d2
Wdr11,0.890650844,0.008996519,0.054,0.055,1,0,Wdr11
Capza2,0.890921156,0.008605196,0.323,0.331,1,0,Capza2
Vcpkmt,0.890975057,0.019960178,0.035,0.036,1,0,Vcpkmt
Rps12-ps24,0.890987224,0.003757913,0.002,0.002,1,0,Rps12-ps24
Gm10443,0.891205166,0.003040598,0.012,0.012,1,0,Gm10443
Mknk1,0.892033795,0.016339308,0.04,0.04,1,0,Mknk1
Tcerg1,0.89241518,0.009972439,0.223,0.226,1,0,Tcerg1
Gm6808,0.892610401,0.001953154,0.002,0.002,1,0,Gm6808
Gm10054,0.892721078,-0.002716927,0.012,0.012,1,0,Gm10054
Dhx32,0.892737806,0.020611174,0.044,0.044,1,0,Dhx32
Hsp90ab1,0.893352657,-0.029502739,0.945,0.93,1,0,Hsp90ab1
Gm7607,0.893482294,0.00069104,0.002,0.002,1,0,Gm7607
Ogdh,0.893580067,0.014590604,0.147,0.15,1,0,Ogdh
Plcb1,0.893792932,0.002579096,0.039,0.04,1,0,Plcb1
Olfr433,0.894113744,0.000228363,0.002,0.002,1,0,Olfr433
Spag8,0.8942641,-0.000819222,0.002,0.002,1,0,Spag8
Mios,0.894312905,0.002383049,0.062,0.061,1,0,Mios
Pabpn1,0.894342333,0.002642443,0.121,0.123,1,0,Pabpn1
Letmd1,0.89469909,-0.015310962,0.036,0.035,1,0,Letmd1
Mrpl14,0.895595753,0.009744709,0.161,0.165,1,0,Mrpl14
Mrpl30,0.895851523,0.020981501,0.192,0.195,1,0,Mrpl30
Kcnd3,0.895919212,-0.003558971,0.001,0.001,1,0,Kcnd3
Parp6,0.895930796,-0.005416939,0.053,0.054,1,0,Parp6
Nf2,0.895958691,-0.001535647,0.062,0.061,1,0,Nf2
1700063J08Rik,0.896142685,-0.002062006,0.001,0.001,1,0,1700063J08Rik
Gm9409,0.896321469,-0.002252152,0.001,0.001,1,0,Gm9409
Gm7936,0.896376094,0.005235523,0.007,0.007,1,0,Gm7936
Gm42748,0.896393814,0.001117339,0.004,0.004,1,0,Gm42748
9530056K15Rik,0.89645556,-0.00049778,0.001,0.001,1,0,9530056K15Rik
Irx3,0.896526039,-0.000561527,0.02,0.02,1,0,Irx3
Gm7177,0.896544957,-8.88E-05,0.001,0.001,1,0,Gm7177
Snx20,0.896544957,-0.000727658,0.001,0.001,1,0,Snx20
Dnajb7,0.896589655,-0.001950673,0.001,0.001,1,0,Dnajb7
Gm46411,0.896634354,0.000800356,0.001,0.001,1,0,Gm46411
Gm37419,0.896723753,-0.000989636,0.001,0.001,1,0,Gm37419
Fam83c,0.896813153,-9.98E-05,0.001,0.001,1,0,Fam83c
Gm12728,0.896991957,-0.001063809,0.001,0.001,1,0,Gm12728
Gm43810,0.897036659,0.000102021,0.001,0.001,1,0,Gm43810
Rit1,0.897061098,-0.005397681,0.095,0.097,1,0,Rit1
Gm12733,0.897081361,0.000249525,0.001,0.001,1,0,Gm12733
Gm45479,0.897126063,-5.09E-07,0.001,0.001,1,0,Gm45479
Gm8724,0.897215469,0.001292083,0.001,0.001,1,0,Gm8724
Gm13771,0.897215469,0.000876319,0.001,0.001,1,0,Gm13771
Eif2d,0.897270764,0.032295597,0.055,0.056,1,0,Eif2d
Map2k6,0.897428454,0.004405916,0.013,0.012,1,0,Map2k6
Zfp759,0.897561785,-0.001736115,0.004,0.004,1,0,Zfp759
Tbc1d22b,0.897568927,0.001437098,0.021,0.021,1,0,Tbc1d22b
Ctdspl,0.897610797,-0.014023773,0.057,0.057,1,0,Ctdspl
Zfp710,0.898106684,0.000647185,0.022,0.022,1,0,Zfp710
Cspg5,0.898288416,-0.002574219,0.006,0.007,1,0,Cspg5
Eif4ebp2,0.898364316,0.016427519,0.111,0.113,1,0,Eif4ebp2
Setx,0.898441746,0.005424159,0.097,0.098,1,0,Setx
Six5,0.898723232,0.004641973,0.029,0.029,1,0,Six5
Nup107,0.898738291,0.018541324,0.034,0.035,1,0,Nup107
Tyw1,0.899221791,0.006465191,0.028,0.029,1,0,Tyw1
Opn3,0.899410767,0.000802335,0.006,0.006,1,0,Opn3
Tkfc,0.899880559,0.010120912,0.014,0.014,1,0,Tkfc
Gm45767,0.899956272,-0.008299767,0.008,0.007,1,0,Gm45767
Klf15,0.900192526,-0.012686728,0.008,0.008,1,0,Klf15
Iba57,0.900333126,0.003949816,0.006,0.006,1,0,Iba57
Uba6,0.90039286,0.012825152,0.065,0.066,1,0,Uba6
Zfp493,0.901202759,0.001722308,0.002,0.002,1,0,Zfp493
Dcdc2b,0.901228333,-0.000232919,0.006,0.006,1,0,Dcdc2b
Gm11273,0.901264719,0.005186945,0.013,0.013,1,0,Gm11273
Cdc73,0.901576327,0.005509737,0.1,0.1,1,0,Cdc73
Gm7867,0.902488812,0.002297519,0.002,0.002,1,0,Gm7867
Zfp646,0.902566027,0.009777565,0.028,0.028,1,0,Zfp646
Tbc1d14,0.902604005,0.003943316,0.034,0.034,1,0,Tbc1d14
Dbnl,0.902755981,0.017962991,0.116,0.118,1,0,Dbnl
Ncor2,0.902890912,-0.016694831,0.16,0.161,1,0,Ncor2
Gm43268,0.903043909,-0.00501469,0.003,0.003,1,0,Gm43268
Gm13226,0.903280938,-0.001430895,0.008,0.008,1,0,Gm13226
Rab3ip,0.903648317,-0.005736211,0.022,0.022,1,0,Rab3ip
Gm48138,0.903770143,0.003509345,0.003,0.003,1,0,Gm48138
Gm11839,0.904043224,-0.001340349,0.002,0.002,1,0,Gm11839
Gm5879,0.904072676,0.005712334,0.003,0.003,1,0,Gm5879
Gm33838,0.904185725,-0.001213973,0.002,0.002,1,0,Gm33838
Pigo,0.904186166,-0.006320056,0.021,0.021,1,0,Pigo
Plxna4os2,0.904221351,0.000799167,0.002,0.002,1,0,Plxna4os2
Slc6a20b,0.904256977,0.002775195,0.002,0.002,1,0,Slc6a20b
Ppp3r1,0.904485258,0.02761764,0.125,0.128,1,0,Ppp3r1
Tnfaip1,0.904646694,0.017528403,0.154,0.158,1,0,Tnfaip1
1810008I18Rik,0.90482702,0.001329135,0.002,0.002,1,0,1810008I18Rik
Gm11400,0.905165506,0.002085545,0.002,0.002,1,0,Gm11400
Wtip,0.905181812,-0.010714129,0.065,0.066,1,0,Wtip
Gm42609,0.905183322,0.000413444,0.002,0.002,1,0,Gm42609
Trim39,0.90537074,-0.005497439,0.033,0.033,1,0,Trim39
Gm18335,0.905432745,0.000854565,0.002,0.002,1,0,Gm18335
Gm26636,0.905539643,0.000403613,0.002,0.002,1,0,Gm26636
Npff,0.905922995,-8.99E-05,0.003,0.003,1,0,Npff
Rasgrp4,0.906060777,-0.003239784,0.002,0.002,1,0,Rasgrp4
1110013H19Rik,0.906109796,0.00557278,0.002,0.002,1,0,1110013H19Rik
Gm46546,0.906112238,-0.002717589,0.003,0.003,1,0,Gm46546
Mlh1,0.906318946,0.015667137,0.015,0.015,1,0,Mlh1
4833439L19Rik,0.906449682,-0.003711616,0.112,0.112,1,0,4833439L19Rik
Tyrobp,0.906612191,0.001759348,0.003,0.003,1,0,Tyrobp
Gm7733,0.906681026,-0.001729662,0.003,0.003,1,0,Gm7733
Cbr1,0.907180038,0.000573534,0.124,0.124,1,0,Cbr1
Fam228b,0.90733679,0.002650896,0.009,0.009,1,0,Fam228b
Gm10484,0.907341566,-0.000169336,0.002,0.002,1,0,Gm10484
Gm6520,0.907494057,0.002013443,0.002,0.002,1,0,Gm6520
8430406P12Rik,0.907552789,-0.001348664,0.003,0.003,1,0,8430406P12Rik
Zfp456,0.907982051,0.000259796,0.002,0.002,1,0,Zfp456
Esrra,0.908215383,-0.000203414,0.033,0.034,1,0,Esrra
9430015G10Rik,0.908711733,0.005860979,0.009,0.009,1,0,9430015G10Rik
Tlr5,0.908943857,2.90E-05,0.006,0.006,1,0,Tlr5
Mapkapk5,0.909296094,-0.006622562,0.01,0.01,1,0,Mapkapk5
Gm10698,0.909331906,0.002583566,0.004,0.004,1,0,Gm10698
Zfp94,0.909386558,-0.006185129,0.007,0.007,1,0,Zfp94
Zfp513,0.909430636,0.006073564,0.012,0.012,1,0,Zfp513
Rps6ka5,0.90951215,-0.000279725,0.013,0.013,1,0,Rps6ka5
Nt5m,0.90954198,0.021519877,0.043,0.043,1,0,Nt5m
Gm17096,0.91005726,0.000413172,0.011,0.011,1,0,Gm17096
Sar1a,0.910061099,0.004538105,0.477,0.478,1,0,Sar1a
Zfp653,0.910331836,0.008952098,0.023,0.023,1,0,Zfp653
Tmco6,0.910583571,-0.012578509,0.011,0.01,1,0,Tmco6
Spryd3,0.910880388,-0.001099912,0.093,0.093,1,0,Spryd3
Cep350,0.911024647,-0.007724698,0.113,0.114,1,0,Cep350
Pola1,0.911137723,0.006295774,0.038,0.037,1,0,Pola1
Prmt3,0.911239652,0.020614153,0.057,0.057,1,0,Prmt3
Gm45509,0.912122129,-0.002645702,0.004,0.004,1,0,Gm45509
Ddx10,0.912257636,0.03052159,0.126,0.127,1,0,Ddx10
Taf1c,0.912354105,0.001590953,0.002,0.002,1,0,Taf1c
Gm19076,0.912538697,0.002171265,0.002,0.002,1,0,Gm19076
Samd11,0.912575616,0.000361382,0.002,0.002,1,0,Samd11
Gm45428,0.912612536,0.002141396,0.002,0.002,1,0,Gm45428
Gm16288,0.912612536,0.000848965,0.002,0.002,1,0,Gm16288
Rps25-ps1,0.912664125,-0.000256092,0.106,0.107,1,0,Rps25-ps1
Gm2044,0.912760214,0.000283056,0.002,0.002,1,0,Gm2044
Zfp810,0.912763269,0.009778095,0.014,0.013,1,0,Zfp810
Selplg,0.912981738,0.000653344,0.002,0.002,1,0,Selplg
Phactr3,0.913018659,-0.000332244,0.002,0.002,1,0,Phactr3
Ccdc61,0.913024639,-0.012880628,0.027,0.028,1,0,Ccdc61
Gm17036,0.913240191,-0.000866464,0.002,0.002,1,0,Gm17036
Trim25,0.913863752,0.009667777,0.083,0.083,1,0,Trim25
Gm38357,0.914035752,0.004786913,0.022,0.022,1,0,Gm38357
A430105J06Rik,0.914200238,-0.002130353,0.002,0.002,1,0,A430105J06Rik
Tnip2,0.914936507,0.000839164,0.065,0.065,1,0,Tnip2
Cnot11,0.915276147,-0.000444013,0.034,0.034,1,0,Cnot11
Sft2d1,0.915394407,0.022337141,0.113,0.114,1,0,Sft2d1
Gm42727,0.915419039,0.002672292,0.007,0.007,1,0,Gm42727
Rps15a-ps6,0.915851261,-0.000929144,0.012,0.012,1,0,Rps15a-ps6
Wsb2,0.91609294,0.009690228,0.018,0.017,1,0,Wsb2
Ripor1,0.916797587,0.01040676,0.062,0.063,1,0,Ripor1
Nek4,0.916976798,0.000697035,0.029,0.029,1,0,Nek4
Rpl9-ps7,0.917251059,-0.001099146,0.008,0.008,1,0,Rpl9-ps7
Acot10,0.918261954,0.010970647,0.007,0.007,1,0,Acot10
Gm28592,0.918303771,0.001625468,0.013,0.013,1,0,Gm28592
Alyref,0.918379501,0.009747344,0.068,0.069,1,0,Alyref
Arid4a,0.918767239,-0.014201049,0.228,0.229,1,0,Arid4a
4732496C06Rik,0.919396435,0.000832245,0.004,0.004,1,0,4732496C06Rik
Mtpn,0.919793949,0.034793241,0.271,0.277,1,0,Mtpn
Smad6,0.920005046,-0.000338567,0.011,0.011,1,0,Smad6
Rpl17-ps3,0.920198021,0.000248846,0.004,0.004,1,0,Rpl17-ps3
Gm9517,0.920214258,-0.002997856,0.01,0.01,1,0,Gm9517
Srrm4,0.920414069,0.004220125,0.006,0.006,1,0,Srrm4
Zfp644,0.920872037,-0.001466324,0.125,0.126,1,0,Zfp644
Dipk2a,0.921823073,0.006591117,0.062,0.062,1,0,Dipk2a
Smg1,0.921962461,-0.007545488,0.183,0.185,1,0,Smg1
Zfand4,0.923043462,0.00460043,0.003,0.003,1,0,Zfand4
Chadl,0.923105941,0.003637792,0.018,0.017,1,0,Chadl
Thap11,0.923667394,-0.004009858,0.051,0.051,1,0,Thap11
Gm42573,0.923966952,0.000888215,0.003,0.003,1,0,Gm42573
Ndufs4,0.92403911,0.011916522,0.24,0.245,1,0,Ndufs4
D930015M05Rik,0.924088755,0.001262118,0.001,0.001,1,0,D930015M05Rik
Snx4,0.924169118,0.011583309,0.228,0.231,1,0,Snx4
Gm48231,0.924303539,-0.001349923,0.004,0.004,1,0,Gm48231
Rpsa-ps5,0.924344874,-0.000120246,0.001,0.001,1,0,Rpsa-ps5
Nell2,0.924558311,-5.16E-05,0.001,0.001,1,0,Nell2
Dpagt1,0.92459202,0.011277349,0.058,0.059,1,0,Dpagt1
Fam3b,0.924601,-8.51E-05,0.001,0.001,1,0,Fam3b
Gm13186,0.924643688,0.000353215,0.001,0.001,1,0,Gm13186
Hsf1,0.924650327,-0.006527561,0.058,0.058,1,0,Hsf1
Map6d1,0.924899823,-0.000118893,0.001,0.001,1,0,Map6d1
2610008E11Rik,0.924921258,-0.00609451,0.04,0.04,1,0,2610008E11Rik
Slc7a11,0.924942513,-0.000559989,0.001,0.001,1,0,Slc7a11
Gm44228,0.924985204,-0.000440679,0.001,0.001,1,0,Gm44228
Gm8213,0.925070585,-0.001062912,0.001,0.001,1,0,Gm8213
Ap3s1-ps2,0.925070585,-0.001919683,0.001,0.001,1,0,Ap3s1-ps2
Trim21,0.925112977,-0.002627818,0.017,0.017,1,0,Trim21
Gm33378,0.925198658,-0.002456155,0.001,0.001,1,0,Gm33378
Zfat,0.925223332,0.005602309,0.008,0.008,1,0,Zfat
Gm43915,0.925236916,0.001732173,0.003,0.003,1,0,Gm43915
Gm45286,0.925241349,-0.002359857,0.001,0.001,1,0,Gm45286
Gm9801,0.925497502,-0.000532893,0.001,0.001,1,0,Gm9801
Zc3hav1l,0.925865989,0.00979516,0.018,0.019,1,0,Zc3hav1l
Nop14,0.925879959,-0.010895365,0.168,0.17,1,0,Nop14
Doc2g,0.926111981,-0.00251276,0.009,0.01,1,0,Doc2g
Ube2e1,0.9262133,0.010541518,0.018,0.018,1,0,Ube2e1
Strip1,0.927418126,0.007108687,0.051,0.051,1,0,Strip1
Lpar4,0.927564685,-0.049133065,0.133,0.132,1,0,Lpar4
Gm48766,0.927633048,-0.00396467,0.003,0.003,1,0,Gm48766
Trmt112,0.927769688,0.026505988,0.221,0.225,1,0,Trmt112
Impg2,0.927791886,-0.001015467,0.003,0.003,1,0,Impg2
Larp1,0.927845003,0.002484873,0.131,0.132,1,0,Larp1
Cdh24,0.927909492,0.007298027,0.004,0.003,1,0,Cdh24
Tusc1,0.927967105,0.00294084,0.016,0.016,1,0,Tusc1
Tmem38a,0.928027763,-0.026251322,0.015,0.015,1,0,Tmem38a
Actr2,0.928072953,0.009607902,0.268,0.271,1,0,Actr2
Gm5117,0.928391251,0.001615977,0.003,0.003,1,0,Gm5117
Brms1,0.928442263,-0.00244005,0.003,0.003,1,0,Brms1
Gm16523,0.928499282,-0.002381189,0.003,0.003,1,0,Gm16523
Ankrd49,0.928680538,0.013864434,0.05,0.05,1,0,Ankrd49
Epm2a,0.928965271,-0.000244872,0.011,0.011,1,0,Epm2a
Arhgap28,0.929047493,0.029797825,0.062,0.062,1,0,Arhgap28
Gm49783,0.92922776,-0.00072805,0.007,0.007,1,0,Gm49783
Mblac2,0.929302867,-0.009249349,0.015,0.015,1,0,Mblac2
Rrp12,0.929914609,0.004277343,0.021,0.021,1,0,Rrp12
Med30,0.930014395,-0.000882167,0.097,0.098,1,0,Med30
Zfp622,0.930017744,0.002238181,0.133,0.136,1,0,Zfp622
Clvs1,0.930119529,-0.009603941,0.002,0.002,1,0,Clvs1
Gm37144,0.930162972,0.00215046,0.004,0.003,1,0,Gm37144
Lin7c,0.930914113,0.000323798,0.091,0.092,1,0,Lin7c
Fbxo25,0.931229496,0.001978424,0.051,0.052,1,0,Fbxo25
Bloc1s5,0.93133478,0.013667849,0.03,0.03,1,0,Bloc1s5
Pfdn1,0.931346212,0.026326659,0.222,0.227,1,0,Pfdn1
Mfsd4b4,0.931525753,0.006291026,0.013,0.012,1,0,Mfsd4b4
Zscan26,0.931621645,-0.002039028,0.074,0.074,1,0,Zscan26
Nlrc4,0.931793806,-0.002278273,0.002,0.002,1,0,Nlrc4
2810408A11Rik,0.931877952,0.000658245,0.004,0.003,1,0,2810408A11Rik
Rnf215,0.932027409,0.019985097,0.051,0.051,1,0,Rnf215
Fgfr1op,0.932060159,0.00972055,0.046,0.047,1,0,Fgfr1op
Wnt2b,0.932117783,0.002617822,0.003,0.003,1,0,Wnt2b
Gm7072,0.932208776,0.016886348,0.067,0.067,1,0,Gm7072
Mterf1b,0.932457158,0.005447785,0.003,0.003,1,0,Mterf1b
Gm11149,0.93246064,0.002249612,0.001,0.001,1,0,Gm11149
Ash1l,0.932573843,-0.035112879,0.374,0.378,1,0,Ash1l
Gm10748,0.932824282,0.000589878,0.002,0.002,1,0,Gm10748
Rcvrn,0.932915565,0.00051497,0.001,0.001,1,0,Rcvrn
Slc35a3,0.932938462,-0.014421373,0.042,0.043,1,0,Slc35a3
E230034D01Rik,0.932957779,-0.001949962,0.001,0.001,1,0,E230034D01Rik
Cdk5,0.933391234,0.013897809,0.093,0.094,1,0,Cdk5
Txndc15,0.933397365,0.015732794,0.164,0.168,1,0,Txndc15
Gm50360,0.933418663,-0.001711932,0.001,0.001,1,0,Gm50360
Vmn1r71,0.933418663,-0.002028483,0.001,0.001,1,0,Vmn1r71
Pigb,0.933454664,-0.000588169,0.011,0.011,1,0,Pigb
Rcor1,0.933456712,0.008960202,0.076,0.076,1,0,Rcor1
Nup205,0.933469777,0.019235992,0.034,0.034,1,0,Nup205
Gm44661,0.933572296,-0.002780402,0.001,0.001,1,0,Gm44661
Gm13563,0.933629419,0.00413787,0.002,0.002,1,0,Gm13563
Ankrd13d,0.93366725,-0.0056048,0.005,0.005,1,0,Ankrd13d
Gm10282,0.933758247,0.002831276,0.002,0.002,1,0,Gm10282
Gm25939,0.93395639,-0.000693254,0.001,0.001,1,0,Gm25939
Cd160,0.934033211,-0.000899221,0.001,0.001,1,0,Cd160
4930550C14Rik,0.934088871,0.001720559,0.009,0.009,1,0,4930550C14Rik
Mrnip,0.934370205,0.00149942,0.002,0.002,1,0,Mrnip
Rpl31-ps14,0.934417323,-0.000144992,0.001,0.001,1,0,Rpl31-ps14
Tmem82,0.934955105,0.001565336,0.001,0.001,1,0,Tmem82
Tmem256,0.934957722,-0.008850098,0.39,0.391,1,0,Tmem256
Nit1,0.935120431,0.013869355,0.048,0.047,1,0,Nit1
Gpr18,0.935339253,0.002840023,0.001,0.001,1,0,Gpr18
Ciao1,0.935366516,-0.00909194,0.066,0.066,1,0,Ciao1
Pwp2,0.935554354,0.006559843,0.016,0.016,1,0,Pwp2
Ppp1cb,0.93584643,0.00020646,0.237,0.239,1,0,Ppp1cb
Lrwd1,0.936073037,0.002295544,0.027,0.027,1,0,Lrwd1
Larp4b,0.936284543,-0.003192977,0.174,0.177,1,0,Larp4b
Sec63,0.936808195,0.002858918,0.319,0.326,1,0,Sec63
Svbp,0.937072626,0.012944034,0.22,0.223,1,0,Svbp
Gpr68,0.937213378,0.000243579,0.002,0.002,1,0,Gpr68
5530601H04Rik,0.937383045,0.030480742,0.051,0.051,1,0,5530601H04Rik
Dars,0.937441946,0.018604423,0.111,0.113,1,0,Dars
Kif1bp,0.937601896,-0.004041112,0.062,0.061,1,0,Kif1bp
Atg13,0.93783034,0.016061113,0.035,0.036,1,0,Atg13
Gm43445,0.93801719,0.005112383,0.009,0.009,1,0,Gm43445
Gm6494,0.938029378,0.000849638,0.002,0.002,1,0,Gm6494
Hoxa7,0.938115496,-0.009590296,0.029,0.028,1,0,Hoxa7
Gm38300,0.938186308,-0.000208949,0.002,0.002,1,0,Gm38300
Morn2,0.938257984,-0.007695905,0.023,0.023,1,0,Morn2
Gm18916,0.938343241,-0.002343747,0.002,0.002,1,0,Gm18916
Nepro,0.938620957,-0.005056831,0.014,0.014,1,0,Nepro
Orm1,0.93870614,-0.000315056,0.001,0.001,1,0,Orm1
Gmfg,0.938967903,-0.001949139,0.001,0.001,1,0,Gmfg
Gm12389,0.939033775,-0.00157964,0.002,0.002,1,0,Gm12389
Gm973,0.939159331,-0.003035346,0.002,0.002,1,0,Gm973
Banp,0.939603422,0.015822293,0.062,0.062,1,0,Banp
Gm44582,0.939704101,-0.006616424,0.007,0.006,1,0,Gm44582
1700028N14Rik,0.94006966,-0.004489574,0.002,0.002,1,0,1700028N14Rik
Neurl2,0.940632195,-0.00445224,0.004,0.004,1,0,Neurl2
Il2,0.941072716,0.006224036,0.02,0.02,1,0,Il2
Trim26,0.941213335,0.000208851,0.096,0.097,1,0,Trim26
Ilrun,0.941349076,-0.014455059,0.129,0.131,1,0,Ilrun
Myo6,0.941435358,-0.002552292,0.104,0.104,1,0,Myo6
Pou2f2,0.942057147,0.001120801,0.003,0.003,1,0,Pou2f2
Ddx54,0.942600369,0.016071082,0.091,0.092,1,0,Ddx54
Cenpj,0.942718806,0.002703705,0.06,0.061,1,0,Cenpj
Tmem41b,0.942723169,0.005927673,0.051,0.051,1,0,Tmem41b
Tmem209,0.942732314,0.010394742,0.03,0.03,1,0,Tmem209
Ggnbp1,0.942757152,5.01E-06,0.004,0.004,1,0,Ggnbp1
Rprd2,0.943004027,0.013021475,0.067,0.067,1,0,Rprd2
Gm37105,0.943187519,-0.00154456,0.003,0.003,1,0,Gm37105
Kif5a,0.94345377,-0.004620095,0.009,0.008,1,0,Kif5a
Uevld,0.943705707,0.007201618,0.016,0.016,1,0,Uevld
Cebpzos,0.943723466,0.018138632,0.067,0.068,1,0,Cebpzos
Olfr620,0.943976904,0.005492536,0.019,0.019,1,0,Olfr620
Ss18,0.943988051,0.006752751,0.121,0.123,1,0,Ss18
Gm49327,0.944238277,0.006492563,0.008,0.008,1,0,Gm49327
Gm42778,0.944240037,-0.001560571,0.003,0.003,1,0,Gm42778
9030025P20Rik,0.944240037,-0.002674246,0.003,0.003,1,0,9030025P20Rik
Gm15500,0.944695273,0.020166888,0.112,0.113,1,0,Gm15500
A730063M14Rik,0.94494854,0.003826509,0.023,0.023,1,0,A730063M14Rik
Cd276,0.945024734,0.04028838,0.082,0.084,1,0,Cd276
Daxx,0.945104179,-0.006787142,0.091,0.092,1,0,Daxx
Cacybp,0.945528131,0.000871842,0.257,0.261,1,0,Cacybp
Nmd3,0.945772055,0.018911193,0.068,0.069,1,0,Nmd3
Cdkn1a,0.946400884,-0.097303638,0.48,0.471,1,0,Cdkn1a
Usp48,0.946519649,0.021278886,0.14,0.142,1,0,Usp48
Efhc1,0.94652857,0.013943543,0.013,0.013,1,0,Efhc1
Sfn,0.946670972,0.005855092,0.006,0.006,1,0,Sfn
Ccnt1,0.946840588,0.021211563,0.128,0.13,1,0,Ccnt1
Zer1,0.94715436,0.008914287,0.035,0.035,1,0,Zer1
Pced1a,0.947215655,0.018529351,0.032,0.032,1,0,Pced1a
Hist1h2be,0.947220756,-0.003372723,0.005,0.005,1,0,Hist1h2be
Tmem184a,0.947401319,0.000809486,0.004,0.004,1,0,Tmem184a
Lonrf1,0.947461083,0.012051547,0.01,0.01,1,0,Lonrf1
Nckipsd,0.947764702,0.012946138,0.029,0.029,1,0,Nckipsd
Gm43788,0.947838112,0.00554604,0.009,0.009,1,0,Gm43788
Gm5869,0.947957124,0.001515864,0.004,0.004,1,0,Gm5869
Gm15545,0.94798129,0.004395736,0.004,0.004,1,0,Gm15545
Nat10,0.948169969,-0.002924782,0.042,0.042,1,0,Nat10
Mir99ahg,0.948587277,-0.037030723,0.241,0.239,1,0,Mir99ahg
Unk,0.948619682,0.013351643,0.042,0.042,1,0,Unk
Slc38a4,0.949142776,0.024227049,0.021,0.021,1,0,Slc38a4
Mipep,0.949856842,0.005683649,0.025,0.025,1,0,Mipep
Iqce,0.949880215,-0.00910406,0.044,0.044,1,0,Iqce
Zfp873,0.949965126,0.00120997,0.007,0.007,1,0,Zfp873
Nmt1,0.950370116,0.002470164,0.152,0.155,1,0,Nmt1
Gm38248,0.950503908,-0.001266767,0.003,0.003,1,0,Gm38248
Phf2,0.950623827,-0.020532844,0.111,0.112,1,0,Phf2
Gm10575,0.950777047,0.002314686,0.002,0.002,1,0,Gm10575
Gm42585,0.950915772,0.001595985,0.002,0.002,1,0,Gm42585
Atraid,0.951070054,0.004432005,0.31,0.314,1,0,Atraid
Mycbpap,0.951470688,9.84E-05,0.002,0.002,1,0,Mycbpap
Gm47092,0.951536275,0.000922684,0.003,0.003,1,0,Gm47092
Cct6b,0.951540054,-0.000632762,0.002,0.002,1,0,Cct6b
Ptdss2,0.951548514,0.00986444,0.064,0.065,1,0,Ptdss2
Gm48627,0.951574737,0.001104885,0.002,0.002,1,0,Gm48627
Ctdp1,0.951770611,0.016694506,0.034,0.034,1,0,Ctdp1
Gm2962,0.952201154,0.002079659,0.005,0.005,1,0,Gm2962
Drc3,0.952303105,-0.002712493,0.002,0.002,1,0,Drc3
Polr1b,0.952476085,0.006364506,0.012,0.012,1,0,Polr1b
Zfp69,0.95254225,0.005214146,0.003,0.003,1,0,Zfp69
Limd1,0.952609662,-0.01210112,0.156,0.158,1,0,Limd1
1700094D03Rik,0.952614551,0.00021643,0.005,0.005,1,0,1700094D03Rik
1700028J19Rik,0.952649961,-0.001169855,0.002,0.002,1,0,1700028J19Rik
Ostm1,0.952797016,0.027506911,0.104,0.106,1,0,Ostm1
Fkbp15,0.953528249,0.006301556,0.053,0.053,1,0,Fkbp15
Nhlrc1,0.953566997,0.002064992,0.003,0.003,1,0,Nhlrc1
Rassf3,0.953677501,-0.00114827,0.015,0.015,1,0,Rassf3
Thop1,0.953745786,0.015132523,0.034,0.034,1,0,Thop1
Myh14,0.953783818,-0.004862596,0.002,0.002,1,0,Myh14
Edem1,0.954292398,0.041722317,0.11,0.112,1,0,Edem1
Cog8,0.954549114,0.012083627,0.086,0.086,1,0,Cog8
Ercc6l2,0.955431905,-0.011082244,0.098,0.099,1,0,Ercc6l2
Gm5776,0.955663075,0.00136129,0.002,0.002,1,0,Gm5776
Samd8,0.955698192,0.008804611,0.068,0.068,1,0,Samd8
Cptp,0.955824797,0.010839589,0.014,0.014,1,0,Cptp
Emsy,0.956184856,0.003215434,0.095,0.095,1,0,Emsy
1110035H17Rik,0.95622542,-0.001568653,0.002,0.002,1,0,1110035H17Rik
Gm13328,0.956284616,-0.00019974,0.002,0.002,1,0,Gm13328
Gm11960,0.956325686,-0.000986845,0.005,0.005,1,0,Gm11960
Rpl22-ps1,0.956386152,0.002832117,0.008,0.008,1,0,Rpl22-ps1
Spaca1,0.956583786,0.002256987,0.005,0.005,1,0,Spaca1
Hgsnat,0.956740139,0.022372085,0.095,0.096,1,0,Hgsnat
Rab6a,0.956803943,-0.003606586,0.314,0.318,1,0,Rab6a
Repin1,0.956893508,0.000518839,0.012,0.012,1,0,Repin1
Gm15427,0.957011265,0.018659719,0.118,0.119,1,0,Gm15427
Anp32b-ps1,0.957223558,0.007120533,0.013,0.013,1,0,Anp32b-ps1
Rbm6-ps1,0.957364296,-0.000491364,0.005,0.005,1,0,Rbm6-ps1
Fam20b,0.958385597,0.016980282,0.038,0.039,1,0,Fam20b
Rnpep,0.958432478,0.001626807,0.052,0.052,1,0,Rnpep
Pds5a,0.95865929,0.008057586,0.128,0.129,1,0,Pds5a
5730507C01Rik,0.958771378,0.004255123,0.005,0.005,1,0,5730507C01Rik
Gm9385,0.958799014,0.010973164,0.048,0.049,1,0,Gm9385
Nme2,0.958847206,0.029442357,0.208,0.212,1,0,Nme2
Cluap1,0.958921024,0.012523399,0.075,0.075,1,0,Cluap1
Mocs2,0.959411281,0.01322788,0.23,0.233,1,0,Mocs2
Rai1,0.959657087,0.009273589,0.047,0.048,1,0,Rai1
Rps11-ps2,0.959735718,-0.001160664,0.014,0.014,1,0,Rps11-ps2
Zfp867,0.959820218,0.009731467,0.013,0.013,1,0,Zfp867
Gramd4,0.960023846,-0.010152546,0.033,0.034,1,0,Gramd4
Mfap1a,0.96031852,0.009528935,0.058,0.059,1,0,Mfap1a
Samd14,0.960448197,0.011934227,0.038,0.038,1,0,Samd14
Sprn,0.960477667,-0.00214518,0.002,0.002,1,0,Sprn
Shkbp1,0.960702242,0.007275304,0.028,0.028,1,0,Shkbp1
Nprl2,0.960877934,-0.002253703,0.027,0.027,1,0,Nprl2
3110021N24Rik,0.961022986,-0.001066685,0.004,0.004,1,0,3110021N24Rik
Strn,0.961117645,0.011120948,0.034,0.034,1,0,Strn
Khsrp,0.961585639,0.01302443,0.096,0.097,1,0,Khsrp
Ccdc96,0.96187893,0.000276023,0.002,0.002,1,0,Ccdc96
Gm8899,0.961927754,-0.001299685,0.008,0.008,1,0,Gm8899
Gm37070,0.962173232,-0.000733363,0.004,0.004,1,0,Gm37070
Gm13380,0.962254899,0.001493737,0.002,0.002,1,0,Gm13380
Crry-ps,0.96234741,0.006630126,0.006,0.006,1,0,Crry-ps
Arid4b,0.962611173,0.002329942,0.275,0.278,1,0,Arid4b
AI987944,0.962627445,0.001746399,0.039,0.039,1,0,AI987944
Tmed8,0.962745161,-0.00293671,0.022,0.022,1,0,Tmed8
Smpd4,0.962764671,0.00217227,0.06,0.06,1,0,Smpd4
Mtrf1,0.963045067,-0.00540801,0.012,0.012,1,0,Mtrf1
0610038B21Rik,0.963324277,-0.000184846,0.008,0.008,1,0,0610038B21Rik
Gm20696,0.963340804,0.000706203,0.008,0.008,1,0,Gm20696
Senp3,0.963379059,0.005153516,0.092,0.093,1,0,Senp3
Spr,0.96353737,0.01631714,0.114,0.115,1,0,Spr
Dpm3,0.963572575,0.012051389,0.311,0.318,1,0,Dpm3
Slc5a6,0.963787055,-0.000799376,0.008,0.008,1,0,Slc5a6
1110002O04Rik,0.963861405,0.004124529,0.002,0.002,1,0,1110002O04Rik
Gm44013,0.964347412,0.001464555,0.004,0.004,1,0,Gm44013
Cxcr5,0.964819095,0.003750027,0.004,0.004,1,0,Cxcr5
Tube1,0.964952796,7.94E-05,0.005,0.005,1,0,Tube1
2610020C07Rik,0.965307556,0.002188235,0.006,0.006,1,0,2610020C07Rik
Kank3,0.965587681,-0.004432001,0.011,0.011,1,0,Kank3
Mitf,0.96559182,-0.021833601,0.095,0.095,1,0,Mitf
Gm16310,0.965711829,-0.00165268,0.005,0.005,1,0,Gm16310
Ccdc85c,0.965939011,0.003772564,0.006,0.006,1,0,Ccdc85c
Pla2g12a,0.966118451,0.019157498,0.057,0.058,1,0,Pla2g12a
Mfsd14b,0.966174548,0.022650115,0.102,0.103,1,0,Mfsd14b
Gmds,0.966334132,0.037784152,0.078,0.079,1,0,Gmds
Echdc3,0.966517204,0.001182597,0.009,0.009,1,0,Echdc3
Eif3d,0.966734185,-0.006908927,0.226,0.229,1,0,Eif3d
Gm44530,0.967086672,0.003534194,0.002,0.002,1,0,Gm44530
AI854703,0.967143111,-0.003638496,0.003,0.003,1,0,AI854703
Cfap157,0.967288222,0.002003397,0.001,0.001,1,0,Cfap157
A730091E23Rik,0.967366765,0.003020827,0.001,0.001,1,0,A730091E23Rik
Gm11520,0.96748458,0.00123717,0.001,0.001,1,0,Gm11520
Rps2-ps13,0.967523852,0.000999121,0.001,0.001,1,0,Rps2-ps13
Slc12a5,0.967630928,0.002887433,0.003,0.003,1,0,Slc12a5
Cxadr,0.967642867,0.001715446,0.009,0.009,1,0,Cxadr
Dennd6b,0.967681521,-0.002244753,0.008,0.008,1,0,Dennd6b
Gm11224,0.967720212,0.00075159,0.001,0.001,1,0,Gm11224
Gm15441,0.967759485,0.001978055,0.001,0.001,1,0,Gm15441
Dnase1l3,0.967955847,-0.000570492,0.001,0.001,1,0,Dnase1l3
Gm8979,0.968073666,0.001535291,0.001,0.001,1,0,Gm8979
Drc1,0.968270032,0.001642989,0.001,0.001,1,0,Drc1
Fbxo38,0.968302485,0.011677146,0.045,0.045,1,0,Fbxo38
Gm23346,0.968314603,-0.001249436,0.001,0.001,1,0,Gm23346
Evpl,0.96844019,0.00096939,0.001,0.001,1,0,Evpl
Gm47856,0.96844019,-0.000150807,0.001,0.001,1,0,Gm47856
Nppb,0.968584221,-0.000529315,0.001,0.001,1,0,Nppb
Gm3235,0.968586646,0.006336596,0.004,0.004,1,0,Gm3235
Zdhhc9,0.968592665,0.018307207,0.063,0.063,1,0,Zdhhc9
2210412B16Rik,0.968649503,-0.000113922,0.001,0.001,1,0,2210412B16Rik
Gm12195,0.968702043,-8.82E-05,0.001,0.001,1,0,Gm12195
Gm44366,0.968733229,-0.000115749,0.001,0.001,1,0,Gm44366
Gm47093,0.968775092,-2.71E-05,0.001,0.001,1,0,Gm47093
Gm43684,0.968780592,0.000520537,0.001,0.001,1,0,Gm43684
Gm11963,0.968780592,-0.000189516,0.001,0.001,1,0,Gm11963
Gm44967,0.968858819,0.000789666,0.001,0.001,1,0,Gm44967
Gm11663,0.968858819,-0.000143222,0.001,0.001,1,0,Gm11663
Gm14121,0.968898415,-0.000436407,0.001,0.001,1,0,Gm14121
Gm37101,0.968900682,0.00354225,0.001,0.001,1,0,Gm37101
Gm13378,0.968900682,0.000538538,0.001,0.001,1,0,Gm13378
Gm49973,0.96893769,0.000249705,0.001,0.001,1,0,Gm49973
Gm10269,0.969001709,-0.003845001,0.068,0.068,1,0,Gm10269
Gm36975,0.969055514,-0.001658894,0.001,0.001,1,0,Gm36975
N4bp2l1,0.969084433,-0.006468715,0.009,0.009,1,0,N4bp2l1
Gm47594,0.969134064,-0.004571254,0.001,0.001,1,0,Gm47594
Gm32592,0.969273778,-0.000930255,0.002,0.002,1,0,Gm32592
1700081N11Rik,0.96931932,6.95E-05,0.001,0.001,1,0,1700081N11Rik
Gm10244,0.969403049,0.00299963,0.001,0.001,1,0,Gm10244
AY512931,0.96945355,-0.001534306,0.002,0.002,1,0,AY512931
AC241534.1,0.969603362,0.000213146,0.002,0.002,1,0,AC241534.1
Gm44091,0.969779832,0.002735859,0.001,0.001,1,0,Gm44091
Slc9a4,0.969947293,0.002887837,0.001,0.001,1,0,Slc9a4
Sh3bp2,0.970409167,0.00200248,0.018,0.018,1,0,Sh3bp2
Gm9354,0.970554731,9.15E-05,0.008,0.008,1,0,Gm9354
Cox20b,0.970562182,-0.001490579,0.002,0.002,1,0,Cox20b
Zfp426,0.970631881,0.005662492,0.04,0.04,1,0,Zfp426
Psmf1,0.970666166,0.006613011,0.053,0.053,1,0,Psmf1
Hoxc4,0.970845451,-0.010452936,0.041,0.041,1,0,Hoxc4
1700010I14Rik,0.970891787,-0.003567643,0.002,0.002,1,0,1700010I14Rik
Abcc5,0.971024459,-0.01144757,0.109,0.109,1,0,Abcc5
Dcaf10,0.971230221,0.00478799,0.064,0.065,1,0,Dcaf10
Gm43012,0.971401185,-0.00387959,0.002,0.002,1,0,Gm43012
Smim19,0.971471364,0.016902932,0.105,0.107,1,0,Smim19
9230114K14Rik,0.97183237,-0.00271431,0.02,0.02,1,0,9230114K14Rik
Kif7,0.971847194,0.004016411,0.009,0.009,1,0,Kif7
Ten1,0.972764513,0.027619165,0.125,0.128,1,0,Ten1
Gm43071,0.972817953,-0.001028862,0.007,0.007,1,0,Gm43071
Gm5921,0.972881224,-0.000910148,0.011,0.011,1,0,Gm5921
9530077C05Rik,0.972924464,-0.006781613,0.007,0.007,1,0,9530077C05Rik
Clptm1,0.973062614,-0.005673772,0.103,0.104,1,0,Clptm1
Coa3,0.973194632,0.019957773,0.183,0.187,1,0,Coa3
Pptc7,0.9732831,0.003391041,0.033,0.033,1,0,Pptc7
Nacc2,0.974208876,-0.011827422,0.051,0.052,1,0,Nacc2
Rpl36a-ps1,0.974480833,0.003766244,0.015,0.015,1,0,Rpl36a-ps1
Gm37598,0.975054342,0.000292573,0.003,0.003,1,0,Gm37598
Ncaph2,0.975356468,0.01010353,0.107,0.108,1,0,Ncaph2
Mettl14,0.975504205,-0.011317275,0.054,0.054,1,0,Mettl14
Rpl15,0.9756566,-0.02913825,0.453,0.443,1,0,Rpl15
Gm6204,0.975801016,0.002573856,0.049,0.049,1,0,Gm6204
Gstm7,0.975957603,0.002834697,0.006,0.006,1,0,Gstm7
Pisd-ps1,0.976031899,0.002091397,0.009,0.009,1,0,Pisd-ps1
Zscan29,0.976251771,0.007813664,0.036,0.037,1,0,Zscan29
Zfp960,0.976567171,-0.003909534,0.006,0.006,1,0,Zfp960
Homer3,0.977509213,0.025245974,0.046,0.046,1,0,Homer3
Cd300c2,0.977524869,-0.001302843,0.001,0.001,1,0,Cd300c2
Gm5644,0.977587661,0.010279432,0.016,0.016,1,0,Gm5644
Rnf170,0.977669517,0.005355236,0.05,0.05,1,0,Rnf170
Plekha1,0.977865901,0.015939192,0.079,0.081,1,0,Plekha1
C1qa,0.978096608,0.003121288,0.004,0.004,1,0,C1qa
P2ry6,0.978116949,0.001167751,0.001,0.001,1,0,P2ry6
Mphosph10,0.978311913,-0.020466346,0.144,0.144,1,0,Mphosph10
Naglu,0.978461785,0.030380076,0.089,0.09,1,0,Naglu
Wdr47,0.97854099,0.003662467,0.024,0.024,1,0,Wdr47
Rrn3,0.978687469,0.000864554,0.046,0.046,1,0,Rrn3
Tram1,0.978722535,-0.020543726,0.376,0.374,1,0,Tram1
Cyp4b1,0.97921525,-0.121427249,0.036,0.036,1,0,Cyp4b1
Uhmk1,0.979550553,0.004647329,0.04,0.04,1,0,Uhmk1
Gm42484,0.979636505,-0.006622216,0.006,0.006,1,0,Gm42484
D630033A02Rik,0.980069951,-0.001438206,0.004,0.004,1,0,D630033A02Rik
Prpf40a,0.980225986,-0.020583945,0.345,0.349,1,0,Prpf40a
Ddb1,0.980419873,0.014570915,0.308,0.313,1,0,Ddb1
Mob4,0.980806492,0.017776447,0.159,0.162,1,0,Mob4
Kcmf1,0.981387992,0.008824914,0.11,0.112,1,0,Kcmf1
Zfp202,0.981711174,-0.003845911,0.005,0.005,1,0,Zfp202
Rpl13-ps1,0.982029055,-0.000684348,0.003,0.003,1,0,Rpl13-ps1
Gm37409,0.982049507,-0.004065605,0.002,0.002,1,0,Gm37409
Cep290,0.982235514,-0.020108354,0.089,0.089,1,0,Cep290
Neil2,0.982403667,0.000941298,0.003,0.003,1,0,Neil2
Gm43221,0.982981855,-0.000992689,0.002,0.002,1,0,Gm43221
Tmem29,0.983157563,0.02037694,0.075,0.075,1,0,Tmem29
Trim62,0.983195184,-0.001657423,0.004,0.004,1,0,Trim62
Nol12,0.983196572,0.020078304,0.091,0.092,1,0,Nol12
Gstz1,0.983347966,-0.001681399,0.042,0.042,1,0,Gstz1
Prkn,0.983570784,-0.004415655,0.004,0.004,1,0,Prkn
Zcrb1,0.983767503,-0.018542648,0.268,0.271,1,0,Zcrb1
Ptcd1,0.983812691,-0.000235149,0.026,0.026,1,0,Ptcd1
Zfyve28,0.983905649,-0.004011494,0.004,0.004,1,0,Zfyve28
Gm46344,0.9840288,0.003648115,0.002,0.002,1,0,Gm46344
Pan2,0.984052257,-0.00764207,0.033,0.033,1,0,Pan2
Gm42729,0.984242025,-0.003843244,0.007,0.007,1,0,Gm42729
Hdac2,0.984361022,-0.001136034,0.202,0.205,1,0,Hdac2
Gm13436,0.984426887,0.011245415,0.121,0.123,1,0,Gm13436
Gbp8,0.98452323,-0.001976604,0.008,0.008,1,0,Gbp8
CAAA01118383.1,0.984596976,0.011297149,0.046,0.047,1,0,CAAA01118383.1
Gm10288,0.984646666,0.000578165,0.03,0.03,1,0,Gm10288
Pnck,0.984710857,0.006681619,0.004,0.004,1,0,Pnck
Gm38156,0.984716704,0.003811834,0.002,0.002,1,0,Gm38156
Fbxl12os,0.984995788,0.003635306,0.005,0.005,1,0,Fbxl12os
Aldh4a1,0.985082945,0.002332327,0.019,0.019,1,0,Aldh4a1
Gm50080,0.985339103,0.002217209,0.002,0.002,1,0,Gm50080
Gdf10,0.985481408,-0.11076845,0.083,0.082,1,0,Gdf10
Tmem37,0.985648905,-0.000212003,0.005,0.005,1,0,Tmem37
Ribc1,0.985764961,0.000874347,0.002,0.002,1,0,Ribc1
Pdzd7,0.985764961,6.45E-05,0.002,0.002,1,0,Pdzd7
Gm2238,0.985863236,-0.000238305,0.002,0.002,1,0,Gm2238
Gm45244,0.985895994,0.001107701,0.002,0.002,1,0,Gm45244
A830052D11Rik,0.986027029,0.000605381,0.002,0.002,1,0,A830052D11Rik
Gm30524,0.986027029,-0.000996211,0.002,0.002,1,0,Gm30524
Gm49066,0.986036732,0.005283469,0.005,0.005,1,0,Gm49066
Gm2676,0.986190822,0.000503964,0.002,0.002,1,0,Gm2676
9530018F02Rik,0.986535386,-0.004413277,0.005,0.005,1,0,9530018F02Rik
Pmaip1,0.986642313,0.001173501,0.024,0.024,1,0,Pmaip1
Zfp994,0.986736685,0.010972086,0.027,0.028,1,0,Zfp994
B230219D22Rik,0.986829941,-0.014465491,0.277,0.281,1,0,B230219D22Rik
Pafah1b2,0.986901082,-0.01096094,0.162,0.164,1,0,Pafah1b2
Tnks2,0.987044411,0.0119236,0.153,0.155,1,0,Tnks2
Slc25a36,0.987453205,-0.018004698,0.083,0.083,1,0,Slc25a36
Gm12346,0.988153168,0.001326308,0.092,0.093,1,0,Gm12346
Mex3d,0.988206676,0.004494141,0.032,0.032,1,0,Mex3d
Dnajc18,0.988239017,0.014855297,0.067,0.068,1,0,Dnajc18
1110059E24Rik,0.988288201,0.014680168,0.069,0.07,1,0,1110059E24Rik
Gm5844,0.988717062,0.004581071,0.028,0.028,1,0,Gm5844
Hbb-bs,0.988756791,-2.675191934,0.124,0.122,1,0,Hbb-bs
Hrh2,0.989046635,0.006334585,0.005,0.005,1,0,Hrh2
Ndufb7,0.989291398,-0.010609349,0.286,0.291,1,0,Ndufb7
Gm15265,0.989649603,0.000480208,0.001,0.001,1,0,Gm15265
Gm44709,0.989742219,0.00030585,0.001,0.001,1,0,Gm44709
Ctdnep1,0.989825582,0.016054503,0.091,0.092,1,0,Ctdnep1
Sult2b1,0.989834835,0.003292806,0.001,0.001,1,0,Sult2b1
Pdzd9,0.989995142,0.004313669,0.006,0.006,1,0,Pdzd9
Gm37165,0.990066375,3.60E-05,0.001,0.001,1,0,Gm37165
Gm46367,0.990066375,-0.00090662,0.001,0.001,1,0,Gm46367
Gm17791,0.990158992,-0.000574518,0.001,0.001,1,0,Gm17791
2010007H06Rik,0.9902053,-0.002320103,0.001,0.001,1,0,2010007H06Rik
Abraxas1,0.99046706,0.010048032,0.019,0.019,1,0,Abraxas1
Tmem30b,0.990508731,0.007486552,0.021,0.021,1,0,Tmem30b
1700001L19Rik,0.990668385,-0.001678279,0.001,0.001,1,0,1700001L19Rik
Gm43364,0.990714693,0.002279648,0.001,0.001,1,0,Gm43364
Tlk2,0.990769769,0.01059011,0.158,0.161,1,0,Tlk2
Armc8,0.990918127,0.009148024,0.088,0.088,1,0,Armc8
4931413K12Rik,0.990977629,-0.000223297,0.005,0.005,1,0,4931413K12Rik
Fgd4,0.991594744,-0.007500044,0.054,0.054,1,0,Fgd4
Gm38056,0.991692835,-0.002728498,0.044,0.044,1,0,Gm38056
Gm9993,0.991773897,-0.001377066,0.003,0.003,1,0,Gm9993
Gm6665,0.992390503,0.000938077,0.01,0.01,1,0,Gm6665
Gm5609,0.992554664,-0.003442881,0.002,0.002,1,0,Gm5609
Ppp1cc,0.993001291,0.003882102,0.039,0.039,1,0,Ppp1cc
Csf2rb,0.99301359,0.002606811,0.003,0.003,1,0,Csf2rb
Gm37962,0.993090163,-0.005494703,0.006,0.006,1,0,Gm37962
E230016M11Rik,0.99321881,0.004658786,0.012,0.012,1,0,E230016M11Rik
Ccdc71,0.993224279,-0.004463328,0.03,0.03,1,0,Ccdc71
Rps19-ps3,0.993265003,-0.000661378,0.004,0.004,1,0,Rps19-ps3
Gm44949,0.99346706,-0.003136996,0.002,0.002,1,0,Gm44949
Rpl34-ps2,0.993503556,-0.000713818,0.002,0.002,1,0,Rpl34-ps2
Gm6450,0.993576549,4.03E-05,0.002,0.002,1,0,Gm6450
Gm47234,0.993613045,-0.001483832,0.002,0.002,1,0,Gm47234
Zbtb3,0.994050999,0.001511421,0.002,0.002,1,0,Zbtb3
Pax6,0.994269977,-0.000203415,0.002,0.002,1,0,Pax6
Prim2,0.99428917,0.007613576,0.022,0.022,1,0,Prim2
Gm4734,0.994387482,0.002470373,0.004,0.004,1,0,Gm4734
Gm45537,0.994452459,0.001282932,0.002,0.002,1,0,Gm45537
Gm44775,0.994525451,0.000754891,0.002,0.002,1,0,Gm44775
Amhr2,0.994561948,0.002705162,0.002,0.002,1,0,Amhr2
Mapre2,0.994587665,-0.033348725,0.161,0.161,1,0,Mapre2
4933433G15Rik,0.994598444,0.000418042,0.002,0.002,1,0,4933433G15Rik
1700001L05Rik,0.994769848,0.003354306,0.003,0.003,1,0,1700001L05Rik
C130023A14Rik,0.994885102,-0.014837206,0.034,0.034,1,0,C130023A14Rik
Samm50,0.994905898,0.032851675,0.147,0.15,1,0,Samm50
Mfsd8,0.995045622,0.00202327,0.037,0.038,1,0,Mfsd8
Gm49705,0.995105607,0.005352268,0.003,0.003,1,0,Gm49705
Bcs1l,0.995155839,0.000410258,0.023,0.023,1,0,Bcs1l
Col4a5,0.995253914,-0.049073086,0.078,0.077,1,0,Col4a5
Fam207a,0.995295108,0.024044557,0.063,0.064,1,0,Fam207a
9630010A21Rik,0.995485571,-0.00314717,0.004,0.004,1,0,9630010A21Rik
B230217C12Rik,0.995745277,0.008325538,0.02,0.02,1,0,B230217C12Rik
Npm1,0.996167928,-0.057299682,0.658,0.619,1,0,Npm1
Gm17249,0.996314059,0.001218238,0.005,0.005,1,0,Gm17249
Gm43162,0.996396088,0.00034287,0.006,0.006,1,0,Gm43162
Nomo1,0.996462298,0.015849005,0.062,0.063,1,0,Nomo1
Ddx11,0.996645491,-0.001680081,0.007,0.007,1,0,Ddx11
Calcoco1,0.996655037,-0.01038096,0.049,0.049,1,0,Calcoco1
Minar2,0.99685921,0.001298247,0.003,0.003,1,0,Minar2
Rbm10,0.996860083,0.009186803,0.065,0.066,1,0,Rbm10
Taok2,0.997072726,-0.004422884,0.084,0.085,1,0,Taok2
Gm11634,0.997096115,-0.006928551,0.004,0.004,1,0,Gm11634
Asap1,0.997112873,-0.02275621,0.257,0.258,1,0,Asap1
Slc25a30,0.998024982,0.004908965,0.04,0.041,1,0,Slc25a30
Tmem86b,0.998426109,-0.006381128,0.005,0.005,1,0,Tmem86b
Aldh5a1,0.998984257,-0.003083112,0.008,0.008,1,0,Aldh5a1